Country,Country_Code,Year,Indicator_Code,Indicator_Name,Value
Algeria,DZA,2024,SP.POP.TOTL,Population,46814308.0
Algeria,DZA,2023,SP.POP.TOTL,Population,46164219.0
Algeria,DZA,2022,SP.POP.TOTL,Population,45477389.0
Algeria,DZA,2021,SP.POP.TOTL,Population,44761099.0
Algeria,DZA,2020,SP.POP.TOTL,Population,44042091.0
Algeria,DZA,2019,SP.POP.TOTL,Population,43294546.0
Algeria,DZA,2018,SP.POP.TOTL,Population,42505035.0
Algeria,DZA,2017,SP.POP.TOTL,Population,41689299.0
Algeria,DZA,2016,SP.POP.TOTL,Population,40850721.0
Algeria,DZA,2015,SP.POP.TOTL,Population,40019529.0
Algeria,DZA,2014,SP.POP.TOTL,Population,39205031.0
Algeria,DZA,2013,SP.POP.TOTL,Population,38414171.0
Algeria,DZA,2012,SP.POP.TOTL,Population,37646166.0
Algeria,DZA,2011,SP.POP.TOTL,Population,36903376.0
Algeria,DZA,2010,SP.POP.TOTL,Population,36188236.0
Algeria,DZA,2009,SP.POP.TOTL,Population,35490445.0
Algeria,DZA,2008,SP.POP.TOTL,Population,34816961.0
Algeria,DZA,2007,SP.POP.TOTL,Population,34189416.0
Algeria,DZA,2006,SP.POP.TOTL,Population,33623506.0
Algeria,DZA,2005,SP.POP.TOTL,Population,33109249.0
Algeria,DZA,2004,SP.POP.TOTL,Population,32628286.0
Algeria,DZA,2003,SP.POP.TOTL,Population,32175818.0
Algeria,DZA,2002,SP.POP.TOTL,Population,31750835.0
Algeria,DZA,2001,SP.POP.TOTL,Population,31331221.0
Algeria,DZA,2000,SP.POP.TOTL,Population,30903893.0
Egypt,EGY,2024,SP.POP.TOTL,Population,116538258.0
Egypt,EGY,2023,SP.POP.TOTL,Population,114535772.0
Egypt,EGY,2022,SP.POP.TOTL,Population,112618250.0
Egypt,EGY,2021,SP.POP.TOTL,Population,110957008.0
Egypt,EGY,2020,SP.POP.TOTL,Population,109315124.0
Egypt,EGY,2019,SP.POP.TOTL,Population,107553158.0
Egypt,EGY,2018,SP.POP.TOTL,Population,105682094.0
Egypt,EGY,2017,SP.POP.TOTL,Population,103696057.0
Egypt,EGY,2016,SP.POP.TOTL,Population,101644589.0
Egypt,EGY,2015,SP.POP.TOTL,Population,99597342.0
Egypt,EGY,2014,SP.POP.TOTL,Population,97528654.0
Egypt,EGY,2013,SP.POP.TOTL,Population,95333553.0
Egypt,EGY,2012,SP.POP.TOTL,Population,93161001.0
Egypt,EGY,2011,SP.POP.TOTL,Population,91093059.0
Egypt,EGY,2010,SP.POP.TOTL,Population,89196072.0
Egypt,EGY,2009,SP.POP.TOTL,Population,87501636.0
Egypt,EGY,2008,SP.POP.TOTL,Population,85864789.0
Egypt,EGY,2007,SP.POP.TOTL,Population,84276225.0
Egypt,EGY,2006,SP.POP.TOTL,Population,82700403.0
Egypt,EGY,2005,SP.POP.TOTL,Population,81101004.0
Egypt,EGY,2004,SP.POP.TOTL,Population,79477443.0
Egypt,EGY,2003,SP.POP.TOTL,Population,77853548.0
Egypt,EGY,2002,SP.POP.TOTL,Population,76239137.0
Egypt,EGY,2001,SP.POP.TOTL,Population,74652029.0
Egypt,EGY,2000,SP.POP.TOTL,Population,73083284.0
Spain,ESP,2024,SP.POP.TOTL,Population,48848840.0
Spain,ESP,2023,SP.POP.TOTL,Population,48352528.0
Spain,ESP,2022,SP.POP.TOTL,Population,47786102.0
Spain,ESP,2021,SP.POP.TOTL,Population,47443821.0
Spain,ESP,2020,SP.POP.TOTL,Population,47359424.0
Spain,ESP,2019,SP.POP.TOTL,Population,47118501.0
Spain,ESP,2018,SP.POP.TOTL,Population,46782011.0
Spain,ESP,2017,SP.POP.TOTL,Population,46571232.0
Spain,ESP,2016,SP.POP.TOTL,Population,46458139.0
Spain,ESP,2015,SP.POP.TOTL,Population,46422303.0
Spain,ESP,2014,SP.POP.TOTL,Population,46460733.0
Spain,ESP,2013,SP.POP.TOTL,Population,46604197.0
Spain,ESP,2012,SP.POP.TOTL,Population,46773055.0
Spain,ESP,2011,SP.POP.TOTL,Population,46742697.0
Spain,ESP,2010,SP.POP.TOTL,Population,46576897.0
Spain,ESP,2009,SP.POP.TOTL,Population,46362946.0
Spain,ESP,2008,SP.POP.TOTL,Population,45954106.0
Spain,ESP,2007,SP.POP.TOTL,Population,45226803.0
Spain,ESP,2006,SP.POP.TOTL,Population,44397319.0
Spain,ESP,2005,SP.POP.TOTL,Population,43653155.0
Spain,ESP,2004,SP.POP.TOTL,Population,42921895.0
Spain,ESP,2003,SP.POP.TOTL,Population,42187645.0
Spain,ESP,2002,SP.POP.TOTL,Population,41431558.0
Spain,ESP,2001,SP.POP.TOTL,Population,40850412.0
Spain,ESP,2000,SP.POP.TOTL,Population,40567864.0
Greece,GRC,2024,SP.POP.TOTL,Population,10405134.0
Greece,GRC,2023,SP.POP.TOTL,Population,10407351.0
Greece,GRC,2022,SP.POP.TOTL,Population,10437805.0
Greece,GRC,2021,SP.POP.TOTL,Population,10570130.0
Greece,GRC,2020,SP.POP.TOTL,Population,10698599.0
Greece,GRC,2019,SP.POP.TOTL,Population,10721582.0
Greece,GRC,2018,SP.POP.TOTL,Population,10732882.0
Greece,GRC,2017,SP.POP.TOTL,Population,10754679.0
Greece,GRC,2016,SP.POP.TOTL,Population,10775971.0
Greece,GRC,2015,SP.POP.TOTL,Population,10820883.0
Greece,GRC,2014,SP.POP.TOTL,Population,10892413.0
Greece,GRC,2013,SP.POP.TOTL,Population,10965211.0
Greece,GRC,2012,SP.POP.TOTL,Population,11045011.0
Greece,GRC,2011,SP.POP.TOTL,Population,11104899.0
Greece,GRC,2010,SP.POP.TOTL,Population,11121341.0
Greece,GRC,2009,SP.POP.TOTL,Population,11107017.0
Greece,GRC,2008,SP.POP.TOTL,Population,11077841.0
Greece,GRC,2007,SP.POP.TOTL,Population,11048473.0
Greece,GRC,2006,SP.POP.TOTL,Population,11020362.0
Greece,GRC,2005,SP.POP.TOTL,Population,10987314.0
Greece,GRC,2004,SP.POP.TOTL,Population,10955141.0
Greece,GRC,2003,SP.POP.TOTL,Population,10928070.0
Greece,GRC,2002,SP.POP.TOTL,Population,10902022.0
Greece,GRC,2001,SP.POP.TOTL,Population,10862132.0
Greece,GRC,2000,SP.POP.TOTL,Population,10805808.0
Italy,ITA,2024,SP.POP.TOTL,Population,58952704.0
Italy,ITA,2023,SP.POP.TOTL,Population,58984216.0
Italy,ITA,2022,SP.POP.TOTL,Population,59013667.0
Italy,ITA,2021,SP.POP.TOTL,Population,59133173.0
Italy,ITA,2020,SP.POP.TOTL,Population,59438851.0
Italy,ITA,2019,SP.POP.TOTL,Population,59729081.0
Italy,ITA,2018,SP.POP.TOTL,Population,59877221.0
Italy,ITA,2017,SP.POP.TOTL,Population,60002252.0
Italy,ITA,2016,SP.POP.TOTL,Population,60115223.0
Italy,ITA,2015,SP.POP.TOTL,Population,60229605.0
Italy,ITA,2014,SP.POP.TOTL,Population,60320707.0
Italy,ITA,2013,SP.POP.TOTL,Population,60311613.0
Italy,ITA,2012,SP.POP.TOTL,Population,60191247.0
Italy,ITA,2011,SP.POP.TOTL,Population,60026841.0
Italy,ITA,2010,SP.POP.TOTL,Population,59819407.0
Italy,ITA,2009,SP.POP.TOTL,Population,59555454.0
Italy,ITA,2008,SP.POP.TOTL,Population,59211181.0
Italy,ITA,2007,SP.POP.TOTL,Population,58756247.0
Italy,ITA,2006,SP.POP.TOTL,Population,58399861.0
Italy,ITA,2005,SP.POP.TOTL,Population,58166682.0
Italy,ITA,2004,SP.POP.TOTL,Population,57828179.0
Italy,ITA,2003,SP.POP.TOTL,Population,57399184.0
Italy,ITA,2002,SP.POP.TOTL,Population,57089824.0
Italy,ITA,2001,SP.POP.TOTL,Population,56976981.0
Italy,ITA,2000,SP.POP.TOTL,Population,56942108.0
Libya,LBY,2024,SP.POP.TOTL,Population,7381023.0
Libya,LBY,2023,SP.POP.TOTL,Population,7305659.0
Libya,LBY,2022,SP.POP.TOTL,Population,7223805.0
Libya,LBY,2021,SP.POP.TOTL,Population,7135175.0
Libya,LBY,2020,SP.POP.TOTL,Population,7045399.0
Libya,LBY,2019,SP.POP.TOTL,Population,6951033.0
Libya,LBY,2018,SP.POP.TOTL,Population,6849055.0
Libya,LBY,2017,SP.POP.TOTL,Population,6738770.0
Libya,LBY,2016,SP.POP.TOTL,Population,6632126.0
Libya,LBY,2015,SP.POP.TOTL,Population,6531819.0
Libya,LBY,2014,SP.POP.TOTL,Population,6427252.0
Libya,LBY,2013,SP.POP.TOTL,Population,6304628.0
Libya,LBY,2012,SP.POP.TOTL,Population,6179328.0
Libya,LBY,2011,SP.POP.TOTL,Population,6343203.0
Libya,LBY,2010,SP.POP.TOTL,Population,6497839.0
Libya,LBY,2009,SP.POP.TOTL,Population,6366686.0
Libya,LBY,2008,SP.POP.TOTL,Population,6235430.0
Libya,LBY,2007,SP.POP.TOTL,Population,6104380.0
Libya,LBY,2006,SP.POP.TOTL,Population,5980211.0
Libya,LBY,2005,SP.POP.TOTL,Population,5858798.0
Libya,LBY,2004,SP.POP.TOTL,Population,5736693.0
Libya,LBY,2003,SP.POP.TOTL,Population,5619398.0
Libya,LBY,2002,SP.POP.TOTL,Population,5508410.0
Libya,LBY,2001,SP.POP.TOTL,Population,5403639.0
Libya,LBY,2000,SP.POP.TOTL,Population,5305021.0
Morocco,MAR,2024,SP.POP.TOTL,Population,38081173.0
Morocco,MAR,2023,SP.POP.TOTL,Population,37712505.0
Morocco,MAR,2022,SP.POP.TOTL,Population,37329064.0
Morocco,MAR,2021,SP.POP.TOTL,Population,36954442.0
Morocco,MAR,2020,SP.POP.TOTL,Population,36584208.0
Morocco,MAR,2019,SP.POP.TOTL,Population,36210898.0
Morocco,MAR,2018,SP.POP.TOTL,Population,35839760.0
Morocco,MAR,2017,SP.POP.TOTL,Population,35446392.0
Morocco,MAR,2016,SP.POP.TOTL,Population,35023457.0
Morocco,MAR,2015,SP.POP.TOTL,Population,34607588.0
Morocco,MAR,2014,SP.POP.TOTL,Population,34204780.0
Morocco,MAR,2013,SP.POP.TOTL,Population,33787571.0
Morocco,MAR,2012,SP.POP.TOTL,Population,33355241.0
Morocco,MAR,2011,SP.POP.TOTL,Population,32912588.0
Morocco,MAR,2010,SP.POP.TOTL,Population,32467016.0
Morocco,MAR,2009,SP.POP.TOTL,Population,32030778.0
Morocco,MAR,2008,SP.POP.TOTL,Population,31606767.0
Morocco,MAR,2007,SP.POP.TOTL,Population,31186468.0
Morocco,MAR,2006,SP.POP.TOTL,Population,30771178.0
Morocco,MAR,2005,SP.POP.TOTL,Population,30358144.0
Morocco,MAR,2004,SP.POP.TOTL,Population,29953018.0
Morocco,MAR,2003,SP.POP.TOTL,Population,29571415.0
Morocco,MAR,2002,SP.POP.TOTL,Population,29198142.0
Morocco,MAR,2001,SP.POP.TOTL,Population,28814643.0
Morocco,MAR,2000,SP.POP.TOTL,Population,28423435.0
Portugal,PRT,2024,SP.POP.TOTL,Population,10694681.0
Portugal,PRT,2023,SP.POP.TOTL,Population,10578174.0
Portugal,PRT,2022,SP.POP.TOTL,Population,10434332.0
Portugal,PRT,2021,SP.POP.TOTL,Population,10361831.0
Portugal,PRT,2020,SP.POP.TOTL,Population,10297081.0
Portugal,PRT,2019,SP.POP.TOTL,Population,10286263.0
Portugal,PRT,2018,SP.POP.TOTL,Population,10283822.0
Portugal,PRT,2017,SP.POP.TOTL,Population,10300300.0
Portugal,PRT,2016,SP.POP.TOTL,Population,10325452.0
Portugal,PRT,2015,SP.POP.TOTL,Population,10358076.0
Portugal,PRT,2014,SP.POP.TOTL,Population,10401062.0
Portugal,PRT,2013,SP.POP.TOTL,Population,10457295.0
Portugal,PRT,2012,SP.POP.TOTL,Population,10514844.0
Portugal,PRT,2011,SP.POP.TOTL,Population,10557560.0
Portugal,PRT,2010,SP.POP.TOTL,Population,10573100.0
Portugal,PRT,2009,SP.POP.TOTL,Population,10568247.0
Portugal,PRT,2008,SP.POP.TOTL,Population,10558177.0
Portugal,PRT,2007,SP.POP.TOTL,Population,10542964.0
Portugal,PRT,2006,SP.POP.TOTL,Population,10522288.0
Portugal,PRT,2005,SP.POP.TOTL,Population,10503330.0
Portugal,PRT,2004,SP.POP.TOTL,Population,10483861.0
Portugal,PRT,2003,SP.POP.TOTL,Population,10458821.0
Portugal,PRT,2002,SP.POP.TOTL,Population,10419631.0
Portugal,PRT,2001,SP.POP.TOTL,Population,10362722.0
Portugal,PRT,2000,SP.POP.TOTL,Population,10289898.0
Syria,SYR,2024,SP.POP.TOTL,Population,24672760.0
Syria,SYR,2023,SP.POP.TOTL,Population,23594623.0
Syria,SYR,2022,SP.POP.TOTL,Population,22462173.0
Syria,SYR,2021,SP.POP.TOTL,Population,21628839.0
Syria,SYR,2020,SP.POP.TOTL,Population,21049429.0
Syria,SYR,2019,SP.POP.TOTL,Population,20353534.0
Syria,SYR,2018,SP.POP.TOTL,Population,19577845.0
Syria,SYR,2017,SP.POP.TOTL,Population,19224668.0
Syria,SYR,2016,SP.POP.TOTL,Population,19193834.0
Syria,SYR,2015,SP.POP.TOTL,Population,19424618.0
Syria,SYR,2014,SP.POP.TOTL,Population,20273659.0
Syria,SYR,2013,SP.POP.TOTL,Population,21666917.0
Syria,SYR,2012,SP.POP.TOTL,Population,22759763.0
Syria,SYR,2011,SP.POP.TOTL,Population,22878098.0
Syria,SYR,2010,SP.POP.TOTL,Population,22482421.0
Syria,SYR,2009,SP.POP.TOTL,Population,21976969.0
Syria,SYR,2008,SP.POP.TOTL,Population,21636564.0
Syria,SYR,2007,SP.POP.TOTL,Population,20884125.0
Syria,SYR,2006,SP.POP.TOTL,Population,19637022.0
Syria,SYR,2005,SP.POP.TOTL,Population,18814091.0
Syria,SYR,2004,SP.POP.TOTL,Population,18336875.0
Syria,SYR,2003,SP.POP.TOTL,Population,17889296.0
Syria,SYR,2002,SP.POP.TOTL,Population,17468332.0
Syria,SYR,2001,SP.POP.TOTL,Population,17051338.0
Syria,SYR,2000,SP.POP.TOTL,Population,16637888.0
Tunisia,TUN,2024,SP.POP.TOTL,Population,12277109.0
Tunisia,TUN,2023,SP.POP.TOTL,Population,12200431.0
Tunisia,TUN,2022,SP.POP.TOTL,Population,12119334.0
Tunisia,TUN,2021,SP.POP.TOTL,Population,12048622.0
Tunisia,TUN,2020,SP.POP.TOTL,Population,11974057.0
Tunisia,TUN,2019,SP.POP.TOTL,Population,11875081.0
Tunisia,TUN,2018,SP.POP.TOTL,Population,11765514.0
Tunisia,TUN,2017,SP.POP.TOTL,Population,11650498.0
Tunisia,TUN,2016,SP.POP.TOTL,Population,11528674.0
Tunisia,TUN,2015,SP.POP.TOTL,Population,11402264.0
Tunisia,TUN,2014,SP.POP.TOTL,Population,11274288.0
Tunisia,TUN,2013,SP.POP.TOTL,Population,11141361.0
Tunisia,TUN,2012,SP.POP.TOTL,Population,11009647.0
Tunisia,TUN,2011,SP.POP.TOTL,Population,10886035.0
Tunisia,TUN,2010,SP.POP.TOTL,Population,10765980.0
Tunisia,TUN,2009,SP.POP.TOTL,Population,10650681.0
Tunisia,TUN,2008,SP.POP.TOTL,Population,10542635.0
Tunisia,TUN,2007,SP.POP.TOTL,Population,10441702.0
Tunisia,TUN,2006,SP.POP.TOTL,Population,10346410.0
Tunisia,TUN,2005,SP.POP.TOTL,Population,10255472.0
Tunisia,TUN,2004,SP.POP.TOTL,Population,10166163.0
Tunisia,TUN,2003,SP.POP.TOTL,Population,10071632.0
Tunisia,TUN,2002,SP.POP.TOTL,Population,9971515.0
Tunisia,TUN,2001,SP.POP.TOTL,Population,9869677.0
Tunisia,TUN,2000,SP.POP.TOTL,Population,9764935.0
Turkiye,TUR,2024,SP.POP.TOTL,Population,85518661.0
Turkiye,TUR,2023,SP.POP.TOTL,Population,85325965.0
Turkiye,TUR,2022,SP.POP.TOTL,Population,84979913.0
Turkiye,TUR,2021,SP.POP.TOTL,Population,84147318.0
Turkiye,TUR,2020,SP.POP.TOTL,Population,83384680.0
Turkiye,TUR,2019,SP.POP.TOTL,Population,82579440.0
Turkiye,TUR,2018,SP.POP.TOTL,Population,81407204.0
Turkiye,TUR,2017,SP.POP.TOTL,Population,80312698.0
Turkiye,TUR,2016,SP.POP.TOTL,Population,79277962.0
Turkiye,TUR,2015,SP.POP.TOTL,Population,78218479.0
Turkiye,TUR,2014,SP.POP.TOTL,Population,77181884.0
Turkiye,TUR,2013,SP.POP.TOTL,Population,76147624.0
Turkiye,TUR,2012,SP.POP.TOTL,Population,75175827.0
Turkiye,TUR,2011,SP.POP.TOTL,Population,74223629.0
Turkiye,TUR,2010,SP.POP.TOTL,Population,73142150.0
Turkiye,TUR,2009,SP.POP.TOTL,Population,72039206.0
Turkiye,TUR,2008,SP.POP.TOTL,Population,71051678.0
Turkiye,TUR,2007,SP.POP.TOTL,Population,70158112.0
Turkiye,TUR,2006,SP.POP.TOTL,Population,70045349.0
Turkiye,TUR,2005,SP.POP.TOTL,Population,69329557.0
Turkiye,TUR,2004,SP.POP.TOTL,Population,68592617.0
Turkiye,TUR,2003,SP.POP.TOTL,Population,67831730.0
Turkiye,TUR,2002,SP.POP.TOTL,Population,67048795.0
Turkiye,TUR,2001,SP.POP.TOTL,Population,66245128.0
Turkiye,TUR,2000,SP.POP.TOTL,Population,65425961.0
Algeria,DZA,2024,NY.GDP.PCAP.CD,GDP_per_capita,5752.99076651465
Algeria,DZA,2023,NY.GDP.PCAP.CD,GDP_per_capita,5370.477235078
Algeria,DZA,2022,NY.GDP.PCAP.CD,GDP_per_capita,4960.30334332888
Algeria,DZA,2021,NY.GDP.PCAP.CD,GDP_per_capita,4160.55926736925
Algeria,DZA,2020,NY.GDP.PCAP.CD,GDP_per_capita,3743.5419522929
Algeria,DZA,2019,NY.GDP.PCAP.CD,GDP_per_capita,4468.45341883656
Algeria,DZA,2018,NY.GDP.PCAP.CD,GDP_per_capita,4577.21029180491
Algeria,DZA,2017,NY.GDP.PCAP.CD,GDP_per_capita,4554.66753957828
Algeria,DZA,2016,NY.GDP.PCAP.CD,GDP_per_capita,4424.98529027556
Algeria,DZA,2015,NY.GDP.PCAP.CD,GDP_per_capita,4685.05902729002
Algeria,DZA,2014,NY.GDP.PCAP.CD,GDP_per_capita,6094.69392314956
Algeria,DZA,2013,NY.GDP.PCAP.CD,GDP_per_capita,5979.60138960585
Algeria,DZA,2012,NY.GDP.PCAP.CD,GDP_per_capita,6033.64884689543
Algeria,DZA,2011,NY.GDP.PCAP.CD,GDP_per_capita,5916.31364364343
Algeria,DZA,2010,NY.GDP.PCAP.CD,GDP_per_capita,4912.78585503672
Algeria,DZA,2009,NY.GDP.PCAP.CD,GDP_per_capita,4235.42990456612
Algeria,DZA,2008,NY.GDP.PCAP.CD,GDP_per_capita,5180.91881514686
Algeria,DZA,2007,NY.GDP.PCAP.CD,GDP_per_capita,4167.45169937531
Algeria,DZA,2006,NY.GDP.PCAP.CD,GDP_per_capita,3660.66104745322
Algeria,DZA,2005,NY.GDP.PCAP.CD,GDP_per_capita,3233.13339634212
Algeria,DZA,2004,NY.GDP.PCAP.CD,GDP_per_capita,2816.99384960555
Algeria,DZA,2003,NY.GDP.PCAP.CD,GDP_per_capita,2283.77299346126
Algeria,DZA,2002,NY.GDP.PCAP.CD,GDP_per_capita,1937.46411413019
Algeria,DZA,2001,NY.GDP.PCAP.CD,GDP_per_capita,1896.30020878013
Algeria,DZA,2000,NY.GDP.PCAP.CD,GDP_per_capita,1772.92869122761
Egypt,EGY,2024,NY.GDP.PCAP.CD,GDP_per_capita,3338.47371043679
Egypt,EGY,2023,NY.GDP.PCAP.CD,GDP_per_capita,3456.78965212363
Egypt,EGY,2022,NY.GDP.PCAP.CD,GDP_per_capita,4233.30783744856
Egypt,EGY,2021,NY.GDP.PCAP.CD,GDP_per_capita,3827.35415374308
Egypt,EGY,2020,NY.GDP.PCAP.CD,GDP_per_capita,3511.11381026379
Egypt,EGY,2019,NY.GDP.PCAP.CD,GDP_per_capita,2962.98892023003
Egypt,EGY,2018,NY.GDP.PCAP.CD,GDP_per_capita,2484.70315630508
Egypt,EGY,2017,NY.GDP.PCAP.CD,GDP_per_capita,2395.10333299491
Egypt,EGY,2016,NY.GDP.PCAP.CD,GDP_per_capita,3270.6287768197
Egypt,EGY,2015,NY.GDP.PCAP.CD,GDP_per_capita,3306.98159414141
Egypt,EGY,2014,NY.GDP.PCAP.CD,GDP_per_capita,3133.39102265541
Egypt,EGY,2013,NY.GDP.PCAP.CD,GDP_per_capita,3025.52563552448
Egypt,EGY,2012,NY.GDP.PCAP.CD,GDP_per_capita,2996.0677072015
Egypt,EGY,2011,NY.GDP.PCAP.CD,GDP_per_capita,2590.64384891965
Egypt,EGY,2010,NY.GDP.PCAP.CD,GDP_per_capita,2455.08194645282
Egypt,EGY,2009,NY.GDP.PCAP.CD,GDP_per_capita,2161.63964573927
Egypt,EGY,2008,NY.GDP.PCAP.CD,GDP_per_capita,1896.21594269779
Egypt,EGY,2007,NY.GDP.PCAP.CD,GDP_per_capita,1547.74170735909
Egypt,EGY,2006,NY.GDP.PCAP.CD,GDP_per_capita,1298.97900203124
Egypt,EGY,2005,NY.GDP.PCAP.CD,GDP_per_capita,1105.53920713903
Egypt,EGY,2004,NY.GDP.PCAP.CD,GDP_per_capita,991.255689145253
Egypt,EGY,2003,NY.GDP.PCAP.CD,GDP_per_capita,1031.27556291284
Egypt,EGY,2002,NY.GDP.PCAP.CD,GDP_per_capita,1116.82884626213
Egypt,EGY,2001,NY.GDP.PCAP.CD,GDP_per_capita,1295.1374184163
Egypt,EGY,2000,NY.GDP.PCAP.CD,GDP_per_capita,1366.09274372613
Spain,ESP,2024,NY.GDP.PCAP.CD,GDP_per_capita,35326.7683069278
Spain,ESP,2023,NY.GDP.PCAP.CD,GDP_per_capita,33493.2225409111
Spain,ESP,2022,NY.GDP.PCAP.CD,GDP_per_capita,30319.4987196616
Spain,ESP,2021,NY.GDP.PCAP.CD,GDP_per_capita,30799.4775937775
Spain,ESP,2020,NY.GDP.PCAP.CD,GDP_per_capita,27233.9426461608
Spain,ESP,2019,NY.GDP.PCAP.CD,GDP_per_capita,29786.5245689007
Spain,ESP,2018,NY.GDP.PCAP.CD,GDP_per_capita,30602.4212881113
Spain,ESP,2017,NY.GDP.PCAP.CD,GDP_per_capita,28381.3425596906
Spain,ESP,2016,NY.GDP.PCAP.CD,GDP_per_capita,26755.6061149398
Spain,ESP,2015,NY.GDP.PCAP.CD,GDP_per_capita,25982.4416197775
Spain,ESP,2014,NY.GDP.PCAP.CD,GDP_per_capita,29707.765509467
Spain,ESP,2013,NY.GDP.PCAP.CD,GDP_per_capita,29228.846559842
Spain,ESP,2012,NY.GDP.PCAP.CD,GDP_per_capita,28456.4438151477
Spain,ESP,2011,NY.GDP.PCAP.CD,GDP_per_capita,31824.6219134777
Spain,ESP,2010,NY.GDP.PCAP.CD,GDP_per_capita,30658.7422282912
Spain,ESP,2009,NY.GDP.PCAP.CD,GDP_per_capita,32279.8208476151
Spain,ESP,2008,NY.GDP.PCAP.CD,GDP_per_capita,35603.248328071
Spain,ESP,2007,NY.GDP.PCAP.CD,GDP_per_capita,32652.015594702
Spain,ESP,2006,NY.GDP.PCAP.CD,GDP_per_capita,28421.686527407
Spain,ESP,2005,NY.GDP.PCAP.CD,GDP_per_capita,26450.9530130382
Spain,ESP,2004,NY.GDP.PCAP.CD,GDP_per_capita,24925.0267844576
Spain,ESP,2003,NY.GDP.PCAP.CD,GDP_per_capita,21522.0170990262
Spain,ESP,2002,NY.GDP.PCAP.CD,GDP_per_capita,17111.0685058941
Spain,ESP,2001,NY.GDP.PCAP.CD,GDP_per_capita,15368.2337984435
Spain,ESP,2000,NY.GDP.PCAP.CD,GDP_per_capita,14743.2671031455
Greece,GRC,2024,NY.GDP.PCAP.CD,GDP_per_capita,24626.1481858973
Greece,GRC,2023,NY.GDP.PCAP.CD,GDP_per_capita,23343.7103964562
Greece,GRC,2022,NY.GDP.PCAP.CD,GDP_per_capita,20884.6773436263
Greece,GRC,2021,NY.GDP.PCAP.CD,GDP_per_capita,20652.89659591
Greece,GRC,2020,NY.GDP.PCAP.CD,GDP_per_capita,17886.733165236
Greece,GRC,2019,NY.GDP.PCAP.CD,GDP_per_capita,19335.3602002969
Greece,GRC,2018,NY.GDP.PCAP.CD,GDP_per_capita,19873.4015238771
Greece,GRC,2017,NY.GDP.PCAP.CD,GDP_per_capita,18631.9930129293
Greece,GRC,2016,NY.GDP.PCAP.CD,GDP_per_capita,17919.2426377048
Greece,GRC,2015,NY.GDP.PCAP.CD,GDP_per_capita,17980.7298238137
Greece,GRC,2014,NY.GDP.PCAP.CD,GDP_per_capita,21474.7257123892
Greece,GRC,2013,NY.GDP.PCAP.CD,GDP_per_capita,21573.3449762805
Greece,GRC,2012,NY.GDP.PCAP.CD,GDP_per_capita,21624.346052551
Greece,GRC,2011,NY.GDP.PCAP.CD,GDP_per_capita,25504.7866510124
Greece,GRC,2010,NY.GDP.PCAP.CD,GDP_per_capita,26653.0488008626
Greece,GRC,2009,NY.GDP.PCAP.CD,GDP_per_capita,29425.4573200263
Greece,GRC,2008,NY.GDP.PCAP.CD,GDP_per_capita,31695.8331092209
Greece,GRC,2007,NY.GDP.PCAP.CD,GDP_per_capita,28440.7625328955
Greece,GRC,2006,NY.GDP.PCAP.CD,GDP_per_capita,24416.0232970275
Greece,GRC,2005,NY.GDP.PCAP.CD,GDP_per_capita,22054.1315756886
Greece,GRC,2004,NY.GDP.PCAP.CD,GDP_per_capita,21449.2552764245
Greece,GRC,2003,NY.GDP.PCAP.CD,GDP_per_capita,18020.612039764
Greece,GRC,2002,NY.GDP.PCAP.CD,GDP_per_capita,13782.195640943
Greece,GRC,2001,NY.GDP.PCAP.CD,GDP_per_capita,12156.9572824221
Greece,GRC,2000,NY.GDP.PCAP.CD,GDP_per_capita,11638.2010697215
Italy,ITA,2024,NY.GDP.PCAP.CD,GDP_per_capita,40429.6224047352
Italy,ITA,2023,NY.GDP.PCAP.CD,GDP_per_capita,39279.699782164
Italy,ITA,2022,NY.GDP.PCAP.CD,GDP_per_capita,35653.9042103495
Italy,ITA,2021,NY.GDP.PCAP.CD,GDP_per_capita,36852.5425414951
Italy,ITA,2020,NY.GDP.PCAP.CD,GDP_per_capita,32091.4866621366
Italy,ITA,2019,NY.GDP.PCAP.CD,GDP_per_capita,33812.788724868
Italy,ITA,2018,NY.GDP.PCAP.CD,GDP_per_capita,35062.3364176949
Italy,ITA,2017,NY.GDP.PCAP.CD,GDP_per_capita,32844.115660604
Italy,ITA,2016,NY.GDP.PCAP.CD,GDP_per_capita,31391.5692898108
Italy,ITA,2015,NY.GDP.PCAP.CD,GDP_per_capita,30639.8829751432
Italy,ITA,2014,NY.GDP.PCAP.CD,GDP_per_capita,36028.3494022349
Italy,ITA,2013,NY.GDP.PCAP.CD,GDP_per_capita,35701.6746002376
Italy,ITA,2012,NY.GDP.PCAP.CD,GDP_per_capita,34854.3949441965
Italy,ITA,2011,NY.GDP.PCAP.CD,GDP_per_capita,38432.3742820019
Italy,ITA,2010,NY.GDP.PCAP.CD,GDP_per_capita,35856.8625485539
Italy,ITA,2009,NY.GDP.PCAP.CD,GDP_per_capita,37099.6133958219
Italy,ITA,2008,NY.GDP.PCAP.CD,GDP_per_capita,40828.5795580937
Italy,ITA,2007,NY.GDP.PCAP.CD,GDP_per_capita,37826.1754554823
Italy,ITA,2006,NY.GDP.PCAP.CD,GDP_per_capita,33537.1286994269
Italy,ITA,2005,NY.GDP.PCAP.CD,GDP_per_capita,32062.723833669
Italy,ITA,2004,NY.GDP.PCAP.CD,GDP_per_capita,31348.1901841445
Italy,ITA,2003,NY.GDP.PCAP.CD,GDP_per_capita,27577.5700319855
Italy,ITA,2002,NY.GDP.PCAP.CD,GDP_per_capita,22451.3964379368
Italy,ITA,2001,NY.GDP.PCAP.CD,GDP_per_capita,20570.4385917862
Italy,ITA,2000,NY.GDP.PCAP.CD,GDP_per_capita,20190.0035636084
Libya,LBY,2024,NY.GDP.PCAP.CD,GDP_per_capita,6569.16408678648
Libya,LBY,2023,NY.GDP.PCAP.CD,GDP_per_capita,6026.51518708812
Libya,LBY,2022,NY.GDP.PCAP.CD,GDP_per_capita,5986.63694851258
Libya,LBY,2021,NY.GDP.PCAP.CD,GDP_per_capita,4935.82787349801
Libya,LBY,2020,NY.GDP.PCAP.CD,GDP_per_capita,6650.33810585348
Libya,LBY,2019,NY.GDP.PCAP.CD,GDP_per_capita,9963.19489084483
Libya,LBY,2018,NY.GDP.PCAP.CD,GDP_per_capita,11196.5854810844
Libya,LBY,2017,NY.GDP.PCAP.CD,GDP_per_capita,9965.83236729757
Libya,LBY,2016,NY.GDP.PCAP.CD,GDP_per_capita,7525.80299308216
Libya,LBY,2015,NY.GDP.PCAP.CD,GDP_per_capita,7458.48917756374
Libya,LBY,2014,NY.GDP.PCAP.CD,GDP_per_capita,8926.42074591474
Libya,LBY,2013,NY.GDP.PCAP.CD,GDP_per_capita,11951.7134126011
Libya,LBY,2012,NY.GDP.PCAP.CD,GDP_per_capita,14975.8902795144
Libya,LBY,2011,NY.GDP.PCAP.CD,GDP_per_capita,7593.8391525702
Libya,LBY,2010,NY.GDP.PCAP.CD,GDP_per_capita,11600.9068649472
Libya,LBY,2009,NY.GDP.PCAP.CD,GDP_per_capita,9551.05403869755
Libya,LBY,2008,NY.GDP.PCAP.CD,GDP_per_capita,13906.1407818125
Libya,LBY,2007,NY.GDP.PCAP.CD,GDP_per_capita,11144.9448413435
Libya,LBY,2006,NY.GDP.PCAP.CD,GDP_per_capita,10048.8480434289
Libya,LBY,2005,NY.GDP.PCAP.CD,GDP_per_capita,8079.24957329001
Libya,LBY,2004,NY.GDP.PCAP.CD,GDP_per_capita,5773.76333234281
Libya,LBY,2003,NY.GDP.PCAP.CD,GDP_per_capita,4674.09943200321
Libya,LBY,2002,NY.GDP.PCAP.CD,GDP_per_capita,3718.29434696755
Libya,LBY,2001,NY.GDP.PCAP.CD,GDP_per_capita,6312.80030498965
Libya,LBY,2000,NY.GDP.PCAP.CD,GDP_per_capita,7214.10040377084
Morocco,MAR,2024,NY.GDP.PCAP.CD,GDP_per_capita,4153.1943359375
Morocco,MAR,2023,NY.GDP.PCAP.CD,GDP_per_capita,3813.72607421875
Morocco,MAR,2022,NY.GDP.PCAP.CD,GDP_per_capita,3463.1376953125
Morocco,MAR,2021,NY.GDP.PCAP.CD,GDP_per_capita,3785.93627929688
Morocco,MAR,2020,NY.GDP.PCAP.CD,GDP_per_capita,3268.0302734375
Morocco,MAR,2019,NY.GDP.PCAP.CD,GDP_per_capita,3508.09765625
Morocco,MAR,2018,NY.GDP.PCAP.CD,GDP_per_capita,3501.69799804688
Morocco,MAR,2017,NY.GDP.PCAP.CD,GDP_per_capita,3296.52661132813
Morocco,MAR,2016,NY.GDP.PCAP.CD,GDP_per_capita,3140.85546875
Morocco,MAR,2015,NY.GDP.PCAP.CD,GDP_per_capita,3146.24780273438
Morocco,MAR,2014,NY.GDP.PCAP.CD,GDP_per_capita,3435.40698242188
Morocco,MAR,2013,NY.GDP.PCAP.CD,GDP_per_capita,3379.7431640625
Morocco,MAR,2012,NY.GDP.PCAP.CD,GDP_per_capita,3164.17724609375
Morocco,MAR,2011,NY.GDP.PCAP.CD,GDP_per_capita,3301.98876953125
Morocco,MAR,2010,NY.GDP.PCAP.CD,GDP_per_capita,3067.9853515625
Morocco,MAR,2009,NY.GDP.PCAP.CD,GDP_per_capita,3119.58862304688
Morocco,MAR,2008,NY.GDP.PCAP.CD,GDP_per_capita,3183.20043945313
Morocco,MAR,2007,NY.GDP.PCAP.CD,GDP_per_capita,2755.5859375
Morocco,MAR,2006,NY.GDP.PCAP.CD,GDP_per_capita,2438.12646484375
Morocco,MAR,2005,NY.GDP.PCAP.CD,GDP_per_capita,2242.98828125
Morocco,MAR,2004,NY.GDP.PCAP.CD,GDP_per_capita,2183.55541992188
Morocco,MAR,2003,NY.GDP.PCAP.CD,GDP_per_capita,1941.87255859375
Morocco,MAR,2002,NY.GDP.PCAP.CD,GDP_per_capita,1596.02062988281
Morocco,MAR,2001,NY.GDP.PCAP.CD,GDP_per_capita,1506.24523925781
Morocco,MAR,2000,NY.GDP.PCAP.CD,GDP_per_capita,1499.107421875
Portugal,PRT,2024,NY.GDP.PCAP.CD,GDP_per_capita,29328.3067415343
Portugal,PRT,2023,NY.GDP.PCAP.CD,GDP_per_capita,27634.6183139773
Portugal,PRT,2022,NY.GDP.PCAP.CD,GDP_per_capita,24620.5197587181
Portugal,PRT,2021,NY.GDP.PCAP.CD,GDP_per_capita,24711.4510062111
Portugal,PRT,2020,NY.GDP.PCAP.CD,GDP_per_capita,22299.4044062173
Portugal,PRT,2019,NY.GDP.PCAP.CD,GDP_per_capita,23343.3628970034
Portugal,PRT,2018,NY.GDP.PCAP.CD,GDP_per_capita,23541.1401075289
Portugal,PRT,2017,NY.GDP.PCAP.CD,GDP_per_capita,21442.3842768879
Portugal,PRT,2016,NY.GDP.PCAP.CD,GDP_per_capita,19980.2808866516
Portugal,PRT,2015,NY.GDP.PCAP.CD,GDP_per_capita,19215.7813014347
Portugal,PRT,2014,NY.GDP.PCAP.CD,GDP_per_capita,22120.6850127107
Portugal,PRT,2013,NY.GDP.PCAP.CD,GDP_per_capita,21676.4859642714
Portugal,PRT,2012,NY.GDP.PCAP.CD,GDP_per_capita,20593.4274224109
Portugal,PRT,2011,NY.GDP.PCAP.CD,GDP_per_capita,23246.5425416481
Portugal,PRT,2010,NY.GDP.PCAP.CD,GDP_per_capita,22551.935098809
Portugal,PRT,2009,NY.GDP.PCAP.CD,GDP_per_capita,23151.2154130712
Portugal,PRT,2008,NY.GDP.PCAP.CD,GDP_per_capita,24949.0413566739
Portugal,PRT,2007,NY.GDP.PCAP.CD,GDP_per_capita,22811.0564844365
Portugal,PRT,2006,NY.GDP.PCAP.CD,GDP_per_capita,19839.4540499032
Portugal,PRT,2005,NY.GDP.PCAP.CD,GDP_per_capita,18780.12751241
Portugal,PRT,2004,NY.GDP.PCAP.CD,GDP_per_capita,18064.1580932987
Portugal,PRT,2003,NY.GDP.PCAP.CD,GDP_per_capita,15797.7821340276
Portugal,PRT,2002,NY.GDP.PCAP.CD,GDP_per_capita,12936.6928204482
Portugal,PRT,2001,NY.GDP.PCAP.CD,GDP_per_capita,11734.7649743954
Portugal,PRT,2000,NY.GDP.PCAP.CD,GDP_per_capita,11526.3720667968
Syria,SYR,2024,NY.GDP.PCAP.CD,GDP_per_capita,
Syria,SYR,2023,NY.GDP.PCAP.CD,GDP_per_capita,
Syria,SYR,2022,NY.GDP.PCAP.CD,GDP_per_capita,1056.78264718197
Syria,SYR,2021,NY.GDP.PCAP.CD,GDP_per_capita,688.566109726934
Syria,SYR,2020,NY.GDP.PCAP.CD,GDP_per_capita,593.911771822527
Syria,SYR,2019,NY.GDP.PCAP.CD,GDP_per_capita,1109.53933821464
Syria,SYR,2018,NY.GDP.PCAP.CD,GDP_per_capita,1098.06667935023
Syria,SYR,2017,NY.GDP.PCAP.CD,GDP_per_capita,851.501972646386
Syria,SYR,2016,NY.GDP.PCAP.CD,GDP_per_capita,656.349017520952
Syria,SYR,2015,NY.GDP.PCAP.CD,GDP_per_capita,847.731545352582
Syria,SYR,2014,NY.GDP.PCAP.CD,GDP_per_capita,1060.59105887433
Syria,SYR,2013,NY.GDP.PCAP.CD,GDP_per_capita,985.892669221634
Syria,SYR,2012,NY.GDP.PCAP.CD,GDP_per_capita,1897.66115018696
Syria,SYR,2011,NY.GDP.PCAP.CD,GDP_per_capita,2952.14372909443
Syria,SYR,2010,NY.GDP.PCAP.CD,GDP_per_capita,2730.61487784917
Syria,SYR,2009,NY.GDP.PCAP.CD,GDP_per_capita,2462.20127278738
Syria,SYR,2008,NY.GDP.PCAP.CD,GDP_per_capita,2429.1247629459
Syria,SYR,2007,NY.GDP.PCAP.CD,GDP_per_capita,1937.61199094087
Syria,SYR,2006,NY.GDP.PCAP.CD,GDP_per_capita,1718.78469956591
Syria,SYR,2005,NY.GDP.PCAP.CD,GDP_per_capita,1533.90017615946
Syria,SYR,2004,NY.GDP.PCAP.CD,GDP_per_capita,1368.11263904001
Syria,SYR,2003,NY.GDP.PCAP.CD,GDP_per_capita,1220.179077256
Syria,SYR,2002,NY.GDP.PCAP.CD,GDP_per_capita,1189.98119453595
Syria,SYR,2001,NY.GDP.PCAP.CD,GDP_per_capita,1177.53806921268
Syria,SYR,2000,NY.GDP.PCAP.CD,GDP_per_capita,1138.18722723683
Tunisia,TUN,2024,NY.GDP.PCAP.CD,GDP_per_capita,4187.64079392362
Tunisia,TUN,2023,NY.GDP.PCAP.CD,GDP_per_capita,3951.11683376921
Tunisia,TUN,2022,NY.GDP.PCAP.CD,GDP_per_capita,3707.29283414381
Tunisia,TUN,2021,NY.GDP.PCAP.CD,GDP_per_capita,3906.93926319391
Tunisia,TUN,2020,NY.GDP.PCAP.CD,GDP_per_capita,3548.65363663803
Tunisia,TUN,2019,NY.GDP.PCAP.CD,GDP_per_capita,3528.87213306798
Tunisia,TUN,2018,NY.GDP.PCAP.CD,GDP_per_capita,3628.10366464236
Tunisia,TUN,2017,NY.GDP.PCAP.CD,GDP_per_capita,3619.03247319953
Tunisia,TUN,2016,NY.GDP.PCAP.CD,GDP_per_capita,3847.80354448809
Tunisia,TUN,2015,NY.GDP.PCAP.CD,GDP_per_capita,4014.94773686432
Tunisia,TUN,2014,NY.GDP.PCAP.CD,GDP_per_capita,4458.97895464547
Tunisia,TUN,2013,NY.GDP.PCAP.CD,GDP_per_capita,4369.79345826358
Tunisia,TUN,2012,NY.GDP.PCAP.CD,GDP_per_capita,4297.26782454273
Tunisia,TUN,2011,NY.GDP.PCAP.CD,GDP_per_capita,4420.64772206537
Tunisia,TUN,2010,NY.GDP.PCAP.CD,GDP_per_capita,4291.86120891575
Tunisia,TUN,2009,NY.GDP.PCAP.CD,GDP_per_capita,4080.09032448781
Tunisia,TUN,2008,NY.GDP.PCAP.CD,GDP_per_capita,4255.05008019523
Tunisia,TUN,2007,NY.GDP.PCAP.CD,GDP_per_capita,3726.91672935667
Tunisia,TUN,2006,NY.GDP.PCAP.CD,GDP_per_capita,3322.56933570096
Tunisia,TUN,2005,NY.GDP.PCAP.CD,GDP_per_capita,3146.8260743927
Tunisia,TUN,2004,NY.GDP.PCAP.CD,GDP_per_capita,3067.41936376975
Tunisia,TUN,2003,NY.GDP.PCAP.CD,GDP_per_capita,2725.8643148859
Tunisia,TUN,2002,NY.GDP.PCAP.CD,GDP_per_capita,2320.7723805785
Tunisia,TUN,2001,NY.GDP.PCAP.CD,GDP_per_capita,2235.71981624751
Tunisia,TUN,2000,NY.GDP.PCAP.CD,GDP_per_capita,2199.04465936314
Turkiye,TUR,2024,NY.GDP.PCAP.CD,GDP_per_capita,15892.7157287241
Turkiye,TUR,2023,NY.GDP.PCAP.CD,GDP_per_capita,13375.0947282864
Turkiye,TUR,2022,NY.GDP.PCAP.CD,GDP_per_capita,10897.8397861365
Turkiye,TUR,2021,NY.GDP.PCAP.CD,GDP_per_capita,9981.76398411336
Turkiye,TUR,2020,NY.GDP.PCAP.CD,GDP_per_capita,8798.11791709313
Turkiye,TUR,2019,NY.GDP.PCAP.CD,GDP_per_capita,9395.23378001368
Turkiye,TUR,2018,NY.GDP.PCAP.CD,GDP_per_capita,9684.11819884721
Turkiye,TUR,2017,NY.GDP.PCAP.CD,GDP_per_capita,10756.3877677883
Turkiye,TUR,2016,NY.GDP.PCAP.CD,GDP_per_capita,10984.3643169061
Turkiye,TUR,2015,NY.GDP.PCAP.CD,GDP_per_capita,11064.6494504662
Turkiye,TUR,2014,NY.GDP.PCAP.CD,GDP_per_capita,12209.3862327674
Turkiye,TUR,2013,NY.GDP.PCAP.CD,GDP_per_capita,12635.5570016068
Turkiye,TUR,2012,NY.GDP.PCAP.CD,GDP_per_capita,11776.7593362033
Turkiye,TUR,2011,NY.GDP.PCAP.CD,GDP_per_capita,11373.6355760885
Turkiye,TUR,2010,NY.GDP.PCAP.CD,GDP_per_capita,10698.9699409757
Turkiye,TUR,2009,NY.GDP.PCAP.CD,GDP_per_capita,9076.92472236977
Turkiye,TUR,2008,NY.GDP.PCAP.CD,GDP_per_capita,10913.4079047769
Turkiye,TUR,2007,NY.GDP.PCAP.CD,GDP_per_capita,9766.91734545294
Turkiye,TUR,2006,NY.GDP.PCAP.CD,GDP_per_capita,7990.08251407245
Turkiye,TUR,2005,NY.GDP.PCAP.CD,GDP_per_capita,7331.85429430255
Turkiye,TUR,2004,NY.GDP.PCAP.CD,GDP_per_capita,5979.6054216148
Turkiye,TUR,2003,NY.GDP.PCAP.CD,GDP_per_capita,4649.63668068586
Turkiye,TUR,2002,NY.GDP.PCAP.CD,GDP_per_capita,3591.08628982587
Turkiye,TUR,2001,NY.GDP.PCAP.CD,GDP_per_capita,3052.2256706793
Turkiye,TUR,2000,NY.GDP.PCAP.CD,GDP_per_capita,4199.3798635759
Algeria,DZA,2024,AG.LND.AGRI.ZS,Agricultural_land_pct,
Algeria,DZA,2023,AG.LND.AGRI.ZS,Agricultural_land_pct,17.359031632336
Algeria,DZA,2022,AG.LND.AGRI.ZS,Agricultural_land_pct,17.351348174024
Algeria,DZA,2021,AG.LND.AGRI.ZS,Agricultural_land_pct,17.3306070351928
Algeria,DZA,2020,AG.LND.AGRI.ZS,Agricultural_land_pct,17.3352255074022
Algeria,DZA,2019,AG.LND.AGRI.ZS,Agricultural_land_pct,17.3469816184806
Algeria,DZA,2018,AG.LND.AGRI.ZS,Agricultural_land_pct,17.3565679895505
Algeria,DZA,2017,AG.LND.AGRI.ZS,Agricultural_land_pct,17.3550108093197
Algeria,DZA,2016,AG.LND.AGRI.ZS,Agricultural_land_pct,17.3655321884285
Algeria,DZA,2015,AG.LND.AGRI.ZS,Agricultural_land_pct,17.4059228102468
Algeria,DZA,2014,AG.LND.AGRI.ZS,Agricultural_land_pct,17.3952656461243
Algeria,DZA,2013,AG.LND.AGRI.ZS,Agricultural_land_pct,17.3955322579291
Algeria,DZA,2012,AG.LND.AGRI.ZS,Agricultural_land_pct,17.381490003107
Algeria,DZA,2011,AG.LND.AGRI.ZS,Agricultural_land_pct,17.3772116183966
Algeria,DZA,2010,AG.LND.AGRI.ZS,Agricultural_land_pct,17.3713335628574
Algeria,DZA,2009,AG.LND.AGRI.ZS,Agricultural_land_pct,17.3738527295171
Algeria,DZA,2008,AG.LND.AGRI.ZS,Agricultural_land_pct,17.344042590711
Algeria,DZA,2007,AG.LND.AGRI.ZS,Agricultural_land_pct,17.3201105074441
Algeria,DZA,2006,AG.LND.AGRI.ZS,Agricultural_land_pct,17.2903003686381
Algeria,DZA,2005,AG.LND.AGRI.ZS,Agricultural_land_pct,17.3028962019364
Algeria,DZA,2004,AG.LND.AGRI.ZS,Agricultural_land_pct,17.27518536868
Algeria,DZA,2003,AG.LND.AGRI.ZS,Agricultural_land_pct,16.7548514951254
Algeria,DZA,2002,AG.LND.AGRI.ZS,Agricultural_land_pct,16.7335645368512
Algeria,DZA,2001,AG.LND.AGRI.ZS,Agricultural_land_pct,16.8402092587772
Algeria,DZA,2000,AG.LND.AGRI.ZS,Agricultural_land_pct,16.8032614811021
Egypt,EGY,2024,AG.LND.AGRI.ZS,Agricultural_land_pct,
Egypt,EGY,2023,AG.LND.AGRI.ZS,Agricultural_land_pct,4.07654829474107
Egypt,EGY,2022,AG.LND.AGRI.ZS,Agricultural_land_pct,4.07654829474107
Egypt,EGY,2021,AG.LND.AGRI.ZS,Agricultural_land_pct,4.04942488321865
Egypt,EGY,2020,AG.LND.AGRI.ZS,Agricultural_land_pct,3.98915063539103
Egypt,EGY,2019,AG.LND.AGRI.ZS,Agricultural_land_pct,3.93992666633181
Egypt,EGY,2018,AG.LND.AGRI.ZS,Agricultural_land_pct,3.88065698930132
Egypt,EGY,2017,AG.LND.AGRI.ZS,Agricultural_land_pct,3.85450680596715
Egypt,EGY,2016,AG.LND.AGRI.ZS,Agricultural_land_pct,3.75083168416294
Egypt,EGY,2015,AG.LND.AGRI.ZS,Agricultural_land_pct,3.80719985936009
Egypt,EGY,2014,AG.LND.AGRI.ZS,Agricultural_land_pct,3.73217137977799
Egypt,EGY,2013,AG.LND.AGRI.ZS,Agricultural_land_pct,3.74802350695665
Egypt,EGY,2012,AG.LND.AGRI.ZS,Agricultural_land_pct,3.71289366618112
Egypt,EGY,2011,AG.LND.AGRI.ZS,Agricultural_land_pct,3.63654628559948
Egypt,EGY,2010,AG.LND.AGRI.ZS,Agricultural_land_pct,3.68777939625295
Egypt,EGY,2009,AG.LND.AGRI.ZS,Agricultural_land_pct,3.70586167060124
Egypt,EGY,2008,AG.LND.AGRI.ZS,Agricultural_land_pct,3.55818976342358
Egypt,EGY,2007,AG.LND.AGRI.ZS,Agricultural_land_pct,3.55417148023507
Egypt,EGY,2006,AG.LND.AGRI.ZS,Agricultural_land_pct,3.54914862624943
Egypt,EGY,2005,AG.LND.AGRI.ZS,Agricultural_land_pct,3.53910291827817
Egypt,EGY,2004,AG.LND.AGRI.ZS,Agricultural_land_pct,3.49389723240745
Egypt,EGY,2003,AG.LND.AGRI.ZS,Agricultural_land_pct,3.4245818474057
Egypt,EGY,2002,AG.LND.AGRI.ZS,Agricultural_land_pct,3.4396504093626
Egypt,EGY,2001,AG.LND.AGRI.ZS,Agricultural_land_pct,3.35325732080968
Egypt,EGY,2000,AG.LND.AGRI.ZS,Agricultural_land_pct,3.30604249334472
Spain,ESP,2024,AG.LND.AGRI.ZS,Agricultural_land_pct,
Spain,ESP,2023,AG.LND.AGRI.ZS,Agricultural_land_pct,49.5753269878931
Spain,ESP,2022,AG.LND.AGRI.ZS,Agricultural_land_pct,53.3572810066811
Spain,ESP,2021,AG.LND.AGRI.ZS,Agricultural_land_pct,52.4848941208322
Spain,ESP,2020,AG.LND.AGRI.ZS,Agricultural_land_pct,52.3316792232841
Spain,ESP,2019,AG.LND.AGRI.ZS,Agricultural_land_pct,52.4584917258728
Spain,ESP,2018,AG.LND.AGRI.ZS,Agricultural_land_pct,52.408209711446
Spain,ESP,2017,AG.LND.AGRI.ZS,Agricultural_land_pct,52.6387138276281
Spain,ESP,2016,AG.LND.AGRI.ZS,Agricultural_land_pct,52.5772473596977
Spain,ESP,2015,AG.LND.AGRI.ZS,Agricultural_land_pct,53.1890621841609
Spain,ESP,2014,AG.LND.AGRI.ZS,Agricultural_land_pct,53.1336838527818
Spain,ESP,2013,AG.LND.AGRI.ZS,Agricultural_land_pct,53.4439535395134
Spain,ESP,2012,AG.LND.AGRI.ZS,Agricultural_land_pct,53.8613782211471
Spain,ESP,2011,AG.LND.AGRI.ZS,Agricultural_land_pct,54.0409698327599
Spain,ESP,2010,AG.LND.AGRI.ZS,Agricultural_land_pct,55.0888982220356
Spain,ESP,2009,AG.LND.AGRI.ZS,Agricultural_land_pct,56.0903220631292
Spain,ESP,2008,AG.LND.AGRI.ZS,Agricultural_land_pct,56.4194065757819
Spain,ESP,2007,AG.LND.AGRI.ZS,Agricultural_land_pct,56.1078720121817
Spain,ESP,2006,AG.LND.AGRI.ZS,Agricultural_land_pct,57.3429796785442
Spain,ESP,2005,AG.LND.AGRI.ZS,Agricultural_land_pct,58.4343505179427
Spain,ESP,2004,AG.LND.AGRI.ZS,Agricultural_land_pct,58.2375095156056
Spain,ESP,2003,AG.LND.AGRI.ZS,Agricultural_land_pct,58.3982692654394
Spain,ESP,2002,AG.LND.AGRI.ZS,Agricultural_land_pct,58.9511862776531
Spain,ESP,2001,AG.LND.AGRI.ZS,Agricultural_land_pct,59.2152772205729
Spain,ESP,2000,AG.LND.AGRI.ZS,Agricultural_land_pct,59.6513026052104
Greece,GRC,2024,AG.LND.AGRI.ZS,Agricultural_land_pct,
Greece,GRC,2023,AG.LND.AGRI.ZS,Agricultural_land_pct,41.6760178432894
Greece,GRC,2022,AG.LND.AGRI.ZS,Agricultural_land_pct,41.6760170674942
Greece,GRC,2021,AG.LND.AGRI.ZS,Agricultural_land_pct,44.3128673390225
Greece,GRC,2020,AG.LND.AGRI.ZS,Agricultural_land_pct,43.6358456167572
Greece,GRC,2019,AG.LND.AGRI.ZS,Agricultural_land_pct,45.4892645461598
Greece,GRC,2018,AG.LND.AGRI.ZS,Agricultural_land_pct,46.1108642358417
Greece,GRC,2017,AG.LND.AGRI.ZS,Agricultural_land_pct,46.9630783553142
Greece,GRC,2016,AG.LND.AGRI.ZS,Agricultural_land_pct,47.6027928626843
Greece,GRC,2015,AG.LND.AGRI.ZS,Agricultural_land_pct,48.0915438324282
Greece,GRC,2014,AG.LND.AGRI.ZS,Agricultural_land_pct,48.1070597362296
Greece,GRC,2013,AG.LND.AGRI.ZS,Agricultural_land_pct,55.4926299456943
Greece,GRC,2012,AG.LND.AGRI.ZS,Agricultural_land_pct,56.5011636927851
Greece,GRC,2011,AG.LND.AGRI.ZS,Agricultural_land_pct,57.377812257564
Greece,GRC,2010,AG.LND.AGRI.ZS,Agricultural_land_pct,58.0993017843289
Greece,GRC,2009,AG.LND.AGRI.ZS,Agricultural_land_pct,58.6501163692785
Greece,GRC,2008,AG.LND.AGRI.ZS,Agricultural_land_pct,59.4026377036462
Greece,GRC,2007,AG.LND.AGRI.ZS,Agricultural_land_pct,60.1474010861133
Greece,GRC,2006,AG.LND.AGRI.ZS,Agricultural_land_pct,61.0007757951901
Greece,GRC,2005,AG.LND.AGRI.ZS,Agricultural_land_pct,62.1024049650892
Greece,GRC,2004,AG.LND.AGRI.ZS,Agricultural_land_pct,62.6842513576416
Greece,GRC,2003,AG.LND.AGRI.ZS,Agricultural_land_pct,64.0186190845617
Greece,GRC,2002,AG.LND.AGRI.ZS,Agricultural_land_pct,64.7245927075252
Greece,GRC,2001,AG.LND.AGRI.ZS,Agricultural_land_pct,65.4615981380915
Greece,GRC,2000,AG.LND.AGRI.ZS,Agricultural_land_pct,66.1675717610551
Italy,ITA,2024,AG.LND.AGRI.ZS,Agricultural_land_pct,
Italy,ITA,2023,AG.LND.AGRI.ZS,Agricultural_land_pct,44.2565839307453
Italy,ITA,2022,AG.LND.AGRI.ZS,Agricultural_land_pct,43.9631475720276
Italy,ITA,2021,AG.LND.AGRI.ZS,Agricultural_land_pct,41.9422315930434
Italy,ITA,2020,AG.LND.AGRI.ZS,Agricultural_land_pct,42.332263616904
Italy,ITA,2019,AG.LND.AGRI.ZS,Agricultural_land_pct,44.3699956377212
Italy,ITA,2018,AG.LND.AGRI.ZS,Agricultural_land_pct,41.948748469826
Italy,ITA,2017,AG.LND.AGRI.ZS,Agricultural_land_pct,43.3743295977925
Italy,ITA,2016,AG.LND.AGRI.ZS,Agricultural_land_pct,43.3250596852407
Italy,ITA,2015,AG.LND.AGRI.ZS,Agricultural_land_pct,43.7748124902779
Italy,ITA,2014,AG.LND.AGRI.ZS,Agricultural_land_pct,44.5086196984965
Italy,ITA,2013,AG.LND.AGRI.ZS,Agricultural_land_pct,46.0912085162215
Italy,ITA,2012,AG.LND.AGRI.ZS,Agricultural_land_pct,46.4259869199711
Italy,ITA,2011,AG.LND.AGRI.ZS,Agricultural_land_pct,46.8439526846523
Italy,ITA,2010,AG.LND.AGRI.ZS,Agricultural_land_pct,48.45088902265
Italy,ITA,2009,AG.LND.AGRI.ZS,Agricultural_land_pct,47.2828843695683
Italy,ITA,2008,AG.LND.AGRI.ZS,Agricultural_land_pct,48.8884680675508
Italy,ITA,2007,AG.LND.AGRI.ZS,Agricultural_land_pct,47.8902197363705
Italy,ITA,2006,AG.LND.AGRI.ZS,Agricultural_land_pct,48.0288653379233
Italy,ITA,2005,AG.LND.AGRI.ZS,Agricultural_land_pct,49.8312581581101
Italy,ITA,2004,AG.LND.AGRI.ZS,Agricultural_land_pct,50.3283533636776
Italy,ITA,2003,AG.LND.AGRI.ZS,Agricultural_land_pct,50.4095117645865
Italy,ITA,2002,AG.LND.AGRI.ZS,Agricultural_land_pct,51.6471773784484
Italy,ITA,2001,AG.LND.AGRI.ZS,Agricultural_land_pct,52.4215637871215
Italy,ITA,2000,AG.LND.AGRI.ZS,Agricultural_land_pct,52.8780797922345
Libya,LBY,2024,AG.LND.AGRI.ZS,Agricultural_land_pct,
Libya,LBY,2023,AG.LND.AGRI.ZS,Agricultural_land_pct,8.72387101174171
Libya,LBY,2022,AG.LND.AGRI.ZS,Agricultural_land_pct,8.72387101174171
Libya,LBY,2021,AG.LND.AGRI.ZS,Agricultural_land_pct,8.72387101174171
Libya,LBY,2020,AG.LND.AGRI.ZS,Agricultural_land_pct,8.72387101174171
Libya,LBY,2019,AG.LND.AGRI.ZS,Agricultural_land_pct,8.72387101174171
Libya,LBY,2018,AG.LND.AGRI.ZS,Agricultural_land_pct,8.72387101174171
Libya,LBY,2017,AG.LND.AGRI.ZS,Agricultural_land_pct,8.72387101174171
Libya,LBY,2016,AG.LND.AGRI.ZS,Agricultural_land_pct,8.72387101174171
Libya,LBY,2015,AG.LND.AGRI.ZS,Agricultural_land_pct,8.72387101174171
Libya,LBY,2014,AG.LND.AGRI.ZS,Agricultural_land_pct,8.72387101174171
Libya,LBY,2013,AG.LND.AGRI.ZS,Agricultural_land_pct,8.72671266353706
Libya,LBY,2012,AG.LND.AGRI.ZS,Agricultural_land_pct,8.72671266353706
Libya,LBY,2011,AG.LND.AGRI.ZS,Agricultural_land_pct,8.72443934210078
Libya,LBY,2010,AG.LND.AGRI.ZS,Agricultural_land_pct,8.72443934210078
Libya,LBY,2009,AG.LND.AGRI.ZS,Agricultural_land_pct,8.74376257430919
Libya,LBY,2008,AG.LND.AGRI.ZS,Agricultural_land_pct,8.74376257430919
Libya,LBY,2007,AG.LND.AGRI.ZS,Agricultural_land_pct,8.74376257430919
Libya,LBY,2006,AG.LND.AGRI.ZS,Agricultural_land_pct,8.74376257430919
Libya,LBY,2005,AG.LND.AGRI.ZS,Agricultural_land_pct,8.74376257430919
Libya,LBY,2004,AG.LND.AGRI.ZS,Agricultural_land_pct,8.74376257430919
Libya,LBY,2003,AG.LND.AGRI.ZS,Agricultural_land_pct,8.78070404764882
Libya,LBY,2002,AG.LND.AGRI.ZS,Agricultural_land_pct,8.78070404764882
Libya,LBY,2001,AG.LND.AGRI.ZS,Agricultural_land_pct,8.78070404764882
Libya,LBY,2000,AG.LND.AGRI.ZS,Agricultural_land_pct,8.78070404764882
Morocco,MAR,2024,AG.LND.AGRI.ZS,Agricultural_land_pct,
Morocco,MAR,2023,AG.LND.AGRI.ZS,Agricultural_land_pct,66.7449381581896
Morocco,MAR,2022,AG.LND.AGRI.ZS,Agricultural_land_pct,65.8091218911046
Morocco,MAR,2021,AG.LND.AGRI.ZS,Agricultural_land_pct,67.0350365225185
Morocco,MAR,2020,AG.LND.AGRI.ZS,Agricultural_land_pct,67.0205229666144
Morocco,MAR,2019,AG.LND.AGRI.ZS,Agricultural_land_pct,66.34978041676
Morocco,MAR,2018,AG.LND.AGRI.ZS,Agricultural_land_pct,68.3975066099036
Morocco,MAR,2017,AG.LND.AGRI.ZS,Agricultural_land_pct,69.5643024871163
Morocco,MAR,2016,AG.LND.AGRI.ZS,Agricultural_land_pct,69.1799238180596
Morocco,MAR,2015,AG.LND.AGRI.ZS,Agricultural_land_pct,67.3246695048174
Morocco,MAR,2014,AG.LND.AGRI.ZS,Agricultural_land_pct,67.404212413175
Morocco,MAR,2013,AG.LND.AGRI.ZS,Agricultural_land_pct,68.5301366793637
Morocco,MAR,2012,AG.LND.AGRI.ZS,Agricultural_land_pct,68.1223392336993
Morocco,MAR,2011,AG.LND.AGRI.ZS,Agricultural_land_pct,67.4519381581896
Morocco,MAR,2010,AG.LND.AGRI.ZS,Agricultural_land_pct,67.1931436253641
Morocco,MAR,2009,AG.LND.AGRI.ZS,Agricultural_land_pct,67.2251848532377
Morocco,MAR,2008,AG.LND.AGRI.ZS,Agricultural_land_pct,67.1767869146314
Morocco,MAR,2007,AG.LND.AGRI.ZS,Agricultural_land_pct,67.1297333632086
Morocco,MAR,2006,AG.LND.AGRI.ZS,Agricultural_land_pct,67.0983643289267
Morocco,MAR,2005,AG.LND.AGRI.ZS,Agricultural_land_pct,67.1947120770782
Morocco,MAR,2004,AG.LND.AGRI.ZS,Agricultural_land_pct,67.3112256329823
Morocco,MAR,2003,AG.LND.AGRI.ZS,Agricultural_land_pct,69.1821644633655
Morocco,MAR,2002,AG.LND.AGRI.ZS,Agricultural_land_pct,67.8534617969975
Morocco,MAR,2001,AG.LND.AGRI.ZS,Agricultural_land_pct,68.0483979386063
Morocco,MAR,2000,AG.LND.AGRI.ZS,Agricultural_land_pct,68.6802599148555
Portugal,PRT,2024,AG.LND.AGRI.ZS,Agricultural_land_pct,
Portugal,PRT,2023,AG.LND.AGRI.ZS,Agricultural_land_pct,43.33752194189
Portugal,PRT,2022,AG.LND.AGRI.ZS,Agricultural_land_pct,42.7894964936641
Portugal,PRT,2021,AG.LND.AGRI.ZS,Agricultural_land_pct,43.2538567511157
Portugal,PRT,2020,AG.LND.AGRI.ZS,Agricultural_land_pct,43.1660902826901
Portugal,PRT,2019,AG.LND.AGRI.ZS,Agricultural_land_pct,43.1253165745326
Portugal,PRT,2018,AG.LND.AGRI.ZS,Agricultural_land_pct,40.791900276839
Portugal,PRT,2017,AG.LND.AGRI.ZS,Agricultural_land_pct,40.1000899508327
Portugal,PRT,2016,AG.LND.AGRI.ZS,Agricultural_land_pct,39.5066458819112
Portugal,PRT,2015,AG.LND.AGRI.ZS,Agricultural_land_pct,39.7222440549486
Portugal,PRT,2014,AG.LND.AGRI.ZS,Agricultural_land_pct,39.996244771062
Portugal,PRT,2013,AG.LND.AGRI.ZS,Agricultural_land_pct,40.4027282294018
Portugal,PRT,2012,AG.LND.AGRI.ZS,Agricultural_land_pct,40.0088437602358
Portugal,PRT,2011,AG.LND.AGRI.ZS,Agricultural_land_pct,39.8445245114095
Portugal,PRT,2010,AG.LND.AGRI.ZS,Agricultural_land_pct,39.8970411616989
Portugal,PRT,2009,AG.LND.AGRI.ZS,Agricultural_land_pct,40.3491647559777
Portugal,PRT,2008,AG.LND.AGRI.ZS,Agricultural_land_pct,40.7331365475019
Portugal,PRT,2007,AG.LND.AGRI.ZS,Agricultural_land_pct,40.0231769979228
Portugal,PRT,2006,AG.LND.AGRI.ZS,Agricultural_land_pct,41.0807915163442
Portugal,PRT,2005,AG.LND.AGRI.ZS,Agricultural_land_pct,41.8048540505084
Portugal,PRT,2004,AG.LND.AGRI.ZS,Agricultural_land_pct,42.2908196721311
Portugal,PRT,2003,AG.LND.AGRI.ZS,Agricultural_land_pct,41.6795628415301
Portugal,PRT,2002,AG.LND.AGRI.ZS,Agricultural_land_pct,42.3794535519126
Portugal,PRT,2001,AG.LND.AGRI.ZS,Agricultural_land_pct,42.1182513661202
Portugal,PRT,2000,AG.LND.AGRI.ZS,Agricultural_land_pct,43.2391256830601
Syria,SYR,2024,AG.LND.AGRI.ZS,Agricultural_land_pct,
Syria,SYR,2023,AG.LND.AGRI.ZS,Agricultural_land_pct,74.0946468441976
Syria,SYR,2022,AG.LND.AGRI.ZS,Agricultural_land_pct,74.0946468441976
Syria,SYR,2021,AG.LND.AGRI.ZS,Agricultural_land_pct,74.9930675815499
Syria,SYR,2020,AG.LND.AGRI.ZS,Agricultural_land_pct,75.7685345531776
Syria,SYR,2019,AG.LND.AGRI.ZS,Agricultural_land_pct,75.7574143658444
Syria,SYR,2018,AG.LND.AGRI.ZS,Agricultural_land_pct,75.7920165550291
Syria,SYR,2017,AG.LND.AGRI.ZS,Agricultural_land_pct,75.804775908076
Syria,SYR,2016,AG.LND.AGRI.ZS,Agricultural_land_pct,75.7835103196645
Syria,SYR,2015,AG.LND.AGRI.ZS,Agricultural_land_pct,75.7882698905408
Syria,SYR,2014,AG.LND.AGRI.ZS,Agricultural_land_pct,75.7991613570767
Syria,SYR,2013,AG.LND.AGRI.ZS,Agricultural_land_pct,75.8100528236127
Syria,SYR,2012,AG.LND.AGRI.ZS,Agricultural_land_pct,75.8100528236127
Syria,SYR,2011,AG.LND.AGRI.ZS,Agricultural_land_pct,75.7773784240048
Syria,SYR,2010,AG.LND.AGRI.ZS,Agricultural_land_pct,75.7392582911289
Syria,SYR,2009,AG.LND.AGRI.ZS,Agricultural_land_pct,75.7351339577434
Syria,SYR,2008,AG.LND.AGRI.ZS,Agricultural_land_pct,75.6806795905032
Syria,SYR,2007,AG.LND.AGRI.ZS,Agricultural_land_pct,75.6752341537791
Syria,SYR,2006,AG.LND.AGRI.ZS,Agricultural_land_pct,75.5704405598214
Syria,SYR,2005,AG.LND.AGRI.ZS,Agricultural_land_pct,75.3282126709157
Syria,SYR,2004,AG.LND.AGRI.ZS,Agricultural_land_pct,75.7476711881026
Syria,SYR,2003,AG.LND.AGRI.ZS,Agricultural_land_pct,75.2383027398006
Syria,SYR,2002,AG.LND.AGRI.ZS,Agricultural_land_pct,74.8666884318207
Syria,SYR,2001,AG.LND.AGRI.ZS,Agricultural_land_pct,74.6708020459245
Syria,SYR,2000,AG.LND.AGRI.ZS,Agricultural_land_pct,74.6055065839591
Tunisia,TUN,2024,AG.LND.AGRI.ZS,Agricultural_land_pct,
Tunisia,TUN,2023,AG.LND.AGRI.ZS,Agricultural_land_pct,62.4388516992791
Tunisia,TUN,2022,AG.LND.AGRI.ZS,Agricultural_land_pct,62.4388516992791
Tunisia,TUN,2021,AG.LND.AGRI.ZS,Agricultural_land_pct,62.4388516992791
Tunisia,TUN,2020,AG.LND.AGRI.ZS,Agricultural_land_pct,62.4388516992791
Tunisia,TUN,2019,AG.LND.AGRI.ZS,Agricultural_land_pct,62.4388516992791
Tunisia,TUN,2018,AG.LND.AGRI.ZS,Agricultural_land_pct,62.4388516992791
Tunisia,TUN,2017,AG.LND.AGRI.ZS,Agricultural_land_pct,62.7117662203914
Tunisia,TUN,2016,AG.LND.AGRI.ZS,Agricultural_land_pct,62.45236869207
Tunisia,TUN,2015,AG.LND.AGRI.ZS,Agricultural_land_pct,63.2981462409887
Tunisia,TUN,2014,AG.LND.AGRI.ZS,Agricultural_land_pct,62.8282698249228
Tunisia,TUN,2013,AG.LND.AGRI.ZS,Agricultural_land_pct,63.9997425334707
Tunisia,TUN,2012,AG.LND.AGRI.ZS,Agricultural_land_pct,63.8645726055613
Tunisia,TUN,2011,AG.LND.AGRI.ZS,Agricultural_land_pct,64.8300720906282
Tunisia,TUN,2010,AG.LND.AGRI.ZS,Agricultural_land_pct,64.6112255406797
Tunisia,TUN,2009,AG.LND.AGRI.ZS,Agricultural_land_pct,63.0084963954686
Tunisia,TUN,2008,AG.LND.AGRI.ZS,Agricultural_land_pct,63.6006694129763
Tunisia,TUN,2007,AG.LND.AGRI.ZS,Agricultural_land_pct,63.1114830072091
Tunisia,TUN,2006,AG.LND.AGRI.ZS,Agricultural_land_pct,63.1179196704428
Tunisia,TUN,2005,AG.LND.AGRI.ZS,Agricultural_land_pct,63.2337796086509
Tunisia,TUN,2004,AG.LND.AGRI.ZS,Agricultural_land_pct,63.2723995880536
Tunisia,TUN,2003,AG.LND.AGRI.ZS,Agricultural_land_pct,62.9763130792997
Tunisia,TUN,2002,AG.LND.AGRI.ZS,Agricultural_land_pct,62.8411431513903
Tunisia,TUN,2001,AG.LND.AGRI.ZS,Agricultural_land_pct,61.1418640576725
Tunisia,TUN,2000,AG.LND.AGRI.ZS,Agricultural_land_pct,61.476570545829
Turkiye,TUR,2024,AG.LND.AGRI.ZS,Agricultural_land_pct,
Turkiye,TUR,2023,AG.LND.AGRI.ZS,Agricultural_land_pct,50.1383781817237
Turkiye,TUR,2022,AG.LND.AGRI.ZS,Agricultural_land_pct,50.0253368501748
Turkiye,TUR,2021,AG.LND.AGRI.ZS,Agricultural_land_pct,49.4900146823798
Turkiye,TUR,2020,AG.LND.AGRI.ZS,Agricultural_land_pct,49.0651351948339
Turkiye,TUR,2019,AG.LND.AGRI.ZS,Agricultural_land_pct,49.0053662149344
Turkiye,TUR,2018,AG.LND.AGRI.ZS,Agricultural_land_pct,49.1171082208334
Turkiye,TUR,2017,AG.LND.AGRI.ZS,Agricultural_land_pct,49.3275989761314
Turkiye,TUR,2016,AG.LND.AGRI.ZS,Agricultural_land_pct,49.8005535127269
Turkiye,TUR,2015,AG.LND.AGRI.ZS,Agricultural_land_pct,50.0903031326741
Turkiye,TUR,2014,AG.LND.AGRI.ZS,Agricultural_land_pct,50.0942011096241
Turkiye,TUR,2013,AG.LND.AGRI.ZS,Agricultural_land_pct,49.9239894494757
Turkiye,TUR,2012,AG.LND.AGRI.ZS,Agricultural_land_pct,49.9032002390759
Turkiye,TUR,2011,AG.LND.AGRI.ZS,Agricultural_land_pct,49.6953081350779
Turkiye,TUR,2010,AG.LND.AGRI.ZS,Agricultural_land_pct,50.6892922573184
Turkiye,TUR,2009,AG.LND.AGRI.ZS,Agricultural_land_pct,50.5580603666697
Turkiye,TUR,2008,AG.LND.AGRI.ZS,Agricultural_land_pct,50.8322180788171
Turkiye,TUR,2007,AG.LND.AGRI.ZS,Agricultural_land_pct,51.3298598027624
Turkiye,TUR,2006,AG.LND.AGRI.ZS,Agricultural_land_pct,52.6135935449502
Turkiye,TUR,2005,AG.LND.AGRI.ZS,Agricultural_land_pct,53.5621012694412
Turkiye,TUR,2004,AG.LND.AGRI.ZS,Agricultural_land_pct,53.5452100359913
Turkiye,TUR,2003,AG.LND.AGRI.ZS,Agricultural_land_pct,52.8097917180983
Turkiye,TUR,2002,AG.LND.AGRI.ZS,Agricultural_land_pct,53.5270194768915
Turkiye,TUR,2001,AG.LND.AGRI.ZS,Agricultural_land_pct,53.2307732286943
Turkiye,TUR,2000,AG.LND.AGRI.ZS,Agricultural_land_pct,52.5954029858503
Algeria,DZA,2024,AG.LND.FRST.ZS,Forest_area_pct,
Algeria,DZA,2023,AG.LND.FRST.ZS,Forest_area_pct,0.830314224054683
Algeria,DZA,2022,AG.LND.FRST.ZS,Forest_area_pct,0.826286664371426
Algeria,DZA,2021,AG.LND.FRST.ZS,Forest_area_pct,0.822088053271978
Algeria,DZA,2020,AG.LND.FRST.ZS,Forest_area_pct,0.818309303282474
Algeria,DZA,2019,AG.LND.FRST.ZS,Forest_area_pct,0.814110692183026
Algeria,DZA,2018,AG.LND.FRST.ZS,Forest_area_pct,0.810331601966797
Algeria,DZA,2017,AG.LND.FRST.ZS,Forest_area_pct,0.815789794104397
Algeria,DZA,2016,AG.LND.FRST.ZS,Forest_area_pct,0.821247986241997
Algeria,DZA,2015,AG.LND.FRST.ZS,Forest_area_pct,0.821247986241997
Algeria,DZA,2014,AG.LND.FRST.ZS,Forest_area_pct,0.818057386616507
Algeria,DZA,2013,AG.LND.FRST.ZS,Forest_area_pct,0.814866442180927
Algeria,DZA,2012,AG.LND.FRST.ZS,Forest_area_pct,0.811675497745346
Algeria,DZA,2011,AG.LND.FRST.ZS,Forest_area_pct,0.808484553309765
Algeria,DZA,2010,AG.LND.FRST.ZS,Forest_area_pct,0.805293608874184
Algeria,DZA,2009,AG.LND.FRST.ZS,Forest_area_pct,0.791060317247055
Algeria,DZA,2008,AG.LND.FRST.ZS,Forest_area_pct,0.776827025619925
Algeria,DZA,2007,AG.LND.FRST.ZS,Forest_area_pct,0.762593733992795
Algeria,DZA,2006,AG.LND.FRST.ZS,Forest_area_pct,0.748360442365665
Algeria,DZA,2005,AG.LND.FRST.ZS,Forest_area_pct,0.734127150738536
Algeria,DZA,2004,AG.LND.FRST.ZS,Forest_area_pct,0.719893859111406
Algeria,DZA,2003,AG.LND.FRST.ZS,Forest_area_pct,0.705660567484276
Algeria,DZA,2002,AG.LND.FRST.ZS,Forest_area_pct,0.691427275857146
Algeria,DZA,2001,AG.LND.FRST.ZS,Forest_area_pct,0.677193984230017
Algeria,DZA,2000,AG.LND.FRST.ZS,Forest_area_pct,0.662960692602887
Egypt,EGY,2024,AG.LND.FRST.ZS,Forest_area_pct,
Egypt,EGY,2023,AG.LND.FRST.ZS,Forest_area_pct,0.0451855944547692
Egypt,EGY,2022,AG.LND.FRST.ZS,Forest_area_pct,0.0451855944547692
Egypt,EGY,2021,AG.LND.FRST.ZS,Forest_area_pct,0.0451855944547692
Egypt,EGY,2020,AG.LND.FRST.ZS,Forest_area_pct,0.0451855944547692
Egypt,EGY,2019,AG.LND.FRST.ZS,Forest_area_pct,0.0451855944547692
Egypt,EGY,2018,AG.LND.FRST.ZS,Forest_area_pct,0.0451855944547692
Egypt,EGY,2017,AG.LND.FRST.ZS,Forest_area_pct,0.0451855944547692
Egypt,EGY,2016,AG.LND.FRST.ZS,Forest_area_pct,0.0451855944547692
Egypt,EGY,2015,AG.LND.FRST.ZS,Forest_area_pct,0.0486413179968858
Egypt,EGY,2014,AG.LND.FRST.ZS,Forest_area_pct,0.052101059822191
Egypt,EGY,2013,AG.LND.FRST.ZS,Forest_area_pct,0.0555608016474961
Egypt,EGY,2012,AG.LND.FRST.ZS,Forest_area_pct,0.0590205434728013
Egypt,EGY,2011,AG.LND.FRST.ZS,Forest_area_pct,0.0624802852981064
Egypt,EGY,2010,AG.LND.FRST.ZS,Forest_area_pct,0.0659400271234115
Egypt,EGY,2009,AG.LND.FRST.ZS,Forest_area_pct,0.0652940881008589
Egypt,EGY,2008,AG.LND.FRST.ZS,Forest_area_pct,0.0646481490783063
Egypt,EGY,2007,AG.LND.FRST.ZS,Forest_area_pct,0.0640022100557537
Egypt,EGY,2006,AG.LND.FRST.ZS,Forest_area_pct,0.0633562710332011
Egypt,EGY,2005,AG.LND.FRST.ZS,Forest_area_pct,0.0627103320106484
Egypt,EGY,2004,AG.LND.FRST.ZS,Forest_area_pct,0.0620643929880958
Egypt,EGY,2003,AG.LND.FRST.ZS,Forest_area_pct,0.0614184539655432
Egypt,EGY,2002,AG.LND.FRST.ZS,Forest_area_pct,0.0607725149429906
Egypt,EGY,2001,AG.LND.FRST.ZS,Forest_area_pct,0.060126575920438
Egypt,EGY,2000,AG.LND.FRST.ZS,Forest_area_pct,0.0594806368978854
Spain,ESP,2024,AG.LND.FRST.ZS,Forest_area_pct,
Spain,ESP,2023,AG.LND.FRST.ZS,Forest_area_pct,37.1925889548355
Spain,ESP,2022,AG.LND.FRST.ZS,Forest_area_pct,37.1827922798055
Spain,ESP,2021,AG.LND.FRST.ZS,Forest_area_pct,37.1727521093233
Spain,ESP,2020,AG.LND.FRST.ZS,Forest_area_pct,37.1773054885498
Spain,ESP,2019,AG.LND.FRST.ZS,Forest_area_pct,37.1677215644695
Spain,ESP,2018,AG.LND.FRST.ZS,Forest_area_pct,37.1566467814769
Spain,ESP,2017,AG.LND.FRST.ZS,Forest_area_pct,37.1522339173654
Spain,ESP,2016,AG.LND.FRST.ZS,Forest_area_pct,37.142868581403
Spain,ESP,2015,AG.LND.FRST.ZS,Forest_area_pct,37.1275324670126
Spain,ESP,2014,AG.LND.FRST.ZS,Forest_area_pct,37.0844485316167
Spain,ESP,2013,AG.LND.FRST.ZS,Forest_area_pct,37.0821135123248
Spain,ESP,2012,AG.LND.FRST.ZS,Forest_area_pct,37.0797784930329
Spain,ESP,2011,AG.LND.FRST.ZS,Forest_area_pct,37.1019204609106
Spain,ESP,2010,AG.LND.FRST.ZS,Forest_area_pct,37.089938201236
Spain,ESP,2009,AG.LND.FRST.ZS,Forest_area_pct,36.8992880920868
Spain,ESP,2008,AG.LND.FRST.ZS,Forest_area_pct,36.5979510825982
Spain,ESP,2007,AG.LND.FRST.ZS,Forest_area_pct,36.2844202680772
Spain,ESP,2006,AG.LND.FRST.ZS,Forest_area_pct,36.002998116157
Spain,ESP,2005,AG.LND.FRST.ZS,Forest_area_pct,35.7042517381635
Spain,ESP,2004,AG.LND.FRST.ZS,Forest_area_pct,35.4070555711367
Spain,ESP,2003,AG.LND.FRST.ZS,Forest_area_pct,35.114186414535
Spain,ESP,2002,AG.LND.FRST.ZS,Forest_area_pct,34.8353077909586
Spain,ESP,2001,AG.LND.FRST.ZS,Forest_area_pct,34.5805002808313
Spain,ESP,2000,AG.LND.FRST.ZS,Forest_area_pct,34.256372745491
Greece,GRC,2024,AG.LND.FRST.ZS,Forest_area_pct,
Greece,GRC,2023,AG.LND.FRST.ZS,Forest_area_pct,30.2699767261443
Greece,GRC,2022,AG.LND.FRST.ZS,Forest_area_pct,30.2699767261443
Greece,GRC,2021,AG.LND.FRST.ZS,Forest_area_pct,30.2699767261443
Greece,GRC,2020,AG.LND.FRST.ZS,Forest_area_pct,30.2699767261443
Greece,GRC,2019,AG.LND.FRST.ZS,Forest_area_pct,30.2699767261443
Greece,GRC,2018,AG.LND.FRST.ZS,Forest_area_pct,30.2699767261443
Greece,GRC,2017,AG.LND.FRST.ZS,Forest_area_pct,30.2699767261443
Greece,GRC,2016,AG.LND.FRST.ZS,Forest_area_pct,30.2699767261443
Greece,GRC,2015,AG.LND.FRST.ZS,Forest_area_pct,30.27
Greece,GRC,2014,AG.LND.FRST.ZS,Forest_area_pct,30.27
Greece,GRC,2013,AG.LND.FRST.ZS,Forest_area_pct,30.27
Greece,GRC,2012,AG.LND.FRST.ZS,Forest_area_pct,30.27
Greece,GRC,2011,AG.LND.FRST.ZS,Forest_area_pct,30.27
Greece,GRC,2010,AG.LND.FRST.ZS,Forest_area_pct,30.27
Greece,GRC,2009,AG.LND.FRST.ZS,Forest_area_pct,30.0360411171451
Greece,GRC,2008,AG.LND.FRST.ZS,Forest_area_pct,29.802081458495
Greece,GRC,2007,AG.LND.FRST.ZS,Forest_area_pct,29.56812257564
Greece,GRC,2006,AG.LND.FRST.ZS,Forest_area_pct,29.3341629169899
Greece,GRC,2005,AG.LND.FRST.ZS,Forest_area_pct,29.100204034135
Greece,GRC,2004,AG.LND.FRST.ZS,Forest_area_pct,28.8662451512801
Greece,GRC,2003,AG.LND.FRST.ZS,Forest_area_pct,28.63228549263
Greece,GRC,2002,AG.LND.FRST.ZS,Forest_area_pct,28.398326609775
Greece,GRC,2001,AG.LND.FRST.ZS,Forest_area_pct,28.1643669511249
Greece,GRC,2000,AG.LND.FRST.ZS,Forest_area_pct,27.93040806827
Italy,ITA,2024,AG.LND.FRST.ZS,Forest_area_pct,
Italy,ITA,2023,AG.LND.FRST.ZS,Forest_area_pct,32.8944947923712
Italy,ITA,2022,AG.LND.FRST.ZS,Forest_area_pct,32.7125321249831
Italy,ITA,2021,AG.LND.FRST.ZS,Forest_area_pct,32.5308994748357
Italy,ITA,2020,AG.LND.FRST.ZS,Forest_area_pct,32.3489349614665
Italy,ITA,2019,AG.LND.FRST.ZS,Forest_area_pct,32.1669704480973
Italy,ITA,2018,AG.LND.FRST.ZS,Forest_area_pct,31.9848977742309
Italy,ITA,2017,AG.LND.FRST.ZS,Forest_area_pct,31.8029338761929
Italy,ITA,2016,AG.LND.FRST.ZS,Forest_area_pct,31.6209699781549
Italy,ITA,2015,AG.LND.FRST.ZS,Forest_area_pct,31.4390060801169
Italy,ITA,2014,AG.LND.FRST.ZS,Forest_area_pct,31.2570489452789
Italy,ITA,2013,AG.LND.FRST.ZS,Forest_area_pct,31.075091810441
Italy,ITA,2012,AG.LND.FRST.ZS,Forest_area_pct,30.8931346756031
Italy,ITA,2011,AG.LND.FRST.ZS,Forest_area_pct,30.7111775407652
Italy,ITA,2010,AG.LND.FRST.ZS,Forest_area_pct,30.5292204059273
Italy,ITA,2009,AG.LND.FRST.ZS,Forest_area_pct,30.3064439770322
Italy,ITA,2008,AG.LND.FRST.ZS,Forest_area_pct,30.0836675481371
Italy,ITA,2007,AG.LND.FRST.ZS,Forest_area_pct,29.860891119242
Italy,ITA,2006,AG.LND.FRST.ZS,Forest_area_pct,29.6381146903469
Italy,ITA,2005,AG.LND.FRST.ZS,Forest_area_pct,29.4153382614518
Italy,ITA,2004,AG.LND.FRST.ZS,Forest_area_pct,29.1925618325567
Italy,ITA,2003,AG.LND.FRST.ZS,Forest_area_pct,28.9697854036616
Italy,ITA,2002,AG.LND.FRST.ZS,Forest_area_pct,28.7470089747665
Italy,ITA,2001,AG.LND.FRST.ZS,Forest_area_pct,28.5242325458714
Italy,ITA,2000,AG.LND.FRST.ZS,Forest_area_pct,28.3014561169763
Libya,LBY,2024,AG.LND.FRST.ZS,Forest_area_pct,
Libya,LBY,2023,AG.LND.FRST.ZS,Forest_area_pct,0.123327687918433
Libya,LBY,2022,AG.LND.FRST.ZS,Forest_area_pct,0.123327687918433
Libya,LBY,2021,AG.LND.FRST.ZS,Forest_area_pct,0.123327687918433
Libya,LBY,2020,AG.LND.FRST.ZS,Forest_area_pct,0.123327687918433
Libya,LBY,2019,AG.LND.FRST.ZS,Forest_area_pct,0.123327687918433
Libya,LBY,2018,AG.LND.FRST.ZS,Forest_area_pct,0.123327687918433
Libya,LBY,2017,AG.LND.FRST.ZS,Forest_area_pct,0.123327687918433
Libya,LBY,2016,AG.LND.FRST.ZS,Forest_area_pct,0.123327687918433
Libya,LBY,2015,AG.LND.FRST.ZS,Forest_area_pct,0.123327687918433
Libya,LBY,2014,AG.LND.FRST.ZS,Forest_area_pct,0.123327687918433
Libya,LBY,2013,AG.LND.FRST.ZS,Forest_area_pct,0.123327687918433
Libya,LBY,2012,AG.LND.FRST.ZS,Forest_area_pct,0.123327687918433
Libya,LBY,2011,AG.LND.FRST.ZS,Forest_area_pct,0.123327687918433
Libya,LBY,2010,AG.LND.FRST.ZS,Forest_area_pct,0.123327687918433
Libya,LBY,2009,AG.LND.FRST.ZS,Forest_area_pct,0.123327687918433
Libya,LBY,2008,AG.LND.FRST.ZS,Forest_area_pct,0.123327687918433
Libya,LBY,2007,AG.LND.FRST.ZS,Forest_area_pct,0.123327687918433
Libya,LBY,2006,AG.LND.FRST.ZS,Forest_area_pct,0.123327687918433
Libya,LBY,2005,AG.LND.FRST.ZS,Forest_area_pct,0.123327687918433
Libya,LBY,2004,AG.LND.FRST.ZS,Forest_area_pct,0.123327687918433
Libya,LBY,2003,AG.LND.FRST.ZS,Forest_area_pct,0.123327687918433
Libya,LBY,2002,AG.LND.FRST.ZS,Forest_area_pct,0.123327687918433
Libya,LBY,2001,AG.LND.FRST.ZS,Forest_area_pct,0.123327687918433
Libya,LBY,2000,AG.LND.FRST.ZS,Forest_area_pct,0.123327687918433
Morocco,MAR,2024,AG.LND.FRST.ZS,Forest_area_pct,
Morocco,MAR,2023,AG.LND.FRST.ZS,Forest_area_pct,12.9371068787811
Morocco,MAR,2022,AG.LND.FRST.ZS,Forest_area_pct,12.9136878781089
Morocco,MAR,2021,AG.LND.FRST.ZS,Forest_area_pct,12.8903354246023
Morocco,MAR,2020,AG.LND.FRST.ZS,Forest_area_pct,12.8668832623796
Morocco,MAR,2019,AG.LND.FRST.ZS,Forest_area_pct,12.8435805511987
Morocco,MAR,2018,AG.LND.FRST.ZS,Forest_area_pct,12.8200537754873
Morocco,MAR,2017,AG.LND.FRST.ZS,Forest_area_pct,12.7976473224289
Morocco,MAR,2016,AG.LND.FRST.ZS,Forest_area_pct,12.7712077078199
Morocco,MAR,2015,AG.LND.FRST.ZS,Forest_area_pct,12.7373739637015
Morocco,MAR,2014,AG.LND.FRST.ZS,Forest_area_pct,12.7328388976025
Morocco,MAR,2013,AG.LND.FRST.ZS,Forest_area_pct,12.7283038315035
Morocco,MAR,2012,AG.LND.FRST.ZS,Forest_area_pct,12.7237687654044
Morocco,MAR,2011,AG.LND.FRST.ZS,Forest_area_pct,12.7192336993054
Morocco,MAR,2010,AG.LND.FRST.ZS,Forest_area_pct,12.7146986332064
Morocco,MAR,2009,AG.LND.FRST.ZS,Forest_area_pct,12.6770490701322
Morocco,MAR,2008,AG.LND.FRST.ZS,Forest_area_pct,12.639399507058
Morocco,MAR,2007,AG.LND.FRST.ZS,Forest_area_pct,12.6017499439839
Morocco,MAR,2006,AG.LND.FRST.ZS,Forest_area_pct,12.5641003809097
Morocco,MAR,2005,AG.LND.FRST.ZS,Forest_area_pct,12.5264508178355
Morocco,MAR,2004,AG.LND.FRST.ZS,Forest_area_pct,12.4888012547614
Morocco,MAR,2003,AG.LND.FRST.ZS,Forest_area_pct,12.4511516916872
Morocco,MAR,2002,AG.LND.FRST.ZS,Forest_area_pct,12.413502128613
Morocco,MAR,2001,AG.LND.FRST.ZS,Forest_area_pct,12.3758525655389
Morocco,MAR,2000,AG.LND.FRST.ZS,Forest_area_pct,12.3382030024647
Portugal,PRT,2024,AG.LND.FRST.ZS,Forest_area_pct,
Portugal,PRT,2023,AG.LND.FRST.ZS,Forest_area_pct,36.154994891142
Portugal,PRT,2022,AG.LND.FRST.ZS,Forest_area_pct,36.154994891142
Portugal,PRT,2021,AG.LND.FRST.ZS,Forest_area_pct,36.154994891142
Portugal,PRT,2020,AG.LND.FRST.ZS,Forest_area_pct,36.154994891142
Portugal,PRT,2019,AG.LND.FRST.ZS,Forest_area_pct,36.154994891142
Portugal,PRT,2018,AG.LND.FRST.ZS,Forest_area_pct,36.154994891142
Portugal,PRT,2017,AG.LND.FRST.ZS,Forest_area_pct,36.154994891142
Portugal,PRT,2016,AG.LND.FRST.ZS,Forest_area_pct,36.154994891142
Portugal,PRT,2015,AG.LND.FRST.ZS,Forest_area_pct,36.154994891142
Portugal,PRT,2014,AG.LND.FRST.ZS,Forest_area_pct,36.0239985328408
Portugal,PRT,2013,AG.LND.FRST.ZS,Forest_area_pct,35.893158903643
Portugal,PRT,2012,AG.LND.FRST.ZS,Forest_area_pct,35.7680969538159
Portugal,PRT,2011,AG.LND.FRST.ZS,Forest_area_pct,35.6370782836554
Portugal,PRT,2010,AG.LND.FRST.ZS,Forest_area_pct,35.5060596134949
Portugal,PRT,2009,AG.LND.FRST.ZS,Forest_area_pct,35.5377224587837
Portugal,PRT,2008,AG.LND.FRST.ZS,Forest_area_pct,35.6160489778069
Portugal,PRT,2007,AG.LND.FRST.ZS,Forest_area_pct,35.647753361758
Portugal,PRT,2006,AG.LND.FRST.ZS,Forest_area_pct,35.679457745709
Portugal,PRT,2005,AG.LND.FRST.ZS,Forest_area_pct,35.71116212966
Portugal,PRT,2004,AG.LND.FRST.ZS,Forest_area_pct,35.7311475409836
Portugal,PRT,2003,AG.LND.FRST.ZS,Forest_area_pct,35.7628415300546
Portugal,PRT,2002,AG.LND.FRST.ZS,Forest_area_pct,35.7945355191257
Portugal,PRT,2001,AG.LND.FRST.ZS,Forest_area_pct,35.8262295081967
Portugal,PRT,2000,AG.LND.FRST.ZS,Forest_area_pct,35.8579234972678
Syria,SYR,2024,AG.LND.FRST.ZS,Forest_area_pct,
Syria,SYR,2023,AG.LND.FRST.ZS,Forest_area_pct,2.84310842454937
Syria,SYR,2022,AG.LND.FRST.ZS,Forest_area_pct,2.84267276588793
Syria,SYR,2021,AG.LND.FRST.ZS,Forest_area_pct,2.84310842454937
Syria,SYR,2020,AG.LND.FRST.ZS,Forest_area_pct,2.84310842454937
Syria,SYR,2019,AG.LND.FRST.ZS,Forest_area_pct,2.84310842454937
Syria,SYR,2018,AG.LND.FRST.ZS,Forest_area_pct,2.84310842454937
Syria,SYR,2017,AG.LND.FRST.ZS,Forest_area_pct,2.84310842454937
Syria,SYR,2016,AG.LND.FRST.ZS,Forest_area_pct,2.84310842454937
Syria,SYR,2015,AG.LND.FRST.ZS,Forest_area_pct,2.84310842454937
Syria,SYR,2014,AG.LND.FRST.ZS,Forest_area_pct,2.81043402494146
Syria,SYR,2013,AG.LND.FRST.ZS,Forest_area_pct,2.77775962533355
Syria,SYR,2012,AG.LND.FRST.ZS,Forest_area_pct,2.74508522572564
Syria,SYR,2011,AG.LND.FRST.ZS,Forest_area_pct,2.71241082611774
Syria,SYR,2010,AG.LND.FRST.ZS,Forest_area_pct,2.67973642650983
Syria,SYR,2009,AG.LND.FRST.ZS,Forest_area_pct,2.6469178828142
Syria,SYR,2008,AG.LND.FRST.ZS,Forest_area_pct,2.61424526247005
Syria,SYR,2007,AG.LND.FRST.ZS,Forest_area_pct,2.5815726421259
Syria,SYR,2006,AG.LND.FRST.ZS,Forest_area_pct,2.5490388280782
Syria,SYR,2005,AG.LND.FRST.ZS,Forest_area_pct,2.51718690417824
Syria,SYR,2004,AG.LND.FRST.ZS,Forest_area_pct,2.48450182491693
Syria,SYR,2003,AG.LND.FRST.ZS,Forest_area_pct,2.45154964867368
Syria,SYR,2002,AG.LND.FRST.ZS,Forest_area_pct,2.41636739579933
Syria,SYR,2001,AG.LND.FRST.ZS,Forest_area_pct,2.38371966481663
Syria,SYR,2000,AG.LND.FRST.ZS,Forest_area_pct,2.35107193383393
Tunisia,TUN,2024,AG.LND.FRST.ZS,Forest_area_pct,
Tunisia,TUN,2023,AG.LND.FRST.ZS,Forest_area_pct,4.55278063851699
Tunisia,TUN,2022,AG.LND.FRST.ZS,Forest_area_pct,4.54293254376931
Tunisia,TUN,2021,AG.LND.FRST.ZS,Forest_area_pct,4.53308444902163
Tunisia,TUN,2020,AG.LND.FRST.ZS,Forest_area_pct,4.52323635427395
Tunisia,TUN,2019,AG.LND.FRST.ZS,Forest_area_pct,4.51338825952626
Tunisia,TUN,2018,AG.LND.FRST.ZS,Forest_area_pct,4.50354016477858
Tunisia,TUN,2017,AG.LND.FRST.ZS,Forest_area_pct,4.4936920700309
Tunisia,TUN,2016,AG.LND.FRST.ZS,Forest_area_pct,4.48384397528321
Tunisia,TUN,2015,AG.LND.FRST.ZS,Forest_area_pct,4.47399588053553
Tunisia,TUN,2014,AG.LND.FRST.ZS,Forest_area_pct,4.46414778578785
Tunisia,TUN,2013,AG.LND.FRST.ZS,Forest_area_pct,4.45429969104016
Tunisia,TUN,2012,AG.LND.FRST.ZS,Forest_area_pct,4.44445159629248
Tunisia,TUN,2011,AG.LND.FRST.ZS,Forest_area_pct,4.4346035015448
Tunisia,TUN,2010,AG.LND.FRST.ZS,Forest_area_pct,4.42475540679712
Tunisia,TUN,2009,AG.LND.FRST.ZS,Forest_area_pct,4.41215242018538
Tunisia,TUN,2008,AG.LND.FRST.ZS,Forest_area_pct,4.39954943357364
Tunisia,TUN,2007,AG.LND.FRST.ZS,Forest_area_pct,4.3869464469619
Tunisia,TUN,2006,AG.LND.FRST.ZS,Forest_area_pct,4.37434346035015
Tunisia,TUN,2005,AG.LND.FRST.ZS,Forest_area_pct,4.36174047373841
Tunisia,TUN,2004,AG.LND.FRST.ZS,Forest_area_pct,4.34913748712667
Tunisia,TUN,2003,AG.LND.FRST.ZS,Forest_area_pct,4.33653450051493
Tunisia,TUN,2002,AG.LND.FRST.ZS,Forest_area_pct,4.32393151390319
Tunisia,TUN,2001,AG.LND.FRST.ZS,Forest_area_pct,4.31132852729145
Tunisia,TUN,2000,AG.LND.FRST.ZS,Forest_area_pct,4.29872554067971
Turkiye,TUR,2024,AG.LND.FRST.ZS,Forest_area_pct,
Turkiye,TUR,2023,AG.LND.FRST.ZS,Forest_area_pct,29.4795681041539
Turkiye,TUR,2022,AG.LND.FRST.ZS,Forest_area_pct,29.2768733027559
Turkiye,TUR,2021,AG.LND.FRST.ZS,Forest_area_pct,29.0741785013578
Turkiye,TUR,2020,AG.LND.FRST.ZS,Forest_area_pct,28.8714836999597
Turkiye,TUR,2019,AG.LND.FRST.ZS,Forest_area_pct,28.6687888985616
Turkiye,TUR,2018,AG.LND.FRST.ZS,Forest_area_pct,28.4660940971636
Turkiye,TUR,2017,AG.LND.FRST.ZS,Forest_area_pct,28.2635292283305
Turkiye,TUR,2016,AG.LND.FRST.ZS,Forest_area_pct,28.104803606928
Turkiye,TUR,2015,AG.LND.FRST.ZS,Forest_area_pct,28.104803606928
Turkiye,TUR,2014,AG.LND.FRST.ZS,Forest_area_pct,27.9626002104908
Turkiye,TUR,2013,AG.LND.FRST.ZS,Forest_area_pct,27.8203968140535
Turkiye,TUR,2012,AG.LND.FRST.ZS,Forest_area_pct,27.6781934176163
Turkiye,TUR,2011,AG.LND.FRST.ZS,Forest_area_pct,27.535990021179
Turkiye,TUR,2010,AG.LND.FRST.ZS,Forest_area_pct,27.3937866247418
Turkiye,TUR,2009,AG.LND.FRST.ZS,Forest_area_pct,27.2723347582605
Turkiye,TUR,2008,AG.LND.FRST.ZS,Forest_area_pct,27.1508828917792
Turkiye,TUR,2007,AG.LND.FRST.ZS,Forest_area_pct,27.0294310252979
Turkiye,TUR,2006,AG.LND.FRST.ZS,Forest_area_pct,26.9079791588166
Turkiye,TUR,2005,AG.LND.FRST.ZS,Forest_area_pct,26.7865272923353
Turkiye,TUR,2004,AG.LND.FRST.ZS,Forest_area_pct,26.665075425854
Turkiye,TUR,2003,AG.LND.FRST.ZS,Forest_area_pct,26.5436235593727
Turkiye,TUR,2002,AG.LND.FRST.ZS,Forest_area_pct,26.4221716928914
Turkiye,TUR,2001,AG.LND.FRST.ZS,Forest_area_pct,26.3007198264101
Turkiye,TUR,2000,AG.LND.FRST.ZS,Forest_area_pct,26.1792679599288
Algeria,DZA,2024,SP.RUR.TOTL.ZS,Rural_population_pct,24.7207092809382
Algeria,DZA,2023,SP.RUR.TOTL.ZS,Rural_population_pct,25.267191635862
Algeria,DZA,2022,SP.RUR.TOTL.ZS,Rural_population_pct,25.8204137645486
Algeria,DZA,2021,SP.RUR.TOTL.ZS,Rural_population_pct,26.3800781738427
Algeria,DZA,2020,SP.RUR.TOTL.ZS,Rural_population_pct,26.9458873706605
Algeria,DZA,2019,SP.RUR.TOTL.ZS,Rural_population_pct,27.5175438619825
Algeria,DZA,2018,SP.RUR.TOTL.ZS,Rural_population_pct,28.094750154847
Algeria,DZA,2017,SP.RUR.TOTL.ZS,Rural_population_pct,28.6772087563449
Algeria,DZA,2016,SP.RUR.TOTL.ZS,Rural_population_pct,29.2646221736149
Algeria,DZA,2015,SP.RUR.TOTL.ZS,Rural_population_pct,29.8566929138388
Algeria,DZA,2014,SP.RUR.TOTL.ZS,Rural_population_pct,30.4531234842385
Algeria,DZA,2013,SP.RUR.TOTL.ZS,Rural_population_pct,31.0536163920723
Algeria,DZA,2012,SP.RUR.TOTL.ZS,Rural_population_pct,31.6578741446325
Algeria,DZA,2011,SP.RUR.TOTL.ZS,Rural_population_pct,32.2655992492422
Algeria,DZA,2010,SP.RUR.TOTL.ZS,Rural_population_pct,32.8764942132541
Algeria,DZA,2009,SP.RUR.TOTL.ZS,Rural_population_pct,33.4902615440479
Algeria,DZA,2008,SP.RUR.TOTL.ZS,Rural_population_pct,34.098514128841
Algeria,DZA,2007,SP.RUR.TOTL.ZS,Rural_population_pct,34.8309236675539
Algeria,DZA,2006,SP.RUR.TOTL.ZS,Rural_population_pct,35.5845651385691
Algeria,DZA,2005,SP.RUR.TOTL.ZS,Rural_population_pct,36.3401458109856
Algeria,DZA,2004,SP.RUR.TOTL.ZS,Rural_population_pct,37.0976867951275
Algeria,DZA,2003,SP.RUR.TOTL.ZS,Rural_population_pct,37.8572092013188
Algeria,DZA,2002,SP.RUR.TOTL.ZS,Rural_population_pct,38.6187341398838
Algeria,DZA,2001,SP.RUR.TOTL.ZS,Rural_population_pct,39.3822827211464
Algeria,DZA,2000,SP.RUR.TOTL.ZS,Rural_population_pct,40.1478760554308
Egypt,EGY,2024,SP.RUR.TOTL.ZS,Rural_population_pct,57.1995636061596
Egypt,EGY,2023,SP.RUR.TOTL.ZS,Rural_population_pct,57.2901884958081
Egypt,EGY,2022,SP.RUR.TOTL.ZS,Rural_population_pct,57.3674870991968
Egypt,EGY,2021,SP.RUR.TOTL.ZS,Rural_population_pct,57.4313937378532
Egypt,EGY,2020,SP.RUR.TOTL.ZS,Rural_population_pct,57.4818465369326
Egypt,EGY,2019,SP.RUR.TOTL.ZS,Rural_population_pct,57.5187972667352
Egypt,EGY,2018,SP.RUR.TOTL.ZS,Rural_population_pct,57.5422822550031
Egypt,EGY,2017,SP.RUR.TOTL.ZS,Rural_population_pct,57.5513991312821
Egypt,EGY,2016,SP.RUR.TOTL.ZS,Rural_population_pct,57.4789282733775
Egypt,EGY,2015,SP.RUR.TOTL.ZS,Rural_population_pct,57.3943685910952
Egypt,EGY,2014,SP.RUR.TOTL.ZS,Rural_population_pct,57.3174477715592
Egypt,EGY,2013,SP.RUR.TOTL.ZS,Rural_population_pct,57.2485722811249
Egypt,EGY,2012,SP.RUR.TOTL.ZS,Rural_population_pct,57.1881485861475
Egypt,EGY,2011,SP.RUR.TOTL.ZS,Rural_population_pct,57.1365831529823
Egypt,EGY,2010,SP.RUR.TOTL.ZS,Rural_population_pct,57.0942824479846
Egypt,EGY,2009,SP.RUR.TOTL.ZS,Rural_population_pct,57.0616529375096
Egypt,EGY,2008,SP.RUR.TOTL.ZS,Rural_population_pct,57.0391010879127
Egypt,EGY,2007,SP.RUR.TOTL.ZS,Rural_population_pct,57.0270333655491
Egypt,EGY,2006,SP.RUR.TOTL.ZS,Rural_population_pct,57.0270008319896
Egypt,EGY,2005,SP.RUR.TOTL.ZS,Rural_population_pct,57.0430728590512
Egypt,EGY,2004,SP.RUR.TOTL.ZS,Rural_population_pct,57.0744406639524
Egypt,EGY,2003,SP.RUR.TOTL.ZS,Rural_population_pct,57.1165314466208
Egypt,EGY,2002,SP.RUR.TOTL.ZS,Rural_population_pct,57.1652370516083
Egypt,EGY,2001,SP.RUR.TOTL.ZS,Rural_population_pct,57.2164493234667
Egypt,EGY,2000,SP.RUR.TOTL.ZS,Rural_population_pct,57.2660601067481
Spain,ESP,2024,SP.RUR.TOTL.ZS,Rural_population_pct,19.684800178793
Spain,ESP,2023,SP.RUR.TOTL.ZS,Rural_population_pct,19.871508998144
Spain,ESP,2022,SP.RUR.TOTL.ZS,Rural_population_pct,20.0451205432186
Spain,ESP,2021,SP.RUR.TOTL.ZS,Rural_population_pct,20.2153757016402
Spain,ESP,2020,SP.RUR.TOTL.ZS,Rural_population_pct,20.3044325382201
Spain,ESP,2019,SP.RUR.TOTL.ZS,Rural_population_pct,20.3650238891693
Spain,ESP,2018,SP.RUR.TOTL.ZS,Rural_population_pct,20.4419942186639
Spain,ESP,2017,SP.RUR.TOTL.ZS,Rural_population_pct,20.5336766914317
Spain,ESP,2016,SP.RUR.TOTL.ZS,Rural_population_pct,20.6384044722003
Spain,ESP,2015,SP.RUR.TOTL.ZS,Rural_population_pct,20.7545107256977
Spain,ESP,2014,SP.RUR.TOTL.ZS,Rural_population_pct,20.8803286166512
Spain,ESP,2013,SP.RUR.TOTL.ZS,Rural_population_pct,21.0141913097888
Spain,ESP,2012,SP.RUR.TOTL.ZS,Rural_population_pct,21.1544319698382
Spain,ESP,2011,SP.RUR.TOTL.ZS,Rural_population_pct,21.304602043505
Spain,ESP,2010,SP.RUR.TOTL.ZS,Rural_population_pct,21.4861843765112
Spain,ESP,2009,SP.RUR.TOTL.ZS,Rural_population_pct,21.7080078138299
Spain,ESP,2008,SP.RUR.TOTL.ZS,Rural_population_pct,21.9578561001223
Spain,ESP,2007,SP.RUR.TOTL.ZS,Rural_population_pct,22.2261062109013
Spain,ESP,2006,SP.RUR.TOTL.ZS,Rural_population_pct,22.5031351216798
Spain,ESP,2005,SP.RUR.TOTL.ZS,Rural_population_pct,22.7793198079706
Spain,ESP,2004,SP.RUR.TOTL.ZS,Rural_population_pct,23.0450372452867
Spain,ESP,2003,SP.RUR.TOTL.ZS,Rural_population_pct,23.290664409141
Spain,ESP,2002,SP.RUR.TOTL.ZS,Rural_population_pct,23.5065782750462
Spain,ESP,2001,SP.RUR.TOTL.ZS,Rural_population_pct,23.6843110489615
Spain,ESP,2000,SP.RUR.TOTL.ZS,Rural_population_pct,23.8349447650398
Greece,GRC,2024,SP.RUR.TOTL.ZS,Rural_population_pct,21.0032143499466
Greece,GRC,2023,SP.RUR.TOTL.ZS,Rural_population_pct,21.2253696157912
Greece,GRC,2022,SP.RUR.TOTL.ZS,Rural_population_pct,21.4497809019191
Greece,GRC,2021,SP.RUR.TOTL.ZS,Rural_population_pct,21.6115101352558
Greece,GRC,2020,SP.RUR.TOTL.ZS,Rural_population_pct,21.6933157544448
Greece,GRC,2019,SP.RUR.TOTL.ZS,Rural_population_pct,21.8111899533125
Greece,GRC,2018,SP.RUR.TOTL.ZS,Rural_population_pct,21.9509343150126
Greece,GRC,2017,SP.RUR.TOTL.ZS,Rural_population_pct,22.1104657386589
Greece,GRC,2016,SP.RUR.TOTL.ZS,Rural_population_pct,22.2877011233652
Greece,GRC,2015,SP.RUR.TOTL.ZS,Rural_population_pct,22.4805573682455
Greece,GRC,2014,SP.RUR.TOTL.ZS,Rural_population_pct,22.6869513724134
Greece,GRC,2013,SP.RUR.TOTL.ZS,Rural_population_pct,22.9048000349829
Greece,GRC,2012,SP.RUR.TOTL.ZS,Rural_population_pct,23.1320202550678
Greece,GRC,2011,SP.RUR.TOTL.ZS,Rural_population_pct,23.3647390070593
Greece,GRC,2010,SP.RUR.TOTL.ZS,Rural_population_pct,23.6368523016923
Greece,GRC,2009,SP.RUR.TOTL.ZS,Rural_population_pct,23.9825037277465
Greece,GRC,2008,SP.RUR.TOTL.ZS,Rural_population_pct,24.384920543321
Greece,GRC,2007,SP.RUR.TOTL.ZS,Rural_population_pct,24.8246526487561
Greece,GRC,2006,SP.RUR.TOTL.ZS,Rural_population_pct,25.282249944392
Greece,GRC,2005,SP.RUR.TOTL.ZS,Rural_population_pct,25.7382623305689
Greece,GRC,2004,SP.RUR.TOTL.ZS,Rural_population_pct,26.1732397076272
Greece,GRC,2003,SP.RUR.TOTL.ZS,Rural_population_pct,26.567731975907
Greece,GRC,2002,SP.RUR.TOTL.ZS,Rural_population_pct,26.9022890357484
Greece,GRC,2001,SP.RUR.TOTL.ZS,Rural_population_pct,27.1539296211498
Greece,GRC,2000,SP.RUR.TOTL.ZS,Rural_population_pct,27.334357089016
Italy,ITA,2024,SP.RUR.TOTL.ZS,Rural_population_pct,30.3952464856929
Italy,ITA,2023,SP.RUR.TOTL.ZS,Rural_population_pct,30.4618459876699
Italy,ITA,2022,SP.RUR.TOTL.ZS,Rural_population_pct,30.5160220233461
Italy,ITA,2021,SP.RUR.TOTL.ZS,Rural_population_pct,30.5187492370606
Italy,ITA,2020,SP.RUR.TOTL.ZS,Rural_population_pct,30.4812507629394
Italy,ITA,2019,SP.RUR.TOTL.ZS,Rural_population_pct,30.4949989318847
Italy,ITA,2018,SP.RUR.TOTL.ZS,Rural_population_pct,30.5199966430664
Italy,ITA,2017,SP.RUR.TOTL.ZS,Rural_population_pct,30.4819215740618
Italy,ITA,2016,SP.RUR.TOTL.ZS,Rural_population_pct,30.4030767474714
Italy,ITA,2015,SP.RUR.TOTL.ZS,Rural_population_pct,30.3899993896484
Italy,ITA,2014,SP.RUR.TOTL.ZS,Rural_population_pct,30.4192361385121
Italy,ITA,2013,SP.RUR.TOTL.ZS,Rural_population_pct,30.6926010083924
Italy,ITA,2012,SP.RUR.TOTL.ZS,Rural_population_pct,31.2391205764741
Italy,ITA,2011,SP.RUR.TOTL.ZS,Rural_population_pct,31.5984926110489
Italy,ITA,2010,SP.RUR.TOTL.ZS,Rural_population_pct,31.7836258170143
Italy,ITA,2009,SP.RUR.TOTL.ZS,Rural_population_pct,31.9505760513335
Italy,ITA,2008,SP.RUR.TOTL.ZS,Rural_population_pct,32.0928041568559
Italy,ITA,2007,SP.RUR.TOTL.ZS,Rural_population_pct,32.2142228703331
Italy,ITA,2006,SP.RUR.TOTL.ZS,Rural_population_pct,32.3187449285166
Italy,ITA,2005,SP.RUR.TOTL.ZS,Rural_population_pct,32.4102830681581
Italy,ITA,2004,SP.RUR.TOTL.ZS,Rural_population_pct,32.4927500260092
Italy,ITA,2003,SP.RUR.TOTL.ZS,Rural_population_pct,32.5700585388213
Italy,ITA,2002,SP.RUR.TOTL.ZS,Rural_population_pct,32.6461213433462
Italy,ITA,2001,SP.RUR.TOTL.ZS,Rural_population_pct,32.72480117712
Italy,ITA,2000,SP.RUR.TOTL.ZS,Rural_population_pct,32.8067716213757
Libya,LBY,2024,SP.RUR.TOTL.ZS,Rural_population_pct,12.1145933892251
Libya,LBY,2023,SP.RUR.TOTL.ZS,Rural_population_pct,12.1352802080152
Libya,LBY,2022,SP.RUR.TOTL.ZS,Rural_population_pct,12.1513911406214
Libya,LBY,2021,SP.RUR.TOTL.ZS,Rural_population_pct,12.1634981728165
Libya,LBY,2020,SP.RUR.TOTL.ZS,Rural_population_pct,12.1721732903737
Libya,LBY,2019,SP.RUR.TOTL.ZS,Rural_population_pct,12.1779884790658
Libya,LBY,2018,SP.RUR.TOTL.ZS,Rural_population_pct,12.181515724666
Libya,LBY,2017,SP.RUR.TOTL.ZS,Rural_population_pct,12.1833270129472
Libya,LBY,2016,SP.RUR.TOTL.ZS,Rural_population_pct,12.1839943296823
Libya,LBY,2015,SP.RUR.TOTL.ZS,Rural_population_pct,12.1840896606445
Libya,LBY,2014,SP.RUR.TOTL.ZS,Rural_population_pct,11.9857940673828
Libya,LBY,2013,SP.RUR.TOTL.ZS,Rural_population_pct,11.9548568725586
Libya,LBY,2012,SP.RUR.TOTL.ZS,Rural_population_pct,11.9272079467773
Libya,LBY,2011,SP.RUR.TOTL.ZS,Rural_population_pct,11.9029541015625
Libya,LBY,2010,SP.RUR.TOTL.ZS,Rural_population_pct,11.8822860717773
Libya,LBY,2009,SP.RUR.TOTL.ZS,Rural_population_pct,11.8654174804688
Libya,LBY,2008,SP.RUR.TOTL.ZS,Rural_population_pct,11.8525543212891
Libya,LBY,2007,SP.RUR.TOTL.ZS,Rural_population_pct,11.8439712524414
Libya,LBY,2006,SP.RUR.TOTL.ZS,Rural_population_pct,11.8400439757052
Libya,LBY,2005,SP.RUR.TOTL.ZS,Rural_population_pct,11.864226675584
Libya,LBY,2004,SP.RUR.TOTL.ZS,Rural_population_pct,11.9628324719654
Libya,LBY,2003,SP.RUR.TOTL.ZS,Rural_population_pct,12.1340119499542
Libya,LBY,2002,SP.RUR.TOTL.ZS,Rural_population_pct,12.3743807249254
Libya,LBY,2001,SP.RUR.TOTL.ZS,Rural_population_pct,12.6805544122543
Libya,LBY,2000,SP.RUR.TOTL.ZS,Rural_population_pct,13.0491486273158
Morocco,MAR,2024,SP.RUR.TOTL.ZS,Rural_population_pct,37.2001875981803
Morocco,MAR,2023,SP.RUR.TOTL.ZS,Rural_population_pct,37.326249161122
Morocco,MAR,2022,SP.RUR.TOTL.ZS,Rural_population_pct,37.4881531449297
Morocco,MAR,2021,SP.RUR.TOTL.ZS,Rural_population_pct,37.6826723399711
Morocco,MAR,2020,SP.RUR.TOTL.ZS,Rural_population_pct,37.9066563994634
Morocco,MAR,2019,SP.RUR.TOTL.ZS,Rural_population_pct,38.1569549766235
Morocco,MAR,2018,SP.RUR.TOTL.ZS,Rural_population_pct,38.4304177246686
Morocco,MAR,2017,SP.RUR.TOTL.ZS,Rural_population_pct,38.7238942968158
Morocco,MAR,2016,SP.RUR.TOTL.ZS,Rural_population_pct,39.0342343462821
Morocco,MAR,2015,SP.RUR.TOTL.ZS,Rural_population_pct,39.3582875262846
Morocco,MAR,2014,SP.RUR.TOTL.ZS,Rural_population_pct,39.6969513828346
Morocco,MAR,2013,SP.RUR.TOTL.ZS,Rural_population_pct,40.0916500697531
Morocco,MAR,2012,SP.RUR.TOTL.ZS,Rural_population_pct,40.5651444020105
Morocco,MAR,2011,SP.RUR.TOTL.ZS,Rural_population_pct,41.097423309588
Morocco,MAR,2010,SP.RUR.TOTL.ZS,Rural_population_pct,41.6712483513354
Morocco,MAR,2009,SP.RUR.TOTL.ZS,Rural_population_pct,42.2693810861023
Morocco,MAR,2008,SP.RUR.TOTL.ZS,Rural_population_pct,42.8745830727384
Morocco,MAR,2007,SP.RUR.TOTL.ZS,Rural_population_pct,43.4696158700936
Morocco,MAR,2006,SP.RUR.TOTL.ZS,Rural_population_pct,44.0372410370176
Morocco,MAR,2005,SP.RUR.TOTL.ZS,Rural_population_pct,44.5602201323601
Morocco,MAR,2004,SP.RUR.TOTL.ZS,Rural_population_pct,45.0212430339131
Morocco,MAR,2003,SP.RUR.TOTL.ZS,Rural_population_pct,45.4217188859229
Morocco,MAR,2002,SP.RUR.TOTL.ZS,Rural_population_pct,45.777254169823
Morocco,MAR,2001,SP.RUR.TOTL.ZS,Rural_population_pct,46.1027386502781
Morocco,MAR,2000,SP.RUR.TOTL.ZS,Rural_population_pct,46.41275288875
Portugal,PRT,2024,SP.RUR.TOTL.ZS,Rural_population_pct,38.6718092658668
Portugal,PRT,2023,SP.RUR.TOTL.ZS,Rural_population_pct,38.7951347366336
Portugal,PRT,2022,SP.RUR.TOTL.ZS,Rural_population_pct,38.8740744227218
Portugal,PRT,2021,SP.RUR.TOTL.ZS,Rural_population_pct,38.9048750703403
Portugal,PRT,2020,SP.RUR.TOTL.ZS,Rural_population_pct,38.8957433231309
Portugal,PRT,2019,SP.RUR.TOTL.ZS,Rural_population_pct,38.885072749387
Portugal,PRT,2018,SP.RUR.TOTL.ZS,Rural_population_pct,38.8766930326192
Portugal,PRT,2017,SP.RUR.TOTL.ZS,Rural_population_pct,38.8703273492564
Portugal,PRT,2016,SP.RUR.TOTL.ZS,Rural_population_pct,38.8656988757277
Portugal,PRT,2015,SP.RUR.TOTL.ZS,Rural_population_pct,38.862530788462
Portugal,PRT,2014,SP.RUR.TOTL.ZS,Rural_population_pct,38.8605462638884
Portugal,PRT,2013,SP.RUR.TOTL.ZS,Rural_population_pct,38.8594684784358
Portugal,PRT,2012,SP.RUR.TOTL.ZS,Rural_population_pct,38.8590206085334
Portugal,PRT,2011,SP.RUR.TOTL.ZS,Rural_population_pct,38.8589301604498
Portugal,PRT,2010,SP.RUR.TOTL.ZS,Rural_population_pct,38.9211132758269
Portugal,PRT,2009,SP.RUR.TOTL.ZS,Rural_population_pct,39.1933631254178
Portugal,PRT,2008,SP.RUR.TOTL.ZS,Rural_population_pct,39.6489970575405
Portugal,PRT,2007,SP.RUR.TOTL.ZS,Rural_population_pct,40.2518871033891
Portugal,PRT,2006,SP.RUR.TOTL.ZS,Rural_population_pct,40.9659052941581
Portugal,PRT,2005,SP.RUR.TOTL.ZS,Rural_population_pct,41.7549236610415
Portugal,PRT,2004,SP.RUR.TOTL.ZS,Rural_population_pct,42.5828142352336
Portugal,PRT,2003,SP.RUR.TOTL.ZS,Rural_population_pct,43.4134490479287
Portugal,PRT,2002,SP.RUR.TOTL.ZS,Rural_population_pct,44.210700130321
Portugal,PRT,2001,SP.RUR.TOTL.ZS,Rural_population_pct,44.9320166990788
Portugal,PRT,2000,SP.RUR.TOTL.ZS,Rural_population_pct,45.5948364610858
Syria,SYR,2024,SP.RUR.TOTL.ZS,Rural_population_pct,27.9238654241746
Syria,SYR,2023,SP.RUR.TOTL.ZS,Rural_population_pct,27.8326196856796
Syria,SYR,2022,SP.RUR.TOTL.ZS,Rural_population_pct,27.3875007629395
Syria,SYR,2021,SP.RUR.TOTL.ZS,Rural_population_pct,26.9874992370605
Syria,SYR,2020,SP.RUR.TOTL.ZS,Rural_population_pct,26.5874968897488
Syria,SYR,2019,SP.RUR.TOTL.ZS,Rural_population_pct,26.1751211738014
Syria,SYR,2018,SP.RUR.TOTL.ZS,Rural_population_pct,25.9387397618225
Syria,SYR,2017,SP.RUR.TOTL.ZS,Rural_population_pct,25.4604403676608
Syria,SYR,2016,SP.RUR.TOTL.ZS,Rural_population_pct,24.84599036602
Syria,SYR,2015,SP.RUR.TOTL.ZS,Rural_population_pct,24.2470932811458
Syria,SYR,2014,SP.RUR.TOTL.ZS,Rural_population_pct,24.0
Syria,SYR,2013,SP.RUR.TOTL.ZS,Rural_population_pct,26.9379508113863
Syria,SYR,2012,SP.RUR.TOTL.ZS,Rural_population_pct,34.9103337169665
Syria,SYR,2011,SP.RUR.TOTL.ZS,Rural_population_pct,41.5182295816479
Syria,SYR,2010,SP.RUR.TOTL.ZS,Rural_population_pct,44.3037997110881
Syria,SYR,2009,SP.RUR.TOTL.ZS,Rural_population_pct,44.9706346166448
Syria,SYR,2008,SP.RUR.TOTL.ZS,Rural_population_pct,45.4141535605507
Syria,SYR,2007,SP.RUR.TOTL.ZS,Rural_population_pct,45.7116030568226
Syria,SYR,2006,SP.RUR.TOTL.ZS,Rural_population_pct,45.940229619477
Syria,SYR,2005,SP.RUR.TOTL.ZS,Rural_population_pct,46.1772797625305
Syria,SYR,2004,SP.RUR.TOTL.ZS,Rural_population_pct,46.5
Syria,SYR,2003,SP.RUR.TOTL.ZS,Rural_population_pct,46.8975989451668
Syria,SYR,2002,SP.RUR.TOTL.ZS,Rural_population_pct,47.3042254300836
Syria,SYR,2001,SP.RUR.TOTL.ZS,Rural_population_pct,47.7145362969241
Syria,SYR,2000,SP.RUR.TOTL.ZS,Rural_population_pct,48.123188387862
Tunisia,TUN,2024,SP.RUR.TOTL.ZS,Rural_population_pct,29.6414644308045
Tunisia,TUN,2023,SP.RUR.TOTL.ZS,Rural_population_pct,29.9733313513416
Tunisia,TUN,2022,SP.RUR.TOTL.ZS,Rural_population_pct,30.292861351697
Tunisia,TUN,2021,SP.RUR.TOTL.ZS,Rural_population_pct,30.6002476229432
Tunisia,TUN,2020,SP.RUR.TOTL.ZS,Rural_population_pct,30.8956833561524
Tunisia,TUN,2019,SP.RUR.TOTL.ZS,Rural_population_pct,31.1793617423969
Tunisia,TUN,2018,SP.RUR.TOTL.ZS,Rural_population_pct,31.4514759727491
Tunisia,TUN,2017,SP.RUR.TOTL.ZS,Rural_population_pct,31.7122192382812
Tunisia,TUN,2016,SP.RUR.TOTL.ZS,Rural_population_pct,31.9376643471752
Tunisia,TUN,2015,SP.RUR.TOTL.ZS,Rural_population_pct,32.1192092895508
Tunisia,TUN,2014,SP.RUR.TOTL.ZS,Rural_population_pct,32.2475356620899
Tunisia,TUN,2013,SP.RUR.TOTL.ZS,Rural_population_pct,32.5000457763672
Tunisia,TUN,2012,SP.RUR.TOTL.ZS,Rural_population_pct,32.7901077270508
Tunisia,TUN,2011,SP.RUR.TOTL.ZS,Rural_population_pct,33.0808113802143
Tunisia,TUN,2010,SP.RUR.TOTL.ZS,Rural_population_pct,33.3719940185547
Tunisia,TUN,2009,SP.RUR.TOTL.ZS,Rural_population_pct,33.6637802124023
Tunisia,TUN,2008,SP.RUR.TOTL.ZS,Rural_population_pct,33.9323946015639
Tunisia,TUN,2007,SP.RUR.TOTL.ZS,Rural_population_pct,34.1999969482422
Tunisia,TUN,2006,SP.RUR.TOTL.ZS,Rural_population_pct,34.4790190348479
Tunisia,TUN,2005,SP.RUR.TOTL.ZS,Rural_population_pct,34.7659098260996
Tunisia,TUN,2004,SP.RUR.TOTL.ZS,Rural_population_pct,35.0727258538662
Tunisia,TUN,2003,SP.RUR.TOTL.ZS,Rural_population_pct,35.3944027312456
Tunisia,TUN,2002,SP.RUR.TOTL.ZS,Rural_population_pct,35.7177445107495
Tunisia,TUN,2001,SP.RUR.TOTL.ZS,Rural_population_pct,36.0458242546642
Tunisia,TUN,2000,SP.RUR.TOTL.ZS,Rural_population_pct,36.3833346177416
Turkiye,TUR,2024,SP.RUR.TOTL.ZS,Rural_population_pct,10.6556877126113
Turkiye,TUR,2023,SP.RUR.TOTL.ZS,Rural_population_pct,10.9781553203879
Turkiye,TUR,2022,SP.RUR.TOTL.ZS,Rural_population_pct,10.9618835449219
Turkiye,TUR,2021,SP.RUR.TOTL.ZS,Rural_population_pct,10.8237951846761
Turkiye,TUR,2020,SP.RUR.TOTL.ZS,Rural_population_pct,11.0696885034778
Turkiye,TUR,2019,SP.RUR.TOTL.ZS,Rural_population_pct,11.3381847142876
Turkiye,TUR,2018,SP.RUR.TOTL.ZS,Rural_population_pct,11.8344250423827
Turkiye,TUR,2017,SP.RUR.TOTL.ZS,Rural_population_pct,11.9679527282714
Turkiye,TUR,2016,SP.RUR.TOTL.ZS,Rural_population_pct,11.8979041418224
Turkiye,TUR,2015,SP.RUR.TOTL.ZS,Rural_population_pct,12.7832892027463
Turkiye,TUR,2014,SP.RUR.TOTL.ZS,Rural_population_pct,16.3975149255567
Turkiye,TUR,2013,SP.RUR.TOTL.ZS,Rural_population_pct,21.4781631615304
Turkiye,TUR,2012,SP.RUR.TOTL.ZS,Rural_population_pct,26.2211319765676
Turkiye,TUR,2011,SP.RUR.TOTL.ZS,Rural_population_pct,28.9971276471666
Turkiye,TUR,2010,SP.RUR.TOTL.ZS,Rural_population_pct,30.6528746058513
Turkiye,TUR,2009,SP.RUR.TOTL.ZS,Rural_population_pct,32.1598567828777
Turkiye,TUR,2008,SP.RUR.TOTL.ZS,Rural_population_pct,33.486349109623
Turkiye,TUR,2007,SP.RUR.TOTL.ZS,Rural_population_pct,34.6610381845313
Turkiye,TUR,2006,SP.RUR.TOTL.ZS,Rural_population_pct,35.7126106060464
Turkiye,TUR,2005,SP.RUR.TOTL.ZS,Rural_population_pct,36.6697529726126
Turkiye,TUR,2004,SP.RUR.TOTL.ZS,Rural_population_pct,37.5611518826738
Turkiye,TUR,2003,SP.RUR.TOTL.ZS,Rural_population_pct,38.4154939346742
Turkiye,TUR,2002,SP.RUR.TOTL.ZS,Rural_population_pct,39.2614657270577
Turkiye,TUR,2001,SP.RUR.TOTL.ZS,Rural_population_pct,40.1277538582684
Turkiye,TUR,2000,SP.RUR.TOTL.ZS,Rural_population_pct,41.0293879993597
Algeria,DZA,2024,NV.AGR.TOTL.ZS,Agriculture_value_added_pct_GDP,13.9597061505767
Algeria,DZA,2023,NV.AGR.TOTL.ZS,Agriculture_value_added_pct_GDP,13.3692450434856
Algeria,DZA,2022,NV.AGR.TOTL.ZS,Agriculture_value_added_pct_GDP,10.6470638553472
Algeria,DZA,2021,NV.AGR.TOTL.ZS,Agriculture_value_added_pct_GDP,11.2354345605089
Algeria,DZA,2020,NV.AGR.TOTL.ZS,Agriculture_value_added_pct_GDP,12.8341693887186
Algeria,DZA,2019,NV.AGR.TOTL.ZS,Agriculture_value_added_pct_GDP,11.4791798857164
Algeria,DZA,2018,NV.AGR.TOTL.ZS,Agriculture_value_added_pct_GDP,11.2438301354995
Algeria,DZA,2017,NV.AGR.TOTL.ZS,Agriculture_value_added_pct_GDP,11.0318809304784
Algeria,DZA,2016,NV.AGR.TOTL.ZS,Agriculture_value_added_pct_GDP,11.0683130545794
Algeria,DZA,2015,NV.AGR.TOTL.ZS,Agriculture_value_added_pct_GDP,10.5327896965018
Algeria,DZA,2014,NV.AGR.TOTL.ZS,Agriculture_value_added_pct_GDP,9.40707440856373
Algeria,DZA,2013,NV.AGR.TOTL.ZS,Agriculture_value_added_pct_GDP,9.12007464194984
Algeria,DZA,2012,NV.AGR.TOTL.ZS,Agriculture_value_added_pct_GDP,8.02697167412095
Algeria,DZA,2011,NV.AGR.TOTL.ZS,Agriculture_value_added_pct_GDP,7.08352512171367
Algeria,DZA,2010,NV.AGR.TOTL.ZS,Agriculture_value_added_pct_GDP,7.53171561491377
Algeria,DZA,2009,NV.AGR.TOTL.ZS,Agriculture_value_added_pct_GDP,8.01121741497815
Algeria,DZA,2008,NV.AGR.TOTL.ZS,Agriculture_value_added_pct_GDP,5.54975092049628
Algeria,DZA,2007,NV.AGR.TOTL.ZS,Agriculture_value_added_pct_GDP,6.32601878401142
Algeria,DZA,2006,NV.AGR.TOTL.ZS,Agriculture_value_added_pct_GDP,6.36600271426263
Algeria,DZA,2005,NV.AGR.TOTL.ZS,Agriculture_value_added_pct_GDP,6.5592713699842
Algeria,DZA,2004,NV.AGR.TOTL.ZS,Agriculture_value_added_pct_GDP,7.72217403415641
Algeria,DZA,2003,NV.AGR.TOTL.ZS,Agriculture_value_added_pct_GDP,8.45671950735323
Algeria,DZA,2002,NV.AGR.TOTL.ZS,Agriculture_value_added_pct_GDP,8.41302644785912
Algeria,DZA,2001,NV.AGR.TOTL.ZS,Agriculture_value_added_pct_GDP,8.886179657499
Algeria,DZA,2000,NV.AGR.TOTL.ZS,Agriculture_value_added_pct_GDP,8.39504849504573
Egypt,EGY,2024,NV.AGR.TOTL.ZS,Agriculture_value_added_pct_GDP,13.7121128792805
Egypt,EGY,2023,NV.AGR.TOTL.ZS,Agriculture_value_added_pct_GDP,10.6003111645036
Egypt,EGY,2022,NV.AGR.TOTL.ZS,Agriculture_value_added_pct_GDP,10.9457535224737
Egypt,EGY,2021,NV.AGR.TOTL.ZS,Agriculture_value_added_pct_GDP,11.4369326589725
Egypt,EGY,2020,NV.AGR.TOTL.ZS,Agriculture_value_added_pct_GDP,11.1668239443487
Egypt,EGY,2019,NV.AGR.TOTL.ZS,Agriculture_value_added_pct_GDP,10.6971354538956
Egypt,EGY,2018,NV.AGR.TOTL.ZS,Agriculture_value_added_pct_GDP,10.8302490249025
Egypt,EGY,2017,NV.AGR.TOTL.ZS,Agriculture_value_added_pct_GDP,10.9863806449848
Egypt,EGY,2016,NV.AGR.TOTL.ZS,Agriculture_value_added_pct_GDP,11.769316084742
Egypt,EGY,2015,NV.AGR.TOTL.ZS,Agriculture_value_added_pct_GDP,11.3940627685257
Egypt,EGY,2014,NV.AGR.TOTL.ZS,Agriculture_value_added_pct_GDP,11.3377089201878
Egypt,EGY,2013,NV.AGR.TOTL.ZS,Agriculture_value_added_pct_GDP,11.2743496022361
Egypt,EGY,2012,NV.AGR.TOTL.ZS,Agriculture_value_added_pct_GDP,11.2727652713919
Egypt,EGY,2011,NV.AGR.TOTL.ZS,Agriculture_value_added_pct_GDP,13.8691050980964
Egypt,EGY,2010,NV.AGR.TOTL.ZS,Agriculture_value_added_pct_GDP,13.3407591579645
Egypt,EGY,2009,NV.AGR.TOTL.ZS,Agriculture_value_added_pct_GDP,12.9979466513145
Egypt,EGY,2008,NV.AGR.TOTL.ZS,Agriculture_value_added_pct_GDP,12.6302400893356
Egypt,EGY,2007,NV.AGR.TOTL.ZS,Agriculture_value_added_pct_GDP,13.4201262083781
Egypt,EGY,2006,NV.AGR.TOTL.ZS,Agriculture_value_added_pct_GDP,13.2372025254978
Egypt,EGY,2005,NV.AGR.TOTL.ZS,Agriculture_value_added_pct_GDP,13.9816898792943
Egypt,EGY,2004,NV.AGR.TOTL.ZS,Agriculture_value_added_pct_GDP,14.2699361219864
Egypt,EGY,2003,NV.AGR.TOTL.ZS,Agriculture_value_added_pct_GDP,15.2867065868263
Egypt,EGY,2002,NV.AGR.TOTL.ZS,Agriculture_value_added_pct_GDP,15.4048561625759
Egypt,EGY,2001,NV.AGR.TOTL.ZS,Agriculture_value_added_pct_GDP,15.3512684694731
Egypt,EGY,2000,NV.AGR.TOTL.ZS,Agriculture_value_added_pct_GDP,15.5380770361658
Spain,ESP,2024,NV.AGR.TOTL.ZS,Agriculture_value_added_pct_GDP,2.75300596488807
Spain,ESP,2023,NV.AGR.TOTL.ZS,Agriculture_value_added_pct_GDP,2.6062235563618
Spain,ESP,2022,NV.AGR.TOTL.ZS,Agriculture_value_added_pct_GDP,2.36964000049424
Spain,ESP,2021,NV.AGR.TOTL.ZS,Agriculture_value_added_pct_GDP,2.76824927112995
Spain,ESP,2020,NV.AGR.TOTL.ZS,Agriculture_value_added_pct_GDP,2.78468031745976
Spain,ESP,2019,NV.AGR.TOTL.ZS,Agriculture_value_added_pct_GDP,2.51980122994951
Spain,ESP,2018,NV.AGR.TOTL.ZS,Agriculture_value_added_pct_GDP,2.70128254621885
Spain,ESP,2017,NV.AGR.TOTL.ZS,Agriculture_value_added_pct_GDP,2.80344676690393
Spain,ESP,2016,NV.AGR.TOTL.ZS,Agriculture_value_added_pct_GDP,2.81522075003094
Spain,ESP,2015,NV.AGR.TOTL.ZS,Agriculture_value_added_pct_GDP,2.72327046339292
Spain,ESP,2014,NV.AGR.TOTL.ZS,Agriculture_value_added_pct_GDP,2.52697678134345
Spain,ESP,2013,NV.AGR.TOTL.ZS,Agriculture_value_added_pct_GDP,2.60946207875576
Spain,ESP,2012,NV.AGR.TOTL.ZS,Agriculture_value_added_pct_GDP,2.39776671776239
Spain,ESP,2011,NV.AGR.TOTL.ZS,Agriculture_value_added_pct_GDP,2.3625185975353
Spain,ESP,2010,NV.AGR.TOTL.ZS,Agriculture_value_added_pct_GDP,2.41740898393438
Spain,ESP,2009,NV.AGR.TOTL.ZS,Agriculture_value_added_pct_GDP,2.24960158062983
Spain,ESP,2008,NV.AGR.TOTL.ZS,Agriculture_value_added_pct_GDP,2.35367195478016
Spain,ESP,2007,NV.AGR.TOTL.ZS,Agriculture_value_added_pct_GDP,2.4946614560374
Spain,ESP,2006,NV.AGR.TOTL.ZS,Agriculture_value_added_pct_GDP,2.40075384884813
Spain,ESP,2005,NV.AGR.TOTL.ZS,Agriculture_value_added_pct_GDP,2.75836581828682
Spain,ESP,2004,NV.AGR.TOTL.ZS,Agriculture_value_added_pct_GDP,3.11780935959045
Spain,ESP,2003,NV.AGR.TOTL.ZS,Agriculture_value_added_pct_GDP,3.42077756723389
Spain,ESP,2002,NV.AGR.TOTL.ZS,Agriculture_value_added_pct_GDP,3.48212189760772
Spain,ESP,2001,NV.AGR.TOTL.ZS,Agriculture_value_added_pct_GDP,3.67425723081839
Spain,ESP,2000,NV.AGR.TOTL.ZS,Agriculture_value_added_pct_GDP,3.7443114170073
Greece,GRC,2024,NV.AGR.TOTL.ZS,Agriculture_value_added_pct_GDP,3.765512541308
Greece,GRC,2023,NV.AGR.TOTL.ZS,Agriculture_value_added_pct_GDP,3.74222017907683
Greece,GRC,2022,NV.AGR.TOTL.ZS,Agriculture_value_added_pct_GDP,3.78490731948212
Greece,GRC,2021,NV.AGR.TOTL.ZS,Agriculture_value_added_pct_GDP,3.53173488105093
Greece,GRC,2020,NV.AGR.TOTL.ZS,Agriculture_value_added_pct_GDP,3.9238294812332
Greece,GRC,2019,NV.AGR.TOTL.ZS,Agriculture_value_added_pct_GDP,3.66151933931312
Greece,GRC,2018,NV.AGR.TOTL.ZS,Agriculture_value_added_pct_GDP,3.52573090341626
Greece,GRC,2017,NV.AGR.TOTL.ZS,Agriculture_value_added_pct_GDP,3.7522702094539
Greece,GRC,2016,NV.AGR.TOTL.ZS,Agriculture_value_added_pct_GDP,3.45812941533327
Greece,GRC,2015,NV.AGR.TOTL.ZS,Agriculture_value_added_pct_GDP,3.82153798821664
Greece,GRC,2014,NV.AGR.TOTL.ZS,Agriculture_value_added_pct_GDP,3.53346105430384
Greece,GRC,2013,NV.AGR.TOTL.ZS,Agriculture_value_added_pct_GDP,3.35146223879432
Greece,GRC,2012,NV.AGR.TOTL.ZS,Agriculture_value_added_pct_GDP,3.41908207828197
Greece,GRC,2011,NV.AGR.TOTL.ZS,Agriculture_value_added_pct_GDP,3.0618456010827
Greece,GRC,2010,NV.AGR.TOTL.ZS,Agriculture_value_added_pct_GDP,2.9142102078812
Greece,GRC,2009,NV.AGR.TOTL.ZS,Agriculture_value_added_pct_GDP,2.92582395634654
Greece,GRC,2008,NV.AGR.TOTL.ZS,Agriculture_value_added_pct_GDP,2.89505867715816
Greece,GRC,2007,NV.AGR.TOTL.ZS,Agriculture_value_added_pct_GDP,3.15474298162147
Greece,GRC,2006,NV.AGR.TOTL.ZS,Agriculture_value_added_pct_GDP,3.28557674416163
Greece,GRC,2005,NV.AGR.TOTL.ZS,Agriculture_value_added_pct_GDP,4.47718109899217
Greece,GRC,2004,NV.AGR.TOTL.ZS,Agriculture_value_added_pct_GDP,4.54970535485524
Greece,GRC,2003,NV.AGR.TOTL.ZS,Agriculture_value_added_pct_GDP,5.3240542693888
Greece,GRC,2002,NV.AGR.TOTL.ZS,Agriculture_value_added_pct_GDP,5.22103153499556
Greece,GRC,2001,NV.AGR.TOTL.ZS,Agriculture_value_added_pct_GDP,5.36221949397772
Greece,GRC,2000,NV.AGR.TOTL.ZS,Agriculture_value_added_pct_GDP,5.50251363510967
Italy,ITA,2024,NV.AGR.TOTL.ZS,Agriculture_value_added_pct_GDP,2.00789616423237
Italy,ITA,2023,NV.AGR.TOTL.ZS,Agriculture_value_added_pct_GDP,1.8596431753596
Italy,ITA,2022,NV.AGR.TOTL.ZS,Agriculture_value_added_pct_GDP,1.89037175125669
Italy,ITA,2021,NV.AGR.TOTL.ZS,Agriculture_value_added_pct_GDP,1.83339290794707
Italy,ITA,2020,NV.AGR.TOTL.ZS,Agriculture_value_added_pct_GDP,1.9280162015612
Italy,ITA,2019,NV.AGR.TOTL.ZS,Agriculture_value_added_pct_GDP,1.81866879873849
Italy,ITA,2018,NV.AGR.TOTL.ZS,Agriculture_value_added_pct_GDP,1.85755612561626
Italy,ITA,2017,NV.AGR.TOTL.ZS,Agriculture_value_added_pct_GDP,1.89343264776643
Italy,ITA,2016,NV.AGR.TOTL.ZS,Agriculture_value_added_pct_GDP,1.84915248302101
Italy,ITA,2015,NV.AGR.TOTL.ZS,Agriculture_value_added_pct_GDP,1.99152552817849
Italy,ITA,2014,NV.AGR.TOTL.ZS,Agriculture_value_added_pct_GDP,1.90848213125891
Italy,ITA,2013,NV.AGR.TOTL.ZS,Agriculture_value_added_pct_GDP,2.05779366637333
Italy,ITA,2012,NV.AGR.TOTL.ZS,Agriculture_value_added_pct_GDP,1.90886941227517
Italy,ITA,2011,NV.AGR.TOTL.ZS,Agriculture_value_added_pct_GDP,1.84910093882918
Italy,ITA,2010,NV.AGR.TOTL.ZS,Agriculture_value_added_pct_GDP,1.76928173132246
Italy,ITA,2009,NV.AGR.TOTL.ZS,Agriculture_value_added_pct_GDP,1.80208177882956
Italy,ITA,2008,NV.AGR.TOTL.ZS,Agriculture_value_added_pct_GDP,1.87300893559166
Italy,ITA,2007,NV.AGR.TOTL.ZS,Agriculture_value_added_pct_GDP,1.89414967924379
Italy,ITA,2006,NV.AGR.TOTL.ZS,Agriculture_value_added_pct_GDP,1.94158568418969
Italy,ITA,2005,NV.AGR.TOTL.ZS,Agriculture_value_added_pct_GDP,2.03006110909468
Italy,ITA,2004,NV.AGR.TOTL.ZS,Agriculture_value_added_pct_GDP,2.34229627595505
Italy,ITA,2003,NV.AGR.TOTL.ZS,Agriculture_value_added_pct_GDP,2.35238168739719
Italy,ITA,2002,NV.AGR.TOTL.ZS,Agriculture_value_added_pct_GDP,2.36532442144257
Italy,ITA,2001,NV.AGR.TOTL.ZS,Agriculture_value_added_pct_GDP,2.4818910807856
Italy,ITA,2000,NV.AGR.TOTL.ZS,Agriculture_value_added_pct_GDP,2.55763392992713
Libya,LBY,2024,NV.AGR.TOTL.ZS,Agriculture_value_added_pct_GDP,2.39197609901835
Libya,LBY,2023,NV.AGR.TOTL.ZS,Agriculture_value_added_pct_GDP,1.7692779613025
Libya,LBY,2022,NV.AGR.TOTL.ZS,Agriculture_value_added_pct_GDP,1.68643769937353
Libya,LBY,2021,NV.AGR.TOTL.ZS,Agriculture_value_added_pct_GDP,1.9292341608539
Libya,LBY,2020,NV.AGR.TOTL.ZS,Agriculture_value_added_pct_GDP,4.326770152924
Libya,LBY,2019,NV.AGR.TOTL.ZS,Agriculture_value_added_pct_GDP,2.04201619232517
Libya,LBY,2018,NV.AGR.TOTL.ZS,Agriculture_value_added_pct_GDP,3.66012922036917
Libya,LBY,2017,NV.AGR.TOTL.ZS,Agriculture_value_added_pct_GDP,3.87477645520451
Libya,LBY,2016,NV.AGR.TOTL.ZS,Agriculture_value_added_pct_GDP,4.61177989572916
Libya,LBY,2015,NV.AGR.TOTL.ZS,Agriculture_value_added_pct_GDP,4.3862973349324
Libya,LBY,2014,NV.AGR.TOTL.ZS,Agriculture_value_added_pct_GDP,3.51667860719144
Libya,LBY,2013,NV.AGR.TOTL.ZS,Agriculture_value_added_pct_GDP,2.41548515289585
Libya,LBY,2012,NV.AGR.TOTL.ZS,Agriculture_value_added_pct_GDP,1.81559365235981
Libya,LBY,2011,NV.AGR.TOTL.ZS,Agriculture_value_added_pct_GDP,3.05766833710666
Libya,LBY,2010,NV.AGR.TOTL.ZS,Agriculture_value_added_pct_GDP,1.79953001101668
Libya,LBY,2009,NV.AGR.TOTL.ZS,Agriculture_value_added_pct_GDP,2.15806763082219
Libya,LBY,2008,NV.AGR.TOTL.ZS,Agriculture_value_added_pct_GDP,1.38365254109486
Libya,LBY,2007,NV.AGR.TOTL.ZS,Agriculture_value_added_pct_GDP,1.54141662252696
Libya,LBY,2006,NV.AGR.TOTL.ZS,Agriculture_value_added_pct_GDP,1.51764483817067
Libya,LBY,2005,NV.AGR.TOTL.ZS,Agriculture_value_added_pct_GDP,2.51001097978428
Libya,LBY,2004,NV.AGR.TOTL.ZS,Agriculture_value_added_pct_GDP,3.34262291274763
Libya,LBY,2003,NV.AGR.TOTL.ZS,Agriculture_value_added_pct_GDP,4.09220701963117
Libya,LBY,2002,NV.AGR.TOTL.ZS,Agriculture_value_added_pct_GDP,5.18529909272643
Libya,LBY,2001,NV.AGR.TOTL.ZS,Agriculture_value_added_pct_GDP,
Libya,LBY,2000,NV.AGR.TOTL.ZS,Agriculture_value_added_pct_GDP,
Morocco,MAR,2024,NV.AGR.TOTL.ZS,Agriculture_value_added_pct_GDP,10.5673287621047
Morocco,MAR,2023,NV.AGR.TOTL.ZS,Agriculture_value_added_pct_GDP,11.1311743840061
Morocco,MAR,2022,NV.AGR.TOTL.ZS,Agriculture_value_added_pct_GDP,9.79618893785634
Morocco,MAR,2021,NV.AGR.TOTL.ZS,Agriculture_value_added_pct_GDP,11.9779439009277
Morocco,MAR,2020,NV.AGR.TOTL.ZS,Agriculture_value_added_pct_GDP,10.6636401420592
Morocco,MAR,2019,NV.AGR.TOTL.ZS,Agriculture_value_added_pct_GDP,10.8424017370039
Morocco,MAR,2018,NV.AGR.TOTL.ZS,Agriculture_value_added_pct_GDP,11.3055402401365
Morocco,MAR,2017,NV.AGR.TOTL.ZS,Agriculture_value_added_pct_GDP,11.1602887992375
Morocco,MAR,2016,NV.AGR.TOTL.ZS,Agriculture_value_added_pct_GDP,10.3219651103177
Morocco,MAR,2015,NV.AGR.TOTL.ZS,Agriculture_value_added_pct_GDP,11.7961931846113
Morocco,MAR,2014,NV.AGR.TOTL.ZS,Agriculture_value_added_pct_GDP,10.3531465249527
Morocco,MAR,2013,NV.AGR.TOTL.ZS,Agriculture_value_added_pct_GDP,12.3583661932506
Morocco,MAR,2012,NV.AGR.TOTL.ZS,Agriculture_value_added_pct_GDP,11.3297511522793
Morocco,MAR,2011,NV.AGR.TOTL.ZS,Agriculture_value_added_pct_GDP,12.0819026098454
Morocco,MAR,2010,NV.AGR.TOTL.ZS,Agriculture_value_added_pct_GDP,11.9620812709231
Morocco,MAR,2009,NV.AGR.TOTL.ZS,Agriculture_value_added_pct_GDP,11.9650475529562
Morocco,MAR,2008,NV.AGR.TOTL.ZS,Agriculture_value_added_pct_GDP,10.864961794312
Morocco,MAR,2007,NV.AGR.TOTL.ZS,Agriculture_value_added_pct_GDP,9.8752466486995
Morocco,MAR,2006,NV.AGR.TOTL.ZS,Agriculture_value_added_pct_GDP,12.304168098197
Morocco,MAR,2005,NV.AGR.TOTL.ZS,Agriculture_value_added_pct_GDP,10.6988804483578
Morocco,MAR,2004,NV.AGR.TOTL.ZS,Agriculture_value_added_pct_GDP,11.869333718001
Morocco,MAR,2003,NV.AGR.TOTL.ZS,Agriculture_value_added_pct_GDP,12.4918601820552
Morocco,MAR,2002,NV.AGR.TOTL.ZS,Agriculture_value_added_pct_GDP,11.8432781663725
Morocco,MAR,2001,NV.AGR.TOTL.ZS,Agriculture_value_added_pct_GDP,11.8761776238587
Morocco,MAR,2000,NV.AGR.TOTL.ZS,Agriculture_value_added_pct_GDP,10.7286317929553
Portugal,PRT,2024,NV.AGR.TOTL.ZS,Agriculture_value_added_pct_GDP,2.01918518592571
Portugal,PRT,2023,NV.AGR.TOTL.ZS,Agriculture_value_added_pct_GDP,2.13721069426312
Portugal,PRT,2022,NV.AGR.TOTL.ZS,Agriculture_value_added_pct_GDP,1.90543676193935
Portugal,PRT,2021,NV.AGR.TOTL.ZS,Agriculture_value_added_pct_GDP,2.16204629838151
Portugal,PRT,2020,NV.AGR.TOTL.ZS,Agriculture_value_added_pct_GDP,2.14089692520428
Portugal,PRT,2019,NV.AGR.TOTL.ZS,Agriculture_value_added_pct_GDP,1.99991845769704
Portugal,PRT,2018,NV.AGR.TOTL.ZS,Agriculture_value_added_pct_GDP,1.91817470918666
Portugal,PRT,2017,NV.AGR.TOTL.ZS,Agriculture_value_added_pct_GDP,1.96367345206825
Portugal,PRT,2016,NV.AGR.TOTL.ZS,Agriculture_value_added_pct_GDP,1.92235840837832
Portugal,PRT,2015,NV.AGR.TOTL.ZS,Agriculture_value_added_pct_GDP,1.97541250129625
Portugal,PRT,2014,NV.AGR.TOTL.ZS,Agriculture_value_added_pct_GDP,1.97659101484386
Portugal,PRT,2013,NV.AGR.TOTL.ZS,Agriculture_value_added_pct_GDP,2.04188706497902
Portugal,PRT,2012,NV.AGR.TOTL.ZS,Agriculture_value_added_pct_GDP,1.92004687349348
Portugal,PRT,2011,NV.AGR.TOTL.ZS,Agriculture_value_added_pct_GDP,1.8384390598893
Portugal,PRT,2010,NV.AGR.TOTL.ZS,Agriculture_value_added_pct_GDP,1.94034870976094
Portugal,PRT,2009,NV.AGR.TOTL.ZS,Agriculture_value_added_pct_GDP,1.95062621184125
Portugal,PRT,2008,NV.AGR.TOTL.ZS,Agriculture_value_added_pct_GDP,1.96377185231981
Portugal,PRT,2007,NV.AGR.TOTL.ZS,Agriculture_value_added_pct_GDP,1.99815593954667
Portugal,PRT,2006,NV.AGR.TOTL.ZS,Agriculture_value_added_pct_GDP,2.25313751520814
Portugal,PRT,2005,NV.AGR.TOTL.ZS,Agriculture_value_added_pct_GDP,2.30349335448735
Portugal,PRT,2004,NV.AGR.TOTL.ZS,Agriculture_value_added_pct_GDP,2.60214117997755
Portugal,PRT,2003,NV.AGR.TOTL.ZS,Agriculture_value_added_pct_GDP,2.65118079570935
Portugal,PRT,2002,NV.AGR.TOTL.ZS,Agriculture_value_added_pct_GDP,2.72289086156617
Portugal,PRT,2001,NV.AGR.TOTL.ZS,Agriculture_value_added_pct_GDP,2.96074957358316
Portugal,PRT,2000,NV.AGR.TOTL.ZS,Agriculture_value_added_pct_GDP,3.10974828415915
Syria,SYR,2024,NV.AGR.TOTL.ZS,Agriculture_value_added_pct_GDP,
Syria,SYR,2023,NV.AGR.TOTL.ZS,Agriculture_value_added_pct_GDP,
Syria,SYR,2022,NV.AGR.TOTL.ZS,Agriculture_value_added_pct_GDP,42.8517272820162
Syria,SYR,2021,NV.AGR.TOTL.ZS,Agriculture_value_added_pct_GDP,38.6743054965317
Syria,SYR,2020,NV.AGR.TOTL.ZS,Agriculture_value_added_pct_GDP,32.652890568598
Syria,SYR,2019,NV.AGR.TOTL.ZS,Agriculture_value_added_pct_GDP,40.7410419328786
Syria,SYR,2018,NV.AGR.TOTL.ZS,Agriculture_value_added_pct_GDP,39.0098877578608
Syria,SYR,2017,NV.AGR.TOTL.ZS,Agriculture_value_added_pct_GDP,40.6356090849324
Syria,SYR,2016,NV.AGR.TOTL.ZS,Agriculture_value_added_pct_GDP,34.1668749627531
Syria,SYR,2015,NV.AGR.TOTL.ZS,Agriculture_value_added_pct_GDP,33.1304655969871
Syria,SYR,2014,NV.AGR.TOTL.ZS,Agriculture_value_added_pct_GDP,26.8601256182656
Syria,SYR,2013,NV.AGR.TOTL.ZS,Agriculture_value_added_pct_GDP,25.1049303727798
Syria,SYR,2012,NV.AGR.TOTL.ZS,Agriculture_value_added_pct_GDP,23.432298282026
Syria,SYR,2011,NV.AGR.TOTL.ZS,Agriculture_value_added_pct_GDP,20.6469030981773
Syria,SYR,2010,NV.AGR.TOTL.ZS,Agriculture_value_added_pct_GDP,19.4389724414256
Syria,SYR,2009,NV.AGR.TOTL.ZS,Agriculture_value_added_pct_GDP,22.7950178570023
Syria,SYR,2008,NV.AGR.TOTL.ZS,Agriculture_value_added_pct_GDP,18.7564030905377
Syria,SYR,2007,NV.AGR.TOTL.ZS,Agriculture_value_added_pct_GDP,19.4588025950103
Syria,SYR,2006,NV.AGR.TOTL.ZS,Agriculture_value_added_pct_GDP,21.4567815802916
Syria,SYR,2005,NV.AGR.TOTL.ZS,Agriculture_value_added_pct_GDP,20.293121708002
Syria,SYR,2004,NV.AGR.TOTL.ZS,Agriculture_value_added_pct_GDP,22.4332996039678
Syria,SYR,2003,NV.AGR.TOTL.ZS,Agriculture_value_added_pct_GDP,24.6554759380094
Syria,SYR,2002,NV.AGR.TOTL.ZS,Agriculture_value_added_pct_GDP,24.8635435252136
Syria,SYR,2001,NV.AGR.TOTL.ZS,Agriculture_value_added_pct_GDP,25.4975511779491
Syria,SYR,2000,NV.AGR.TOTL.ZS,Agriculture_value_added_pct_GDP,24.7339772855403
Tunisia,TUN,2024,NV.AGR.TOTL.ZS,Agriculture_value_added_pct_GDP,9.73863393101929
Tunisia,TUN,2023,NV.AGR.TOTL.ZS,Agriculture_value_added_pct_GDP,9.47367928951245
Tunisia,TUN,2022,NV.AGR.TOTL.ZS,Agriculture_value_added_pct_GDP,10.8217247722212
Tunisia,TUN,2021,NV.AGR.TOTL.ZS,Agriculture_value_added_pct_GDP,10.0900379034943
Tunisia,TUN,2020,NV.AGR.TOTL.ZS,Agriculture_value_added_pct_GDP,10.3917002295357
Tunisia,TUN,2019,NV.AGR.TOTL.ZS,Agriculture_value_added_pct_GDP,9.76625873287072
Tunisia,TUN,2018,NV.AGR.TOTL.ZS,Agriculture_value_added_pct_GDP,9.88852551876126
Tunisia,TUN,2017,NV.AGR.TOTL.ZS,Agriculture_value_added_pct_GDP,8.986045690927
Tunisia,TUN,2016,NV.AGR.TOTL.ZS,Agriculture_value_added_pct_GDP,8.52541115305462
Tunisia,TUN,2015,NV.AGR.TOTL.ZS,Agriculture_value_added_pct_GDP,9.20589918732503
Tunisia,TUN,2014,NV.AGR.TOTL.ZS,Agriculture_value_added_pct_GDP,8.57165956609159
Tunisia,TUN,2013,NV.AGR.TOTL.ZS,Agriculture_value_added_pct_GDP,7.96930864809374
Tunisia,TUN,2012,NV.AGR.TOTL.ZS,Agriculture_value_added_pct_GDP,8.30025725587419
Tunisia,TUN,2011,NV.AGR.TOTL.ZS,Agriculture_value_added_pct_GDP,7.57684450427472
Tunisia,TUN,2010,NV.AGR.TOTL.ZS,Agriculture_value_added_pct_GDP,6.846146170059
Tunisia,TUN,2009,NV.AGR.TOTL.ZS,Agriculture_value_added_pct_GDP,8.45660665471427
Tunisia,TUN,2008,NV.AGR.TOTL.ZS,Agriculture_value_added_pct_GDP,7.8486499786515
Tunisia,TUN,2007,NV.AGR.TOTL.ZS,Agriculture_value_added_pct_GDP,8.64201987385816
Tunisia,TUN,2006,NV.AGR.TOTL.ZS,Agriculture_value_added_pct_GDP,9.28070949947767
Tunisia,TUN,2005,NV.AGR.TOTL.ZS,Agriculture_value_added_pct_GDP,9.16983114804996
Tunisia,TUN,2004,NV.AGR.TOTL.ZS,Agriculture_value_added_pct_GDP,9.90254515493647
Tunisia,TUN,2003,NV.AGR.TOTL.ZS,Agriculture_value_added_pct_GDP,9.2914975178949
Tunisia,TUN,2002,NV.AGR.TOTL.ZS,Agriculture_value_added_pct_GDP,8.29848151435206
Tunisia,TUN,2001,NV.AGR.TOTL.ZS,Agriculture_value_added_pct_GDP,9.4218557064738
Tunisia,TUN,2000,NV.AGR.TOTL.ZS,Agriculture_value_added_pct_GDP,10.006319351485
Turkiye,TUR,2024,NV.AGR.TOTL.ZS,Agriculture_value_added_pct_GDP,5.82042467876951
Turkiye,TUR,2023,NV.AGR.TOTL.ZS,Agriculture_value_added_pct_GDP,6.38984597795627
Turkiye,TUR,2022,NV.AGR.TOTL.ZS,Agriculture_value_added_pct_GDP,6.69360961922604
Turkiye,TUR,2021,NV.AGR.TOTL.ZS,Agriculture_value_added_pct_GDP,5.70488171636816
Turkiye,TUR,2020,NV.AGR.TOTL.ZS,Agriculture_value_added_pct_GDP,6.89122590909685
Turkiye,TUR,2019,NV.AGR.TOTL.ZS,Agriculture_value_added_pct_GDP,6.6541535628227
Turkiye,TUR,2018,NV.AGR.TOTL.ZS,Agriculture_value_added_pct_GDP,6.00418639185492
Turkiye,TUR,2017,NV.AGR.TOTL.ZS,Agriculture_value_added_pct_GDP,6.19642323537778
Turkiye,TUR,2016,NV.AGR.TOTL.ZS,Agriculture_value_added_pct_GDP,6.26556196399699
Turkiye,TUR,2015,NV.AGR.TOTL.ZS,Agriculture_value_added_pct_GDP,6.87689834308907
Turkiye,TUR,2014,NV.AGR.TOTL.ZS,Agriculture_value_added_pct_GDP,6.53828042868413
Turkiye,TUR,2013,NV.AGR.TOTL.ZS,Agriculture_value_added_pct_GDP,6.64997261417217
Turkiye,TUR,2012,NV.AGR.TOTL.ZS,Agriculture_value_added_pct_GDP,7.658344974583
Turkiye,TUR,2011,NV.AGR.TOTL.ZS,Agriculture_value_added_pct_GDP,8.1265846445357
Turkiye,TUR,2010,NV.AGR.TOTL.ZS,Agriculture_value_added_pct_GDP,8.90737962747164
Turkiye,TUR,2009,NV.AGR.TOTL.ZS,Agriculture_value_added_pct_GDP,8.01952664747498
Turkiye,TUR,2008,NV.AGR.TOTL.ZS,Agriculture_value_added_pct_GDP,7.38022403324347
Turkiye,TUR,2007,NV.AGR.TOTL.ZS,Agriculture_value_added_pct_GDP,7.41825141005247
Turkiye,TUR,2006,NV.AGR.TOTL.ZS,Agriculture_value_added_pct_GDP,8.06197674009426
Turkiye,TUR,2005,NV.AGR.TOTL.ZS,Agriculture_value_added_pct_GDP,9.1349746278064
Turkiye,TUR,2004,NV.AGR.TOTL.ZS,Agriculture_value_added_pct_GDP,9.30334217653319
Turkiye,TUR,2003,NV.AGR.TOTL.ZS,Agriculture_value_added_pct_GDP,9.77425990072158
Turkiye,TUR,2002,NV.AGR.TOTL.ZS,Agriculture_value_added_pct_GDP,10.1712688801184
Turkiye,TUR,2001,NV.AGR.TOTL.ZS,Agriculture_value_added_pct_GDP,8.77213969287109
Turkiye,TUR,2000,NV.AGR.TOTL.ZS,Agriculture_value_added_pct_GDP,10.01837794564
