Country,Year,Month,Temperature_K,Dewpoint_Temperature_K,Wind_Speed_10m_m_s,Total_Precipitation_m,Surface_Net_Solar_Radiation_J_m2,Soil_Moisture_Layer1,Soil_Moisture_Layer2,Soil_Moisture_Layer3,Soil_Temperature_Layer2_K,Soil_Temperature_Layer3_K
Algeria,1985,1,279.5295,275.55957,2.8660657,0.0022212188,7.4245405e+06,0.33317104,0.32791728,0.28008565,279.7848,281.43048
Algeria,1985,2,284.4702,278.6023,2.753909,0.0012306272,1.1236066e+07,0.28217876,0.2989149,0.2798414,283.25482,283.19464
Algeria,1985,3,282.16663,277.73657,2.864231,0.0037230186,1.2607504e+07,0.3139973,0.31807423,0.29255137,282.46747,282.79123
Algeria,1985,4,287.54907,280.234,2.7888348,0.0013682854,1.8208682e+07,0.24696958,0.2812925,0.287363,286.9342,285.62314
Algeria,1985,5,289.54782,283.3703,2.5869749,0.002477762,1.7645158e+07,0.275779,0.2910366,0.2751166,289.07407,287.7161
Algeria,1985,6,297.01346,286.79413,2.3618343,0.00041406893,2.145273e+07,0.16422124,0.21859497,0.24832413,296.16464,293.26025
Algeria,1985,7,300.60837,286.65555,2.1952443,0.00021098954,2.1424476e+07,0.12509234,0.17715208,0.21734455,299.94336,297.3524
Algeria,1985,8,299.04422,286.49402,2.213997,0.00013868458,1.9516756e+07,0.113544665,0.1674771,0.20143364,299.59137,298.5539
Algeria,1985,9,295.20627,286.1171,1.9292672,0.0012653758,1.5548555e+07,0.15692303,0.17321673,0.19037932,296.11084,296.5669
Algeria,1985,10,290.53784,283.69284,1.9660987,0.001122799,1.2017508e+07,0.18844493,0.19930486,0.18040344,291.5438,293.22324
Algeria,1985,11,286.48257,281.1895,2.6885657,0.002413411,8.1555285e+06,0.25960776,0.24356815,0.18031798,287.09274,289.41376
Algeria,1985,12,282.3889,278.23367,2.5355392,0.0011974857,6.85352e+06,0.28232875,0.27674586,0.20822667,282.42355,284.6651
Algeria,1986,1,280.70447,276.60095,3.2506406,0.0023619656,7.5891575e+06,0.30478522,0.29664233,0.2314568,280.9923,282.82083
Algeria,1986,2,281.81247,276.9282,3.417896,0.002104861,1.0052353e+07,0.3248991,0.32307476,0.2692777,281.112,281.65906
Algeria,1986,3,283.3345,278.71048,2.6078923,0.0032097772,1.3271282e+07,0.32242924,0.33049104,0.2907445,283.43915,283.53494
Algeria,1986,4,285.58673,278.86868,3.0379972,0.0014164629,1.7191738e+07,0.25329718,0.27968115,0.28472853,285.50574,284.85587
Algeria,1986,5,293.21436,283.8536,2.337688,0.0008940818,2.0359246e+07,0.1778616,0.22561382,0.25891703,292.1834,289.46915
Algeria,1986,6,295.28464,285.23337,2.2667022,0.0007231562,2.1080466e+07,0.17602584,0.20844848,0.23034152,294.65988,292.50537
Algeria,1986,7,298.4791,285.73712,2.3530312,0.0003994201,2.0984122e+07,0.13301335,0.1767867,0.20811541,298.23093,296.2765
Algeria,1986,8,300.4831,286.905,2.1471188,0.00030308447,1.9158192e+07,0.122820444,0.16791561,0.19845057,300.28223,298.62183
Algeria,1986,9,295.64648,286.45023,2.1726065,0.0012450533,1.5215919e+07,0.14976254,0.16723873,0.18770795,296.69772,297.10074
Algeria,1986,10,290.92206,285.62827,2.1413732,0.0019670282,1.1008808e+07,0.24590088,0.22720267,0.18516761,291.79,293.54553
Algeria,1986,11,284.91394,280.31223,2.365974,0.0017750445,8.210336e+06,0.2591189,0.25952846,0.19687411,285.81247,288.2968
Algeria,1986,12,281.11508,277.74615,2.5210104,0.0023016953,6.4955205e+06,0.3098948,0.30012566,0.22819883,281.88596,284.47888
Algeria,1987,1,280.4163,275.52356,3.0865834,0.002057787,7.8559905e+06,0.31631878,0.3150316,0.26816988,280.1066,281.62918
Algeria,1987,2,281.87787,278.01453,3.217577,0.0037692694,9.178016e+06,0.34611022,0.3421452,0.29503614,281.636,282.34506
Algeria,1987,3,283.80273,279.02896,2.6260564,0.0014862893,1.3611569e+07,0.28901637,0.30957562,0.30456007,283.71765,283.49588
Algeria,1987,4,288.6824,280.98502,2.4861557,0.000824449,1.8280228e+07,0.2364222,0.274299,0.28480163,287.6455,285.87012
Algeria,1987,5,290.12988,282.5316,2.4248912,0.0013338564,1.8989002e+07,0.19308405,0.22655931,0.26266083,290.47757,289.27435
Algeria,1987,6,296.1442,285.74124,2.4846935,0.0002920083,2.1193406e+07,0.15452911,0.20266771,0.23634642,295.52362,293.0138
Algeria,1987,7,299.20728,288.75348,2.2352376,0.0007306404,1.9914278e+07,0.14909126,0.18316281,0.2173028,298.88376,296.6396
Algeria,1987,8,300.836,286.30685,2.3108203,0.00027558766,1.9036544e+07,0.11848164,0.16583599,0.19830135,300.36972,298.70483
Algeria,1987,9,297.95602,286.02216,2.0845613,0.00062549417,1.6050646e+07,0.12608752,0.16125083,0.18636806,298.51022,298.20654
Algeria,1987,10,293.03564,283.8848,2.5064478,0.00093200605,1.1978575e+07,0.18515702,0.194565,0.1812913,293.44522,294.8542
Algeria,1987,11,285.16293,279.5973,2.8613305,0.0018535556,8.546338e+06,0.23088476,0.21955444,0.18407135,286.77658,290.08075
Algeria,1987,12,284.16898,279.76257,2.3101246,0.000880527,7.290433e+06,0.25554803,0.25431627,0.20251206,284.06857,286.0199
Algeria,1988,1,282.81717,277.92236,3.0587003,0.0013440708,7.549505e+06,0.27595899,0.27210173,0.21866904,282.32465,283.7725
Algeria,1988,2,281.81158,276.70975,2.5122287,0.001279008,1.081389e+07,0.25711828,0.26532176,0.22833677,282.33466,283.55963
Algeria,1988,3,283.9366,277.0591,3.033229,0.0015120821,1.4712339e+07,0.2553243,0.27128857,0.23699726,283.4282,283.21176
Algeria,1988,4,287.89386,280.83972,2.492546,0.0015618474,1.7366058e+07,0.20207131,0.22299789,0.22774825,287.89853,286.84732
Algeria,1988,5,291.9439,283.79782,2.4567134,0.0017065058,1.8756452e+07,0.22233105,0.23737447,0.21848567,291.29227,289.5144
Algeria,1988,6,295.01804,286.44528,2.5247056,0.0018322165,2.026166e+07,0.20029189,0.2266675,0.20875989,294.86008,292.9276
Algeria,1988,7,300.17813,287.35236,2.265336,0.00015182301,2.1407508e+07,0.13227083,0.18599598,0.19523485,299.52023,296.8907
Algeria,1988,8,300.3517,287.3605,2.1679566,0.00018087862,1.9379078e+07,0.11840126,0.1665005,0.18671781,300.40997,298.98944
Algeria,1988,9,294.75568,285.14688,2.2185035,0.00094673235,1.5853623e+07,0.14828858,0.17251311,0.1768365,296.0903,296.9026
Algeria,1988,10,292.45453,283.23474,2.1824589,0.00073990604,1.1965331e+07,0.1631566,0.17766774,0.16705808,292.87265,294.09897
Algeria,1988,11,286.33252,281.3011,2.2895803,0.0015100682,8.126186e+06,0.21084642,0.20753093,0.17262027,287.59274,290.16605
Algeria,1988,12,280.71985,277.29196,2.6671507,0.0025580644,6.7831085e+06,0.30991215,0.29650941,0.21203922,281.50558,284.34082
Algeria,1989,1,280.39795,275.8845,1.9906274,0.000713755,8.562836e+06,0.25998613,0.27424482,0.23934308,280.30777,282.02744
Algeria,1989,2,282.23972,276.35092,2.7812033,0.0011194152,1.1047554e+07,0.24672468,0.26201022,0.2381738,281.58893,282.00784
Algeria,1989,3,285.46884,278.75156,2.6977055,0.0014628009,1.5161618e+07,0.22956811,0.2540106,0.23456791,285.02948,284.49838
Algeria,1989,4,286.3393,279.44943,3.3690984,0.002358606,1.7279636e+07,0.2534742,0.26233348,0.23508298,286.55762,285.95096
Algeria,1989,5,291.17044,282.64444,2.414943,0.0007290235,2.0308674e+07,0.191104,0.22949308,0.23229432,290.6153,288.6869
Algeria,1989,6,294.58093,285.66055,2.118502,0.001434694,2.0625146e+07,0.20634003,0.23118268,0.22541979,294.07632,292.07443
Algeria,1989,7,299.72287,286.25504,2.2926624,0.0002636401,2.1039934e+07,0.132725,0.18484995,0.20673679,299.22998,296.75928
Algeria,1989,8,300.31827,288.20465,2.0356326,0.0011677814,1.8184106e+07,0.13367416,0.16896062,0.19008544,300.3855,298.8614
Algeria,1989,9,295.44092,287.99753,2.180704,0.001094944,1.5127461e+07,0.18996695,0.20926975,0.1837427,296.1646,296.63028
Algeria,1989,10,291.00894,284.5249,2.1563687,0.0005776265,1.235147e+07,0.17308928,0.20000264,0.18436812,291.91953,293.2837
Algeria,1989,11,287.37686,281.08398,2.4591782,0.0012473286,9.022953e+06,0.19801342,0.20241122,0.18667874,287.8471,289.8924
Algeria,1989,12,285.15427,279.94742,2.4799118,0.0007449552,7.218927e+06,0.22237909,0.22777294,0.19144745,285.094,287.102
Algeria,1990,1,281.3114,278.15085,2.4452035,0.0019192236,7.0984355e+06,0.2977582,0.27884036,0.20906565,281.75742,283.69257
Algeria,1990,2,285.0367,277.93848,2.3415906,6.828695e-05,1.2595743e+07,0.20699555,0.24455747,0.21772273,284.00262,284.14078
Algeria,1990,3,285.5293,279.14462,2.397173,0.0014875286,1.3711133e+07,0.19999412,0.21305367,0.21007934,285.81473,285.79037
Algeria,1990,4,286.18643,280.4505,2.7431965,0.0022907064,1.6617974e+07,0.25757116,0.25435814,0.21302098,286.43768,286.01093
Algeria,1990,5,290.98517,285.02853,2.2444818,0.002691879,1.7958766e+07,0.27241448,0.28452083,0.23451748,290.55215,289.02744
Algeria,1990,6,297.42856,286.43842,2.2584796,0.000605772,2.1104918e+07,0.16624534,0.21289274,0.22043027,296.53494,293.70126
Algeria,1990,7,298.5985,286.84555,2.3098366,0.0005133769,2.1021914e+07,0.13643116,0.18183102,0.20544246,298.75308,296.9552
Algeria,1990,8,298.17465,287.81598,2.048522,0.0006708252,1.8987348e+07,0.14975248,0.18524054,0.19534071,298.78595,297.7811
Algeria,1990,9,298.4345,287.64682,2.1476882,0.0005586014,1.553595e+07,0.1441217,0.17062467,0.18387143,298.64224,298.12967
Algeria,1990,10,292.1223,284.31915,2.4764872,0.00081810734,1.2029391e+07,0.16712901,0.1772263,0.18077067,293.1662,294.8079
Algeria,1990,11,285.45502,281.17404,2.709038,0.0025898211,7.885699e+06,0.25550175,0.23991942,0.18966487,286.9463,289.78333
Algeria,1990,12,280.2881,276.74194,2.890584,0.0025924451,6.635325e+06,0.30814323,0.29797924,0.22717649,281.0093,283.77087
Algeria,1991,1,280.24503,276.16214,2.1915483,0.0013409533,8.2077915e+06,0.29172805,0.29595265,0.2572784,280.40457,282.2726
Algeria,1991,2,280.56705,276.56732,2.6470988,0.0023759755,9.416998e+06,0.32360494,0.3183354,0.271962,280.50732,281.36945
Algeria,1991,3,284.75168,279.41275,3.368261,0.0033442115,1.2599361e+07,0.3164958,0.3253797,0.28860775,284.0615,283.59164
Algeria,1991,4,284.74777,279.21164,2.8132906,0.0014712339,1.6675554e+07,0.2823033,0.30293554,0.29306895,284.94907,284.62164
Algeria,1991,5,287.81052,280.53082,2.5916526,0.0012616676,1.9727192e+07,0.21261151,0.24756831,0.26801032,287.63293,286.1826
Algeria,1991,6,295.28394,285.35583,2.4065366,0.0003749247,2.130082e+07,0.17232847,0.2192106,0.24800234,294.59598,291.90652
Algeria,1991,7,299.5677,286.4213,2.2147632,0.00016095312,2.118176e+07,0.1255156,0.18142073,0.2267374,298.8827,296.204
Algeria,1991,8,299.8229,286.37607,2.1137924,0.0005385694,1.9309194e+07,0.129869,0.1726585,0.20609887,299.4045,297.77637
Algeria,1991,9,296.42944,287.59158,2.1637607,0.0011020699,1.534314e+07,0.15881523,0.16905212,0.18432386,297.4985,297.57346
Algeria,1991,10,289.71185,283.93283,2.4306083,0.0025911864,1.0524293e+07,0.25537807,0.23517533,0.18706512,290.8361,292.9489
Algeria,1991,11,284.45767,279.15573,2.540555,0.0010343154,8.731835e+06,0.24424699,0.25648785,0.2024465,285.1069,287.72882
Algeria,1991,12,280.62634,276.57217,2.3507695,0.000653751,7.1044105e+06,0.26331836,0.26482072,0.21674243,281.22083,283.7312
Algeria,1992,1,279.71408,275.59393,2.1754568,0.0022073735,7.704082e+06,0.25588426,0.2642812,0.22683328,279.649,281.2801
Algeria,1992,2,281.354,276.4042,2.1186857,0.0010797046,1.1062849e+07,0.2810264,0.29450107,0.25532117,280.8994,281.494
Algeria,1992,3,283.27322,278.51163,2.8164842,0.0022474667,1.3053866e+07,0.28555742,0.2952859,0.26502922,283.11472,282.98447
Algeria,1992,4,285.92984,279.87073,3.1033711,0.0027540661,1.7129306e+07,0.28247017,0.3015373,0.27876544,285.36075,284.16418
Algeria,1992,5,290.55212,283.4789,2.350969,0.00252623,1.9002828e+07,0.25643864,0.28368747,0.27454075,289.49667,287.8427
Algeria,1992,6,292.88416,284.16595,2.6943119,0.00092351495,2.0069292e+07,0.19650073,0.23444013,0.2517041,292.49722,290.8273
Algeria,1992,7,297.15784,287.43616,2.1401024,0.00075734325,2.0454576e+07,0.16006361,0.19665009,0.22730902,296.65054,294.36377
Algeria,1992,8,299.44284,286.17035,2.066369,9.5202835e-05,1.9604938e+07,0.12136247,0.17444202,0.21185666,299.18115,297.4192
Algeria,1992,9,296.3438,286.1805,2.0791204,0.00046095872,1.5905248e+07,0.13092664,0.16406018,0.19553714,296.89224,296.72018
Algeria,1992,10,290.19937,282.8059,2.6283283,0.0014140231,1.1449635e+07,0.1954989,0.1982965,0.18642697,290.96948,292.66635
Algeria,1992,11,286.04837,280.94067,2.3930893,0.0016015047,8.617638e+06,0.25225374,0.24903819,0.20008703,286.2828,288.61676
Algeria,1992,12,282.24725,277.716,2.8711736,0.0019748756,6.9134735e+06,0.258325,0.26115417,0.21474656,282.506,284.7507
Algeria,1993,1,280.0753,274.73593,1.99461,0.00058585615,9.082118e+06,0.26263753,0.2821417,0.24883677,279.84256,281.72784
Algeria,1993,2,280.5851,276.52576,2.4071233,0.0016576506,1.0024092e+07,0.26332203,0.2656099,0.25209248,280.93933,281.88208
Algeria,1993,3,283.49435,277.5147,2.6515603,0.0012092155,1.4746997e+07,0.26342726,0.27657923,0.25309137,282.90622,282.43542
Algeria,1993,4,286.76422,279.17752,2.643651,0.0014993696,1.7831974e+07,0.21449041,0.23695977,0.23951961,286.50592,285.51636
Algeria,1993,5,291.4355,283.0929,2.636936,0.0012520436,1.9881446e+07,0.21857202,0.24985754,0.23915721,290.4468,288.28873
Algeria,1993,6,296.7064,286.18948,2.4341986,0.000239532,2.1504058e+07,0.13738166,0.19366625,0.22804831,296.206,293.54065
Algeria,1993,7,299.49036,286.43506,2.5222528,0.00011183647,2.1342424e+07,0.11798835,0.17240565,0.2103134,299.16232,296.99216
Algeria,1993,8,300.10168,286.9427,2.2130404,0.0002807772,1.9038912e+07,0.12156204,0.16550677,0.19620217,300.16583,298.781
Algeria,1993,9,294.8042,285.25897,2.5296876,0.001241684,1.5606447e+07,0.16584715,0.17307144,0.18636636,295.80173,296.55597
Algeria,1993,10,291.06458,282.69412,2.6390233,0.00093254825,1.1683286e+07,0.17817101,0.19411655,0.17639305,291.61053,292.95862
Algeria,1993,11,285.3016,280.92862,2.4424028,0.0015688669,7.7823505e+06,0.24362023,0.23537983,0.18399428,286.252,288.84732
Algeria,1993,12,282.29346,278.39163,2.5042744,0.0015915614,7.0923515e+06,0.2725816,0.27318957,0.20868427,282.37463,284.63065
Algeria,1994,1,281.55734,277.56055,3.032056,0.0017056054,7.6084865e+06,0.29031834,0.28957573,0.22951384,281.56927,283.17096
Algeria,1994,2,282.49817,276.49216,3.1954002,0.0018473979,1.1210999e+07,0.28360382,0.2932681,0.24651335,281.70178,282.17102
Algeria,1994,3,285.98148,279.46957,2.2483215,0.00047056325,1.5433759e+07,0.20923264,0.2432662,0.24156474,285.4881,284.79678
Algeria,1994,4,285.52902,277.9999,3.061329,0.0013716548,1.7919558e+07,0.20654088,0.21999367,0.2240583,285.96017,285.70566
Algeria,1994,5,293.86942,282.06863,2.5928931,0.0004192488,2.1026296e+07,0.15253778,0.19018698,0.20834665,292.40918,289.59644
Algeria,1994,6,296.7271,283.68344,2.6475475,0.00019278744,2.2192578e+07,0.12560193,0.16919112,0.1964092,296.8012,294.57397
Algeria,1994,7,301.02472,285.24475,2.1761386,9.9307996e-05,2.1909814e+07,0.116684824,0.16378404,0.18949336,300.42853,297.9265
Algeria,1994,8,302.31622,286.73865,2.1874259,0.00017379141,1.9489274e+07,0.11670798,0.15870036,0.18137482,301.8759,300.08353
Algeria,1994,9,295.92444,286.51138,2.4550483,0.0021720247,1.5211667e+07,0.16684033,0.17531748,0.17090361,297.15353,297.98398
Algeria,1994,10,290.79068,286.28018,2.164938,0.002164589,1.0700888e+07,0.28583077,0.27682418,0.19008172,291.43063,293.29758
Algeria,1994,11,286.82187,282.24258,2.0923152,0.0009047707,9.163329e+06,0.24367847,0.25976896,0.2049056,287.32404,289.648
Algeria,1994,12,282.37683,278.26532,2.3475676,0.0009809969,7.5471085e+06,0.22933854,0.2435587,0.2154777,282.72244,285.34192
Algeria,1995,1,280.65662,276.93027,3.058206,0.0029346833,7.725802e+06,0.31289688,0.3087633,0.25729907,280.89493,282.4826
Algeria,1995,2,284.10068,278.84827,2.6247663,0.0009903013,1.1492401e+07,0.23348205,0.2639999,0.26427117,283.51068,283.71344
Algeria,1995,3,283.7042,278.23712,2.936177,0.0022757186,1.4227884e+07,0.29747772,0.3082835,0.27461034,283.58282,283.86478
Algeria,1995,4,285.9703,278.12085,2.6086626,0.0009648957,1.8539532e+07,0.19147474,0.22573924,0.25256854,285.9693,285.3423
Algeria,1995,5,292.6641,281.79144,2.6498234,0.00017721883,2.1165662e+07,0.1490706,0.19564983,0.2255956,291.8198,289.4196
Algeria,1995,6,295.73337,286.23032,2.3771124,0.0008223964,2.0162394e+07,0.15940088,0.18800521,0.21440014,295.27686,293.13425
Algeria,1995,7,299.79526,286.20825,2.402943,0.00013407596,2.1777892e+07,0.11468376,0.16314426,0.1884138,299.45828,296.93137
Algeria,1995,8,299.06418,287.05142,2.3052876,0.0007986369,1.8671928e+07,0.13345373,0.15721206,0.17009813,299.5249,298.59824
Algeria,1995,9,294.35916,285.64075,2.420746,0.0015725557,1.49308e+07,0.17250274,0.17414437,0.15787297,295.40326,296.1563
Algeria,1995,10,291.23718,284.50067,1.8508897,0.0010056471,1.18362e+07,0.20389351,0.205646,0.15613072,291.61066,292.79428
Algeria,1995,11,286.33292,279.432,2.8062582,0.0011388421,8.952216e+06,0.20060845,0.20421152,0.15981805,287.09708,289.4782
Algeria,1995,12,284.1693,280.11887,2.8814743,0.0015956569,6.86959e+06,0.26353812,0.24962384,0.17754287,283.8552,285.6141
Algeria,1996,1,283.43063,278.77493,3.0419893,0.0021136133,7.6895385e+06,0.30411145,0.28873304,0.20057298,283.22614,284.75848
Algeria,1996,2,280.99133,276.87503,3.5322545,0.004332102,9.401373e+06,0.3387398,0.3302341,0.24975164,281.35922,282.79782
Algeria,1996,3,284.2263,279.11105,2.7129383,0.002041899,1.3688683e+07,0.30988586,0.32471365,0.2884178,283.46066,283.09677
Algeria,1996,4,286.62848,280.8087,2.8100328,0.0027947498,1.6017029e+07,0.25546017,0.2738284,0.27328825,286.5105,285.8678
Algeria,1996,5,290.34085,283.44644,2.4063337,0.0018388487,1.9811336e+07,0.26988307,0.29978034,0.28161255,289.6012,288.13757
Algeria,1996,6,294.341,286.02557,2.225848,0.0012741961,2.0197092e+07,0.19595546,0.23031399,0.25029507,293.75012,291.87192
Algeria,1996,7,298.47986,286.02612,2.413607,0.00043413966,2.0913214e+07,0.13776447,0.1840814,0.2184085,297.8142,295.37384
Algeria,1996,8,299.37363,287.87372,2.3023157,0.0005909295,1.8414476e+07,0.123708464,0.16116321,0.1908926,299.60724,298.1579
Algeria,1996,9,293.57758,284.8765,2.6104605,0.0010661691,1.5201962e+07,0.17131262,0.1746422,0.17375591,294.35464,295.1943
Algeria,1996,10,288.96228,281.6758,2.5088074,0.00088345096,1.2089391e+07,0.1616827,0.17359135,0.16330576,289.92474,291.57108
Algeria,1996,11,286.29352,278.66168,3.0418642,0.0006954077,8.981358e+06,0.16074808,0.17390972,0.16418566,286.7023,288.7554
Algeria,1996,12,283.6233,278.12762,3.2078364,0.0013437029,7.167093e+06,0.2310299,0.20984413,0.17176968,283.419,285.43045
Algeria,1997,1,282.72382,277.72156,2.9649253,0.0014967362,7.6725695e+06,0.2669607,0.25014925,0.18608235,282.27625,283.57227
Algeria,1997,2,283.75827,277.94058,2.1400712,0.0005649915,1.1951185e+07,0.23068464,0.2499043,0.197432,283.14423,283.5692
Algeria,1997,3,284.38712,276.71915,2.3503177,0.00040996377,1.6001635e+07,0.16587347,0.1987558,0.19072448,284.59473,284.5711
Algeria,1997,4,287.20435,280.03107,2.5923388,0.0024213647,1.6720688e+07,0.22764166,0.214482,0.18470094,286.7681,286.02274
Algeria,1997,5,293.01898,283.2111,2.500396,0.00080468814,2.0267866e+07,0.17515704,0.20661303,0.17857735,292.1118,289.73404
Algeria,1997,6,297.83606,285.34564,2.6701338,0.00046183978,2.1534424e+07,0.13727406,0.17844398,0.1785552,297.44736,295.01035
Algeria,1997,7,299.28027,286.24203,2.5868917,0.00020213054,2.1219022e+07,0.11936679,0.1598596,0.1672056,298.93723,296.79608
Algeria,1997,8,299.01743,287.76346,2.240312,0.00087759335,1.832961e+07,0.1443027,0.15733069,0.15912087,299.29752,298.36417
Algeria,1997,9,295.34808,287.88516,2.0877554,0.0019390958,1.4259643e+07,0.1977901,0.18859813,0.1481364,295.8784,296.33875
Algeria,1997,10,291.40442,284.8924,2.3721693,0.0014569336,1.1297314e+07,0.19828998,0.20071545,0.14778465,292.30267,293.82257
Algeria,1997,11,286.01212,281.6415,3.1285522,0.0031047375,7.766302e+06,0.29756948,0.27619368,0.1711121,286.406,288.86334
Algeria,1997,12,282.93427,278.8664,2.9203699,0.0017151034,7.02083e+06,0.30661526,0.30298227,0.21897386,283.09802,285.3286
Algeria,1998,1,281.82074,277.5489,2.6574135,0.0008656071,8.394157e+06,0.27390763,0.28341538,0.2405276,281.564,283.19662
Algeria,1998,2,283.17636,278.62457,2.2817364,0.0012915655,1.1111479e+07,0.27160513,0.27669954,0.24640298,282.82706,283.39862
Algeria,1998,3,284.38733,277.61862,2.569378,0.00096704514,1.515182e+07,0.22495587,0.25201485,0.24152134,284.1224,283.92484
Algeria,1998,4,287.75592,280.14206,3.1696594,0.002207635,1.7467784e+07,0.2225069,0.23389931,0.22408561,287.37784,286.4635
Algeria,1998,5,290.25943,284.08087,2.5768175,0.0031711946,1.764615e+07,0.2660912,0.276552,0.22756849,289.62997,288.29523
Algeria,1998,6,297.30563,284.28955,2.4398696,0.00046860747,2.158947e+07,0.16199559,0.20885651,0.20819204,295.96027,293.02884
Algeria,1998,7,300.49326,285.44806,2.4315727,4.416916e-05,2.2027282e+07,0.108940415,0.16128893,0.17970362,300.22116,297.69437
Algeria,1998,8,299.50977,287.52032,2.393572,0.0005076646,1.8764812e+07,0.12913053,0.15713301,0.17047438,299.70792,298.44708
Algeria,1998,9,296.66534,286.87015,2.582303,0.0015034361,1.5019871e+07,0.14998616,0.1609331,0.15445323,297.44806,297.7452
Algeria,1998,10,289.08414,282.01657,2.3500726,0.0012028496,1.1883141e+07,0.21208286,0.21913439,0.1576759,290.15533,292.3681
Algeria,1998,11,285.08823,279.7731,2.5050824,0.0020850226,8.2794195e+06,0.20059416,0.2114951,0.16291168,286.26035,288.8592
Algeria,1998,12,280.9779,276.53146,2.5214763,0.0011476672,7.4218585e+06,0.26991263,0.26936707,0.19585897,281.22485,283.85165
Algeria,1999,1,281.56076,277.48105,2.761443,0.00279764,7.208435e+06,0.3110085,0.30087477,0.2233255,281.27008,282.63895
Algeria,1999,2,280.32477,276.01633,2.8596644,0.0016854379,9.642603e+06,0.31410867,0.31789097,0.26032636,280.14066,281.1194
Algeria,1999,3,284.61353,278.76157,2.860849,0.0019770395,1.4329531e+07,0.26588205,0.28183308,0.25588423,284.1446,283.81863
Algeria,1999,4,287.9455,279.62338,2.6905959,0.0005078001,1.9354366e+07,0.2025479,0.24381721,0.24126582,287.18646,285.75308
Algeria,1999,5,294.74936,283.48837,2.6544542,0.0007184024,2.0567466e+07,0.15948306,0.20367807,0.22157486,293.38467,290.77155
Algeria,1999,6,298.04987,285.96014,2.4959097,0.00039798717,2.1118968e+07,0.12987116,0.17169565,0.20160456,297.54605,295.02426
Algeria,1999,7,299.85477,286.40814,2.4448519,0.0002039217,2.1452586e+07,0.11515846,0.15886372,0.18167993,299.76242,297.79315
Algeria,1999,8,302.18686,287.5416,2.338988,0.0003091938,1.8677428e+07,0.116623096,0.15358607,0.16721947,301.86954,299.92014
Algeria,1999,9,296.8192,286.98062,2.3492496,0.0008851163,1.583288e+07,0.14490323,0.15415831,0.1552829,297.90356,298.34665
Algeria,1999,10,293.39517,284.65854,2.4157422,0.001156318,1.1886488e+07,0.18921828,0.18461275,0.15003939,293.7422,295.03824
Algeria,1999,11,284.67236,279.7151,2.6309874,0.001942223,8.27911e+06,0.2181099,0.21081538,0.1549635,286.38,289.905
Algeria,1999,12,281.9008,278.05432,3.042822,0.0032561347,6.6443905e+06,0.30556047,0.29327556,0.18889678,282.35886,284.9259
Algeria,2000,1,279.40826,275.1781,1.8953812,0.00046383427,8.82497e+06,0.2897385,0.3003381,0.24983338,279.51343,281.7605
Algeria,2000,2,282.8218,276.5196,2.3369102,0.00035361468,1.2113637e+07,0.21577173,0.2507635,0.24521726,282.18652,282.59863
Algeria,2000,3,285.6081,277.66235,2.3646305,0.00074184727,1.56155e+07,0.18761472,0.21813887,0.23393166,285.076,284.44547
Algeria,2000,4,288.48743,278.75772,3.4146967,0.0008335888,1.8857688e+07,0.18070368,0.20025976,0.21807279,288.04742,286.90298
Algeria,2000,5,293.82675,284.87357,2.4462574,0.0018895047,1.9508944e+07,0.1759717,0.19433501,0.20820616,293.08408,290.8909
Algeria,2000,6,296.56946,285.6476,2.4151814,0.00049263815,2.1527286e+07,0.15873928,0.19787577,0.20038313,295.98077,293.72818
Algeria,2000,7,300.64685,285.66025,2.5539386,7.666186e-05,2.1871084e+07,0.11325719,0.16707253,0.18734613,300.27698,297.93866
Algeria,2000,8,300.3915,284.3445,2.4025033,0.00030074143,1.9787324e+07,0.120902725,0.16042684,0.17788684,300.1288,298.75348
Algeria,2000,9,295.921,285.59158,2.2800562,0.00093491067,1.570898e+07,0.13169071,0.15573452,0.16928703,297.11926,297.74982
Algeria,2000,10,289.5231,283.73837,2.5182958,0.0016016113,1.1249178e+07,0.22659676,0.21016487,0.16809006,290.32312,292.52454
Algeria,2000,11,286.04337,279.95786,2.8425162,0.001300134,8.997891e+06,0.23190637,0.2364979,0.17554827,286.3675,288.73477
Algeria,2000,12,283.39883,277.86035,2.9485512,0.0012000515,7.79297e+06,0.24164835,0.2462869,0.1946003,283.19733,285.38998
Algeria,2001,1,282.05408,277.39066,3.1732574,0.0025800716,7.9796215e+06,0.29754364,0.2880499,0.22208014,281.76324,283.34784
Algeria,2001,2,281.78387,276.4306,2.791666,0.001513273,1.1448673e+07,0.28412133,0.29495746,0.25551888,281.59973,282.57397
Algeria,2001,3,288.12833,279.51898,2.9682946,0.0005774038,1.5271766e+07,0.21210222,0.24694526,0.24727441,286.72705,285.54706
Algeria,2001,4,287.235,279.42944,2.7292955,0.0014702172,1.821512e+07,0.18947567,0.20839913,0.2241119,287.33167,286.70135
Algeria,2001,5,291.1202,282.90445,2.5993447,0.001270333,1.9171468e+07,0.21123032,0.23158409,0.21121423,290.55563,288.94925
Algeria,2001,6,297.87515,283.5673,2.6155725,0.0001556958,2.260124e+07,0.120901175,0.17449616,0.19291693,297.142,294.39517
Algeria,2001,7,300.49606,285.58575,2.4028974,0.00017386887,2.1453788e+07,0.113979004,0.16335922,0.1843768,299.86746,297.55936
Algeria,2001,8,300.53558,287.46783,2.1775608,0.00035853314,1.9390796e+07,0.12075921,0.1619431,0.17799401,300.66635,299.30865
Algeria,2001,9,295.97833,288.35083,2.126433,0.0016220015,1.5281691e+07,0.17565516,0.17225225,0.1651494,297.00073,297.4657
Algeria,2001,10,294.4305,285.7944,2.0552475,0.0004431439,1.2449821e+07,0.16823487,0.18844269,0.15799297,294.66675,295.55853
Algeria,2001,11,285.15735,280.5089,2.4512458,0.0020082833,8.103954e+06,0.23774575,0.2263848,0.16951305,286.61218,289.89722
Algeria,2001,12,281.21933,277.0477,2.2253444,0.0010720558,6.883848e+06,0.25812572,0.2505217,0.18610623,281.6576,284.51666
Algeria,2002,1,281.198,276.47638,2.1120672,0.0006628085,8.830859e+06,0.25691104,0.2612087,0.2001607,280.75845,282.451
Algeria,2002,2,283.15167,276.9327,2.4625587,0.0008871108,1.1543422e+07,0.22305271,0.24029626,0.20632607,282.40085,282.9636
Algeria,2002,3,285.80606,278.45428,2.7326899,0.0011150341,1.4782459e+07,0.20548752,0.22446468,0.20040801,285.24075,284.72614
Algeria,2002,4,287.79294,279.79373,2.9587085,0.0013913382,1.7958246e+07,0.2105752,0.21457581,0.1906925,287.26895,286.29333
Algeria,2002,5,292.35764,281.62793,2.8022199,0.0009535678,2.0572148e+07,0.16296872,0.1860718,0.17603567,291.7377,289.72495
Algeria,2002,6,298.2227,284.25565,2.5209901,0.00030046067,2.1656194e+07,0.1268875,0.1600944,0.1691883,297.36835,294.36432
Algeria,2002,7,299.2317,287.29385,2.3994381,0.00056976476,2.0942298e+07,0.13489363,0.1626045,0.1676575,299.33826,297.4539
Algeria,2002,8,298.52863,288.64407,2.219625,0.0012799955,1.8068648e+07,0.1618966,0.16853312,0.16140392,298.9085,298.11246
Algeria,2002,9,295.2095,286.26413,2.315763,0.00061937515,1.5699561e+07,0.14660631,0.17104158,0.14967762,295.97885,296.40204
Algeria,2002,10,291.7965,283.17166,2.5031254,0.00070552534,1.2565533e+07,0.15764408,0.17561391,0.14390582,292.13412,293.35605
Algeria,2002,11,286.40057,280.97705,3.3336205,0.0033910722,7.798992e+06,0.26425272,0.24128266,0.15694678,286.86234,289.39246
Algeria,2002,12,283.77557,279.77618,2.979282,0.0020293607,7.0721495e+06,0.30337274,0.29857326,0.20846526,283.48526,285.6115
Algeria,2003,1,281.2292,277.52902,3.5265934,0.0047202134,6.621119e+06,0.33148697,0.32350403,0.24500221,281.52527,283.483
Algeria,2003,2,280.88144,276.93967,2.8396785,0.0027278862,9.691489e+06,0.34397155,0.34295627,0.29275516,280.7268,281.743
Algeria,2003,3,285.12012,279.35007,2.333531,0.0008992229,1.4357664e+07,0.2609003,0.29064897,0.2853009,284.34076,283.95615
Algeria,2003,4,287.9262,281.88376,2.8021724,0.0030030478,1.7088818e+07,0.28597733,0.30063534,0.27976888,287.02072,285.83435
Algeria,2003,5,291.82312,284.08438,2.4745915,0.0013996453,1.959921e+07,0.21238132,0.24614401,0.25556174,291.4382,289.9051
Algeria,2003,6,298.9232,286.60248,2.2291293,0.00041324596,2.1597424e+07,0.15059936,0.19382082,0.21632206,297.44608,294.22586
Algeria,2003,7,302.23434,287.39288,2.301569,0.00025089865,2.114934e+07,0.11927407,0.16077165,0.18999952,301.54553,298.87772
Algeria,2003,8,301.2476,287.6543,2.2045274,0.00038466477,1.8670374e+07,0.12324908,0.15516853,0.17534558,301.05453,299.7086
Algeria,2003,9,295.63684,287.67337,2.2787185,0.0013274759,1.4830266e+07,0.16508237,0.16570832,0.16718274,296.77756,297.7526
Algeria,2003,10,292.25156,285.9578,2.43736,0.002146019,1.0691911e+07,0.22981487,0.21169531,0.16382502,292.84256,294.40854
Algeria,2003,11,286.28836,281.80005,2.5680718,0.0016621139,8.134009e+06,0.26977357,0.260873,0.17819433,286.7942,289.3812
Algeria,2003,12,281.7305,277.94333,3.190316,0.0034487962,6.6373365e+06,0.3240717,0.314075,0.22370239,282.12695,284.8941
Algeria,2004,1,281.76572,278.16125,2.803359,0.0016443572,7.8609125e+06,0.31530273,0.31835738,0.27174193,281.3502,282.83063
Algeria,2004,2,283.62958,278.16193,2.571488,0.0008574355,1.1505396e+07,0.26427934,0.28378752,0.2723043,282.91028,283.33917
Algeria,2004,3,284.8572,279.3137,2.708372,0.0016387803,1.4280492e+07,0.25740418,0.27391466,0.2654819,284.52917,284.18588
Algeria,2004,4,286.54233,280.58383,2.977216,0.002586752,1.705537e+07,0.2712866,0.28322542,0.2592194,286.24475,285.78946
Algeria,2004,5,288.7804,283.2448,2.7797303,0.0029780103,1.7338454e+07,0.27324885,0.28092474,0.2564351,288.3251,287.36508
Algeria,2004,6,295.95514,286.53076,2.2111726,0.0011917056,2.114631e+07,0.1970815,0.244165,0.24472591,294.4555,291.78812
Algeria,2004,7,299.61078,287.32538,2.3217063,0.0001475339,2.1443968e+07,0.12163889,0.17477027,0.20612732,299.02148,296.59714
Algeria,2004,8,300.6645,288.64175,2.2600584,0.00067786395,1.8870646e+07,0.12358727,0.15011975,0.17647882,300.17975,298.43973
Algeria,2004,9,295.9544,286.46,2.335647,0.0008582682,1.5536908e+07,0.1549648,0.15899692,0.1554411,296.6944,297.25455
Algeria,2004,10,293.31067,283.23175,2.3265054,0.0012264058,1.1635104e+07,0.15149775,0.152135,0.14952403,293.34735,294.2093
Algeria,2004,11,284.1946,280.36304,2.2994199,0.002653025,7.8737985e+06,0.28119448,0.26590085,0.17866005,285.004,288.4145
Algeria,2004,12,282.10022,278.6748,2.8857048,0.0030578382,6.4065025e+06,0.30864504,0.2962968,0.2153175,282.5854,284.9861
Algeria,2005,1,278.91464,274.9376,2.5355487,0.0014096372,8.670933e+06,0.30002764,0.30447942,0.25558648,279.20132,281.41003
Algeria,2005,2,279.14523,274.7484,2.8675964,0.0025423118,9.864582e+06,0.3189367,0.31695688,0.27340618,279.0495,280.18216
Algeria,2005,3,284.96606,279.1674,2.4940486,0.0012433493,1.4235088e+07,0.27584,0.30000192,0.28337547,283.63736,282.60257
Algeria,2005,4,287.81076,280.54553,2.8968878,0.0014582019,1.7239846e+07,0.22082493,0.25574133,0.2668392,287.0763,285.7768
Algeria,2005,5,293.8786,282.77982,2.4804912,0.00026054188,2.1248398e+07,0.14029355,0.19086903,0.2345288,292.97812,290.51044
Algeria,2005,6,297.45605,286.15546,2.3279185,0.00057786854,2.1210588e+07,0.1381115,0.16625535,0.20902705,296.6949,294.061
Algeria,2005,7,300.93314,287.24637,2.3806262,0.00021341973,2.1550748e+07,0.11749866,0.15387829,0.18654089,300.30917,297.8089
Algeria,2005,8,298.91058,286.816,2.3710299,0.0005328958,1.9043782e+07,0.12311463,0.14676778,0.16828322,299.29678,298.5461
Algeria,2005,9,294.8571,286.93848,2.1830804,0.0012223684,1.5090237e+07,0.16480215,0.15040135,0.14764361,295.53128,296.27023
Algeria,2005,10,291.66776,285.66556,2.0222976,0.0014341422,1.1579119e+07,0.19225016,0.17601551,0.14241323,291.8864,293.22943
Algeria,2005,11,285.26736,280.18768,2.489727,0.0019713754,8.501058e+06,0.23227406,0.21353428,0.15099469,286.37384,289.41132
Algeria,2005,12,281.17764,277.7098,2.51032,0.0018556566,6.9770655e+06,0.29147196,0.27720127,0.18539844,281.41992,284.02475
Algeria,2006,1,279.8577,276.341,2.5547862,0.0025481114,7.2245175e+06,0.30483624,0.29464704,0.22225773,280.00772,281.8299
Algeria,2006,2,281.1043,277.10806,2.7400348,0.002526656,9.996935e+06,0.32546932,0.32468677,0.2623486,280.8002,281.77167
Algeria,2006,3,285.44608,279.02057,3.0999136,0.00087144534,1.5097263e+07,0.26633102,0.2923055,0.2683025,283.94778,283.09457
Algeria,2006,4,290.01154,281.55814,2.6877682,0.0013252975,1.7810328e+07,0.18432914,0.21556143,0.23979452,289.3623,287.84106
Algeria,2006,5,294.03372,286.3656,2.3695717,0.002178076,1.8342042e+07,0.22927664,0.24932395,0.22661139,292.77103,290.52478
Algeria,2006,6,297.61224,283.78583,2.740822,0.0003940466,2.1030606e+07,0.1490354,0.18931226,0.20634145,296.52206,294.02985
Algeria,2006,7,300.61993,286.8991,2.1833143,0.00029187274,2.1215034e+07,0.12514986,0.1624022,0.18763694,300.27533,298.05118
Algeria,2006,8,299.17255,287.4701,2.3561673,0.0002603773,1.9554232e+07,0.118400335,0.14851065,0.16965504,299.6631,298.67966
Algeria,2006,9,295.24655,285.94925,2.2782376,0.0009549911,1.5702337e+07,0.15023498,0.15613806,0.16073452,296.0975,296.82816
Algeria,2006,10,293.38187,283.74313,2.315849,0.00050052896,1.2585664e+07,0.14429282,0.16172487,0.15786798,293.54486,294.3914
Algeria,2006,11,287.2594,280.94748,2.399722,0.0008057338,8.738759e+06,0.17284214,0.17128527,0.1546629,287.81683,290.45224
Algeria,2006,12,282.71036,279.37082,2.3694897,0.0026914238,6.3709955e+06,0.27050713,0.24050774,0.16636449,283.44025,286.23428
Algeria,2007,1,282.36383,277.5928,2.1015656,0.0006571252,8.733779e+06,0.24790151,0.25994015,0.1992295,281.70844,283.36386
Algeria,2007,2,283.8469,279.39716,2.995619,0.0018575155,1.0268893e+07,0.28563628,0.28039128,0.21081503,283.35312,283.94632
Algeria,2007,3,283.60175,278.57028,3.0836987,0.0038296655,1.3435912e+07,0.30161572,0.30303144,0.2377701,283.50195,284.00018
Algeria,2007,4,287.30115,282.8527,2.6077335,0.0036201864,1.5096099e+07,0.31780827,0.32146898,0.26892442,286.5469,285.5518
Algeria,2007,5,291.59192,283.26712,2.6243088,0.0011187616,1.9799914e+07,0.23487556,0.27331343,0.2690879,290.40695,288.79492
Algeria,2007,6,296.99124,285.61926,2.606814,0.00042218243,2.1480892e+07,0.13975388,0.18851964,0.22409396,296.00638,293.2444
Algeria,2007,7,300.17554,286.34045,2.3061972,0.00011603844,2.206627e+07,0.11358084,0.15961266,0.1959851,299.7726,297.4066
Algeria,2007,8,300.11124,287.2976,2.4185133,0.00028581184,1.9009336e+07,0.11586966,0.1474633,0.17712705,299.9775,298.5131
Algeria,2007,9,295.67197,287.36615,2.225967,0.001444773,1.5295118e+07,0.16749613,0.16153808,0.16815461,296.6461,297.2456
Algeria,2007,10,290.8672,285.2004,2.3571734,0.002132561,1.0919777e+07,0.20109783,0.2007264,0.1678701,291.89673,293.64716
Algeria,2007,11,284.47144,279.484,2.3096151,0.0016994573,8.587308e+06,0.26102743,0.25758532,0.19190569,285.0786,287.9202
Algeria,2007,12,281.51422,277.5723,2.4673142,0.0014388767,7.073532e+06,0.2624035,0.26453042,0.21176192,281.7428,284.2382
Algeria,2008,1,281.95752,277.66043,2.2269192,0.000534319,8.72088e+06,0.2667601,0.27505824,0.22567609,281.36234,282.86676
Algeria,2008,2,283.21307,277.88028,2.2730234,0.0008326981,1.1215144e+07,0.23038568,0.24263594,0.22164328,282.32773,282.65622
Algeria,2008,3,284.57547,278.49173,3.1018581,0.0017486805,1.4466784e+07,0.2436182,0.24953087,0.2190679,284.2144,284.10007
Algeria,2008,4,288.43442,279.40588,2.928486,0.0008739239,1.9021676e+07,0.20527363,0.23297453,0.21477093,287.492,286.1988
Algeria,2008,5,291.84244,283.92834,2.7990446,0.0023313125,1.8402128e+07,0.21872485,0.21957615,0.19665952,291.1031,289.54572
Algeria,2008,6,295.91937,286.01578,2.3871174,0.00062025624,2.1298244e+07,0.16311477,0.19545344,0.17844212,295.01837,292.44733
Algeria,2008,7,300.90024,288.1645,2.3246596,0.0003812761,2.1064706e+07,0.125428,0.16018543,0.1650758,300.2072,297.4776
Algeria,2008,8,300.45303,288.42743,2.140422,0.00046883017,1.941473e+07,0.1267602,0.14925814,0.15297595,300.4274,298.9568
Algeria,2008,9,295.99622,286.85522,2.3104868,0.0020325074,1.3933039e+07,0.17035104,0.1537803,0.13923332,296.7756,297.37924
Algeria,2008,10,290.99118,285.89615,2.3139951,0.00224036,1.0879597e+07,0.2579131,0.23372583,0.14137077,291.28586,292.99283
Algeria,2008,11,284.4322,279.47458,2.9367995,0.0018057751,8.537195e+06,0.2730527,0.2654565,0.16294445,284.79944,287.7921
Algeria,2008,12,281.1476,277.7137,2.883731,0.0021057227,6.72926e+06,0.30869615,0.2967207,0.20105259,281.2855,283.8338
Algeria,2009,1,281.5447,278.27777,3.3071866,0.0035407653,6.9302005e+06,0.34031823,0.32980525,0.24838588,281.11337,282.47812
Algeria,2009,2,281.3671,276.40884,3.160099,0.0013996986,1.0982213e+07,0.3074879,0.31877127,0.2772991,280.96594,282.03253
Algeria,2009,3,284.3769,278.92773,2.8902798,0.0020429252,1.4903976e+07,0.27643564,0.29432306,0.27415597,283.55103,283.08258
Algeria,2009,4,285.50293,280.33646,2.8807297,0.0034093517,1.647466e+07,0.3065239,0.31332746,0.276408,284.98138,284.54645
Algeria,2009,5,292.7205,283.55594,2.648658,0.0011483401,2.0464468e+07,0.21653506,0.25995147,0.26516038,291.08716,288.69403
Algeria,2009,6,297.70227,285.09097,2.3482926,0.00011397618,2.2492516e+07,0.12914075,0.18338987,0.22293387,296.70746,293.93237
Algeria,2009,7,302.01956,287.2179,2.2135096,0.00019736702,2.1419396e+07,0.116050586,0.15759887,0.19341493,300.9571,297.94394
Algeria,2009,8,300.22208,288.79498,2.2302973,0.00042387677,1.8776664e+07,0.12530552,0.1532562,0.1808575,300.38785,299.2584
Algeria,2009,9,294.6672,287.903,2.151701,0.0022710327,1.4074051e+07,0.19060595,0.17580557,0.16533221,295.5383,296.5938
Algeria,2009,10,290.8102,284.35922,2.3719404,0.0009437406,1.2107077e+07,0.2073023,0.22202286,0.16473123,291.12683,292.7849
Algeria,2009,11,286.76315,279.788,2.691698,0.0012094914,9.199528e+06,0.20895675,0.22052982,0.17266604,286.74802,288.98706
Algeria,2009,12,284.2334,279.24377,3.2475536,0.0017507621,7.1482215e+06,0.26452523,0.2530777,0.1879923,283.71158,285.6513
Algeria,2010,1,282.56287,278.08484,3.408811,0.0019111342,7.594878e+06,0.27810666,0.269924,0.22266296,282.5432,284.4154
Algeria,2010,2,283.94028,278.6094,3.472202,0.0023927737,9.869829e+06,0.30376685,0.3015415,0.25342542,282.76453,283.3153
Algeria,2010,3,285.50607,279.6739,2.7401187,0.0021839626,1.3783173e+07,0.2831488,0.30232185,0.27408996,284.8955,284.75012
Algeria,2010,4,288.4585,282.73004,2.4362843,0.0016412784,1.6282715e+07,0.23317862,0.2548833,0.26007414,287.93298,287.0484
Algeria,2010,5,290.1375,282.43335,2.7336733,0.0018617369,1.8682168e+07,0.22001842,0.23681723,0.23644981,289.65338,288.6909
Algeria,2010,6,295.7422,285.84964,2.4609563,0.00071052124,2.139341e+07,0.16167633,0.19821705,0.20480852,294.90436,292.63885
Algeria,2010,7,300.67258,287.86578,2.2374597,0.00019028949,2.1483008e+07,0.12289826,0.16487065,0.18622978,299.8363,297.15277
Algeria,2010,8,299.95554,288.49,2.195166,0.00075029477,1.923316e+07,0.13803805,0.1633483,0.17491226,299.8636,298.42847
Algeria,2010,9,295.6367,286.7314,2.4034846,0.0008556928,1.5199926e+07,0.13866976,0.15251604,0.1591352,296.38068,296.9625
Algeria,2010,10,290.71786,282.87808,2.5923467,0.002093688,1.1704957e+07,0.21726795,0.20182995,0.15573156,291.22562,293.234
Algeria,2010,11,285.7963,280.9776,3.1808326,0.0020610597,7.6755685e+06,0.26587257,0.26032376,0.17825791,286.02026,288.2877
Algeria,2010,12,282.78027,276.7271,3.029321,0.0011309416,7.3761655e+06,0.25437978,0.25580534,0.1953513,282.93695,285.3705
Algeria,2011,1,281.92862,277.53723,2.2970796,0.0014413553,7.817806e+06,0.25825348,0.25654715,0.20820025,281.5743,283.0523
Algeria,2011,2,281.4307,277.21686,3.0465753,0.0032526103,1.0136511e+07,0.30848736,0.30407238,0.23977739,281.17798,282.13303
Algeria,2011,3,284.6026,279.17618,2.8443234,0.0019142518,1.3852616e+07,0.29021624,0.30048126,0.26214868,283.71082,283.41867
Algeria,2011,4,289.30768,282.53876,2.6080186,0.0024088265,1.794066e+07,0.23557205,0.25568068,0.24585228,288.50528,287.098
Algeria,2011,5,291.61972,284.5939,2.5617406,0.0023599905,1.8015628e+07,0.2545504,0.27847934,0.24156116,290.46936,289.01456
Algeria,2011,6,295.80835,287.09784,2.103672,0.0012402124,2.0721136e+07,0.2052627,0.24442574,0.22443463,294.72382,292.39764
Algeria,2011,7,300.22263,288.1188,2.4479656,0.00029197926,2.0860244e+07,0.12699115,0.1752113,0.19770822,299.63663,297.32712
Algeria,2011,8,300.69257,287.85306,2.1997004,0.00028236504,1.9706202e+07,0.12120705,0.15937841,0.18158127,300.3225,298.64297
Algeria,2011,9,296.78647,287.62677,2.2036479,0.00067453337,1.5947838e+07,0.13371104,0.15472873,0.16661984,297.42038,297.66803
Algeria,2011,10,290.7986,283.98856,2.2449632,0.002189617,1.1643953e+07,0.18354705,0.16972207,0.15279235,291.7262,293.64645
Algeria,2011,11,286.50058,281.8438,2.739436,0.0019447888,7.9626995e+06,0.276212,0.2668359,0.17040719,286.71964,289.16995
Algeria,2011,12,282.3636,278.62723,2.5309758,0.0012837037,6.9344525e+06,0.27180928,0.2718561,0.1924128,282.5665,285.22552
Algeria,2012,1,280.80142,276.62152,2.488734,0.0009989763,8.405655e+06,0.26378468,0.27174306,0.21208887,280.66132,282.55997
Algeria,2012,2,278.51675,274.4288,2.766561,0.0029335797,1.0324181e+07,0.30813727,0.3054106,0.24074711,279.02942,280.46738
Algeria,2012,3,284.80814,278.99127,2.4630172,0.0021141362,1.4095648e+07,0.26563245,0.28024068,0.24971344,283.85504,283.11115
Algeria,2012,4,287.0916,281.11667,3.144497,0.0030647074,1.6902804e+07,0.29615882,0.3074209,0.25955248,286.31622,285.33334
Algeria,2012,5,292.5748,283.55884,2.3357224,0.0005935824,2.0669486e+07,0.17569935,0.22100268,0.24014765,291.54376,289.39603
Algeria,2012,6,299.50296,286.81894,2.3278978,0.0002663898,2.1864698e+07,0.13053678,0.17136249,0.2056177,298.10443,294.7451
Algeria,2012,7,301.17715,287.21768,2.432936,0.00017046081,2.1390912e+07,0.114481755,0.15583321,0.18541583,300.72696,298.3821
Algeria,2012,8,302.29773,286.07742,2.217158,0.00036465214,1.9374046e+07,0.11151826,0.14492592,0.16809934,301.94028,300.19492
Algeria,2012,9,296.25656,286.0027,2.3832386,0.0008622087,1.4914316e+07,0.15433547,0.15760455,0.15620224,296.78986,297.39484
Algeria,2012,10,292.3851,284.43814,2.5245872,0.0014651826,1.163685e+07,0.17369747,0.16088504,0.15058361,293.25806,295.12326
Algeria,2012,11,287.18262,282.91034,2.65005,0.0025339369,8.1466245e+06,0.27393246,0.2466717,0.1664958,287.6875,290.26022
Algeria,2012,12,282.621,278.53702,2.6024582,0.00071434566,7.174656e+06,0.26756987,0.2673217,0.1967135,282.56256,285.11523
Algeria,2013,1,281.7636,277.45587,3.542787,0.0024139385,7.723299e+06,0.28747457,0.27692863,0.21055073,281.55652,283.40793
Algeria,2013,2,280.66583,275.96356,3.374604,0.0026080718,1.0259628e+07,0.31316578,0.3086991,0.24575222,280.664,282.03595
Algeria,2013,3,285.6715,279.63925,3.7317755,0.0021484685,1.3196051e+07,0.29184228,0.299949,0.25861654,284.3663,283.76556
Algeria,2013,4,288.05432,281.33688,2.872069,0.0021331515,1.751456e+07,0.24205737,0.25690517,0.24282809,287.61914,286.59576
Algeria,2013,5,290.2084,283.39038,2.7806041,0.0022565096,1.8744676e+07,0.24382178,0.26146004,0.23578905,289.80252,288.6253
Algeria,2013,6,294.8403,284.454,2.580116,0.00017355905,2.24493e+07,0.14696759,0.19778706,0.21189836,294.15677,291.89566
Algeria,2013,7,299.69083,288.50598,2.2520928,0.0003348026,2.0911398e+07,0.12562531,0.16356075,0.18440312,298.96408,296.1045
Algeria,2013,8,298.99652,287.4621,2.3513882,0.00089207763,1.9217504e+07,0.1261207,0.15349564,0.16543053,299.30008,298.07254
Algeria,2013,9,295.92023,288.91852,2.1756082,0.0012010584,1.4357245e+07,0.19682689,0.20187938,0.16200307,296.07385,296.25354
Algeria,2013,10,294.54285,286.00912,2.1148794,0.00087665423,1.2140315e+07,0.15700676,0.1753329,0.14884603,294.7232,295.2712
Algeria,2013,11,284.9768,280.27863,3.0358617,0.0029334635,8.0057955e+06,0.25643823,0.23586012,0.1593014,286.32996,289.76978
Algeria,2013,12,281.8852,278.38522,2.2869525,0.0016607101,6.734723e+06,0.28886685,0.28148937,0.19524655,281.75784,284.19122
Algeria,2014,1,282.7861,278.36423,3.1817625,0.0019551388,7.763017e+06,0.30753148,0.29886574,0.21891066,282.11023,283.50302
Algeria,2014,2,283.52664,278.137,3.112681,0.001597603,1.0676523e+07,0.29780728,0.30370846,0.2417571,282.74673,283.36075
Algeria,2014,3,283.71378,279.04074,3.1991856,0.003605857,1.3261902e+07,0.31414428,0.3187055,0.26753116,283.3376,283.5242
Algeria,2014,4,289.06055,281.03687,2.8562284,0.0006258814,1.8947022e+07,0.2152547,0.25365955,0.25360566,287.907,286.51605
Algeria,2014,5,291.8138,282.94095,2.5176067,0.0013657197,2.0483752e+07,0.16747536,0.19256328,0.2139471,291.44058,289.80737
Algeria,2014,6,296.26746,285.73413,2.5386562,0.0011641604,2.1115236e+07,0.17823114,0.21305512,0.19022602,295.17825,292.78613
Algeria,2014,7,299.68668,286.19165,2.415915,0.00010630806,2.1636636e+07,0.11418576,0.16441958,0.17593029,299.22717,296.83353
Algeria,2014,8,300.5675,287.67862,2.2053857,0.00018204046,1.9752576e+07,0.11165458,0.15071939,0.16207948,300.46033,298.77103
Algeria,2014,9,298.1605,287.4772,2.222396,0.0010419255,1.5408433e+07,0.1400577,0.14672148,0.14843512,298.47977,298.36972
Algeria,2014,10,292.96765,283.9115,2.3033946,0.0011018956,1.2300434e+07,0.18701015,0.192173,0.14213514,293.25433,294.87036
Algeria,2014,11,287.94403,281.24356,3.0060205,0.0016607827,8.384751e+06,0.21059732,0.19893502,0.14218882,287.96274,290.19138
Algeria,2014,12,281.8957,278.2552,2.9997663,0.0028033764,6.5189635e+06,0.29880157,0.2727298,0.16474228,282.70923,285.9084
Algeria,2015,1,280.86935,276.67984,2.953223,0.002314253,7.6899075e+06,0.30375817,0.29184583,0.2076458,280.703,282.95798
Algeria,2015,2,280.6955,276.80707,3.6134388,0.003704376,9.172033e+06,0.334188,0.32315624,0.25359625,280.78995,282.14343
Algeria,2015,3,284.46863,278.73752,2.9084454,0.0016709439,1.4430836e+07,0.29172558,0.30663535,0.27483574,283.4965,283.35648
Algeria,2015,4,289.40912,280.83206,2.4801173,0.00023584318,1.9627332e+07,0.18987101,0.23735248,0.25079963,288.69278,286.92303
Algeria,2015,5,293.6057,282.58417,2.7784524,0.00076916494,2.0619204e+07,0.15215193,0.1799895,0.21503192,292.9776,291.11142
Algeria,2015,6,296.4039,285.11658,2.442741,0.0004565728,2.1826838e+07,0.14470933,0.168171,0.19052885,295.7895,293.32742
Algeria,2015,7,301.48242,286.95563,2.1975715,0.00010012128,2.1886672e+07,0.112224326,0.15253949,0.17360157,300.76932,297.8658
Algeria,2015,8,300.52414,289.238,2.1919127,0.00066636177,1.8621724e+07,0.13308991,0.14520457,0.15883188,300.6977,299.33105
Algeria,2015,9,295.95248,287.65872,2.36765,0.0011882201,1.4929294e+07,0.1633578,0.16558024,0.15086555,296.8188,297.47824
Algeria,2015,10,291.65952,285.55457,2.2505512,0.0021671548,1.125947e+07,0.22944409,0.20891765,0.14681453,292.21384,293.83597
Algeria,2015,11,286.0888,281.63632,2.1769176,0.0014134034,8.826417e+06,0.23008583,0.23083006,0.15721944,286.94925,289.6314
Algeria,2015,12,283.0073,278.0285,1.7395629,3.9860683e-05,8.3189995e+06,0.2219146,0.24302271,0.1826326,282.61777,285.0975
Algeria,2016,1,283.52097,278.26437,2.697775,0.0012094236,8.3642865e+06,0.24221392,0.24218112,0.19107664,282.92862,284.34802
Algeria,2016,2,283.7675,278.00766,3.4031463,0.0015836029,1.0394169e+07,0.2500271,0.25251967,0.20163563,283.27444,283.99722
Algeria,2016,3,284.11777,277.8724,3.0951638,0.002742448,1.4149668e+07,0.28188664,0.28240222,0.22342844,283.44785,283.53293
Algeria,2016,4,288.89368,281.9494,2.6748946,0.0019557392,1.7585432e+07,0.24273609,0.26729205,0.23237422,288.3322,287.00555
Algeria,2016,5,292.01157,282.9401,2.6934772,0.001453419,1.9862444e+07,0.19660608,0.21913765,0.2108343,291.3992,289.61768
Algeria,2016,6,296.98196,285.4174,2.472199,0.00039739656,2.1710182e+07,0.14351468,0.17535117,0.18271467,296.41895,293.9209
Algeria,2016,7,300.25577,286.4885,2.4611747,0.00013193625,2.162176e+07,0.117601804,0.15568826,0.16713792,299.87753,297.41223
Algeria,2016,8,299.1466,287.3571,2.3453426,0.00013293349,1.9704512e+07,0.111871175,0.14868203,0.15740564,299.51834,298.27423
Algeria,2016,9,295.85077,286.64902,2.1462412,0.0008629639,1.5322203e+07,0.14293586,0.14760265,0.14511953,296.81808,297.33682
Algeria,2016,10,293.5346,284.81366,2.1998303,0.0007870573,1.220176e+07,0.16421762,0.16089144,0.13345332,293.8892,294.7395
Algeria,2016,11,286.5151,280.39105,2.5171838,0.0020811206,8.468249e+06,0.22905777,0.20509411,0.13672018,287.3094,290.28748
Algeria,2016,12,283.57544,280.3424,2.1382222,0.0015613053,6.706774e+06,0.28023472,0.25701752,0.15544845,283.87643,286.3358
Algeria,2017,1,280.06735,276.12457,2.990874,0.0033184672,7.5655405e+06,0.3096438,0.2943262,0.19316974,280.46475,282.81183
Algeria,2017,2,284.048,278.4354,2.9975967,0.0009323594,1.1078404e+07,0.2706415,0.28555998,0.23337166,283.16617,283.45016
Algeria,2017,3,286.21616,278.5836,2.742984,0.0006539495,1.5540282e+07,0.2018683,0.23170646,0.21865606,285.65305,285.31863
Algeria,2017,4,288.4316,280.3158,2.6041245,0.0010299779,1.8343114e+07,0.18171202,0.20794606,0.19802153,288.21262,287.03174
Algeria,2017,5,294.2602,283.63068,2.4077969,0.0005053699,2.0510496e+07,0.14136352,0.17143884,0.1793697,293.78876,291.34222
Algeria,2017,6,298.7767,286.65912,2.3823574,0.0007151299,2.1539226e+07,0.15148088,0.17606367,0.16771606,298.15714,295.39355
Algeria,2017,7,301.51175,286.24097,2.463691,0.00015367227,2.142562e+07,0.11443411,0.15590604,0.15471125,300.97974,298.5988
Algeria,2017,8,301.6479,287.94263,2.2359934,0.00038171178,1.883819e+07,0.12113798,0.1496084,0.1443656,301.9384,300.4613
Algeria,2017,9,295.75568,285.23804,2.2968004,0.0006151926,1.6041419e+07,0.13472977,0.14969891,0.1352655,297.00818,297.9344
Algeria,2017,10,290.9263,283.0521,2.045308,0.0009659801,1.2279969e+07,0.16683106,0.15719375,0.12782727,291.94073,294.05322
Algeria,2017,11,285.00208,278.25308,2.5688596,0.002084829,8.592774e+06,0.2048166,0.19954467,0.13300332,285.84622,288.96744
Algeria,2017,12,281.56497,277.51056,2.8576183,0.001846904,6.840424e+06,0.28815645,0.27113125,0.15737444,281.88766,284.5696
Algeria,2018,1,282.61557,277.45105,2.7563338,0.0009494143,8.980719e+06,0.26389423,0.26711768,0.18317793,282.19373,283.72845
Algeria,2018,2,280.93042,276.43207,2.8124707,0.0023667582,1.0263757e+07,0.29112673,0.28041333,0.1995408,281.12766,282.38208
Algeria,2018,3,284.92728,279.1913,3.7709613,0.0035917119,1.2839605e+07,0.30332065,0.29945993,0.22600758,284.25134,284.08902
Algeria,2018,4,288.12955,281.67236,2.8424094,0.0025808364,1.7406862e+07,0.27103245,0.286232,0.24398345,287.44388,286.1329
Algeria,2018,5,290.33218,284.42053,2.4311872,0.0024813057,1.8113604e+07,0.26753154,0.28561372,0.24354124,289.87292,288.46317
Algeria,2018,6,295.67755,285.8977,2.4428952,0.00088322826,2.1548162e+07,0.17898223,0.22295058,0.21842827,294.85733,292.49283
Algeria,2018,7,301.55093,286.42056,2.3401845,0.00012679512,2.1521606e+07,0.1125083,0.16276155,0.18097138,300.9061,297.8248
Algeria,2018,8,298.7415,288.87695,2.0583272,0.00082036323,1.8240312e+07,0.14195462,0.15732192,0.15736674,299.1951,298.24463
Algeria,2018,9,296.84488,288.68713,2.094623,0.0015209798,1.4256695e+07,0.18709475,0.1806426,0.14676858,297.3347,297.44196
Algeria,2018,10,290.35464,284.57837,2.7133167,0.0031012425,1.1181446e+07,0.24920571,0.24350868,0.15976028,291.2929,293.27847
Algeria,2018,11,285.83307,280.90152,2.7770467,0.0017331216,8.518685e+06,0.27687722,0.27100894,0.1847505,286.06366,288.4881
Algeria,2018,12,283.1028,279.13297,2.1061828,0.00094081665,7.7703615e+06,0.27332282,0.27487704,0.20274805,282.9887,285.28546
Algeria,2019,1,280.39642,276.49207,3.152139,0.0028111027,7.6613135e+06,0.29409355,0.28963518,0.22447284,280.49368,282.3779
Algeria,2019,2,281.63687,275.99127,2.7221534,0.0010475798,1.18192e+07,0.28246504,0.3008646,0.2606402,281.32208,282.23083
Algeria,2019,3,284.79858,278.3527,2.5660868,0.0019499105,1.4282408e+07,0.23239927,0.25759304,0.24490173,284.26712,283.85275
Algeria,2019,4,287.41675,281.01825,2.8519652,0.0020012155,1.7613704e+07,0.2621224,0.27476433,0.24826044,286.86136,285.7275
Algeria,2019,5,290.58267,282.09134,2.6979601,0.0015024872,1.9789506e+07,0.19354546,0.21965145,0.21596628,290.41403,288.92596
Algeria,2019,6,298.5246,284.4369,2.6685443,0.00014597511,2.2234902e+07,0.13362725,0.18102007,0.1858478,297.19955,293.63803
Algeria,2019,7,301.57553,286.65982,2.484238,0.00029435134,2.131763e+07,0.11906171,0.15325798,0.166603,301.3028,298.56683
Algeria,2019,8,301.03888,288.41837,2.2346053,0.0008761798,1.8407162e+07,0.13294137,0.15213658,0.1552444,301.4815,300.04153
Algeria,2019,9,296.3739,288.90622,2.124239,0.0020484538,1.4950634e+07,0.21290438,0.21650444,0.15256399,296.83875,297.23398
Algeria,2019,10,291.78665,284.22952,2.4442446,0.0011644702,1.2094747e+07,0.17283818,0.18906106,0.15032507,292.8874,294.6022
Algeria,2019,11,285.13913,280.38992,3.5650406,0.002576247,7.764592e+06,0.2824728,0.25902778,0.16275373,285.99265,288.96466
Algeria,2019,12,284.22885,279.30054,3.1010616,0.0014350329,7.3439565e+06,0.2856549,0.2830615,0.19204299,284.0091,286.10205
Algeria,2020,1,281.5481,276.95694,2.1321213,0.0008573774,8.58912e+06,0.26620004,0.26740322,0.20746657,281.22272,283.08167
Algeria,2020,2,284.91043,277.58112,2.1007082,3.9638e-05,1.2551282e+07,0.18282443,0.22533202,0.20279692,284.13028,284.26837
Algeria,2020,3,285.56494,279.6432,3.0988865,0.0025419488,1.3356935e+07,0.2352446,0.22823493,0.19403477,285.63968,285.6205
Algeria,2020,4,288.65244,283.3355,2.51004,0.0030627274,1.6063184e+07,0.28654143,0.28429982,0.20416833,288.03168,286.95294
Algeria,2020,5,293.8792,283.49515,2.6053746,0.0006429895,2.0683202e+07,0.18132903,0.22282875,0.19750762,293.10364,290.96378
Algeria,2020,6,296.77664,284.41235,2.6123364,0.00042910504,2.2032474e+07,0.1370503,0.1690972,0.16862313,296.48926,294.09045
Algeria,2020,7,300.874,286.16205,2.3717754,0.00015640259,2.159807e+07,0.11696428,0.15523608,0.15489991,300.6765,298.072
Algeria,2020,8,301.39908,286.26718,2.390907,0.00023372282,1.9295822e+07,0.113448255,0.14837241,0.1449901,301.733,300.1442
Algeria,2020,9,295.75955,286.6632,2.2866886,0.0010284676,1.510452e+07,0.1537804,0.16261512,0.1356028,296.80667,297.65512
Algeria,2020,10,290.25955,280.96033,2.405601,0.000540225,1.2705698e+07,0.14154837,0.15655144,0.1310196,291.6154,293.69815
Algeria,2020,11,287.64948,280.65332,2.4996293,0.0014071005,8.399126e+06,0.16585995,0.1652193,0.1320422,288.33746,290.577
Algeria,2020,12,282.94354,278.8282,3.1567702,0.0025957078,6.9184975e+06,0.2966136,0.2749416,0.16188072,283.37857,286.0846
Algeria,2021,1,282.65866,277.10837,3.281839,0.0012492746,8.2086465e+06,0.27028477,0.2742516,0.1928742,282.0949,283.50003
Algeria,2021,2,285.64352,277.07867,3.1014373,0.0006912638,1.181656e+07,0.21837372,0.23784158,0.19177008,284.92673,285.27057
Algeria,2021,3,285.06152,277.83267,2.4033732,0.0016509555,1.4570886e+07,0.22913845,0.2339696,0.1854064,284.97784,285.10666
Algeria,2021,4,288.7612,280.59045,2.6410408,0.0014201904,1.7695634e+07,0.20066907,0.21872489,0.17344631,288.6283,287.4595
Algeria,2021,5,293.64655,283.6158,2.5243342,0.001270575,2.0313044e+07,0.17637956,0.20404388,0.16160163,293.24863,291.0894
Algeria,2021,6,298.6536,285.74594,2.6123605,0.00049613335,2.0584334e+07,0.1379714,0.16829973,0.15216833,298.1247,295.35602
Algeria,2021,7,302.04175,285.31934,2.4919825,0.00013976896,2.1442448e+07,0.10957026,0.15175834,0.14047962,301.66904,298.9934
Algeria,2021,8,302.1057,286.4168,2.4127064,0.0002834591,1.9272824e+07,0.115509026,0.14823121,0.1344518,302.2766,300.77362
Algeria,2021,9,298.48972,287.1904,2.441142,0.00048780683,1.5692613e+07,0.13310023,0.14928061,0.12869862,299.20795,299.30173
Algeria,2021,10,290.92877,282.37427,2.2935069,0.0005585433,1.2096146e+07,0.13428049,0.15240535,0.122566454,292.2931,294.736
Algeria,2021,11,285.08133,280.65662,2.964568,0.00319265,7.4552815e+06,0.2642229,0.23193237,0.13603644,286.3585,289.6063
Algeria,2021,12,282.94083,278.06143,2.8650095,0.0011651673,7.8229235e+06,0.268912,0.26834238,0.17444761,282.64502,285.0577
Algeria,2022,1,280.7278,274.60196,2.3784053,0.00079336506,9.086363e+06,0.23376983,0.24949078,0.1837598,280.8652,283.24493
Algeria,2022,2,283.45685,276.3962,2.4301224,0.00090902107,1.1517172e+07,0.17363735,0.2085859,0.17705518,283.1415,283.35492
Algeria,2022,3,285.05453,279.3702,2.884248,0.002797669,1.2663821e+07,0.28585744,0.2657173,0.17861576,284.50934,284.41855
Algeria,2022,4,287.28638,280.4716,3.0464272,0.0023183967,1.727512e+07,0.26215884,0.2742254,0.19726479,287.1029,286.3445
Algeria,2022,5,293.34793,283.1555,2.6478045,0.0013034743,2.0228236e+07,0.19849733,0.23142926,0.19276004,292.20154,289.9458
Algeria,2022,6,300.3736,283.98486,2.581196,0.00016372216,2.1792948e+07,0.118853875,0.16675594,0.16283056,299.49805,296.05765
Algeria,2022,7,301.83038,287.0365,2.356475,0.00014949935,2.1416792e+07,0.113188826,0.15347563,0.14794406,301.64853,299.0641
Algeria,2022,8,301.15085,285.8909,2.403768,0.00015463079,1.9356822e+07,0.107459284,0.1477686,0.1309848,301.52618,300.17957
Algeria,2022,9,298.30658,286.8314,2.5365343,0.00097503274,1.5066727e+07,0.14335062,0.15516843,0.12553932,299.19467,299.52863
Algeria,2022,10,293.86823,283.27115,2.0123127,0.0006163737,1.2858929e+07,0.16668881,0.17798115,0.1231606,294.0396,295.2969
Algeria,2022,11,287.96902,280.4526,2.9388669,0.001369854,9.098258e+06,0.17756131,0.18018204,0.124754086,288.91437,291.72675
Algeria,2022,12,285.78342,279.46515,2.5790966,0.0005846653,7.848726e+06,0.21804689,0.21869515,0.13324966,285.3766,287.70636
Algeria,2023,1,281.1968,276.094,2.734555,0.0013951142,8.2397535e+06,0.21617742,0.21799752,0.14234065,281.98203,284.70004
Algeria,2023,2,282.45667,275.81836,2.4063325,0.0010520674,1.0967789e+07,0.22774048,0.23571941,0.1552746,282.2693,283.14117
Algeria,2023,3,286.84558,277.89883,2.6409316,0.00048453917,1.5782878e+07,0.18528552,0.21120222,0.15481915,286.04315,285.4138
Algeria,2023,4,289.83612,277.91025,2.6598194,0.0004662693,1.9675764e+07,0.13314629,0.16716054,0.14083259,289.7682,288.18027
Algeria,2023,5,290.79172,283.42862,2.6947572,0.0034965863,1.7305228e+07,0.21451846,0.20617862,0.1413194,291.37836,290.69363
Algeria,2023,6,296.9973,287.37863,2.3802016,0.0019471899,2.0625518e+07,0.22409683,0.25451607,0.17376967,295.8935,293.25626
Algeria,2023,7,304.10562,286.74005,2.4547863,0.0001754567,2.1245624e+07,0.119729035,0.1734148,0.15900055,303.12204,299.68845
Algeria,2023,8,300.65118,286.3312,2.3255923,0.00011483788,2.0049622e+07,0.1112295,0.15529747,0.14279985,301.42285,300.42856
Algeria,2023,9,297.69516,286.5605,2.3600433,0.00036390664,1.5823341e+07,0.124163285,0.1537318,0.13418813,298.5424,298.79385
Algeria,2023,10,294.4552,282.7871,2.4397159,0.00023274495,1.2835578e+07,0.11409928,0.14735511,0.12526383,295.07886,296.11853
Algeria,2023,11,287.97116,280.5178,2.8125982,0.0015790426,9.067983e+06,0.16823043,0.17034517,0.12385656,288.88983,291.86618
Algeria,2023,12,283.7164,278.7639,2.501243,0.001871322,7.183308e+06,0.2603027,0.2502005,0.14493208,283.99658,286.92975
Algeria,2024,1,283.86575,277.597,2.572027,0.0008561478,8.444471e+06,0.24439044,0.25215513,0.17017683,283.26373,284.7838
Algeria,2024,2,284.35782,278.79572,3.2361376,0.002865196,1.0032941e+07,0.24989021,0.24887377,0.17771602,284.31833,285.25824
Algeria,2024,3,287.4035,278.9001,3.1717558,0.0008530205,1.5365788e+07,0.24450924,0.26659876,0.20340931,286.36066,285.85168
Algeria,2024,4,288.92535,279.60364,2.830027,0.0011002109,1.8491004e+07,0.1704364,0.20192215,0.18629102,289.267,288.59863
Algeria,2024,5,293.45786,282.7206,2.5011353,0.00053462887,2.0928424e+07,0.16439795,0.184491,0.16407315,292.91507,290.8812
Algeria,2024,6,298.6753,285.09796,2.716287,0.00031116893,2.1675526e+07,0.12610641,0.16377005,0.15169825,298.41815,295.6686
Algeria,2024,7,302.2446,286.3577,2.362957,0.000111197456,2.1785566e+07,0.11042902,0.15620868,0.1437393,301.9567,299.3087
Algeria,2024,8,301.30383,287.8154,2.1747987,0.00038274773,1.8975224e+07,0.12136066,0.1534091,0.137124,301.83252,300.62253
Algeria,2024,9,296.19476,287.78113,2.3024166,0.0012066643,1.4729471e+07,0.171438,0.16679725,0.1335215,297.18976,298.09277
Algeria,2024,10,293.3478,286.019,2.4690063,0.0012143808,1.1484194e+07,0.17583439,0.17522413,0.12675929,294.07562,295.3812
Algeria,2024,11,289.08087,282.70547,2.2704594,0.00064854696,9.238133e+06,0.19737516,0.20645796,0.1328623,289.47916,291.693
Algeria,2024,12,282.55933,277.22858,2.4906065,0.0011029607,7.44579e+06,0.22130649,0.22209346,0.14347152,283.31494,286.63095
Egypt,1985,1,286.96317,279.124,4.2868195,0.0005544424,8.308763e+06,0.07621067,0.14586656,0.13660017,287.24692,288.6925
Egypt,1985,2,286.35223,277.71265,4.848624,0.0002943369,1.0447057e+07,0.061354402,0.14608103,0.13592304,287.19867,288.36374
Egypt,1985,3,289.1761,280.2936,4.221465,0.00017998769,1.3503728e+07,0.04866255,0.14533843,0.13754621,289.75958,289.23755
Egypt,1985,4,292.96384,280.439,3.8979616,8.1447455e-05,1.6833858e+07,0.044173058,0.14457344,0.14023241,293.8209,292.47528
Egypt,1985,5,296.89532,284.2819,3.8171542,8.885677e-06,1.7827102e+07,0.043525867,0.14477469,0.14321245,298.59744,296.51096
Egypt,1985,6,298.97662,287.79742,4.0317698,2.3566759e-06,1.9214818e+07,0.041921582,0.14280206,0.14491726,301.05304,299.187
Egypt,1985,7,299.2802,289.74255,4.169376,2.9527223e-06,1.8842462e+07,0.03966087,0.14320914,0.14525726,301.7826,300.3941
Egypt,1985,8,300.03552,291.5001,3.9727137,8.051212e-06,1.7040588e+07,0.03959964,0.14567585,0.1479958,302.82764,301.717
Egypt,1985,9,297.57703,289.82117,3.6098378,1.0930575e-05,1.4608738e+07,0.040388826,0.14560555,0.14786546,300.4194,300.5354
Egypt,1985,10,293.56006,286.30304,3.7993088,6.584938e-05,1.1550946e+07,0.04342573,0.14809667,0.14811383,296.10788,297.6672
Egypt,1985,11,291.59314,284.58685,3.4681642,0.0002653232,8.913684e+06,0.06224486,0.14922246,0.14833911,292.6544,294.31482
Egypt,1985,12,287.06882,282.76746,3.3877966,0.0014626521,7.4028185e+06,0.13786,0.1819958,0.1499935,288.31024,290.85516
Egypt,1986,1,285.99564,280.28796,3.6158617,0.000108242035,8.500524e+06,0.088784695,0.18611547,0.15084077,286.27097,287.76346
Egypt,1986,2,287.61444,279.67236,3.914702,0.0002939701,1.0801479e+07,0.065328754,0.16357248,0.1508378,287.73962,288.18842
Egypt,1986,3,289.43982,281.6863,3.9260886,8.73529e-05,1.3430469e+07,0.045118336,0.1564988,0.15253648,290.63724,290.22687
Egypt,1986,4,293.3365,282.45706,4.214206,0.00018682846,1.6412583e+07,0.050920766,0.14860287,0.11272561,294.3325,293.00787
Egypt,1986,5,293.90497,284.2707,3.8187582,0.00013127693,1.7853774e+07,0.04574541,0.14628786,0.11492287,296.27405,294.9856
Egypt,1986,6,299.3441,287.73386,3.7107885,5.401098e-06,1.888579e+07,0.039639533,0.14470257,0.11641339,301.47852,299.1282
Egypt,1986,7,300.0229,290.79114,4.0678973,4.3924038e-06,1.8771196e+07,0.04036002,0.14703459,0.11785663,302.58398,300.94415
Egypt,1986,8,300.2237,291.86765,3.483987,8.317141e-06,1.7163886e+07,0.0395901,0.14945337,0.120456226,303.06506,301.91302
Egypt,1986,9,299.30917,290.99036,3.4971967,4.380483e-05,1.4509014e+07,0.03879852,0.14807008,0.11972225,301.9601,301.64734
Egypt,1986,10,294.77374,287.35535,3.42933,6.727072e-05,1.104099e+07,0.041828394,0.14529365,0.11851452,297.2773,298.4897
Egypt,1986,11,289.3213,283.46405,3.5392783,0.0005700955,8.418228e+06,0.076571606,0.1489501,0.11960396,291.09674,293.8049
Egypt,1986,12,285.83286,279.23605,4.1653647,0.00019238546,7.8038105e+06,0.06290258,0.1490975,0.121817365,287.00598,289.58395
Egypt,1987,1,285.73846,277.4011,4.098782,7.4450785e-05,8.959562e+06,0.05330138,0.14713025,0.12351355,286.08905,287.70587
Egypt,1987,2,287.37933,278.87396,3.7583704,0.00010313438,1.0801735e+07,0.048457764,0.14583686,0.1256443,288.07288,288.45197
Egypt,1987,3,286.62244,278.86304,4.5156116,0.0004808169,1.2787054e+07,0.06727077,0.1446276,0.12649482,287.6867,288.20316
Egypt,1987,4,290.58496,280.2876,4.120081,2.7876635e-05,1.6482663e+07,0.04642641,0.14472741,0.12926458,292.1426,291.14343
Egypt,1987,5,295.1885,283.1458,4.107865,1.1434922e-05,1.817883e+07,0.044655543,0.14123815,0.13064013,296.4451,294.35834
Egypt,1987,6,297.86536,287.59653,4.108862,3.4478994e-06,1.9151806e+07,0.042010132,0.14015862,0.13272037,299.9552,297.95963
Egypt,1987,7,300.0285,290.83975,3.8486395,5.1718494e-06,1.8625752e+07,0.039314177,0.14177264,0.13268562,302.3588,300.36035
Egypt,1987,8,300.2246,291.7424,3.9380763,4.7867115e-06,1.7252668e+07,0.03981228,0.14539534,0.1330349,302.90338,301.85608
Egypt,1987,9,298.41727,290.82614,3.3282657,1.2012629e-05,1.4891567e+07,0.038999394,0.14639975,0.1320572,301.2079,300.97214
Egypt,1987,10,294.3774,287.1103,3.5678608,0.00010023667,1.1429593e+07,0.041534867,0.14596878,0.13331494,297.08185,298.33905
Egypt,1987,11,290.31427,283.04044,3.1276522,3.547852e-05,9.379586e+06,0.040052615,0.14514032,0.13278733,292.10956,294.04675
Egypt,1987,12,287.83786,281.03857,4.2452497,0.0004215699,7.234673e+06,0.060017448,0.14418039,0.13327982,289.02692,291.19507
Egypt,1988,1,285.87854,280.70563,3.5392184,0.00059148896,7.7507225e+06,0.113675326,0.15385374,0.13325736,286.28363,288.04446
Egypt,1988,2,286.4681,279.32175,4.36951,0.00045247262,9.958262e+06,0.06542312,0.15136133,0.13374212,287.08392,287.90375
Egypt,1988,3,288.49722,280.0124,4.349078,0.00065972254,1.3079515e+07,0.07966161,0.15206523,0.13241974,289.16656,289.0759
Egypt,1988,4,292.6747,281.77893,4.3180447,9.598182e-05,1.6513034e+07,0.04588098,0.15040703,0.1374117,293.71463,292.2884
Egypt,1988,5,297.09982,284.12604,4.282324,5.667026e-06,1.8703986e+07,0.042305306,0.14539233,0.14027752,298.39337,296.24442
Egypt,1988,6,300.11453,286.60284,3.8982873,1.4305115e-06,1.9263308e+07,0.03961601,0.14129545,0.14020663,301.76312,299.5803
Egypt,1988,7,301.1761,291.57986,4.131972,4.9701102e-06,1.8764918e+07,0.03997066,0.1423863,0.14083117,303.65497,301.95773
Egypt,1988,8,300.42252,291.5561,3.5943184,4.860071e-06,1.7307708e+07,0.038928457,0.14467393,0.14065757,303.46356,302.5387
Egypt,1988,9,298.88388,290.4084,3.7735085,1.9256886e-05,1.4727897e+07,0.03776843,0.14407262,0.13846692,301.47092,301.4771
Egypt,1988,10,294.2331,286.8396,3.3791711,0.0001229873,1.1532367e+07,0.039796334,0.14492375,0.13586804,297.019,298.45776
Egypt,1988,11,288.738,280.15692,3.230227,5.7623936e-05,9.215926e+06,0.041685723,0.14566351,0.13434725,290.66003,293.3409
Egypt,1988,12,286.3612,279.51083,3.867402,0.00057593675,7.6621415e+06,0.07361087,0.15020046,0.13684525,287.62015,289.93048
Egypt,1989,1,284.0051,278.6004,3.8009996,0.00040682463,7.8020455e+06,0.09461059,0.16062234,0.13733618,284.9438,286.91208
Egypt,1989,2,285.65753,277.47827,3.7140207,0.0002208719,1.047073e+07,0.057935383,0.15409078,0.13766176,285.98715,286.69193
Egypt,1989,3,288.80316,279.87445,3.8618834,0.00018839195,1.3704626e+07,0.049864907,0.14986482,0.13789539,289.8438,289.32687
Egypt,1989,4,294.36853,281.54578,3.8579957,3.1544612e-06,1.7282004e+07,0.04408546,0.1494777,0.14238392,294.9511,293.04968
Egypt,1989,5,296.08987,284.28827,4.105417,5.887105e-06,1.8527554e+07,0.041781567,0.14605093,0.1450353,297.8244,296.11432
Egypt,1989,6,298.37875,286.58435,4.0745173,1.7056099e-06,1.930925e+07,0.040453687,0.14346701,0.14437504,300.62888,298.81555
Egypt,1989,7,299.76437,290.64697,4.206037,3.9155666e-06,1.8871972e+07,0.041390136,0.1463396,0.14761579,302.2052,300.72342
Egypt,1989,8,300.09048,291.74792,3.352949,7.372636e-06,1.7212524e+07,0.0394782,0.14783265,0.14929427,303.01166,301.8615
Egypt,1989,9,298.66772,290.2571,3.7301207,7.1158775e-06,1.5011724e+07,0.03867146,0.14870387,0.14798026,301.25192,301.2154
Egypt,1989,10,294.54367,286.59146,3.5433362,0.00014651738,1.1308047e+07,0.042020474,0.1473995,0.14466292,297.17514,298.4979
Egypt,1989,11,290.64456,283.36423,3.316154,0.0001056286,9.138516e+06,0.045149717,0.14732076,0.14498912,292.29974,294.21448
Egypt,1989,12,287.30313,280.79245,3.1289237,0.00011918178,7.532111e+06,0.049091086,0.14537634,0.1447946,288.68182,290.80927
Egypt,1990,1,285.89288,279.55435,3.6503537,0.00038226752,7.884613e+06,0.05677059,0.14433816,0.14347444,287.01703,288.7728
Egypt,1990,2,286.42404,279.19754,4.3496304,0.00045188115,1.0263609e+07,0.069248006,0.14859371,0.14358693,286.9986,287.9914
Egypt,1990,3,288.47357,280.56476,4.086639,0.00013146034,1.3889786e+07,0.049671955,0.14881244,0.14667045,289.64032,289.31772
Egypt,1990,4,293.00183,281.87042,4.048244,9.101171e-05,1.627491e+07,0.047367837,0.14661871,0.14838515,294.08243,292.6502
Egypt,1990,5,294.93127,284.62146,4.1191983,3.0884377e-05,1.8530652e+07,0.041412894,0.14558284,0.15050918,296.85583,295.25833
Egypt,1990,6,298.14105,286.7459,4.2196302,7.831133e-06,1.9290584e+07,0.03920189,0.14567196,0.1517764,300.42514,298.66907
Egypt,1990,7,299.92758,290.79913,3.8742752,3.9155666e-06,1.8777096e+07,0.04102777,0.14873919,0.15440467,302.50555,300.87436
Egypt,1990,8,299.25693,290.72345,3.9669342,1.0481248e-05,1.7279456e+07,0.040030535,0.14958215,0.15598637,302.08572,301.28845
Egypt,1990,9,297.78784,289.95953,3.79395,1.0728836e-05,1.4766566e+07,0.038924977,0.15067309,0.15658344,300.4943,300.48526
Egypt,1990,10,295.6254,287.59314,3.3433702,2.2053719e-05,1.2013551e+07,0.038678642,0.1542698,0.15546384,297.7676,298.55792
Egypt,1990,11,292.55188,284.67694,3.0152395,5.071897e-05,9.286498e+06,0.039289,0.14898315,0.1531497,294.24487,295.79242
Egypt,1990,12,288.01578,280.30856,3.139385,7.7279714e-05,8.204657e+06,0.039301038,0.14778692,0.15330794,289.56998,291.7486
Egypt,1991,1,285.64255,279.64252,3.6681654,0.0003543175,8.1859005e+06,0.058562763,0.14755076,0.1525066,287.09717,289.0767
Egypt,1991,2,286.71457,279.2886,3.620255,0.00031931585,1.0149381e+07,0.060805142,0.14864269,0.15268457,287.3997,288.13806
Egypt,1991,3,290.03006,282.10626,4.156387,0.0007456633,1.332525e+07,0.07741773,0.15201002,0.15271594,290.28656,289.88617
Egypt,1991,4,293.25302,282.15472,4.5133204,0.00014148309,1.5788318e+07,0.049093798,0.1523479,0.15376836,294.2955,293.03122
Egypt,1991,5,295.40662,283.54535,4.2083216,3.4249744e-05,1.7310952e+07,0.04461588,0.1473623,0.15893881,297.53128,296.19366
Egypt,1991,6,298.55856,287.5612,4.0250382,2.3383361e-06,1.9195478e+07,0.042807512,0.14467555,0.16088508,300.57962,298.58994
Egypt,1991,7,299.17316,290.5138,3.8080814,5.5019673e-06,1.8652736e+07,0.041688755,0.14524733,0.16388164,302.07816,300.60184
Egypt,1991,8,299.62698,291.67105,3.8246121,8.078722e-06,1.7073374e+07,0.040807,0.15004095,0.16412899,302.622,301.76724
Egypt,1991,9,297.39813,289.60568,3.737363,1.0279508e-05,1.4773786e+07,0.03878502,0.15068248,0.16073726,300.16147,300.32465
Egypt,1991,10,295.98862,287.9343,3.244692,3.8046102e-05,1.1819178e+07,0.039542615,0.14963248,0.15988463,298.0825,298.77307
Egypt,1991,11,290.5537,284.36765,3.4039621,0.0003797458,8.621014e+06,0.05439271,0.14907528,0.15781344,292.62622,294.76828
Egypt,1991,12,284.98856,278.65625,4.9810095,0.000530949,7.271867e+06,0.07589378,0.15253659,0.15721782,286.7989,289.71494
Egypt,1992,1,284.84232,279.36285,3.8709357,0.0005663083,7.5404235e+06,0.08016719,0.15402818,0.15662304,285.57727,287.20743
Egypt,1992,2,284.27765,277.42825,5.13801,0.00072846044,9.903461e+06,0.09492281,0.15566769,0.15594596,285.07687,286.42133
Egypt,1992,3,287.80035,278.94205,4.1266117,7.573458e-05,1.3069881e+07,0.053877596,0.1520963,0.15675619,288.21307,287.73663
Egypt,1992,4,291.26352,280.66043,3.9462347,6.603278e-05,1.6048795e+07,0.046607636,0.14854485,0.159472,292.55673,291.46716
Egypt,1992,5,294.61386,283.75385,4.2480245,3.0746825e-05,1.7613e+07,0.044654846,0.1451582,0.16205406,296.09012,294.21317
Egypt,1992,6,298.92307,287.47653,3.9714253,2.2007869e-06,1.8927804e+07,0.04196727,0.1429916,0.16301963,300.5352,298.24124
Egypt,1992,7,299.26532,290.16336,3.9641554,3.521259e-06,1.8441396e+07,0.04142268,0.14410822,0.16204955,301.68063,300.18082
Egypt,1992,8,299.7781,291.69916,3.5020266,8.702278e-06,1.7102376e+07,0.04099805,0.15061475,0.162565,302.36438,301.18625
Egypt,1992,9,297.26852,289.1825,3.744557,1.0417058e-05,1.4582785e+07,0.039009348,0.15080145,0.16198573,300.1372,300.40707
Egypt,1992,10,295.72415,287.65762,3.1101084,1.27095445e-05,1.2100714e+07,0.04227789,0.15053841,0.16158138,297.37277,298.02557
Egypt,1992,11,291.44827,284.13953,3.8489995,5.9622984e-05,8.906151e+06,0.04130364,0.14844526,0.16214646,293.28903,295.12054
Egypt,1992,12,285.72296,279.43695,3.8563085,0.00043611342,7.461839e+06,0.07406674,0.14922076,0.16168031,287.34332,290.10583
Egypt,1993,1,284.74127,279.07962,3.5660949,0.00032145245,8.1389315e+06,0.07626987,0.15194735,0.16010389,285.3282,286.97632
Egypt,1993,2,285.02728,276.4411,4.223253,0.00032473527,1.0429332e+07,0.06590274,0.15066999,0.15798004,285.54266,286.49915
Egypt,1993,3,287.47244,278.48883,4.258651,6.5267086e-05,1.3892918e+07,0.04737638,0.14816889,0.1572766,288.47034,288.3398
Egypt,1993,4,292.76022,280.57214,3.7869856,3.38371e-05,1.6863712e+07,0.043447122,0.14755692,0.15878505,293.4765,291.87823
Egypt,1993,5,294.95886,284.3815,3.9600968,0.000120392215,1.7329666e+07,0.044667203,0.14717184,0.15896375,296.68118,294.95453
Egypt,1993,6,298.77615,287.67535,3.9311604,1.6505902e-06,1.9339832e+07,0.04013563,0.14605187,0.16059619,300.55988,298.47855
Egypt,1993,7,299.78967,289.82864,4.255313,3.5487687e-06,1.8890332e+07,0.039625585,0.14622729,0.16191891,301.89523,300.34085
Egypt,1993,8,300.12656,291.40918,3.475695,7.372636e-06,1.7383818e+07,0.03932062,0.14941084,0.15604298,302.76324,301.5657
Egypt,1993,9,298.68484,289.4345,3.4453433,6.501491e-06,1.5007634e+07,0.038187332,0.14897832,0.15533987,301.39795,301.2886
Egypt,1993,10,296.96906,289.00958,3.5003548,6.6372064e-05,1.1997452e+07,0.040760413,0.14863661,0.15563352,298.6861,299.18085
Egypt,1993,11,291.7493,284.84048,3.174307,5.2424577e-05,8.940706e+06,0.042856053,0.14676589,0.15686056,293.79068,295.69778
Egypt,1993,12,288.44592,283.65817,3.0524118,0.00040336757,7.189649e+06,0.07005123,0.14757413,0.15714468,289.6324,291.76428
Egypt,1994,1,286.88193,281.1244,4.283299,0.00027952745,8.061135e+06,0.064322405,0.14754814,0.15570828,287.93646,289.6164
Egypt,1994,2,286.84216,277.71722,4.4535685,7.775197e-05,1.1054449e+07,0.048882447,0.14643446,0.15450004,287.6611,288.64413
Egypt,1994,3,288.2093,280.59607,3.9876323,0.00028171905,1.3082854e+07,0.05511793,0.14553367,0.15454194,289.56378,289.53616
Egypt,1994,4,294.04205,280.59625,4.226299,2.9252125e-05,1.6677669e+07,0.043341026,0.14285901,0.1556552,294.8197,293.2535
Egypt,1994,5,295.9989,284.63522,4.006626,3.0004061e-05,1.839558e+07,0.041489534,0.14407112,0.15550822,297.79684,296.0782
Egypt,1994,6,297.8881,287.73254,4.3149233,2.035728e-06,1.9293316e+07,0.040802002,0.143938,0.15609026,300.3497,298.85736
Egypt,1994,7,300.06195,289.99597,3.7294164,2.9985722e-06,1.87594e+07,0.041080453,0.14190307,0.15659544,302.67963,301.0185
Egypt,1994,8,300.26178,291.27136,3.6353624,5.9329545e-06,1.7407052e+07,0.039789055,0.14221518,0.15809758,302.99103,301.95145
Egypt,1994,9,299.41925,291.9218,3.2369847,3.2406588e-05,1.459864e+07,0.03816154,0.14446889,0.1585997,302.2787,301.92023
Egypt,1994,10,297.38657,289.64618,3.1181986,0.0002508255,1.1402993e+07,0.045402747,0.14493237,0.15561731,299.66483,300.3376
Egypt,1994,11,290.3687,284.56775,4.303655,0.0010220087,8.033002e+06,0.09224394,0.1515353,0.15206137,292.3023,295.07828
Egypt,1994,12,285.85736,280.28412,3.7373412,0.00024104118,7.566863e+06,0.06935137,0.15471594,0.15060371,287.1685,289.77
Egypt,1995,1,285.18585,278.15875,3.4761696,5.9833892e-05,8.711995e+06,0.050161142,0.15022823,0.15033719,286.19678,287.9008
Egypt,1995,2,286.92188,280.70786,3.8815982,0.0004012218,1.06651e+07,0.065648064,0.14882253,0.15083101,287.56897,288.1509
Egypt,1995,3,289.58176,280.47635,3.6599126,7.2864386e-05,1.3686001e+07,0.04573603,0.1456015,0.15265468,290.70312,290.3743
Egypt,1995,4,290.9705,281.2734,4.3824883,9.332253e-05,1.6122636e+07,0.047899134,0.14400873,0.15511745,292.49765,291.57892
Egypt,1995,5,294.6946,284.3289,3.768168,1.6047405e-05,1.860997e+07,0.04205294,0.141753,0.1574364,296.6287,294.94412
Egypt,1995,6,300.74323,288.0203,3.9433007,2.861023e-06,1.9274626e+07,0.039226703,0.13914153,0.15869659,302.0803,299.54907
Egypt,1995,7,300.70685,291.2133,4.113666,6.3456023e-06,1.8513292e+07,0.038458947,0.14006163,0.15913874,303.27765,301.65347
Egypt,1995,8,300.5074,292.0714,3.911776,4.6033124e-06,1.727518e+07,0.039066263,0.1462114,0.1612385,303.2568,302.2253
Egypt,1995,9,299.36377,290.84915,3.700222,4.2640245e-06,1.4876626e+07,0.03785557,0.14593804,0.15654062,302.0127,301.78494
Egypt,1995,10,294.98434,287.50153,3.5946715,8.9966336e-05,1.1498818e+07,0.03855684,0.14725608,0.1535177,297.87985,299.1497
Egypt,1995,11,289.6513,281.40796,3.903793,0.00012601339,9.072802e+06,0.04525178,0.14326864,0.15170474,291.8164,294.40973
Egypt,1995,12,286.60007,280.71576,3.0842776,0.00011257025,7.8080515e+06,0.048981663,0.14188558,0.151863,288.0094,290.32074
Egypt,1996,1,285.77344,279.3111,3.9342065,0.00045072116,8.3600395e+06,0.067098096,0.14271475,0.15162954,286.41507,288.12152
Egypt,1996,2,287.4079,278.65488,4.2531652,0.00011842068,1.043053e+07,0.045694843,0.14082572,0.15089032,288.22125,288.73572
Egypt,1996,3,289.0416,279.77005,4.3209677,0.0002888716,1.3152228e+07,0.053200684,0.14004569,0.15165593,289.99542,289.75272
Egypt,1996,4,291.3587,281.18552,4.4061327,0.00022747883,1.5883995e+07,0.04762431,0.14001253,0.15110804,292.53275,291.71463
Egypt,1996,5,296.6235,285.24548,4.0702386,5.364418e-06,1.835282e+07,0.041982777,0.13966626,0.15369533,298.20422,295.9985
Egypt,1996,6,298.1384,288.37357,4.151276,3.6588083e-06,1.927643e+07,0.040200014,0.13889977,0.15413062,300.32352,298.5738
Egypt,1996,7,299.77393,290.54434,4.4827085,6.602361e-06,1.8735902e+07,0.038961295,0.14325915,0.15515822,302.04684,300.55096
Egypt,1996,8,300.2689,291.85245,4.003068,4.548293e-06,1.7275032e+07,0.040339984,0.14646819,0.15782635,302.8646,301.75143
Egypt,1996,9,299.83655,289.77484,3.6917267,1.0334528e-05,1.4849511e+07,0.035983212,0.14509821,0.15466747,302.11035,301.72006
Egypt,1996,10,294.7514,286.60178,3.5485253,0.00012582082,1.1533905e+07,0.03783115,0.14591673,0.15254858,297.48752,298.92874
Egypt,1996,11,291.75818,285.76236,3.4968164,0.00020273832,8.983525e+06,0.05298628,0.14616728,0.15228671,293.17664,294.83002
Egypt,1996,12,287.67255,279.5225,3.495958,6.0255712e-05,8.234523e+06,0.043724317,0.14519168,0.15281641,288.94077,291.27966
Egypt,1997,1,286.6728,280.04343,3.383108,0.00035345554,8.3815335e+06,0.058543094,0.14329815,0.15236397,287.48138,289.11234
Egypt,1997,2,285.82782,277.7464,3.955335,0.00026134343,1.0430799e+07,0.05628709,0.14350672,0.15078448,286.75653,287.8531
Egypt,1997,3,287.73386,279.3208,4.079199,0.00036423022,1.3040516e+07,0.056300834,0.1444103,0.15162483,288.8575,288.96643
Egypt,1997,4,290.90186,279.33636,4.506932,6.76742e-05,1.6214956e+07,0.04442066,0.14515798,0.15361875,292.24805,291.19803
Egypt,1997,5,295.97488,284.399,3.683039,1.859665e-05,1.8679256e+07,0.042308435,0.14312285,0.15835367,297.5099,295.3954
Egypt,1997,6,299.43256,288.28848,4.080529,2.4667154e-06,1.9171836e+07,0.038792316,0.14114395,0.159266,301.23444,299.09882
Egypt,1997,7,300.8627,290.5746,4.3553615,2.1916169e-06,1.8906498e+07,0.038505316,0.14285277,0.15974423,302.99973,301.33542
Egypt,1997,8,299.93665,291.47458,3.781756,2.7601536e-06,1.7120242e+07,0.039131764,0.14628027,0.16257383,302.99695,302.07745
Egypt,1997,9,297.6895,289.72357,3.8222775,3.0847696e-05,1.4778524e+07,0.038271133,0.14851236,0.16228254,300.7382,300.91025
Egypt,1997,10,295.32373,286.60904,3.3296394,0.00021071617,1.1517095e+07,0.045765992,0.14652835,0.15852562,297.42648,298.457
Egypt,1997,11,291.47092,284.7446,3.3109148,7.738517e-05,9.275705e+06,0.043553643,0.1474784,0.15633175,293.31635,295.05206
Egypt,1997,12,287.31723,280.07294,3.54665,0.00025022947,7.8527435e+06,0.058499318,0.1465647,0.15489697,288.60428,291.00735
Egypt,1998,1,286.31198,279.61023,4.0087175,0.0001317171,8.503636e+06,0.05229392,0.14819346,0.15384553,287.19415,288.7554
Egypt,1998,2,287.22205,280.58694,3.6811833,0.00046342151,1.0196313e+07,0.064670116,0.14665519,0.15314029,288.10117,288.84113
Egypt,1998,3,287.8115,278.4151,4.7536583,0.00031998524,1.3098194e+07,0.05448943,0.14609846,0.1512232,288.87842,289.1756
Egypt,1998,4,293.9091,281.54727,4.11227,1.8807557e-05,1.6816248e+07,0.04208302,0.14424296,0.15115756,294.56326,292.7654
Egypt,1998,5,296.3341,285.13416,4.3262224,0.00013626539,1.732843e+07,0.045924522,0.14503182,0.15533717,297.9741,296.21423
Egypt,1998,6,298.68915,288.2581,4.329093,2.842683e-06,1.9318676e+07,0.03981652,0.14508195,0.15713365,300.81027,298.9829
Egypt,1998,7,300.87854,290.5439,3.7695932,1.6872699e-06,1.9045002e+07,0.03866057,0.1463288,0.1577781,303.0449,301.2435
Egypt,1998,8,301.67014,293.21158,3.896118,6.6573803e-06,1.7330356e+07,0.03907424,0.14975265,0.1617472,304.30725,303.123
Egypt,1998,9,299.86942,290.28668,3.5418956,4.7775416e-06,1.4871296e+07,0.03601165,0.14912759,0.16034566,302.51242,302.404
Egypt,1998,10,296.20178,287.77142,3.4720685,1.1535792e-05,1.2140288e+07,0.037475917,0.15153858,0.15922663,298.58026,299.64728
Egypt,1998,11,291.6427,284.12888,3.1830254,0.00014563707,9.342577e+06,0.04787761,0.15193027,0.1580159,293.55814,295.5701
Egypt,1998,12,287.58948,280.34866,4.0006514,0.00019139051,7.512438e+06,0.04573059,0.15553969,0.15741429,289.24832,291.6349
Egypt,1999,1,286.32388,279.4695,3.6045842,0.00011604566,8.801287e+06,0.057577394,0.15913859,0.15588821,287.11456,288.85114
Egypt,1999,2,286.4636,279.24573,3.7443607,0.000496525,1.0593903e+07,0.075553544,0.160204,0.15429243,287.07297,288.17294
Egypt,1999,3,289.532,279.6974,4.1121383,3.5826975e-05,1.4172146e+07,0.042779334,0.15757164,0.15504476,290.3526,289.84494
Egypt,1999,4,292.4727,281.50827,3.9797635,3.536848e-05,1.6754434e+07,0.042560138,0.15208472,0.15490726,293.91302,292.77933
Egypt,1999,5,296.47913,285.80685,3.9617846,2.008218e-06,1.8716412e+07,0.041516524,0.15053245,0.15737726,298.44073,296.62817
Egypt,1999,6,299.19965,289.18976,4.442798,4.9701102e-06,1.9021752e+07,0.03873804,0.1481261,0.15856375,301.22678,299.36578
Egypt,1999,7,300.7021,291.57172,3.9075875,4.071456e-06,1.8624682e+07,0.039218843,0.14840773,0.15911548,303.32104,301.62762
Egypt,1999,8,301.2446,292.15695,3.6483777,3.6312983e-06,1.7231698e+07,0.038338386,0.14789306,0.15988654,304.11948,303.00226
Egypt,1999,9,299.63684,291.55603,3.3265913,2.2099568e-05,1.4793239e+07,0.038130157,0.14835155,0.16112089,302.59616,302.4041
Egypt,1999,10,296.5111,289.3205,3.338804,3.4323104e-05,1.1651813e+07,0.03927637,0.14998928,0.16187637,299.1583,300.10577
Egypt,1999,11,292.10202,283.77795,3.446664,4.882996e-05,9.233447e+06,0.04178175,0.15020153,0.1616617,293.97278,296.04575
Egypt,1999,12,287.71475,280.8867,3.411004,8.7068634e-05,8.1696985e+06,0.048159223,0.15220474,0.1623309,289.21442,291.6531
Egypt,2000,1,284.9071,279.1998,4.084173,0.00058743585,7.750486e+06,0.07982363,0.14860643,0.10830498,286.14523,288.6146
Egypt,2000,2,285.9538,278.8366,3.4586115,0.00019919414,1.0116315e+07,0.05259685,0.14715175,0.10835485,287.04074,288.10483
Egypt,2000,3,287.75485,279.50406,3.8660572,0.00012880564,1.3796439e+07,0.050984904,0.14782304,0.110122636,288.8835,289.00925
Egypt,2000,4,293.69693,282.12552,4.2027593,2.3988578e-05,1.6638452e+07,0.04526888,0.14674003,0.1135987,294.90326,293.2681
Egypt,2000,5,295.78473,285.71478,4.0059843,1.658843e-05,1.8573572e+07,0.044554316,0.14581417,0.11758176,297.8755,296.0353
Egypt,2000,6,298.33368,289.0268,4.2453747,2.5492448e-06,1.9419382e+07,0.040866293,0.14470588,0.11908807,300.76886,299.04123
Egypt,2000,7,300.68518,290.63803,3.933987,2.842683e-06,1.9018026e+07,0.04132704,0.14584264,0.12259887,302.805,300.95715
Egypt,2000,8,300.234,291.9698,4.0802236,1.2030969e-05,1.7222934e+07,0.04092771,0.14852713,0.123429075,302.89938,301.93686
Egypt,2000,9,298.69128,290.53973,3.5258613,6.4611435e-05,1.4714732e+07,0.041242328,0.15135776,0.123599514,301.26993,301.2865
Egypt,2000,10,294.93665,287.40384,3.468885,0.00014695755,1.1362614e+07,0.043748565,0.14867686,0.121918984,297.23557,298.5308
Egypt,2000,11,291.61368,285.0587,3.6470108,0.00016816762,9.389895e+06,0.04574137,0.14798975,0.12121657,293.06418,294.867
Egypt,2000,12,287.7112,281.74567,3.5764174,0.00031623474,7.757585e+06,0.06958967,0.14846875,0.122535974,288.75687,291.1004
Egypt,2001,1,286.62238,279.735,3.3209786,0.0001264352,8.685632e+06,0.04956422,0.1482358,0.122917205,287.44998,289.0651
Egypt,2001,2,286.92426,277.422,4.0833645,8.020951e-05,1.0851104e+07,0.046909336,0.14558356,0.12401458,287.51697,288.41547
Egypt,2001,3,291.38455,282.38376,3.7355084,8.309804e-05,1.4119625e+07,0.048389018,0.14689979,0.12736967,291.85468,290.86575
Egypt,2001,4,293.1174,282.0817,4.25239,3.8128634e-05,1.626353e+07,0.043013506,0.14671417,0.13019761,294.79678,293.8277
Egypt,2001,5,296.41168,285.1424,4.6255445,3.2507458e-05,1.8536514e+07,0.043716066,0.1466398,0.13167883,298.0963,296.3473
Egypt,2001,6,298.0125,288.26093,3.9984996,2.0448979e-06,1.9457706e+07,0.042761404,0.14635442,0.13410483,300.54114,299.0258
Egypt,2001,7,300.58716,291.69772,4.167902,2.7876633e-06,1.8876644e+07,0.042705245,0.14801763,0.13605031,302.77768,301.07224
Egypt,2001,8,301.27136,292.71,3.5370078,8.152081e-06,1.7029654e+07,0.039287694,0.14853217,0.13707165,304.03082,302.7522
Egypt,2001,9,299.68463,290.66522,3.5113688,8.32631e-06,1.4933719e+07,0.035959743,0.14954792,0.13500147,302.38956,302.18884
Egypt,2001,10,295.62695,288.29034,3.1113112,0.00011384487,1.1356763e+07,0.03718587,0.15024132,0.13065186,298.42987,299.6319
Egypt,2001,11,291.30463,283.03766,3.7589874,7.3451265e-05,9.0152e+06,0.03869886,0.1474614,0.12735774,293.07404,295.23962
Egypt,2001,12,286.80054,279.4002,4.121166,0.00033467548,7.8776195e+06,0.059226334,0.14747302,0.12737752,288.05347,290.66385
Egypt,2002,1,284.67804,279.06708,4.039273,0.00047835938,8.165275e+06,0.08090548,0.14899604,0.1277748,285.56573,287.69397
Egypt,2002,2,287.65256,280.8798,4.0018063,0.00028221423,1.1050826e+07,0.067136325,0.149534,0.13065356,287.97458,288.47406
Egypt,2002,3,290.09012,281.40253,4.35258,9.88245e-05,1.349478e+07,0.048284527,0.1489746,0.13441283,290.92426,290.64645
Egypt,2002,4,292.50934,281.91086,4.1696234,6.656464e-05,1.5934823e+07,0.047261715,0.14582163,0.13739195,293.61212,292.54642
Egypt,2002,5,295.76794,285.444,3.7420104,6.7857595e-06,1.8587726e+07,0.04411067,0.14413944,0.14141889,297.65033,295.772
Egypt,2002,6,298.49258,289.1884,3.8677785,6.4189617e-06,1.9213934e+07,0.042803053,0.14354306,0.14332667,300.715,298.8342
Egypt,2002,7,302.1774,291.95007,3.965829,2.6226044e-06,1.872099e+07,0.041352887,0.14412037,0.1453417,303.88556,301.73587
Egypt,2002,8,301.2496,292.3609,3.8242683,3.5671087e-06,1.7219346e+07,0.03811977,0.14422101,0.14612174,303.93835,302.9762
Egypt,2002,9,300.283,290.32986,3.690456,1.690938e-05,1.4771327e+07,0.036435124,0.14471236,0.1427212,302.54953,302.22693
Egypt,2002,10,296.02258,288.65674,3.4633012,0.00012740723,1.1281696e+07,0.040636603,0.1458746,0.14142898,298.49265,299.67322
Egypt,2002,11,291.91852,283.87885,3.4036672,3.4515673e-05,9.374796e+06,0.04162865,0.14342104,0.14130677,293.48566,295.55368
Egypt,2002,12,287.8399,280.44293,3.8840368,0.0002075342,7.70848e+06,0.049511977,0.13823472,0.1403577,289.13507,291.61066
Egypt,2003,1,287.5282,279.24887,3.8516054,9.2488066e-05,8.825866e+06,0.04986312,0.13816397,0.14011058,288.09833,289.7125
Egypt,2003,2,286.0102,276.35532,5.3591685,0.00026399357,1.0531663e+07,0.049878076,0.13897577,0.1407215,287.1659,288.58978
Egypt,2003,3,287.45483,279.1363,4.4220576,0.00038409233,1.2845654e+07,0.058093272,0.14135225,0.14185843,288.56946,288.9198
Egypt,2003,4,292.61017,281.6158,4.594352,5.6147575e-05,1.6169649e+07,0.04471738,0.14155394,0.14380631,293.56226,292.17133
Egypt,2003,5,296.9741,285.8699,4.117275,7.390976e-06,1.860933e+07,0.04193072,0.14171542,0.14717825,298.18625,295.9085
Egypt,2003,6,299.39545,289.38058,3.7578104,3.2369908e-06,1.9133548e+07,0.04131572,0.14222217,0.14748216,301.55383,299.49655
Egypt,2003,7,300.77435,291.49643,4.0888047,1.5955704e-06,1.8894574e+07,0.04045897,0.14242119,0.14914156,303.05634,301.49054
Egypt,2003,8,300.94324,292.02542,3.6073263,6.171373e-06,1.7362564e+07,0.03985337,0.1444597,0.1497139,303.41452,302.3333
Egypt,2003,9,298.9058,289.96396,3.8030431,6.0888437e-06,1.4982719e+07,0.03768651,0.14347532,0.14655599,301.5764,301.6802
Egypt,2003,10,296.45584,288.0803,3.3937392,7.024178e-06,1.190272e+07,0.039207224,0.145342,0.14434804,298.3944,299.15985
Egypt,2003,11,291.94574,285.399,3.2781153,5.001288e-05,9.121022e+06,0.042949717,0.14353791,0.14656118,294.00922,296.00632
Egypt,2003,12,287.23367,279.74313,4.293008,0.00016945142,8.0392765e+06,0.052729722,0.14075404,0.14673656,288.73856,291.41052
Egypt,2004,1,285.85092,277.75208,5.1649103,0.00039928235,8.637263e+06,0.063297674,0.14056554,0.14515302,286.53503,288.36652
Egypt,2004,2,287.25464,278.64008,4.2477,0.00021951016,1.0640492e+07,0.058087476,0.14330836,0.14467148,287.56287,288.15936
Egypt,2004,3,290.00357,280.86224,4.075031,7.72843e-05,1.371954e+07,0.047126554,0.14493594,0.1480529,290.9909,290.63144
Egypt,2004,4,292.33347,281.63254,4.139301,7.032431e-05,1.6340128e+07,0.04394631,0.14602259,0.15139338,293.9575,292.94272
Egypt,2004,5,295.994,284.0129,4.321189,4.3474713e-05,1.760911e+07,0.045332987,0.14451544,0.1536465,297.5877,295.9675
Egypt,2004,6,298.34503,288.3678,3.8408499,2.5675847e-06,1.923983e+07,0.04286476,0.14234534,0.15418789,300.48737,298.59338
Egypt,2004,7,300.868,290.96637,3.8314276,2.0999175e-06,1.8899488e+07,0.040206246,0.1423513,0.15410696,303.02234,301.22595
Egypt,2004,8,300.30862,291.79575,3.730955,5.2452087e-06,1.724092e+07,0.03987004,0.14407973,0.15298861,303.12097,302.21417
Egypt,2004,9,298.45694,290.01562,3.6860223,7.702754e-06,1.4857876e+07,0.03939977,0.14683595,0.1516916,300.9575,300.96124
Egypt,2004,10,296.18674,288.37976,3.2560232,1.3342271e-05,1.1937194e+07,0.038203344,0.1468321,0.1482333,298.25516,299.0655
Egypt,2004,11,292.40942,284.25107,3.7831285,0.00011516534,8.981349e+06,0.043530107,0.14339326,0.14858212,294.37656,296.39322
Egypt,2004,12,287.41287,280.5565,3.5656471,0.00014633399,7.7998595e+06,0.04513733,0.14022838,0.1475607,288.7504,291.1756
Egypt,2005,1,286.64578,278.40073,4.508187,0.00026292985,8.547909e+06,0.05743512,0.14110246,0.1480677,287.19046,288.76373
Egypt,2005,2,286.76144,277.35815,4.1464305,0.00029056804,1.0672935e+07,0.053434446,0.1393781,0.1474391,287.5217,288.44534
Egypt,2005,3,289.72394,279.8956,3.8723657,0.00016773664,1.4009313e+07,0.050060682,0.1389527,0.14672214,290.71576,290.45972
Egypt,2005,4,292.45602,281.6383,4.3473854,5.5744098e-05,1.6344537e+07,0.04578913,0.14343919,0.151977,293.74344,292.63596
Egypt,2005,5,295.70905,284.4922,3.8173332,4.199835e-06,1.8698626e+07,0.04191919,0.14028229,0.15322798,297.5701,295.8265
Egypt,2005,6,298.3874,288.664,3.864025,3.7871873e-06,1.9008754e+07,0.04126615,0.13934635,0.15193935,300.8262,298.99768
Egypt,2005,7,300.5676,291.37332,3.7011786,3.695488e-06,1.872413e+07,0.040861845,0.14038804,0.15302399,302.93585,301.15936
Egypt,2005,8,300.88107,292.8097,3.8056552,5.373588e-06,1.7152536e+07,0.0407486,0.14242584,0.15414739,303.541,302.51224
Egypt,2005,9,299.37085,290.42685,3.7994902,4.3007044e-06,1.4917952e+07,0.038992073,0.14616007,0.15339692,301.68042,301.52014
Egypt,2005,10,295.28983,287.5299,3.7008162,2.2237118e-05,1.16381e+07,0.038537316,0.14705513,0.15203024,297.86993,299.16925
Egypt,2005,11,290.64874,282.68396,3.3296201,3.871551e-05,8.963052e+06,0.042877827,0.14596142,0.15259184,292.20364,294.31494
Egypt,2005,12,287.74475,281.2262,3.4429536,0.00015554062,7.839215e+06,0.05047113,0.14439818,0.15257692,289.16193,291.53113
Egypt,2006,1,285.79602,279.26367,3.3585892,0.00022255458,8.547513e+06,0.054425124,0.1430734,0.15063147,286.91205,288.61105
Egypt,2006,2,287.32697,278.7673,3.9180562,0.00028213172,1.0735193e+07,0.055228114,0.14212541,0.14990425,287.76703,288.3596
Egypt,2006,3,289.90466,279.31516,4.1344686,0.00014009842,1.4021991e+07,0.04753715,0.1418788,0.15216586,290.76785,290.39212
Egypt,2006,4,293.04022,282.28555,4.4982357,9.759573e-05,1.6291746e+07,0.047725894,0.14149201,0.15397462,293.92908,292.7296
Egypt,2006,5,295.3013,285.41156,3.8041193,3.70099e-05,1.8631468e+07,0.044119693,0.14340568,0.15731366,297.31326,295.6574
Egypt,2006,6,298.92242,288.96564,4.3159404,6.418962e-07,1.9293162e+07,0.041288078,0.14134139,0.1563824,300.76877,298.8944
Egypt,2006,7,300.209,291.03857,3.9555523,9.059906e-06,1.8618766e+07,0.040553655,0.14204806,0.15641318,302.66522,301.13812
Egypt,2006,8,301.32687,292.40002,3.4812746,5.9329545e-06,1.735206e+07,0.04087753,0.14429745,0.15751097,303.68576,302.3769
Egypt,2006,9,299.46857,290.57098,3.5505843,1.4396815e-05,1.48579e+07,0.037992235,0.14519683,0.15529326,302.02008,301.86996
Egypt,2006,10,295.87912,287.04477,3.3997457,8.889345e-05,1.1525083e+07,0.03911762,0.14289336,0.15420581,298.2869,299.44507
Egypt,2006,11,290.1933,282.72443,3.3241146,0.00010947998,8.718375e+06,0.045923047,0.14034353,0.15144579,292.17453,294.5384
Egypt,2006,12,287.0993,280.71237,3.5153708,0.00021968439,7.6276675e+06,0.050235156,0.13911118,0.15142581,288.61032,291.03705
Egypt,2007,1,285.9817,279.56674,3.6417325,0.0002113764,8.3562485e+06,0.0598344,0.13739981,0.15142286,286.65265,288.36523
Egypt,2007,2,287.44366,280.01535,4.4016685,0.0003930101,1.0208332e+07,0.061751608,0.13949065,0.1522958,287.7221,288.3482
Egypt,2007,3,289.74475,279.56357,4.254077,0.000127719,1.3586906e+07,0.04634163,0.13946985,0.15310651,290.5073,290.22992
Egypt,2007,4,291.9167,282.27103,4.6202374,0.00011247855,1.6291562e+07,0.049130425,0.14074792,0.15683834,293.29474,292.37756
Egypt,2007,5,296.66858,286.0099,4.253197,0.00016886454,1.7831286e+07,0.047563095,0.14176574,0.16097663,297.8753,295.8582
Egypt,2007,6,299.49387,288.94733,4.2515306,1.9073486e-06,1.931594e+07,0.04208634,0.14132354,0.16096121,301.06668,299.0094
Egypt,2007,7,300.9684,291.25943,3.7175689,3.704658e-06,1.8897234e+07,0.040326916,0.14105853,0.16072553,303.14423,301.42355
Egypt,2007,8,300.9633,292.5479,3.5455694,4.548293e-06,1.7298666e+07,0.038953535,0.14345032,0.16012947,303.58276,302.53656
Egypt,2007,9,298.72177,290.33078,3.7943532,1.9027637e-05,1.4632654e+07,0.035371277,0.14566013,0.15938738,301.3963,301.58884
Egypt,2007,10,296.503,288.56665,3.3034718,1.7386217e-05,1.2130732e+07,0.03811209,0.14691518,0.15680324,298.54327,299.32135
Egypt,2007,11,291.91098,283.00876,3.4299724,5.8366702e-05,9.240692e+06,0.038865168,0.14227144,0.15485246,293.66217,295.78946
Egypt,2007,12,287.48175,279.8756,3.7754686,8.753171e-05,8.077083e+06,0.041103218,0.13718022,0.15197085,288.8863,291.24915
Egypt,2008,1,285.22858,278.85898,3.7803357,0.00064538076,8.015222e+06,0.08466497,0.13993861,0.15382709,286.25696,288.46796
Egypt,2008,2,286.13168,279.33426,4.0206757,0.00031140217,1.0394944e+07,0.060749914,0.13904032,0.15307452,286.74045,287.6857
Egypt,2008,3,291.95428,280.31915,3.970553,4.355724e-05,1.4182162e+07,0.04726643,0.14051804,0.15534352,291.9399,290.84003
Egypt,2008,4,293.7279,282.14606,4.1259584,1.6648035e-05,1.6933622e+07,0.04415542,0.14036001,0.16035938,294.7744,293.5676
Egypt,2008,5,296.371,284.6663,3.752089,7.5101852e-06,1.8488168e+07,0.041308705,0.13899468,0.16223595,298.0934,296.37473
Egypt,2008,6,300.13876,289.03613,3.8883905,3.2920104e-06,1.9403668e+07,0.03905577,0.13811071,0.161845,301.83456,299.7357
Egypt,2008,7,300.9495,291.7525,4.0221934,3.6312983e-06,1.88e+07,0.037713036,0.13977657,0.16184369,303.28763,301.8074
Egypt,2008,8,301.43674,292.55634,3.5141585,3.2920104e-06,1.7368092e+07,0.038029436,0.14403225,0.1640427,303.86066,302.68518
Egypt,2008,9,300.07614,290.5603,3.669061,9.967731e-06,1.472202e+07,0.034137055,0.14326297,0.16234381,302.55286,302.3825
Egypt,2008,10,295.4942,287.75458,3.4474196,0.00013283583,1.1389307e+07,0.038590293,0.14087962,0.157456,298.16782,299.583
Egypt,2008,11,292.3847,284.28067,3.394583,2.3080753e-05,9.349169e+06,0.041074097,0.14119472,0.1586146,293.8784,295.71487
Egypt,2008,12,288.61847,280.73553,3.8412616,0.000108187014,7.693467e+06,0.044071086,0.13861154,0.15873884,289.98294,292.28278
Egypt,2009,1,287.3398,277.70694,3.9574728,5.8380458e-05,8.966114e+06,0.044925604,0.13755608,0.15790263,288.03265,289.58115
Egypt,2009,2,287.66727,277.07318,4.7435184,0.0002933053,1.1190841e+07,0.045458358,0.13586083,0.15753056,288.48175,289.57547
Egypt,2009,3,288.9833,278.41034,4.1475964,0.00014550869,1.3855553e+07,0.04948974,0.13621016,0.15437628,289.76273,289.8746
Egypt,2009,4,292.84378,282.85162,3.9844396,2.4914742e-05,1.6624352e+07,0.045237616,0.1397414,0.15923476,294.0643,292.8152
Egypt,2009,5,295.4793,285.03656,4.0493503,1.6386692e-05,1.8222582e+07,0.041988514,0.13863179,0.16176043,297.2236,295.59198
Egypt,2009,6,300.13458,288.9197,3.999067,6.3547723e-06,1.9369056e+07,0.038985644,0.13745683,0.16166852,301.66782,299.39426
Egypt,2009,7,301.3459,291.97263,4.0811872,1.3754918e-06,1.879302e+07,0.035994444,0.1376916,0.16107367,303.6014,301.87424
Egypt,2009,8,300.5706,291.87643,3.5698395,3.686318e-06,1.7347864e+07,0.035817675,0.14008346,0.16136535,303.3911,302.53986
Egypt,2009,9,299.5777,290.85495,3.812089,1.7514596e-05,1.4656823e+07,0.033690102,0.14112812,0.15927818,302.1082,301.9385
Egypt,2009,10,297.0358,288.1782,3.2323174,0.000103702914,1.1642816e+07,0.038936414,0.14250816,0.15940145,299.15222,299.97562
Egypt,2009,11,291.45596,283.82074,3.6236727,0.00010705911,9.156687e+06,0.042067546,0.13843489,0.15823753,293.3802,295.59857
Egypt,2009,12,288.9534,279.9243,4.3964953,0.00014251012,8.0927975e+06,0.045685086,0.1339968,0.15627462,289.92316,292.0171
Egypt,2010,1,287.85388,279.43668,3.880984,0.0002047557,8.999771e+06,0.051954966,0.1017449,0.09407969,288.63364,291.40866
Egypt,2010,2,290.1577,278.72708,4.393864,0.00022271964,1.0905211e+07,0.04894338,0.10438833,0.09480359,290.25092,291.00592
Egypt,2010,3,291.4533,281.76154,4.5621395,2.0632377e-05,1.425473e+07,0.046262197,0.10824993,0.09835214,292.60202,292.7447
Egypt,2010,4,293.74954,282.5589,3.9769018,4.385068e-05,1.6510774e+07,0.04229533,0.1089571,0.10094431,295.39294,294.23843
Egypt,2010,5,296.68237,284.63425,3.9301088,1.3158871e-05,1.8545748e+07,0.041462798,0.10796772,0.10098509,298.6775,296.90182
Egypt,2010,6,299.9313,288.7555,3.9896991,1.2196027e-06,1.904602e+07,0.040478334,0.10886824,0.10192299,302.20422,299.62228
Egypt,2010,7,300.91498,292.27893,4.1003613,4.2456845e-06,1.8639524e+07,0.039491303,0.110239476,0.102391675,303.33395,301.34055
Egypt,2010,8,301.89865,293.6672,3.7051544,7.711924e-06,1.7162574e+07,0.0374664,0.11215604,0.10194957,304.5023,302.76297
Egypt,2010,9,300.11182,291.15155,3.6296098,9.096586e-06,1.4697974e+07,0.034684066,0.114427924,0.09966975,302.56622,302.1398
Egypt,2010,10,297.67273,288.46536,3.7522242,5.376339e-05,1.1636751e+07,0.035379164,0.11553347,0.09948115,299.90652,300.7243
Egypt,2010,11,292.89355,285.57767,3.0859408,2.5785886e-05,9.610154e+06,0.040183093,0.11769235,0.1000657,294.4785,296.86386
Egypt,2010,12,288.55984,280.40952,4.0673676,0.00011910842,8.06576e+06,0.042623036,0.11576888,0.10201842,289.7425,292.87332
Egypt,2011,1,287.05392,280.554,3.3766315,0.0003122458,8.3045685e+06,0.05883129,0.115050726,0.10324586,287.9198,290.35052
Egypt,2011,2,287.9983,279.80975,4.4914336,0.00045073032,1.0201612e+07,0.07232721,0.11818863,0.102251776,288.4712,289.93134
Egypt,2011,3,289.08112,280.02646,4.182133,0.0001258896,1.3589255e+07,0.046502117,0.118354306,0.10347324,290.29376,290.6414
Egypt,2011,4,292.55295,281.78622,4.138164,0.00032157166,1.572113e+07,0.05080495,0.1182351,0.104661934,293.81555,292.85638
Egypt,2011,5,295.76804,284.59915,4.053776,4.6610832e-05,1.7604594e+07,0.04372347,0.11810468,0.10497804,297.55704,295.68073
Egypt,2011,6,298.71313,288.53983,3.9139662,1.5313809e-06,1.9227208e+07,0.04025722,0.118678145,0.1071442,301.2934,299.03714
Egypt,2011,7,301.1209,291.35114,3.7650998,3.4478994e-06,1.8950752e+07,0.040281437,0.12044464,0.109271936,303.33777,301.0371
Egypt,2011,8,300.63547,291.7937,3.591344,4.007266e-06,1.7312332e+07,0.03785141,0.121145636,0.11031793,303.4428,302.15347
Egypt,2011,9,299.2928,291.24274,3.386096,3.1021926e-05,1.4651862e+07,0.03627286,0.12237925,0.10807036,301.9246,301.57385
Egypt,2011,10,295.51102,286.36618,3.4246113,3.5542707e-05,1.1534932e+07,0.033288434,0.12282179,0.10459257,298.18665,299.38977
Egypt,2011,11,289.36588,282.98337,3.162454,0.0004809086,8.938132e+06,0.059905566,0.12351548,0.103901654,291.54755,294.5993
Egypt,2011,12,286.88455,280.5259,3.4375746,5.9146147e-05,8.065366e+06,0.043881066,0.11997269,0.104313284,287.99103,290.6926
Egypt,2012,1,285.13766,277.54468,4.654795,0.00036258882,8.3364675e+06,0.05033099,0.116505966,0.104095034,286.28793,288.63287
Egypt,2012,2,285.8472,276.42337,4.5386176,0.0002528429,1.0278169e+07,0.054809112,0.11556323,0.10530977,286.67258,288.03333
Egypt,2012,3,288.17462,279.33194,4.585559,0.0001386404,1.3566555e+07,0.04782993,0.11502342,0.106342964,289.1161,289.21503
Egypt,2012,4,293.83313,280.55927,4.119866,1.428219e-05,1.6747143e+07,0.04053239,0.115563825,0.1108991,294.8057,292.94528
Egypt,2012,5,296.85,285.2549,3.790363,1.6982738e-05,1.8453098e+07,0.04147545,0.11631788,0.11511384,298.65375,296.30975
Egypt,2012,6,299.67322,289.5478,3.7289393,6.501491e-06,1.924515e+07,0.039970297,0.11640302,0.11710472,301.91296,299.34607
Egypt,2012,7,301.73444,292.23605,4.010673,3.5946186e-06,1.8778876e+07,0.038245745,0.11997373,0.117141925,304.00653,301.78616
Egypt,2012,8,301.6424,291.93835,3.7057471,3.9705865e-06,1.7391222e+07,0.035956465,0.122796215,0.11723057,304.339,302.90778
Egypt,2012,9,299.06415,290.47043,3.463694,6.574851e-06,1.4838715e+07,0.033402715,0.1264589,0.115726694,301.92987,301.81085
Egypt,2012,10,297.05365,289.44965,3.1606166,5.5248922e-05,1.162703e+07,0.03411254,0.12840857,0.11371552,299.47333,300.08832
Egypt,2012,11,292.97296,285.94617,3.2926984,0.00019089076,8.628443e+06,0.04199553,0.12625243,0.11393841,294.90375,296.94266
Egypt,2012,12,288.07843,280.17627,4.0198927,0.00012668279,7.593942e+06,0.040079597,0.121451534,0.112342305,289.72137,292.4782
Egypt,2013,1,286.20447,277.8712,4.271017,0.00037068588,8.851296e+06,0.058527544,0.11881353,0.1116176,287.2396,289.5768
Egypt,2013,2,287.8257,277.8167,3.95601,9.7733275e-05,1.1335527e+07,0.04975001,0.11865502,0.11315039,288.39905,289.3013
Egypt,2013,3,291.43933,278.72986,4.662704,4.034776e-06,1.448286e+07,0.039386585,0.11924033,0.11677097,292.15253,291.65115
Egypt,2013,4,292.71704,281.11313,4.4320364,2.684043e-05,1.6727173e+07,0.03799999,0.12003577,0.119957015,294.39713,293.609
Egypt,2013,5,297.78757,285.0147,4.030065,8.388666e-05,1.8206024e+07,0.039602198,0.1193095,0.12208683,299.10022,296.78558
Egypt,2013,6,299.2673,288.13486,4.221852,3.9797565e-06,1.9233412e+07,0.038426552,0.11924832,0.12277139,301.74487,299.81476
Egypt,2013,7,299.7306,290.96884,4.280761,4.915091e-06,1.8765764e+07,0.039111793,0.12337546,0.12547038,302.22757,300.83957
Egypt,2013,8,300.95398,292.03284,3.596016,3.4570694e-06,1.7368062e+07,0.035997443,0.12549236,0.12579146,303.62177,302.24808
Egypt,2013,9,299.27585,290.11218,3.82413,1.1077294e-05,1.482506e+07,0.03163116,0.12655209,0.123940185,301.95056,301.78122
Egypt,2013,10,294.95016,286.55753,4.066046,1.2590335e-05,1.2070326e+07,0.031418808,0.1285728,0.12088997,297.46268,298.88736
Egypt,2013,11,292.5571,285.05515,3.3350492,0.00012925037,8.864354e+06,0.039859395,0.12509865,0.12085993,294.11905,295.77948
Egypt,2013,12,287.0486,279.829,3.8970468,0.000337995,7.6812235e+06,0.054635044,0.123385265,0.12033438,288.77786,291.81522
Egypt,2014,1,286.94745,280.4085,3.212044,0.00023137606,8.713108e+06,0.053855136,0.12077619,0.11866272,287.74203,289.45984
Egypt,2014,2,287.77365,280.60492,3.6767704,0.00023235724,1.0836236e+07,0.05198758,0.12194861,0.12109701,288.71396,289.56854
Egypt,2014,3,290.45267,280.39215,4.3604717,0.00014361969,1.3761258e+07,0.044023212,0.12216322,0.12227306,291.45682,291.11243
Egypt,2014,4,293.47696,282.72565,3.7321484,3.4534016e-05,1.6626439e+07,0.04223857,0.124912895,0.1260458,295.00217,293.62698
Egypt,2014,5,296.7916,284.61334,3.9595578,0.0001744307,1.785857e+07,0.042074367,0.123579375,0.124725334,298.72775,296.84467
Egypt,2014,6,299.29953,288.04816,4.0859513,1.2049308e-05,1.9022296e+07,0.038909253,0.12520172,0.12654231,301.61115,299.6136
Egypt,2014,7,300.5241,291.04037,3.8282485,3.0994415e-06,1.8705234e+07,0.038076226,0.12700063,0.12947665,303.21042,301.47913
Egypt,2014,8,301.26788,292.34747,3.7624795,3.6496383e-06,1.725419e+07,0.035095066,0.12809081,0.12908201,304.01486,302.69095
Egypt,2014,9,299.83774,290.4859,3.457836,3.553354e-05,1.4493206e+07,0.03134779,0.1305815,0.1256634,302.74826,302.42923
Egypt,2014,10,295.84933,287.03967,3.2245753,6.5372544e-05,1.1728214e+07,0.032115363,0.13147789,0.12106391,298.44058,299.65485
Egypt,2014,11,291.61118,283.91498,3.392254,0.00017015751,8.856623e+06,0.03649664,0.12753329,0.117712855,293.69205,295.9496
Egypt,2014,12,288.57507,280.585,3.4284995,5.5010503e-05,7.945514e+06,0.037522715,0.1250349,0.119078964,290.02246,292.41232
Egypt,2015,1,285.71967,276.20316,4.688901,0.00020327017,8.757004e+06,0.048234843,0.04842244,0.05194939,287.2329,291.86185
Egypt,2015,2,286.56387,276.98038,4.561791,0.00033057653,1.0235074e+07,0.052365698,0.05054254,0.054209076,287.8234,291.04166
Egypt,2015,3,289.939,280.83118,3.991135,0.00019309155,1.3354406e+07,0.047422767,0.055299915,0.057244197,291.01758,291.58768
Egypt,2015,4,291.93768,280.60416,4.309994,0.00010439983,1.6730654e+07,0.04119716,0.05759569,0.06013735,293.84283,293.16278
Egypt,2015,5,296.40475,285.05676,3.7752957,8.265789e-05,1.8275426e+07,0.039476357,0.059368312,0.06364728,298.41913,295.60062
Egypt,2015,6,298.13773,288.28796,3.9340963,6.8040995e-06,1.8870988e+07,0.034316175,0.061840538,0.06541245,300.83377,298.02142
Egypt,2015,7,300.51913,290.68292,3.4746726,4.4474236e-06,1.8788214e+07,0.034680627,0.06511728,0.068130344,302.97742,299.71957
Egypt,2015,8,302.5756,292.89526,3.6783094,5.9788044e-06,1.7133534e+07,0.03258612,0.065595776,0.070295006,305.2342,301.94107
Egypt,2015,9,301.2378,291.66327,3.5613024,3.714745e-05,1.4707765e+07,0.029939946,0.065914646,0.06860226,303.5029,301.9073
Egypt,2015,10,297.13715,289.39035,3.433126,0.00029568488,1.1166946e+07,0.03959567,0.06572328,0.06516512,299.6484,300.54538
Egypt,2015,11,292.32635,285.7012,3.5099826,0.0005115546,8.750097e+06,0.056671627,0.075228736,0.06251131,293.9682,296.98892
Egypt,2015,12,287.75067,281.74652,3.6556246,0.0003610391,7.368554e+06,0.04884497,0.0696283,0.061714496,289.5104,293.67365
Egypt,2016,1,285.8894,278.42166,4.1634336,0.00033115424,8.422201e+06,0.060365636,0.06837251,0.061375722,287.34744,291.3161
Egypt,2016,2,289.16672,279.94193,4.1381536,5.693619e-05,1.1005588e+07,0.048264284,0.070166364,0.0631703,289.36197,290.69092
Egypt,2016,3,291.0873,279.94122,4.475331,0.00010233659,1.3329809e+07,0.042884234,0.071355,0.06659807,292.29123,292.4765
Egypt,2016,4,295.5007,282.22922,4.1176395,5.7935715e-05,1.7000004e+07,0.040078696,0.070843115,0.07006659,296.2902,294.35455
Egypt,2016,5,297.44016,284.2876,4.2512517,8.748128e-06,1.8290994e+07,0.034992762,0.070509255,0.07242374,299.35382,296.9552
Egypt,2016,6,301.19583,288.5818,4.035502,5.694536e-06,1.9289412e+07,0.034804657,0.071921706,0.07512517,303.1016,299.52423
Egypt,2016,7,301.10455,291.80872,3.9280853,4.153985e-06,1.8728004e+07,0.031886093,0.07483254,0.07752562,303.88135,301.21796
Egypt,2016,8,301.20538,292.3184,3.6268785,5.859595e-06,1.709189e+07,0.02983245,0.07906006,0.079372324,304.00198,301.9385
Egypt,2016,9,299.74063,290.13113,3.6859894,5.1718494e-06,1.4812159e+07,0.027303606,0.080048375,0.0787892,302.43008,301.73148
Egypt,2016,10,296.74417,289.28525,3.4147792,3.8367052e-05,1.1882599e+07,0.030577086,0.08175293,0.078699,298.98596,299.9424
Egypt,2016,11,292.3157,283.83472,3.4193044,0.0001180172,9.014462e+06,0.0353514,0.08196055,0.078547806,294.2349,297.05142
Egypt,2016,12,286.52573,279.41064,4.0023046,0.0002522377,7.7366105e+06,0.04055167,0.07835864,0.07534548,288.86093,293.16888
Egypt,2017,1,284.9682,277.17834,3.7820227,0.00017085442,8.787547e+06,0.044567622,0.07882801,0.07414471,286.32993,290.03378
Egypt,2017,2,286.47443,278.82996,3.525542,0.00020960662,1.0783702e+07,0.04344805,0.07917151,0.07429748,287.57724,289.6386
Egypt,2017,3,289.80414,280.81747,4.3024726,0.00017480667,1.3649929e+07,0.045049563,0.0809735,0.076261565,291.01315,291.03592
Egypt,2017,4,292.7101,282.09232,4.180068,0.00015887848,1.6360441e+07,0.04319583,0.08108112,0.07879443,294.24356,293.10742
Egypt,2017,5,296.93207,284.8809,4.018366,1.842242e-05,1.8458156e+07,0.035027925,0.08068562,0.08123667,298.72723,296.06873
Egypt,2017,6,299.92706,288.9347,3.820492,4.841731e-06,1.9228668e+07,0.0340035,0.08159998,0.08246483,302.11145,298.94696
Egypt,2017,7,302.00232,291.42767,3.870193,2.4850551e-06,1.8841408e+07,0.030675717,0.084124126,0.08495959,304.25092,301.23398
Egypt,2017,8,301.61475,292.44653,3.4781451,2.7601536e-06,1.7223596e+07,0.0280015,0.08651621,0.086792655,304.5174,302.40884
Egypt,2017,9,299.26428,290.48,3.6011147,6.8224394e-06,1.4960977e+07,0.0269956,0.08983975,0.086865336,301.9964,301.62253
Egypt,2017,10,295.5539,286.63956,3.6630194,3.687235e-05,1.1863377e+07,0.02736485,0.08878151,0.084120676,298.0775,299.45218
Egypt,2017,11,290.86774,283.11896,3.160231,0.000101364574,9.047582e+06,0.03205259,0.08550179,0.08150704,293.1483,296.08572
Egypt,2017,12,288.82965,281.89423,3.7751698,8.138327e-05,7.3515325e+06,0.03859227,0.08463692,0.08365504,290.21326,293.1341
Egypt,2018,1,286.6528,279.79282,4.6653,0.00028321834,8.470976e+06,0.05061813,0.08303091,0.08491135,287.9985,290.9742
Egypt,2018,2,289.39914,280.35144,3.5532033,0.00028600602,1.0230196e+07,0.053649828,0.083829455,0.086546674,289.74945,290.74097
Egypt,2018,3,292.31906,279.71527,4.0011044,3.2351567e-05,1.429713e+07,0.04042929,0.0836997,0.08823281,293.31915,292.70544
Egypt,2018,4,294.38092,282.66232,3.93846,9.950308e-05,1.6740177e+07,0.038263753,0.08422612,0.0914526,295.7737,294.415
Egypt,2018,5,298.36493,286.3463,4.0643253,3.8467922e-05,1.7698208e+07,0.03654358,0.08621148,0.09337118,300.0466,297.39737
Egypt,2018,6,300.40558,289.11038,3.7808566,1.7367876e-05,1.8901768e+07,0.03324591,0.08757288,0.09378057,302.8774,300.0764
Egypt,2018,7,301.5562,291.88055,4.138771,1.4580213e-06,1.8718652e+07,0.032422535,0.09077927,0.09461096,304.04556,301.73526
Egypt,2018,8,301.5643,292.80026,3.6887574,7.1158775e-06,1.7051392e+07,0.0303697,0.09345722,0.09387108,304.57645,302.82147
Egypt,2018,9,299.78128,291.30106,3.63111,1.005943e-05,1.4597953e+07,0.027727665,0.09402888,0.092345186,302.62744,302.25232
Egypt,2018,10,296.83133,288.238,3.536109,7.178692e-05,1.1699616e+07,0.02978891,0.093797915,0.091152206,299.4591,300.43588
Egypt,2018,11,291.99023,284.98813,3.126316,0.0004134912,9.011466e+06,0.048653062,0.09090109,0.08708902,293.9811,296.9045
Egypt,2018,12,287.9858,281.20007,4.1783743,0.00038115794,7.462752e+06,0.053447627,0.08922888,0.08512585,289.72284,293.1765
Egypt,2019,1,284.97195,275.41837,5.0129046,7.208494e-05,9.245152e+06,0.049820684,0.088784344,0.0854864,286.46906,289.9912
Egypt,2019,2,286.5631,278.0891,4.208291,0.00045492098,1.0538919e+07,0.060740553,0.08951397,0.08590157,287.52338,289.45316
Egypt,2019,3,288.68408,280.031,4.4468417,0.00030919223,1.3205623e+07,0.04981031,0.08974787,0.08587493,289.9923,290.3225
Egypt,2019,4,292.21133,281.10834,4.245202,0.00013768673,1.6292559e+07,0.044235382,0.09002737,0.08609332,293.45554,292.36926
Egypt,2019,5,297.40536,283.6485,4.2833347,7.9503425e-06,1.8546654e+07,0.03958736,0.09202825,0.08899701,298.90308,296.05847
Egypt,2019,6,300.40506,290.41052,4.104055,2.2594746e-05,1.869005e+07,0.0364859,0.09163402,0.093090996,302.38773,299.3041
Egypt,2019,7,301.65863,291.65817,3.7952452,1.4855311e-06,1.8836694e+07,0.033242922,0.09530645,0.09655079,304.23694,301.65204
Egypt,2019,8,301.62518,292.02744,3.403086,3.6221284e-06,1.741692e+07,0.032250676,0.098199256,0.09872609,304.42938,302.51135
Egypt,2019,9,299.30206,291.07986,3.639667,8.839827e-06,1.4871202e+07,0.030039059,0.098666705,0.098025806,302.3163,302.00204
Egypt,2019,10,297.04388,289.65408,3.4564362,0.0005296102,1.1577807e+07,0.051582918,0.10005135,0.09557883,299.3872,300.2743
Egypt,2019,11,293.11584,284.20316,3.193752,1.68727e-05,9.731377e+06,0.037208356,0.09810675,0.09301229,295.03128,297.1553
Egypt,2019,12,288.09427,280.8568,4.364314,0.00029172347,7.860879e+06,0.04254873,0.08887785,0.089189716,290.1418,293.561
Egypt,2020,1,285.26257,278.93045,4.624227,0.00050765736,8.1363645e+06,0.06828788,0.0933809,0.0890673,286.8366,290.17676
Egypt,2020,2,287.15802,280.0573,4.020193,0.00033856355,1.0098331e+07,0.051535945,0.09733495,0.08896935,288.29327,289.7429
Egypt,2020,3,289.58978,280.66324,4.589918,0.0013350478,1.3354507e+07,0.09126802,0.1368907,0.09081753,290.2058,290.5119
Egypt,2020,4,292.20123,282.1412,3.9972777,5.2232008e-05,1.6275077e+07,0.04156303,0.1373623,0.093559615,294.169,292.98676
Egypt,2020,5,296.66644,284.1182,4.2730856,1.6331673e-05,1.8647264e+07,0.037808158,0.12965529,0.09489346,298.7583,296.66223
Egypt,2020,6,298.7502,287.3228,4.103925,3.1361212e-06,1.9279868e+07,0.035828285,0.13133276,0.09795945,301.47113,299.36887
Egypt,2020,7,300.57565,291.4167,3.8136466,4.2731945e-06,1.8698962e+07,0.03721773,0.1337272,0.104222015,303.49728,301.62643
Egypt,2020,8,301.34723,292.37515,3.728982,2.4025258e-06,1.7387168e+07,0.033737823,0.13548067,0.10725982,304.2467,302.93707
Egypt,2020,9,300.70905,292.60013,3.7589355,1.4891992e-05,1.4816523e+07,0.03253875,0.13741753,0.107974924,303.39044,302.83624
Egypt,2020,10,297.60022,289.78714,3.269562,9.2836526e-05,1.1847719e+07,0.033373795,0.13621846,0.10387148,300.2428,301.06525
Egypt,2020,11,291.59164,285.07678,3.4076037,0.00039611413,8.557105e+06,0.050694343,0.13427144,0.099320784,294.0333,296.62692
Egypt,2020,12,288.7389,281.40527,3.3006616,0.0001396491,7.991968e+06,0.05040676,0.13475083,0.09720782,289.92975,292.35095
Egypt,2021,1,287.5683,280.54358,3.9735312,0.00016480226,8.838673e+06,0.051717542,0.13661613,0.10081099,288.59235,290.51154
Egypt,2021,2,287.64752,280.6802,3.843028,0.000503352,1.0617489e+07,0.06493067,0.13313214,0.10010158,288.65924,289.75415
Egypt,2021,3,289.65256,279.83917,4.26717,5.5468998e-05,1.3480081e+07,0.044376034,0.1324804,0.10175528,290.9993,290.85403
Egypt,2021,4,293.1093,280.727,4.322523,9.9218805e-06,1.6984334e+07,0.041005194,0.13125922,0.1058412,294.18073,292.95428
Egypt,2021,5,298.43423,284.79306,3.8415093,6.153033e-06,1.893262e+07,0.03661292,0.12705734,0.10857685,300.284,297.88013
Egypt,2021,6,299.03488,288.88956,3.9771502,5.868765e-07,1.9364354e+07,0.035520133,0.12870346,0.11002187,301.70517,299.75565
Egypt,2021,7,301.93408,291.98425,3.9483745,1.2837924e-06,1.88422e+07,0.03270596,0.13001058,0.11067079,304.51617,302.57986
Egypt,2021,8,302.3465,292.6171,3.7981493,2.4575454e-06,1.7494776e+07,0.033214465,0.12996124,0.1114018,304.97156,303.68054
Egypt,2021,9,299.73688,290.72217,3.996409,2.171443e-05,1.4785601e+07,0.029222416,0.13130753,0.10878431,302.5865,302.69687
Egypt,2021,10,296.13528,287.92264,3.466662,5.5909157e-05,1.1846929e+07,0.03294284,0.13216937,0.1071552,298.65628,299.80936
Egypt,2021,11,293.27496,285.62408,3.1882997,0.00020049169,9.21393e+06,0.046418205,0.13173808,0.1069576,294.93845,296.8875
Egypt,2021,12,287.39554,280.25534,3.917221,0.00049926684,7.472561e+06,0.0498209,0.13013282,0.107204355,289.35,292.3332
Egypt,2022,1,284.82938,277.96188,4.3667097,0.00032854997,8.408313e+06,0.07907764,0.13340227,0.10578738,286.1131,288.778
Egypt,2022,2,286.54315,278.86246,4.0618753,0.00025893174,1.06656e+07,0.054858487,0.1306477,0.10535455,287.26028,288.1715
Egypt,2022,3,286.9797,278.24805,4.466254,0.00025868416,1.3237807e+07,0.053905133,0.12901741,0.10748753,288.465,289.02643
Egypt,2022,4,294.1574,281.4521,4.4555316,1.2196027e-06,1.6842386e+07,0.04268004,0.12905365,0.11341207,294.81915,292.7785
Egypt,2022,5,296.0938,284.63947,4.184783,4.2291787e-05,1.8225508e+07,0.03821139,0.12651838,0.11793848,297.8822,295.93597
Egypt,2022,6,299.95322,289.9042,3.9616175,2.3841858e-06,1.9182292e+07,0.035714563,0.12502581,0.11881999,302.2625,299.83456
Egypt,2022,7,300.88617,291.28302,4.0238004,1.5864006e-06,1.897377e+07,0.033701994,0.12887225,0.11825756,303.4157,301.62894
Egypt,2022,8,301.40656,292.6667,3.7203295,4.548293e-06,1.7222538e+07,0.03287408,0.13315366,0.11725436,304.27292,302.86383
Egypt,2022,9,300.1545,291.34128,3.7662966,5.4744573e-06,1.4835678e+07,0.031450476,0.1334316,0.114883885,302.7564,302.42014
Egypt,2022,10,296.21832,288.2527,3.5012183,0.00014670995,1.1369184e+07,0.033905637,0.13211782,0.11178427,298.93243,300.16425
Egypt,2022,11,291.9904,283.78516,3.1711645,9.2460556e-05,9.186695e+06,0.035812005,0.13216192,0.1061554,293.9939,296.1358
Egypt,2022,12,289.55173,283.17078,3.1218987,0.00020629626,7.8303755e+06,0.045140665,0.13108438,0.1056585,290.86026,292.97882
Egypt,2023,1,287.48337,281.02112,3.551106,0.0003572244,8.673814e+06,0.060924295,0.13154356,0.10574734,288.40475,290.39868
Egypt,2023,2,286.30405,278.86884,3.9257815,0.00023170159,1.0184719e+07,0.051815946,0.130222,0.105818994,287.5374,288.92642
Egypt,2023,3,290.6491,280.63742,4.0784574,0.00029873848,1.3559073e+07,0.050398286,0.13146669,0.10721418,291.76126,291.42404
Egypt,2023,4,293.09692,281.847,4.198483,0.00012733844,1.6419193e+07,0.044315916,0.13148458,0.10976938,294.5744,293.408
Egypt,2023,5,296.1363,285.4998,4.458818,6.658297e-05,1.779556e+07,0.04278253,0.1313341,0.11489107,297.83572,296.1362
Egypt,2023,6,299.2751,289.32227,4.1228156,3.9320727e-05,1.8705828e+07,0.042184137,0.12889196,0.12079881,301.5893,299.48215
Egypt,2023,7,302.02695,292.27737,4.07041,1.513041e-06,1.9018292e+07,0.03823117,0.12964168,0.12309043,304.1028,301.99567
Egypt,2023,8,301.93103,292.45746,3.5036721,3.2645005e-06,1.7285512e+07,0.0341863,0.13476926,0.124633186,304.71164,303.41718
Egypt,2023,9,300.8152,291.0606,3.614489,9.058072e-05,1.4730921e+07,0.03556836,0.13596259,0.12323257,303.25943,302.98972
Egypt,2023,10,297.0972,289.40488,3.095231,7.830216e-05,1.1334816e+07,0.035073623,0.13452502,0.11931356,299.55573,300.47495
Egypt,2023,11,293.6504,285.65234,3.3014424,8.5161286e-05,9.314422e+06,0.04030134,0.13286613,0.11836522,295.75824,297.74673
Egypt,2023,12,289.83444,283.29382,3.3473902,8.9856294e-05,7.6063925e+06,0.038830817,0.129945,0.11698977,291.2503,293.39206
Egypt,2024,1,287.42157,279.0112,3.7342868,0.00018559053,8.705684e+06,0.042080052,0.13075043,0.11765619,288.9819,291.15045
Egypt,2024,2,287.75443,280.36377,3.6701987,0.00017947417,1.0725287e+07,0.049273476,0.13052121,0.11617672,288.8113,289.8495
Egypt,2024,3,290.4322,281.0013,3.7860823,0.00015924528,1.3806775e+07,0.046570532,0.13056356,0.11916168,291.6725,291.50565
Egypt,2024,4,294.42178,284.206,4.136999,5.4478645e-05,1.6789772e+07,0.04463933,0.12867233,0.122400865,295.9219,294.50183
Egypt,2024,5,297.72833,284.32434,3.8427925,5.309398e-06,1.8452856e+07,0.03852796,0.12753476,0.12504596,299.49313,297.51306
Egypt,2024,6,301.86404,289.8244,3.752857,6.9691583e-07,1.950756e+07,0.036510263,0.12460224,0.1263199,303.84674,301.32507
Egypt,2024,7,302.77786,292.62775,3.609746,7.1525574e-07,1.8800362e+07,0.035482172,0.12357272,0.12695579,305.50406,303.50684
Egypt,2024,8,302.51346,292.90848,3.216504,1.4213415e-06,1.7346152e+07,0.03291759,0.124805175,0.12743652,305.6021,304.3202
Egypt,2024,9,300.82257,291.45718,3.529032,7.1984073e-06,1.456083e+07,0.029761126,0.127628,0.12523891,304.053,303.92923
Egypt,2024,10,296.33072,287.85965,3.4825819,1.8064793e-05,1.1897546e+07,0.03246022,0.13059412,0.122253604,299.3254,300.82407
Egypt,2024,11,291.5894,284.4022,3.360083,0.00018589772,8.605428e+06,0.043893054,0.12893526,0.12140877,293.85822,296.33508
Egypt,2024,12,287.82623,280.48248,3.62434,0.00015772306,8.136298e+06,0.039815664,0.124327965,0.12092782,289.71335,292.4938
Greece,1985,1,279.70294,276.56912,3.3157537,0.0050873905,5.698634e+06,0.3133433,0.3098057,0.27351952,280.7082,281.90012
Greece,1985,2,277.7259,273.01413,3.1601279,0.002279946,8.992261e+06,0.29770014,0.29963705,0.29349187,279.47815,280.81207
Greece,1985,3,281.56644,278.12344,2.751653,0.0032307897,1.104371e+07,0.30671182,0.30757248,0.29848102,281.52798,281.18677
Greece,1985,4,286.91968,280.8024,2.7689068,0.0016807496,1.8636064e+07,0.25114465,0.26522276,0.28029272,285.9709,284.67148
Greece,1985,5,291.71704,285.66907,2.1954794,0.0012584099,2.0465722e+07,0.19993687,0.2225224,0.24876401,290.76984,288.74362
Greece,1985,6,294.75824,286.4257,2.3949957,0.00046694657,2.3441732e+07,0.14420326,0.1769298,0.21860361,294.7148,292.71735
Greece,1985,7,296.78436,287.00754,2.7181106,0.00028095848,2.256011e+07,0.1170813,0.14945169,0.19944537,296.6137,294.79462
Greece,1985,8,297.30783,287.27792,2.900445,0.00017132479,2.089551e+07,0.10037342,0.13277759,0.18448512,297.7877,296.78534
Greece,1985,9,293.62863,284.74976,2.6608467,0.00034504887,1.6699113e+07,0.10954273,0.124347016,0.17108324,294.49335,294.91153
Greece,1985,10,287.19818,280.89423,2.706321,0.001982702,1.1264954e+07,0.17671661,0.16326238,0.17160979,288.6113,290.74527
Greece,1985,11,285.50162,282.09332,2.7590048,0.004751007,6.888754e+06,0.27176,0.2604844,0.2040387,285.91504,287.35797
Greece,1985,12,282.1804,278.70013,2.519596,0.0011963262,6.284316e+06,0.2793154,0.27806404,0.25118312,282.38293,284.28305
Greece,1986,1,280.66815,277.0222,2.972274,0.0036420866,6.639032e+06,0.29753593,0.29337543,0.26790917,281.2361,282.5315
Greece,1986,2,280.27966,277.05316,3.360088,0.005174352,7.657734e+06,0.31685996,0.3149751,0.2924701,281.04904,281.69763
Greece,1986,3,282.20886,278.48718,2.8412104,0.0018092799,1.1799094e+07,0.2893322,0.2955303,0.29454157,282.3816,282.27734
Greece,1986,4,287.41412,280.50098,2.5255592,0.000945553,1.948844e+07,0.20501836,0.22852641,0.25390658,286.8052,285.5686
Greece,1986,5,290.39087,284.04956,2.3973498,0.0017700281,2.0114004e+07,0.216029,0.22363086,0.22842918,289.8085,288.22452
Greece,1986,6,294.66388,287.2861,2.461887,0.0019663556,2.1676282e+07,0.18210137,0.19704558,0.20338508,294.53278,292.66165
Greece,1986,7,296.6256,288.54483,2.4603486,0.0005302947,2.2017948e+07,0.14401117,0.167996,0.1939538,296.7614,295.00638
Greece,1986,8,297.60764,288.80814,2.703357,0.00037658485,2.0547924e+07,0.12348375,0.14658248,0.18687214,297.8147,296.62732
Greece,1986,9,294.03775,286.03946,2.6358852,0.0005543135,1.59021e+07,0.11798947,0.13412549,0.17810103,294.9602,295.314
Greece,1986,10,288.46045,282.82025,2.8325768,0.0030405812,1.0465614e+07,0.17639342,0.16037397,0.17700592,289.73352,291.42548
Greece,1986,11,282.57,278.14963,2.6793604,0.0013670856,7.4718755e+06,0.2546904,0.2524778,0.21310477,283.8557,286.3778
Greece,1986,12,278.7355,274.4272,2.849203,0.0023381591,6.083313e+06,0.24508959,0.243234,0.21716611,279.85352,282.20517
Greece,1987,1,279.8332,276.31052,3.481517,0.0037507191,6.146069e+06,0.2999652,0.29423714,0.25571913,280.334,281.23566
Greece,1987,2,280.71814,276.98282,2.8736184,0.0028790522,8.373072e+06,0.30165055,0.30047867,0.27731538,281.01602,281.5723
Greece,1987,3,277.79947,273.39368,3.129553,0.004309909,1.1424767e+07,0.3071444,0.30738336,0.2923268,279.43982,279.88782
Greece,1987,4,284.83676,279.1648,3.0356278,0.0029509878,1.707772e+07,0.27678457,0.28336623,0.2884703,284.3767,283.4767
Greece,1987,5,288.79385,282.51886,2.451836,0.0012068857,2.0169694e+07,0.21778174,0.23490904,0.25091964,287.9589,286.24094
Greece,1987,6,294.65082,286.33887,2.4139555,0.0006895799,2.3144664e+07,0.15600482,0.18274158,0.2164928,293.91068,291.49295
Greece,1987,7,298.1738,288.74887,2.573227,0.00053283205,2.2683284e+07,0.13136539,0.15889965,0.19820376,297.59772,295.17297
Greece,1987,8,296.69522,288.46045,2.497559,0.00073267217,2.0244402e+07,0.13104361,0.150627,0.19569607,297.33014,296.52414
Greece,1987,9,295.32608,287.23157,2.482261,0.00052855996,1.6870952e+07,0.12185309,0.14503205,0.1872434,295.65005,295.363
Greece,1987,10,288.06094,283.50626,2.8441715,0.0023338094,9.790012e+06,0.2104753,0.2049771,0.19603923,289.6909,291.62006
Greece,1987,11,284.37347,281.04562,2.5770679,0.003837361,6.839634e+06,0.28467754,0.26972353,0.22641952,284.89807,286.74872
Greece,1987,12,281.0705,277.7129,2.563384,0.0021087078,5.8640405e+06,0.29864654,0.29572508,0.26698887,281.99792,284.13272
Greece,1988,1,281.03372,278.22336,2.5097675,0.0020509004,6.1886735e+06,0.29555976,0.29362422,0.27619818,281.11612,282.06125
Greece,1988,2,279.91635,275.65155,3.0072334,0.00286394,9.418449e+06,0.29871884,0.29788783,0.2837886,280.39392,281.45822
Greece,1988,3,281.89023,277.16595,3.0190568,0.003348165,1.3274793e+07,0.3037812,0.30557728,0.29463485,281.69992,281.58563
Greece,1988,4,285.38458,280.0397,2.3950515,0.0015249813,1.7085836e+07,0.24798675,0.25737163,0.27217138,285.28485,284.32205
Greece,1988,5,290.85455,283.8164,2.3338158,0.0005689854,2.1148436e+07,0.1774979,0.20322084,0.23737656,290.23834,288.30026
Greece,1988,6,295.24673,286.56046,2.2964215,0.0005197482,2.302835e+07,0.13755563,0.16771822,0.21371897,294.93307,292.62354
Greece,1988,7,299.57108,288.95737,2.7458446,0.00016161543,2.3365264e+07,0.10821439,0.14657456,0.19911413,299.17346,296.8563
Greece,1988,8,298.06323,288.27753,2.6197424,0.00019623252,2.0914114e+07,0.10695592,0.13392608,0.18566242,298.47974,297.52023
Greece,1988,9,294.0087,286.11356,2.5427005,0.00050944334,1.6028915e+07,0.11872482,0.1298468,0.18072146,295.12238,295.6455
Greece,1988,10,288.21478,281.9834,2.987164,0.0013962914,1.1314813e+07,0.1577737,0.14181618,0.16756082,289.68442,291.7501
Greece,1988,11,280.9678,277.0272,2.9307947,0.0052151056,6.6525965e+06,0.280574,0.2538505,0.19199306,282.61694,285.33984
Greece,1988,12,279.33533,275.8247,2.9003453,0.0041847574,5.4273135e+06,0.30661288,0.30412692,0.26593956,281.0323,283.03717
Greece,1989,1,277.55136,272.78256,2.909301,0.00040584235,7.8079465e+06,0.2718701,0.27564076,0.27004567,278.02344,279.75143
Greece,1989,2,280.35458,275.2033,2.9910226,0.0011237002,1.0561096e+07,0.24420832,0.24971616,0.2540798,279.481,279.71072
Greece,1989,3,283.78967,278.89362,2.6744392,0.0022724548,1.4132992e+07,0.25551283,0.258085,0.24889755,283.1548,282.48428
Greece,1989,4,287.97943,280.9503,2.730282,0.0010131819,1.9663896e+07,0.18796907,0.21233004,0.22811642,287.2814,285.74948
Greece,1989,5,289.4132,282.56857,2.5548115,0.0014616591,2.0327298e+07,0.19244976,0.20188162,0.21525015,289.40073,288.12775
Greece,1989,6,293.26123,285.68326,2.3079028,0.0010149512,2.225406e+07,0.16551496,0.1829211,0.20291407,293.1264,291.2072
Greece,1989,7,296.42792,288.03198,2.7359154,0.0008983267,2.2023026e+07,0.14210959,0.16068903,0.18703862,296.65552,294.89194
Greece,1989,8,296.90402,287.7553,2.7015936,0.0002928514,2.0691004e+07,0.11901194,0.14467107,0.18279867,297.20734,295.99
Greece,1989,9,293.67197,286.6469,2.4432914,0.00089566846,1.5925642e+07,0.12298478,0.13155925,0.17172623,294.65118,294.87982
Greece,1989,10,287.5591,282.1401,2.871504,0.0026272044,1.1035664e+07,0.23654501,0.22466312,0.18410026,288.39053,290.28558
Greece,1989,11,283.62753,279.32773,2.643516,0.0024889174,7.3469105e+06,0.24180144,0.23391587,0.19038515,284.82883,286.87494
Greece,1989,12,280.2109,276.75262,2.6884034,0.0021888854,6.0618115e+06,0.27107593,0.26396167,0.21393147,280.9771,282.86212
Greece,1990,1,277.58078,273.27393,2.5601177,0.00037138062,7.3579265e+06,0.26771122,0.26842856,0.23511985,278.4438,280.1178
Greece,1990,2,280.98145,275.61658,3.2088041,0.0016052453,1.0468984e+07,0.25293538,0.25489092,0.23451562,280.51352,280.8362
Greece,1990,3,283.99918,276.51242,2.8633914,0.00034409086,1.6089173e+07,0.18586351,0.207164,0.2136761,283.18896,282.46948
Greece,1990,4,286.55887,280.56622,2.646813,0.0019221328,1.7640814e+07,0.20654963,0.20317522,0.20264341,286.46158,285.3166
Greece,1990,5,290.2889,283.12283,2.3580153,0.0012991806,2.0032546e+07,0.18002021,0.1939646,0.2034253,290.11453,288.31363
Greece,1990,6,294.63474,285.5296,2.5879917,0.00045413885,2.356912e+07,0.14860828,0.17316619,0.19586647,294.2066,292.0832
Greece,1990,7,297.59537,287.7104,2.7725627,0.00045346568,2.3016736e+07,0.11836046,0.14385255,0.18568406,297.65317,295.74802
Greece,1990,8,296.3537,287.5642,2.7818654,0.0011230658,2.037726e+07,0.13689011,0.1511386,0.18345995,296.75827,296.05994
Greece,1990,9,293.14188,285.917,2.401015,0.00075013173,1.6191137e+07,0.13741392,0.14963496,0.17703088,294.0306,294.3522
Greece,1990,10,289.48294,284.13495,2.5247014,0.0013910268,1.156595e+07,0.16413356,0.15560316,0.17605303,290.4379,291.7707
Greece,1990,11,285.90475,282.41336,2.614898,0.0027704886,7.2681875e+06,0.25614774,0.23781781,0.19294024,286.44415,288.10205
Greece,1990,12,280.90497,278.00937,2.7345142,0.005784354,5.025873e+06,0.3114181,0.3040342,0.2580374,282.54953,284.7076
Greece,1991,1,278.14972,274.33234,2.8651524,0.0017916476,7.0250475e+06,0.29482073,0.29481986,0.27822632,279.6829,281.55853
Greece,1991,2,278.97974,275.33664,2.9166682,0.0030861376,8.1524255e+06,0.30742604,0.3065162,0.28803328,279.6372,280.28604
Greece,1991,3,282.96817,279.13318,2.476146,0.0020021033,1.2690404e+07,0.28693685,0.29299858,0.28968084,282.75317,282.26166
Greece,1991,4,284.95197,280.5628,2.6349332,0.003499044,1.5909691e+07,0.28540948,0.2891406,0.2864894,284.88626,284.22366
Greece,1991,5,288.16092,282.71387,2.7424655,0.0022559878,1.9139268e+07,0.26472512,0.27260312,0.27476594,287.82706,286.80396
Greece,1991,6,295.01352,287.22183,2.3398514,0.00041793374,2.3500756e+07,0.16189909,0.20090249,0.23947667,294.02744,291.2829
Greece,1991,7,296.2481,288.9087,2.5515592,0.0011898404,2.1818418e+07,0.15791132,0.17728455,0.21143119,296.3497,294.72562
Greece,1991,8,296.12604,289.09503,2.6753075,0.0012047625,1.934245e+07,0.15965891,0.17328691,0.20466384,296.63528,295.83575
Greece,1991,9,293.2254,286.4466,2.3919566,0.00047665593,1.6302414e+07,0.1474032,0.16711295,0.20034307,293.57797,293.65347
Greece,1991,10,289.36063,283.76486,2.6281497,0.0023712486,1.05576e+07,0.18664192,0.18786472,0.20130889,290.60895,291.99356
Greece,1991,11,284.3651,280.9417,2.610833,0.0026073542,7.291749e+06,0.27892545,0.2730306,0.22934927,285.0236,286.87103
Greece,1991,12,276.70822,272.34937,3.31673,0.0025551955,5.729799e+06,0.28632742,0.28325647,0.2524854,279.00302,281.8155
Greece,1992,1,278.08536,273.60092,2.7779233,0.0006863866,7.170266e+06,0.26955563,0.2714442,0.2604744,278.30945,279.74237
Greece,1992,2,277.96927,272.39673,2.881982,0.0010705664,1.0384933e+07,0.26545367,0.2650969,0.25657353,278.25253,279.20093
Greece,1992,3,281.2919,275.98846,2.8772266,0.001881854,1.3449311e+07,0.24628396,0.24625404,0.24275337,280.48544,280.01294
Greece,1992,4,285.73965,280.40042,2.5622678,0.0028672714,1.7224956e+07,0.25885692,0.26348493,0.24573705,284.86325,283.50238
Greece,1992,5,288.93948,282.56393,2.7863526,0.0014107217,1.9252552e+07,0.2059947,0.21939933,0.23520729,288.35803,286.80063
Greece,1992,6,293.94696,287.15442,2.4330149,0.001805914,2.1745518e+07,0.1818837,0.20052324,0.2223671,293.52267,291.28076
Greece,1992,7,295.71103,288.0334,2.5461953,0.0007444528,2.170337e+07,0.17125815,0.19358173,0.21000564,295.3377,293.62494
Greece,1992,8,297.78882,288.6446,2.6420586,0.000111023226,2.1176662e+07,0.119696826,0.15802681,0.20391013,297.3778,295.86734
Greece,1992,9,292.95712,284.96402,2.705416,0.00037844904,1.6645524e+07,0.1163852,0.14412817,0.195963,293.98837,294.5178
Greece,1992,10,291.1235,285.651,2.677516,0.001441852,1.1228832e+07,0.1847306,0.17480887,0.18971261,291.22195,291.97296
Greece,1992,11,284.90344,280.0349,2.6548424,0.0023509236,7.760817e+06,0.22703367,0.2205848,0.20665443,285.87552,288.07394
Greece,1992,12,278.85132,275.03018,3.1678853,0.002576884,5.592868e+06,0.27702832,0.26770014,0.23451647,280.58975,283.1224
Greece,1993,1,278.02222,273.61395,3.009366,0.0015954152,7.3598215e+06,0.2802737,0.27937928,0.25364932,278.73495,280.22552
Greece,1993,2,277.11908,271.94235,3.3666532,0.003016692,9.074873e+06,0.27080575,0.26941806,0.2534381,278.11734,279.29276
Greece,1993,3,281.07272,276.01404,2.8292255,0.0022243613,1.4006361e+07,0.27874735,0.28381833,0.27101403,280.64346,280.25015
Greece,1993,4,285.81247,279.43997,2.6491687,0.0010941018,1.8644748e+07,0.23016553,0.24339995,0.253184,284.9985,283.72482
Greece,1993,5,290.10736,284.94415,2.1077793,0.0023796374,1.9443374e+07,0.23353392,0.23561937,0.23555699,289.22415,287.25583
Greece,1993,6,295.20074,286.66095,2.4580188,0.000559768,2.3343794e+07,0.15016973,0.18347548,0.21813442,294.7262,292.4343
Greece,1993,7,297.02063,286.89227,2.7406569,9.6075135e-05,2.3773576e+07,0.11215355,0.15450945,0.20501253,296.9024,295.00763
Greece,1993,8,297.49615,287.84222,2.8258817,0.00030118847,2.1101102e+07,0.107648306,0.14360051,0.19614032,297.53662,296.34692
Greece,1993,9,293.57452,285.80048,2.488253,0.0004758101,1.692488e+07,0.13206974,0.15326095,0.1929908,294.2083,294.7093
Greece,1993,10,290.8547,284.8882,2.3956144,0.00082177384,1.1999496e+07,0.14589156,0.15649348,0.18933639,291.39523,292.41864
Greece,1993,11,282.87173,279.60516,3.223871,0.0052312617,5.6926085e+06,0.25750044,0.23781598,0.20984162,284.9796,287.51697
Greece,1993,12,282.19608,278.8795,2.7043543,0.0019753487,6.0991455e+06,0.29354706,0.29331854,0.26048675,282.3575,283.9517
Greece,1994,1,281.17816,278.11798,2.7300491,0.003309073,6.5900865e+06,0.30870378,0.30816963,0.28429896,281.64307,282.88254
Greece,1994,2,279.94812,276.594,2.975081,0.0039498773,8.427497e+06,0.31439686,0.31554487,0.30019572,280.52798,281.3014
Greece,1994,3,283.41766,278.33517,2.883187,0.0011937198,1.492725e+07,0.26534346,0.27513465,0.28901064,283.0749,282.80493
Greece,1994,4,286.91013,281.52786,2.7158806,0.002073288,1.8088798e+07,0.24159706,0.25275362,0.26431844,286.24597,285.16232
Greece,1994,5,291.3186,284.7378,2.3216114,0.0015587612,2.112012e+07,0.21108238,0.23299724,0.24800849,290.45706,288.58975
Greece,1994,6,294.58994,285.755,2.7408094,0.0004277812,2.3627934e+07,0.13456333,0.16842529,0.21818674,294.45416,292.58945
Greece,1994,7,297.33945,288.23047,2.8147118,0.0007880284,2.2104362e+07,0.13521788,0.15216708,0.1935187,297.33847,295.68033
Greece,1994,8,298.29794,288.57437,2.639367,0.00034655057,2.0847554e+07,0.12158066,0.14216325,0.18279454,298.27493,297.03525
Greece,1994,9,296.45157,287.59515,2.387148,0.00013847696,1.7635888e+07,0.10719427,0.13280065,0.18055664,296.78885,296.60745
Greece,1994,10,290.59995,286.05762,2.556571,0.004371082,1.0037125e+07,0.21359687,0.19559951,0.18555534,291.8243,293.3839
Greece,1994,11,283.6918,279.15952,2.961178,0.0028886925,7.379273e+06,0.27662024,0.27606234,0.23005506,285.25394,287.9561
Greece,1994,12,279.92047,276.07278,2.6377766,0.0032038623,6.077753e+06,0.28502122,0.28031296,0.2508313,280.5449,282.70532
Greece,1995,1,279.36627,276.2735,3.0925875,0.0048538917,5.889082e+06,0.3162099,0.3161267,0.29742694,280.87463,282.06345
Greece,1995,2,282.15472,277.969,2.6715436,0.0010344345,1.0400068e+07,0.28195292,0.28820595,0.29188105,281.65884,281.91248
Greece,1995,3,282.05865,277.3212,3.1561942,0.0034277774,1.3721302e+07,0.28528914,0.28782463,0.28306857,282.42282,282.6516
Greece,1995,4,285.13266,279.0263,2.4767265,0.001356893,1.8196872e+07,0.24988602,0.26038763,0.268579,284.6102,283.75854
Greece,1995,5,290.20862,282.98944,2.7044153,0.0012068079,2.118577e+07,0.18824777,0.2103456,0.23207907,289.48392,287.67035
Greece,1995,6,295.94202,287.19012,2.242073,0.0005218022,2.3783082e+07,0.1360239,0.16624986,0.2048718,295.64105,293.1513
Greece,1995,7,297.1341,289.25818,2.7082744,0.0014256784,2.165685e+07,0.15941349,0.16580111,0.19425885,297.09558,295.44504
Greece,1995,8,296.12106,289.16534,2.44048,0.0013153973,1.9126036e+07,0.15892066,0.16817112,0.18864036,296.77948,296.08295
Greece,1995,9,293.26215,286.96045,2.4738467,0.0015632836,1.5467495e+07,0.1693049,0.17492214,0.19319618,294.12543,294.5414
Greece,1995,10,287.66296,281.60794,2.8777006,0.00054715876,1.1757515e+07,0.18360598,0.1884596,0.18693796,288.48184,290.33542
Greece,1995,11,281.81302,277.46057,2.6617742,0.0028217798,7.457118e+06,0.25484118,0.23656377,0.19855386,283.0435,285.50726
Greece,1995,12,282.01328,279.2032,3.0508654,0.004361623,4.847785e+06,0.29846916,0.28931195,0.24087222,282.2493,283.34726
Greece,1996,1,278.87564,275.69394,2.9424734,0.0031096686,5.322775e+06,0.3051824,0.30312002,0.28065208,280.08368,281.59518
Greece,1996,2,279.35852,276.08932,3.0425174,0.004276474,7.797848e+06,0.32021478,0.3207763,0.30468315,280.16364,280.91824
Greece,1996,3,279.41135,275.53345,2.9398057,0.003352601,1.0864426e+07,0.3115055,0.31252834,0.30709246,280.1949,280.3844
Greece,1996,4,284.57498,279.37872,2.405041,0.0019722588,1.770957e+07,0.2835456,0.2929104,0.3003339,284.11673,283.1582
Greece,1996,5,291.75473,285.35355,2.46021,0.0013219739,2.0534146e+07,0.19044495,0.21485883,0.25462773,290.6868,288.4476
Greece,1996,6,295.09204,286.06903,2.7069893,0.00057364587,2.3618152e+07,0.15578716,0.1823252,0.21640585,294.4236,292.20856
Greece,1996,7,297.00537,287.6207,2.7669332,0.0005296474,2.3112144e+07,0.121303774,0.15255915,0.19906886,296.9822,295.16498
Greece,1996,8,296.86966,289.29367,2.470455,0.00064822234,1.9855082e+07,0.13207231,0.1493974,0.19361891,297.1431,296.1397
Greece,1996,9,292.34036,286.09567,2.6379585,0.0019976154,1.5287232e+07,0.18274462,0.17444545,0.1948179,293.41208,294.1422
Greece,1996,10,287.4467,282.8741,2.4364383,0.002002017,1.0266304e+07,0.2399844,0.22693777,0.2026846,288.5016,290.3037
Greece,1996,11,285.04514,281.18988,2.5002472,0.0027478077,8.113928e+06,0.23243934,0.2325789,0.21502112,285.20737,286.66974
Greece,1996,12,282.0016,279.46338,2.837611,0.0038710632,5.127425e+06,0.30457526,0.29974172,0.26361233,282.80215,284.46005
Greece,1997,1,280.37582,276.85373,2.7515085,0.0025782953,7.367235e+06,0.30297595,0.30596262,0.2943665,280.71744,282.255
Greece,1997,2,279.96088,275.03732,2.8725932,0.0018610889,1.0335853e+07,0.27725312,0.2797492,0.28587776,279.81512,280.48688
Greece,1997,3,281.0716,275.49792,3.1880872,0.0025028903,1.3961245e+07,0.28294462,0.28404555,0.2758031,281.20148,281.41956
Greece,1997,4,282.5287,277.15076,2.874046,0.0026066466,1.6608446e+07,0.27719438,0.2792862,0.2750189,282.56372,282.1011
Greece,1997,5,291.12808,283.35852,2.6842723,0.0005928143,2.2280312e+07,0.18768816,0.22126758,0.24761377,289.84103,287.53882
Greece,1997,6,295.69516,287.4796,2.2639084,0.00046801675,2.3031926e+07,0.13381705,0.16503459,0.21452369,294.92,292.24548
Greece,1997,7,297.53055,287.89926,2.6215749,0.00049591926,2.2911424e+07,0.11615307,0.14719428,0.1975948,297.65796,295.82
Greece,1997,8,295.5364,288.24808,2.5974934,0.0010842284,1.9378762e+07,0.15677473,0.1623391,0.18908867,296.1377,295.5713
Greece,1997,9,292.2414,285.12183,2.8141568,0.0004309745,1.5996327e+07,0.1375733,0.15464836,0.18473093,293.17737,293.7877
Greece,1997,10,287.42038,282.30447,2.8589342,0.0030235965,1.0733258e+07,0.20337571,0.19421329,0.18907057,288.73,290.42786
Greece,1997,11,284.53116,281.60327,2.4316077,0.0026978455,6.724592e+06,0.27359983,0.26585746,0.22185716,284.99667,286.44836
Greece,1997,12,280.64813,277.74692,2.9298892,0.0043052053,5.2357955e+06,0.3108266,0.30854705,0.27375963,281.81668,283.7505
Greece,1998,1,279.94193,276.90427,2.2862744,0.001936261,6.7903225e+06,0.29013216,0.291948,0.2856618,280.4737,281.83093
Greece,1998,2,281.27213,276.89114,2.70105,0.0023018764,1.0337919e+07,0.2901404,0.29604453,0.29571754,280.85056,281.20953
Greece,1998,3,280.0484,274.5314,3.203296,0.0038084488,1.2987594e+07,0.27288797,0.27496833,0.27576703,280.7004,281.33704
Greece,1998,4,287.0874,280.74756,2.7671895,0.0008336926,1.867963e+07,0.2202615,0.23728922,0.26209703,285.80478,284.26376
Greece,1998,5,290.1482,284.9814,2.5373428,0.0028228415,1.868932e+07,0.23849528,0.23995395,0.23549889,289.26843,287.61624
Greece,1998,6,295.725,287.77597,2.4158564,0.0004334946,2.3769058e+07,0.1587665,0.19424811,0.22375499,294.76978,292.33197
Greece,1998,7,298.42404,288.10165,2.8912573,0.00016187436,2.4182242e+07,0.11282176,0.15529935,0.2075158,298.02432,295.897
Greece,1998,8,298.55966,289.50842,2.872311,0.00026026246,2.1123744e+07,0.10978939,0.14041948,0.19056845,298.86047,297.67496
Greece,1998,9,293.33878,286.80795,2.6032975,0.0014735865,1.5410024e+07,0.1554973,0.15357794,0.18100168,294.39236,295.16852
Greece,1998,10,289.9141,284.65137,2.4911063,0.0018278614,1.1537345e+07,0.2059176,0.19816104,0.18370935,290.71097,292.10126
Greece,1998,11,284.36066,280.7411,2.8007922,0.0058389637,6.5931445e+06,0.26519388,0.25094545,0.20809872,285.81906,287.89395
Greece,1998,12,278.75595,275.49924,3.17277,0.0037619518,5.102951e+06,0.31474462,0.31370136,0.28562188,281.1439,283.61218
Greece,1999,1,279.55374,276.2053,2.763922,0.0025344263,6.7448795e+06,0.3027948,0.30498347,0.2979919,280.04294,281.4035
Greece,1999,2,279.0105,274.6032,3.022226,0.0034593262,9.428007e+06,0.3098528,0.31182098,0.30457178,279.75287,280.52438
Greece,1999,3,282.5623,278.16183,2.6082048,0.0040865936,1.2936939e+07,0.29051283,0.29373962,0.2935276,282.27658,282.00073
Greece,1999,4,286.69348,281.10764,2.532115,0.0013560817,1.8889868e+07,0.26090088,0.27659065,0.29053327,285.77924,284.49875
Greece,1999,5,291.6149,284.85376,2.463822,0.0007490184,2.1227068e+07,0.17469327,0.20357335,0.24705385,291.05063,289.10495
Greece,1999,6,296.21838,287.8739,2.5427415,0.0006115253,2.3239252e+07,0.13707523,0.16360192,0.21043919,295.77216,293.4523
Greece,1999,7,297.95996,289.8797,2.5254183,0.0009520345,2.2220464e+07,0.13765125,0.15422973,0.19251958,297.96854,296.0938
Greece,1999,8,298.33093,289.89844,2.457446,0.00074352074,2.055213e+07,0.13858071,0.15432028,0.18684149,298.66788,297.60028
Greece,1999,9,294.01056,288.174,2.1076117,0.0013312517,1.5475222e+07,0.17917828,0.17243275,0.17730764,294.78488,295.17273
Greece,1999,10,290.39206,284.93964,2.3303304,0.0013633745,1.1656354e+07,0.17245997,0.1780416,0.18064913,291.64807,292.95862
Greece,1999,11,284.50702,280.6353,2.992533,0.0042297137,6.8332885e+06,0.26290917,0.2578653,0.21399479,285.90558,288.33713
Greece,1999,12,282.13174,278.99802,3.0136042,0.0034769068,5.646292e+06,0.29018024,0.2872005,0.25819013,282.61902,284.32965
Greece,2000,1,276.26956,271.4873,2.9950655,0.0013919157,7.284583e+06,0.29284057,0.29378515,0.2785315,278.44412,280.79147
Greece,2000,2,279.83484,275.67236,2.825985,0.0031072004,9.490749e+06,0.30094558,0.30077145,0.28552246,280.15912,280.74136
Greece,2000,3,281.59805,276.1407,2.7473388,0.0013675905,1.495558e+07,0.27431965,0.28122503,0.28316754,281.06052,280.92874
Greece,2000,4,287.3905,282.0911,2.4035873,0.0018868856,1.7864772e+07,0.23349251,0.24110514,0.25576875,286.6258,285.07498
Greece,2000,5,291.15622,284.30185,2.3444726,0.0009579292,2.109866e+07,0.19111302,0.21172431,0.22932422,290.62048,288.71826
Greece,2000,6,295.11038,285.7005,2.786621,0.000574811,2.40707e+07,0.139419,0.16951087,0.20915483,294.98184,292.87323
Greece,2000,7,298.27002,287.55365,2.5971832,0.0002894337,2.3892486e+07,0.11731726,0.15048213,0.20016284,297.94638,295.92953
Greece,2000,8,297.5386,287.65594,2.8564181,0.00022028582,2.1320708e+07,0.11383531,0.14257707,0.19061476,297.80338,296.91565
Greece,2000,9,293.53366,285.954,2.640928,0.00064785127,1.5951476e+07,0.13157326,0.14275037,0.18716924,294.65692,295.27402
Greece,2000,10,288.55142,283.988,2.538223,0.002266638,1.0330531e+07,0.21261652,0.19973022,0.18515505,289.62256,291.3116
Greece,2000,11,286.48654,282.57687,2.244191,0.0016586856,7.8721065e+06,0.21184058,0.2092707,0.19236636,286.72815,288.2701
Greece,2000,12,281.44247,277.98547,2.6997018,0.0020621892,6.0791175e+06,0.26057306,0.25150847,0.21485107,282.0718,284.17493
Greece,2001,1,280.71213,277.91156,2.7814162,0.0025607494,6.026203e+06,0.29257187,0.2870557,0.24726276,281.24973,282.4107
Greece,2001,2,281.04657,276.3456,2.9236276,0.00192549,1.0220931e+07,0.28902978,0.2891636,0.26941714,281.1484,281.94388
Greece,2001,3,286.07404,280.50455,2.9951692,0.0011717766,1.4581623e+07,0.23161864,0.24837221,0.2564424,284.96677,284.02817
Greece,2001,4,285.8105,280.39618,2.9358468,0.003131288,1.7165424e+07,0.26393646,0.26312178,0.24368137,285.58398,285.11325
Greece,2001,5,290.89902,284.0101,2.5437095,0.0017271603,2.0440224e+07,0.21025345,0.22577536,0.23073809,290.27118,288.6064
Greece,2001,6,295.06213,285.46674,2.7165504,0.00046338214,2.4277578e+07,0.1319038,0.16356856,0.19988814,294.8618,292.80023
Greece,2001,7,298.50656,288.85028,2.6301763,0.00057742605,2.2962478e+07,0.12654391,0.14784135,0.18412091,298.2968,296.16788
Greece,2001,8,298.36526,289.34827,2.7402272,0.000622745,2.0358258e+07,0.13428265,0.14384727,0.1830661,298.5071,297.48944
Greece,2001,9,294.4072,286.432,2.552653,0.00065536844,1.6977046e+07,0.13458554,0.14394109,0.17366128,295.37085,295.7326
Greece,2001,10,290.2583,283.39096,2.7461095,0.00033876582,1.2425102e+07,0.11691821,0.12915237,0.16534673,291.41827,292.99036
Greece,2001,11,283.54755,278.89,2.9774501,0.0041632154,7.136592e+06,0.23732406,0.2089645,0.17652367,284.99194,287.6903
Greece,2001,12,276.52,273.2534,3.5179262,0.005598189,4.5127055e+06,0.2865912,0.27467155,0.23128304,279.81354,282.33157
Greece,2002,1,277.71207,273.9018,2.7746918,0.0015730362,7.0843195e+06,0.28944314,0.28633857,0.26194417,278.9413,280.3762
Greece,2002,2,282.45795,277.8503,2.464198,0.000832631,1.0816039e+07,0.256623,0.26143128,0.2588719,281.57327,281.75818
Greece,2002,3,283.5215,278.32977,2.8108695,0.0032344144,1.3500774e+07,0.26421937,0.26681697,0.24827583,283.5316,283.29227
Greece,2002,4,285.35422,280.69424,2.4576046,0.0030623733,1.6399527e+07,0.2877674,0.2900564,0.26599127,284.87473,284.01315
Greece,2002,5,290.66403,284.16605,2.4183786,0.0010221662,2.0899202e+07,0.19702101,0.21894506,0.24430154,290.03052,288.24893
Greece,2002,6,295.8147,286.74054,2.7139044,0.00048926513,2.3074254e+07,0.13942292,0.17097218,0.21229914,295.06116,292.5841
Greece,2002,7,298.2054,289.54434,2.4174156,0.0017043498,2.2181214e+07,0.14041184,0.15296659,0.19085102,298.48822,296.54895
Greece,2002,8,296.72754,289.22028,2.591145,0.0011438741,1.9764256e+07,0.16086172,0.17311499,0.1867377,297.3277,296.6308
Greece,2002,9,292.5505,287.83734,1.9904143,0.0030072588,1.453708e+07,0.23162861,0.21605578,0.19533382,293.61926,294.2697
Greece,2002,10,289.17142,284.18094,2.3576698,0.0021198841,1.14938e+07,0.25196344,0.25061098,0.2154079,289.7468,291.1974
Greece,2002,11,285.3799,282.0015,2.1923394,0.0027782388,7.413035e+06,0.26860324,0.26615077,0.2348259,285.69553,287.3987
Greece,2002,12,280.2268,277.4773,3.08076,0.0062581836,4.495249e+06,0.32206133,0.31831765,0.28684774,281.82178,283.93387
Greece,2003,1,281.47168,278.4534,3.1279683,0.0046191495,5.895886e+06,0.31725153,0.31795257,0.30639818,281.69354,282.64856
Greece,2003,2,276.02347,271.7651,3.545552,0.0045718886,8.464229e+06,0.31530285,0.31797513,0.3174174,278.65186,280.35776
Greece,2003,3,280.2252,274.63647,2.9905877,0.0018411006,1.4103716e+07,0.28903273,0.29378778,0.29803815,279.5212,279.77118
Greece,2003,4,284.13266,278.99667,2.6645105,0.0023742951,1.6489741e+07,0.27295396,0.27488703,0.2748774,283.56073,282.45447
Greece,2003,5,292.19516,285.3297,2.2662265,0.0016292555,2.1423884e+07,0.18347093,0.20902872,0.24385944,290.97943,288.61703
Greece,2003,6,296.60535,288.22247,2.372662,0.0007627841,2.3676578e+07,0.16379298,0.19243991,0.22009401,295.457,292.77274
Greece,2003,7,298.24152,288.706,2.5817206,0.0004695012,2.3355408e+07,0.11937836,0.15491587,0.2016641,298.11884,296.1659
Greece,2003,8,298.38474,289.18536,2.6017659,0.0005306399,2.0801034e+07,0.13114847,0.15199725,0.19187833,298.2229,297.05017
Greece,2003,9,293.0123,285.8247,2.6268191,0.0012808061,1.5807348e+07,0.16032198,0.16343538,0.18855746,294.05127,294.909
Greece,2003,10,289.97153,284.71335,2.8109956,0.0035404102,1.0417727e+07,0.21104506,0.20003664,0.18858385,290.70956,292.02557
Greece,2003,11,285.18143,281.93326,2.3932705,0.0020571833,7.027383e+06,0.26710406,0.26180756,0.22041944,285.9828,287.82697
Greece,2003,12,280.29297,277.06815,2.991438,0.0039576623,5.257647e+06,0.30061573,0.29315737,0.25055322,281.59906,283.97696
Greece,2004,1,278.08017,274.46622,3.1285648,0.0048676273,6.2519025e+06,0.31809607,0.31774968,0.2972101,279.50443,281.13928
Greece,2004,2,279.94913,275.0821,3.1322556,0.001482873,9.893429e+06,0.29835758,0.30161554,0.30411428,279.81903,280.39816
Greece,2004,3,282.64673,277.92978,2.9494705,0.0019595549,1.3445294e+07,0.28138942,0.2885434,0.29479936,282.33295,281.97003
Greece,2004,4,286.10007,280.49686,2.756402,0.002012598,1.6773236e+07,0.24358365,0.25283888,0.26820764,285.57858,284.61603
Greece,2004,5,289.24246,283.0745,2.6136014,0.0014794639,2.080379e+07,0.21850118,0.23371428,0.24847953,288.81207,287.44803
Greece,2004,6,294.8392,287.8866,2.3037822,0.0012660479,2.2400584e+07,0.17824118,0.19827852,0.22304825,294.08582,291.66058
Greece,2004,7,297.4379,287.9016,2.816437,0.0005149323,2.3108712e+07,0.12191425,0.1541263,0.19771208,297.39227,295.49646
Greece,2004,8,297.08975,288.62592,2.460245,0.0004838365,2.068034e+07,0.1279368,0.14786178,0.18864027,297.49353,296.41245
Greece,2004,9,293.55853,286.45563,2.7706513,0.00101124,1.6221551e+07,0.1358349,0.14099148,0.18388216,294.38144,294.70752
Greece,2004,10,290.7249,285.5858,2.2727385,0.0014920213,1.1452928e+07,0.18607606,0.1836662,0.1879341,291.20743,292.2493
Greece,2004,11,284.64435,279.92218,2.8407362,0.002461317,7.619848e+06,0.24500598,0.22778639,0.20674671,285.81793,288.44424
Greece,2004,12,281.83398,278.66452,2.6548688,0.003361715,5.37085e+06,0.26929733,0.25966027,0.22631523,282.34915,284.03674
Greece,2005,1,279.5966,275.41928,2.8596163,0.0034392863,7.0118145e+06,0.29857457,0.29572165,0.26182246,280.12357,281.7229
Greece,2005,2,278.419,274.31888,3.421656,0.0042785625,9.037569e+06,0.30614796,0.30636197,0.28849548,279.38068,280.28958
Greece,2005,3,282.4634,277.43063,2.7078533,0.0023176097,1.3700026e+07,0.27665123,0.2833742,0.28772846,282.10184,281.73633
Greece,2005,4,285.78964,278.92526,2.8953078,0.000905024,1.8856896e+07,0.21966836,0.23669258,0.25175372,285.29944,284.31757
Greece,2005,5,291.09784,284.53275,2.397143,0.0019507085,2.0423812e+07,0.18598045,0.19549955,0.22297403,290.54202,288.58624
Greece,2005,6,294.2419,286.33786,2.3828294,0.0008668511,2.2895296e+07,0.17299388,0.19621553,0.20907857,293.90686,291.898
Greece,2005,7,297.8025,289.34586,2.5612006,0.00076853205,2.2750748e+07,0.13613825,0.15898992,0.1929034,297.8051,295.71414
Greece,2005,8,297.39813,289.25394,2.5988722,0.0007872258,2.0369368e+07,0.13497135,0.15389243,0.18470398,297.86325,296.88867
Greece,2005,9,294.06833,287.4531,2.2743204,0.00177134,1.5340329e+07,0.16017263,0.1557761,0.17589755,294.96735,295.35397
Greece,2005,10,288.26392,282.53424,2.7233138,0.0013064562,1.1310075e+07,0.19390832,0.19514108,0.17445,289.32416,291.06888
Greece,2005,11,283.3335,279.35217,2.6877236,0.0043092873,7.0421335e+06,0.23821363,0.22141974,0.18409973,284.34344,286.62656
Greece,2005,12,281.0974,277.5181,3.038999,0.003941644,5.739068e+06,0.30045554,0.29633206,0.25054514,281.73264,283.6698
Greece,2006,1,277.10062,273.3726,3.1656759,0.0034007335,6.6018045e+06,0.30597752,0.30695847,0.288527,278.78436,280.75327
Greece,2006,2,279.2261,275.61716,2.9352386,0.0042436006,8.877346e+06,0.3076943,0.30747128,0.2944733,279.1545,279.49518
Greece,2006,3,282.6074,278.33072,2.8765018,0.003203431,1.3101995e+07,0.30352342,0.30819634,0.30459106,282.24448,281.78775
Greece,2006,4,286.82074,281.42966,2.5137894,0.001856394,1.7243528e+07,0.2472604,0.25750193,0.2728972,286.2062,284.97314
Greece,2006,5,290.86395,283.75845,2.487157,0.0006753827,2.1809254e+07,0.19054943,0.21720941,0.24184656,289.95184,287.92426
Greece,2006,6,294.91235,286.5902,2.5604873,0.001146938,2.2881168e+07,0.1535297,0.16887602,0.20564725,294.47083,292.33252
Greece,2006,7,296.7151,287.96558,3.0955966,0.001248036,2.2001806e+07,0.15031113,0.16634934,0.1863438,296.5748,294.97696
Greece,2006,8,298.3897,289.0197,2.5759292,0.000329652,2.1086618e+07,0.114824995,0.1440496,0.18335594,298.68033,297.31555
Greece,2006,9,293.6057,286.51456,2.6974473,0.0023185937,1.5572568e+07,0.14889023,0.14880225,0.17643145,294.70486,295.3015
Greece,2006,10,289.2996,285.03482,2.6231964,0.0034170884,1.0308995e+07,0.25562945,0.25022826,0.20255038,290.1036,291.54913
Greece,2006,11,283.15247,278.74136,2.514479,0.0016132718,8.273107e+06,0.26809222,0.26541036,0.22503942,283.69662,286.09622
Greece,2006,12,280.3223,276.85294,2.3145819,0.0010483772,6.2500395e+06,0.27125743,0.27201968,0.24504739,281.15216,283.3854
Greece,2007,1,281.40927,276.62103,2.7814813,0.0010677441,8.214088e+06,0.25851706,0.26290888,0.25024858,280.35773,281.2617
Greece,2007,2,280.93475,276.961,2.8696032,0.0024505416,8.767722e+06,0.27400443,0.26748297,0.2487626,280.75317,281.32837
Greece,2007,3,283.2625,278.12863,3.0673378,0.0020949852,1.4003804e+07,0.25566348,0.25805026,0.24306463,282.8395,282.57498
Greece,2007,4,286.32123,279.56207,2.4831104,0.0010316599,1.8681856e+07,0.22279553,0.23690885,0.23214886,285.7079,284.59088
Greece,2007,5,291.64404,285.1023,2.344212,0.0024178016,2.0134338e+07,0.19499895,0.20148745,0.20809335,291.087,289.13303
Greece,2007,6,296.79333,287.8301,2.3411098,0.0011190008,2.3167116e+07,0.17494509,0.1995937,0.19789734,295.70728,293.06525
Greece,2007,7,299.25507,287.30276,2.8870082,6.7249144e-05,2.4527974e+07,0.10333313,0.14342268,0.1844066,298.93097,296.82364
Greece,2007,8,298.63776,288.74155,2.6673386,0.0008157842,2.0898628e+07,0.116517104,0.1427622,0.1711449,298.87006,297.76117
Greece,2007,9,293.33743,285.28268,2.6636183,0.0010499997,1.6449904e+07,0.14343059,0.14333856,0.16510224,294.54636,295.51236
Greece,2007,10,289.39682,284.27585,2.4822962,0.0028333708,1.0993249e+07,0.20204474,0.18346997,0.16847661,290.49228,292.09027
Greece,2007,11,283.98972,280.17722,2.727711,0.0039777197,7.057181e+06,0.28270027,0.27410144,0.21684802,285.17584,287.52887
Greece,2007,12,279.44696,275.9967,2.742154,0.0027135573,5.7650365e+06,0.29253393,0.28755632,0.25468427,280.70847,283.15912
Greece,2008,1,279.0875,275.14374,2.6226528,0.0010803792,7.19237e+06,0.28063774,0.2819006,0.26460284,279.62448,281.05753
Greece,2008,2,279.93286,275.15298,2.8948226,0.0015155222,1.0282932e+07,0.27256313,0.27382034,0.26086903,279.55,280.1832
Greece,2008,3,284.49582,279.50507,3.096416,0.0021299042,1.4089946e+07,0.24536595,0.24840212,0.24434263,283.8216,283.10764
Greece,2008,4,287.0417,281.46133,2.7396657,0.002235982,1.7891118e+07,0.2508052,0.2562704,0.24264656,286.37183,285.22363
Greece,2008,5,290.98514,283.58353,2.320163,0.00069966033,2.1660906e+07,0.17892699,0.20306085,0.21879564,290.27103,288.3101
Greece,2008,6,296.11145,287.17517,2.567451,0.0006616515,2.3467632e+07,0.13422269,0.15991233,0.19530712,295.65625,293.2408
Greece,2008,7,298.22717,287.92023,2.871608,0.000357917,2.3359644e+07,0.10875497,0.13374706,0.17658062,298.43588,296.6255
Greece,2008,8,298.79736,288.3467,2.9372058,0.00029166037,2.1469832e+07,0.10218523,0.12272947,0.16875905,298.82718,297.41898
Greece,2008,9,293.3111,286.27563,2.48199,0.0023055011,1.5138301e+07,0.16049972,0.1425222,0.1706807,294.82358,295.82318
Greece,2008,10,289.37222,284.13016,2.6025283,0.00085008197,1.172138e+07,0.20190789,0.20393884,0.18322852,289.74277,291.19205
Greece,2008,11,285.57642,281.8184,2.5610437,0.0023386942,7.0218505e+06,0.2195255,0.20886265,0.18687403,286.5279,288.4719
Greece,2008,12,281.36444,277.43362,3.0890894,0.0034106413,5.5342495e+06,0.2883702,0.277904,0.22057444,282.51312,284.7848
Greece,2009,1,280.53845,277.7953,2.8090816,0.004695858,5.8722555e+06,0.3123944,0.30833355,0.26777384,280.8875,281.9623
Greece,2009,2,279.66208,275.05655,3.1696327,0.0032472913,9.797718e+06,0.30351555,0.30456495,0.28967983,280.5284,281.832
Greece,2009,3,282.12854,276.83066,2.8113723,0.003413921,1.3649798e+07,0.29430768,0.29546008,0.28384385,281.59302,281.48233
Greece,2009,4,286.16293,280.7583,2.4665654,0.0018968107,1.710472e+07,0.25810805,0.26390302,0.26664218,285.64645,284.60562
Greece,2009,5,291.58926,284.6591,2.2440696,0.001149061,2.144587e+07,0.19771442,0.22118625,0.24089868,290.64133,288.50488
Greece,2009,6,295.4185,287.01526,2.432011,0.0012039772,2.3164016e+07,0.15371625,0.17455892,0.21064907,295.15042,293.10184
Greece,2009,7,298.31918,288.8209,2.7046034,0.0005783495,2.3346006e+07,0.13780192,0.16256402,0.19233304,298.02032,295.90247
Greece,2009,8,297.4395,288.5051,2.8718834,0.0007215992,2.0376762e+07,0.12214713,0.13854557,0.17897311,297.78867,296.8689
Greece,2009,9,293.45148,287.131,2.5869443,0.0019227887,1.4717725e+07,0.18493895,0.16956548,0.1720966,294.3483,295.00543
Greece,2009,10,289.65076,284.66724,2.529925,0.0036869308,1.0806925e+07,0.23053803,0.21664308,0.17818688,290.43192,291.8205
Greece,2009,11,285.1958,281.33426,2.3736618,0.0023995913,8.0755305e+06,0.27863643,0.27911532,0.22750425,285.3637,287.41605
Greece,2009,12,283.28287,280.35873,2.881399,0.0049437615,5.234681e+06,0.3083601,0.30384073,0.2654944,283.6429,285.02234
Greece,2010,1,280.1187,276.59982,3.2692938,0.0036548339,5.8860585e+06,0.30116686,0.30106553,0.28504646,281.46365,283.19595
Greece,2010,2,281.5886,277.5877,3.0752842,0.004718366,9.046435e+06,0.31387565,0.31649417,0.30503103,281.37933,281.77063
Greece,2010,3,283.17426,277.92932,2.771986,0.0022636086,1.3894918e+07,0.2806679,0.28889167,0.29371357,282.9241,282.8956
Greece,2010,4,287.1149,280.4684,2.62558,0.0010281041,1.8690338e+07,0.21204028,0.2301701,0.2547739,286.561,285.5496
Greece,2010,5,291.5984,283.83783,2.3755207,0.0016398452,2.1321082e+07,0.17704001,0.19129705,0.21562292,290.90866,289.1301
Greece,2010,6,295.20126,287.82425,2.3152783,0.0016307054,2.1900606e+07,0.17443071,0.1818801,0.19752525,295.04416,293.13635
Greece,2010,7,297.9279,289.80502,2.5312662,0.0010586907,2.2215288e+07,0.1534786,0.16956104,0.18933763,297.85855,295.96255
Greece,2010,8,299.68848,290.3796,2.5970442,0.0001459769,2.1164868e+07,0.11098334,0.14474018,0.18114127,299.76035,298.19128
Greece,2010,9,294.18216,287.03564,2.560452,0.0017395365,1.5234957e+07,0.15932846,0.15066561,0.16778941,295.23553,295.92703
Greece,2010,10,288.28458,284.23315,2.6198874,0.0059707,9.072047e+06,0.26914036,0.24807933,0.19310272,289.7726,291.77118
Greece,2010,11,287.71918,284.07132,2.6136246,0.0023179464,8.017327e+06,0.2785296,0.27872983,0.24734178,287.14862,288.41278
Greece,2010,12,282.22223,278.4456,2.9873245,0.0026333753,5.8623975e+06,0.2847379,0.28235894,0.25785533,283.23514,285.34082
Greece,2011,1,279.74692,276.45563,2.3971784,0.0025037187,6.6200555e+06,0.29420668,0.2903616,0.2675249,280.4417,282.23938
Greece,2011,2,280.2943,276.0614,2.9688828,0.0037117868,8.526755e+06,0.30172095,0.30156648,0.2831579,280.28564,281.08926
Greece,2011,3,281.94193,277.01987,2.9904354,0.0024553833,1.3350578e+07,0.29315177,0.29639846,0.29236704,281.5748,281.5449
Greece,2011,4,285.22012,279.70062,2.9360747,0.0021708822,1.6884182e+07,0.26449537,0.26842928,0.2713811,284.92963,284.2004
Greece,2011,5,289.79526,284.25693,2.4744818,0.0023563954,2.019799e+07,0.24412628,0.24995087,0.25073755,288.9704,287.27576
Greece,2011,6,294.87726,287.31174,2.4511878,0.001076159,2.2947806e+07,0.18124405,0.20381594,0.22354904,294.44324,292.28708
Greece,2011,7,298.4378,288.44073,2.5494616,0.00013226298,2.3852086e+07,0.10834309,0.14948782,0.19606246,298.26385,295.8973
Greece,2011,8,297.70557,288.3485,2.8875546,0.00040365884,2.1169704e+07,0.11002062,0.13604327,0.18069689,298.2393,297.12323
Greece,2011,9,295.59457,286.84732,2.7584624,0.0013057485,1.702602e+07,0.13929112,0.14298216,0.17274046,296.1918,296.34085
Greece,2011,10,287.24142,281.4553,2.9753938,0.0026679318,1.0855132e+07,0.22118588,0.21354656,0.17219158,288.68433,290.94196
Greece,2011,11,281.84674,276.87424,2.8603628,0.00049672194,8.143001e+06,0.19507287,0.20530243,0.17583418,282.81647,285.50845
Greece,2011,12,280.86856,277.1628,2.7146065,0.003035705,6.0080325e+06,0.24010308,0.22878204,0.18695319,281.3037,283.0221
Greece,2012,1,276.98547,272.09238,3.1069808,0.002172375,7.1111705e+06,0.28157607,0.2752457,0.22505511,278.18027,280.00876
Greece,2012,2,277.97864,273.9417,3.1984282,0.0051112627,8.067373e+06,0.30325085,0.29698315,0.25496125,278.85068,279.4995
Greece,2012,3,282.669,276.84067,2.6538365,0.0015609189,1.4618903e+07,0.27236548,0.27995294,0.26547283,281.89105,281.2198
Greece,2012,4,287.04623,281.24228,3.00627,0.0028170072,1.7900904e+07,0.24306393,0.24699111,0.24392883,286.2535,284.8008
Greece,2012,5,290.8804,284.54468,2.4350414,0.0027461331,2.0137996e+07,0.21668267,0.21870184,0.21940273,290.65057,288.9646
Greece,2012,6,297.0232,287.12943,2.7315607,0.0002361056,2.48365e+07,0.1426127,0.17872617,0.2008305,296.3027,293.3821
Greece,2012,7,300.13623,288.78262,2.7991188,0.00012383958,2.3928514e+07,0.09895888,0.13341852,0.1781685,300.05002,297.5402
Greece,2012,8,298.98926,287.69427,2.734156,0.0004896449,2.1134824e+07,0.1150255,0.1262901,0.16285829,299.62317,298.5031
Greece,2012,9,295.01736,286.916,2.5299013,0.0015121477,1.6553002e+07,0.13942306,0.14212279,0.1510711,296.03714,296.44205
Greece,2012,10,291.6787,285.62024,2.4693708,0.0020058318,1.160047e+07,0.15979716,0.15301488,0.15176241,292.714,294.05396
Greece,2012,11,286.4936,282.54663,2.8039522,0.0028916528,7.0791945e+06,0.24891807,0.23190759,0.17800474,287.40817,289.52472
Greece,2012,12,280.34027,276.83032,2.8655431,0.004656537,5.643007e+06,0.3018182,0.29340622,0.23284437,281.7938,284.4821
Greece,2013,1,280.18686,276.1357,2.9356425,0.003685973,6.8999805e+06,0.3012603,0.29915628,0.26954415,280.61993,282.13763
Greece,2013,2,281.55423,277.92148,2.899914,0.0047403052,8.767298e+06,0.30906314,0.30832046,0.28610733,281.55893,282.06467
Greece,2013,3,283.75922,278.83853,3.050915,0.002726378,1.3074525e+07,0.2930618,0.29898897,0.29234946,283.19476,282.9936
Greece,2013,4,287.71103,280.57974,2.6607537,0.0014178333,1.8968484e+07,0.23398884,0.2527825,0.26765272,286.88068,285.66284
Greece,2013,5,292.67453,284.69852,2.6737325,0.0013011743,2.1423166e+07,0.17065789,0.18858433,0.21782345,292.2566,290.34955
Greece,2013,6,295.37167,286.7988,2.5419261,0.0012144719,2.3239744e+07,0.15012501,0.15918337,0.18358974,295.49615,293.3887
Greece,2013,7,297.73364,287.5312,2.906639,0.00042700444,2.2758394e+07,0.12285397,0.14022034,0.16889592,297.9092,296.12564
Greece,2013,8,298.64105,287.50946,3.019429,0.00012493566,2.1161272e+07,0.09272961,0.11923075,0.15861554,299.12732,297.87045
Greece,2013,9,294.50665,285.64102,2.4208722,0.0008511608,1.6750882e+07,0.11708401,0.116175845,0.147407,295.79102,296.2673
Greece,2013,10,289.20154,282.89087,2.4067943,0.0012378865,1.1786326e+07,0.17368843,0.15257034,0.148484,290.4732,292.3344
Greece,2013,11,285.93445,282.04395,2.6503925,0.0041357013,7.1344905e+06,0.23990735,0.21195315,0.16601692,286.9811,289.13043
Greece,2013,12,279.90567,275.21915,2.7474704,0.0022090378,6.2023865e+06,0.27450487,0.26873794,0.20927319,280.36472,283.05154
Greece,2014,1,281.84433,278.8719,2.4489288,0.00288354,6.5448335e+06,0.2907441,0.285252,0.23606385,281.8147,282.7603
Greece,2014,2,282.4392,278.67078,2.511185,0.0018256952,9.386167e+06,0.284727,0.28428057,0.25684702,282.16464,282.56824
Greece,2014,3,283.7999,278.58957,2.7453504,0.0030785988,1.4088228e+07,0.2780071,0.28301656,0.26753163,283.47,283.3219
Greece,2014,4,286.54782,281.77988,2.46036,0.0031425683,1.6747409e+07,0.25409138,0.25279754,0.24572875,286.3442,285.48615
Greece,2014,5,290.52225,283.76532,2.5579057,0.0014439751,2.0397748e+07,0.21164607,0.22753492,0.23454732,290.0917,288.4873
Greece,2014,6,295.06223,286.96295,2.5075495,0.0015574235,2.2472256e+07,0.18285562,0.18995194,0.20318353,294.69678,292.61304
Greece,2014,7,297.47955,288.6005,2.5864735,0.000804064,2.2988302e+07,0.13145134,0.14784302,0.175519,297.97632,296.04416
Greece,2014,8,298.38745,289.1224,2.538113,0.00058047264,2.080615e+07,0.12494316,0.14048782,0.16342926,299.07544,297.74554
Greece,2014,9,293.72266,287.56366,2.4279265,0.0024865698,1.5399681e+07,0.18878981,0.17406808,0.15822332,295.1443,295.88324
Greece,2014,10,289.0437,284.01898,2.7231061,0.00288001,1.033185e+07,0.20971702,0.20112105,0.16296673,290.24258,291.85764
Greece,2014,11,285.17395,281.69293,2.3880875,0.0025764008,6.8354965e+06,0.27569216,0.26770467,0.19739889,285.9258,287.813
Greece,2014,12,282.27,279.0587,2.6653254,0.0050845942,5.444265e+06,0.3045053,0.2995984,0.24942526,283.12976,285.06088
Greece,2015,1,279.6986,275.12445,3.1236584,0.003537588,6.946063e+06,0.2999568,0.29724967,0.27673498,279.9478,281.41846
Greece,2015,2,279.90683,274.89078,3.423316,0.004105775,9.324852e+06,0.30699044,0.30732688,0.29466227,280.20963,281.2381
Greece,2015,3,282.17307,277.87448,2.7571757,0.004420397,1.1468166e+07,0.31566003,0.31728274,0.30562684,282.1072,281.97552
Greece,2015,4,285.65784,278.8681,2.7757313,0.0014985546,1.8536688e+07,0.25662112,0.27226728,0.2912351,285.13925,284.1655
Greece,2015,5,291.62018,284.35788,2.4518769,0.001195174,2.1376722e+07,0.17406277,0.19254372,0.23112041,291.25403,289.23376
Greece,2015,6,294.1608,286.65097,2.4805362,0.0021675162,2.1805798e+07,0.18230052,0.18484022,0.19858406,294.10248,292.25415
Greece,2015,7,298.4706,288.41345,2.6570878,0.00032814164,2.3551016e+07,0.13018832,0.15684444,0.17656057,298.2366,295.729
Greece,2015,8,298.30365,288.93134,2.7059133,0.0010256616,2.0371414e+07,0.1352754,0.1375607,0.16022074,299.02124,297.92792
Greece,2015,9,295.49933,288.5365,2.4056194,0.0029497966,1.5229487e+07,0.17078452,0.15644948,0.14539686,296.63507,296.7579
Greece,2015,10,289.55878,285.19955,2.8190496,0.0034270221,9.90461e+06,0.2519326,0.24601623,0.16945489,290.75858,292.4883
Greece,2015,11,286.23953,281.17584,2.6092715,0.0019930068,8.744684e+06,0.22915368,0.23445688,0.19665734,286.2743,288.04663
Greece,2015,12,280.56815,275.91776,2.5215752,0.00047447238,7.0670805e+06,0.24363051,0.24596027,0.21310028,281.0814,283.80984
Greece,2016,1,280.10004,275.778,2.9023514,0.0033434269,6.9443835e+06,0.2801617,0.2723637,0.22933033,280.40985,281.7764
Greece,2016,2,284.1706,279.5783,2.8692899,0.0020930779,9.998121e+06,0.2641366,0.26277813,0.23649044,283.13376,282.8294
Greece,2016,3,283.6409,278.6443,2.8826942,0.003671016,1.3308658e+07,0.27947384,0.27573934,0.24346451,283.74292,283.7572
Greece,2016,4,288.83725,281.2056,2.4837723,0.00074663636,1.9819518e+07,0.1921415,0.2156512,0.2287195,288.4044,286.87515
Greece,2016,5,290.40314,283.4596,2.6139076,0.0024953643,2.049132e+07,0.20718846,0.20930459,0.20390165,290.3578,288.966
Greece,2016,6,296.40128,287.6071,2.609049,0.0011256032,2.3305476e+07,0.15607046,0.17335752,0.1837478,296.27145,293.7687
Greece,2016,7,298.55576,288.48846,2.8645089,0.00031510953,2.3145784e+07,0.11760885,0.14169161,0.1681008,299.09216,297.14572
Greece,2016,8,297.96408,288.4945,2.9402058,0.0007732788,2.0071078e+07,0.12458857,0.13153788,0.15667848,298.7306,297.84366
Greece,2016,9,293.85617,286.8334,2.5863037,0.002352624,1.5099839e+07,0.1795865,0.17071694,0.15762784,295.02258,295.80374
Greece,2016,10,289.38406,284.22638,2.6064887,0.002137525,1.0241538e+07,0.20325786,0.19023651,0.1643475,290.67993,292.21625
Greece,2016,11,284.6532,280.33005,2.684091,0.0031706262,7.304954e+06,0.23938957,0.22474761,0.18146086,285.74033,287.99127
Greece,2016,12,278.56152,272.6417,3.1258237,0.0009756304,6.66741e+06,0.24926615,0.24396311,0.19666879,279.76926,282.75092
Greece,2017,1,276.53128,272.6604,3.0767598,0.0044714985,5.9957495e+06,0.27768883,0.2643555,0.21253175,278.31656,280.06592
Greece,2017,2,281.44226,277.01846,2.858465,0.0015427257,9.58796e+06,0.27118877,0.2691856,0.23201863,280.78867,280.7943
Greece,2017,3,284.159,278.32953,2.6967936,0.0023590883,1.4463142e+07,0.25772235,0.26145244,0.23031361,283.57568,282.98566
Greece,2017,4,286.40628,279.21985,2.4113393,0.0010958107,1.9199958e+07,0.19310296,0.20042254,0.20446005,286.3332,285.17587
Greece,2017,5,291.0326,283.7611,2.5878313,0.0021076116,2.0579088e+07,0.17951033,0.17765394,0.18483593,290.88074,289.09995
Greece,2017,6,295.94522,288.01013,2.169549,0.0014341191,2.2710436e+07,0.17995599,0.1905409,0.17561823,295.44366,292.8471
Greece,2017,7,298.45847,288.10434,2.909068,0.0015662612,2.325367e+07,0.1393189,0.16403137,0.16790006,298.63794,296.73514
Greece,2017,8,298.62967,287.52994,3.1029663,0.00043280417,2.1211118e+07,0.11067595,0.1361674,0.1540921,299.0061,297.8293
Greece,2017,9,294.42514,285.7575,2.5349276,0.00085513084,1.675964e+07,0.1258374,0.12769717,0.1454803,295.76443,296.17194
Greece,2017,10,288.83524,281.81097,2.5282433,0.0013913375,1.2209639e+07,0.17067683,0.15351015,0.13997659,289.9748,291.90247
Greece,2017,11,284.56802,280.31876,2.392355,0.0036619108,7.4352225e+06,0.24806495,0.22354385,0.15634234,285.3545,287.75787
Greece,2017,12,281.80902,277.4647,3.149037,0.003717949,6.2748055e+06,0.28402445,0.27762783,0.21361928,282.32306,284.3409
Greece,2018,1,280.5201,276.3967,2.8377159,0.002533123,7.2064485e+06,0.29134682,0.288373,0.24528228,280.665,282.23895
Greece,2018,2,281.63855,278.0987,3.0306847,0.005909773,7.847028e+06,0.3054745,0.3008433,0.26446486,281.70697,282.0602
Greece,2018,3,284.62573,279.46945,3.080064,0.0028092656,1.3646421e+07,0.28397822,0.2900365,0.27611715,283.9389,283.52704
Greece,2018,4,289.12384,281.74307,2.3693519,0.00046055132,2.004636e+07,0.19498616,0.22090654,0.24242106,288.30902,286.60544
Greece,2018,5,292.6305,286.37753,2.4279137,0.0022184276,2.0326896e+07,0.20312715,0.20712498,0.21179298,292.3814,290.6579
Greece,2018,6,295.3623,288.03622,2.473108,0.0033892377,2.1187802e+07,0.19027826,0.18874307,0.18832733,295.63278,294.03763
Greece,2018,7,298.04544,290.0944,2.2825403,0.0014870933,2.2359606e+07,0.17208064,0.18792419,0.17977303,298.1518,296.28165
Greece,2018,8,297.95493,289.29306,2.8574953,0.0010058546,2.0215032e+07,0.15561675,0.16868831,0.17137523,298.31354,297.38495
Greece,2018,9,294.54675,286.21948,3.015313,0.0019844107,1.569343e+07,0.1322489,0.14334255,0.15893161,295.77878,296.32907
Greece,2018,10,289.81198,284.55298,2.5770564,0.0010114687,1.1153528e+07,0.20323911,0.19206847,0.16122068,290.49057,291.94284
Greece,2018,11,285.41272,281.45837,3.043497,0.0038720903,6.939655e+06,0.22975166,0.21412945,0.16507098,286.716,288.7726
Greece,2018,12,280.04727,276.0535,2.6198435,0.002464424,5.923022e+06,0.2858837,0.27861974,0.21442324,281.16843,283.81168
Greece,2019,1,278.43457,274.77798,3.1605031,0.0061383788,5.974185e+06,0.3057558,0.29886973,0.2520173,279.61813,281.07236
Greece,2019,2,280.62256,275.51337,3.3780227,0.002798279,9.653123e+06,0.29775918,0.29837063,0.27700716,280.7611,281.63397
Greece,2019,3,284.00095,277.63455,3.1043336,0.0016907912,1.4930246e+07,0.24617015,0.249568,0.2501637,283.32047,282.7869
Greece,2019,4,286.01248,280.61646,2.5504951,0.0029095353,1.7198744e+07,0.2589707,0.254598,0.2342316,285.69754,284.6418
Greece,2019,5,290.11417,283.65964,2.4324625,0.0011962441,2.0331174e+07,0.19164534,0.20681508,0.21714349,289.93112,288.2233
Greece,2019,6,296.6181,288.7065,2.5381572,0.0011233421,2.2932318e+07,0.15913853,0.1747404,0.19433045,296.2715,293.5636
Greece,2019,7,297.81274,288.8303,2.558854,0.0012472161,2.2402336e+07,0.14739498,0.16234794,0.17848231,298.0563,296.29962
Greece,2019,8,298.99844,288.13498,3.007969,0.0002521066,2.1407844e+07,0.107637,0.13370961,0.15907095,299.4219,297.97137
Greece,2019,9,294.93805,286.5488,2.7234926,0.0007120279,1.6628905e+07,0.120926656,0.11929962,0.14552115,296.12714,296.49496
Greece,2019,10,291.11908,285.56653,2.2132075,0.0014448467,1.1935496e+07,0.16983952,0.15859534,0.14515512,292.04794,293.4177
Greece,2019,11,287.76544,284.47772,2.459849,0.00431444,6.999517e+06,0.26244527,0.23232143,0.16358806,288.4327,290.13412
Greece,2019,12,282.1638,278.31583,2.86896,0.00345842,5.8490925e+06,0.29361203,0.28805712,0.22229213,283.50372,285.91022
Greece,2020,1,279.28406,273.96805,3.0974388,0.0012098545,7.6001745e+06,0.26637676,0.2647562,0.23753753,279.4502,281.47247
Greece,2020,2,281.70462,276.3804,3.047736,0.0019246788,1.0413334e+07,0.26271388,0.25704807,0.23025963,281.42648,281.99646
Greece,2020,3,283.6671,278.31332,2.930036,0.003128164,1.3531594e+07,0.26519868,0.25749496,0.22500348,283.39066,283.23288
Greece,2020,4,285.57486,279.0464,3.030179,0.0029782602,1.7178598e+07,0.2519754,0.26246986,0.2439739,285.23123,284.4099
Greece,2020,5,291.23978,283.11993,2.5357726,0.0015648803,2.1503666e+07,0.17943656,0.19489715,0.21194233,291.11655,289.28152
Greece,2020,6,294.51672,286.85342,2.4598587,0.0011711811,2.282593e+07,0.16897026,0.17900403,0.18817529,294.36447,292.16846
Greece,2020,7,298.17368,288.79102,2.821659,0.0006826582,2.2997474e+07,0.13146573,0.14753559,0.16458063,298.4434,296.24463
Greece,2020,8,298.19675,289.38068,2.6175928,0.00091473333,2.0532536e+07,0.13431022,0.14372677,0.1562404,298.8792,297.64563
Greece,2020,9,295.78748,287.33398,2.9773686,0.0017093814,1.6548762e+07,0.13750857,0.14727302,0.15127774,296.76282,296.92642
Greece,2020,10,290.71384,284.72333,2.2983835,0.0014736382,1.1827605e+07,0.190966,0.17522219,0.15607885,291.6523,293.25308
Greece,2020,11,284.78796,279.8695,2.9106014,0.0009948161,7.6249845e+06,0.19632947,0.18683255,0.15987927,285.86334,288.50226
Greece,2020,12,283.4868,280.5372,2.826495,0.0045488193,5.21832e+06,0.28292435,0.2637025,0.191482,283.89618,285.39175
Greece,2021,1,281.4832,277.29013,3.2220545,0.0052594147,6.714134e+06,0.30698106,0.30205375,0.25031203,282.1161,283.7635
Greece,2021,2,281.54028,276.78644,3.0335212,0.0024522592,1.0114018e+07,0.28708154,0.28947932,0.2694503,281.9212,282.6368
Greece,2021,3,281.91754,276.04013,2.9389925,0.0025496115,1.3879137e+07,0.2612803,0.26081622,0.24977185,282.31903,282.64908
Greece,2021,4,285.7119,279.5581,2.7162805,0.0015416641,1.7885784e+07,0.23254775,0.23533425,0.23275526,285.3939,284.3848
Greece,2021,5,291.89957,283.543,2.5959923,0.00060288614,2.230021e+07,0.15006325,0.17905055,0.20380573,291.8286,289.5921
Greece,2021,6,295.32294,287.18533,2.1677234,0.001360958,2.3064122e+07,0.16782022,0.17265059,0.1860061,295.38284,293.03076
Greece,2021,7,299.60233,288.3665,2.794212,0.00032593223,2.337262e+07,0.113097996,0.13852899,0.16539812,299.90204,297.60422
Greece,2021,8,299.60397,288.26096,2.6740437,0.00027103338,2.1236206e+07,0.106196806,0.12334061,0.15261197,300.5088,299.15375
Greece,2021,9,294.21548,285.49115,2.8568602,0.0008672481,1.588382e+07,0.1321928,0.12290808,0.13917468,295.62747,296.34726
Greece,2021,10,287.88153,283.24844,2.9625223,0.004369045,9.832448e+06,0.23535301,0.21938828,0.16510196,289.5226,291.77454
Greece,2021,11,285.93744,282.13834,2.767988,0.0031962763,7.1251495e+06,0.25069052,0.2446669,0.1945382,286.60074,288.25674
Greece,2021,12,281.40857,277.4475,3.2007637,0.0050329664,5.884145e+06,0.30449113,0.29957214,0.25501025,282.22665,284.47238
Greece,2022,1,278.79974,273.75366,3.0855215,0.002653795,7.457317e+06,0.29529658,0.2942727,0.2728004,279.9131,281.9556
Greece,2022,2,281.02115,276.30075,2.8898497,0.0031272406,9.627509e+06,0.29080904,0.2888772,0.2723632,280.6042,280.96948
Greece,2022,3,279.83194,273.59198,3.1966944,0.0023252738,1.3965611e+07,0.2785839,0.28337422,0.27321017,280.38498,280.7482
Greece,2022,4,286.63568,280.1736,2.775805,0.0016109587,1.8650498e+07,0.21733531,0.22711694,0.2367698,286.0572,284.54932
Greece,2022,5,291.37863,283.73343,2.3832312,0.0010586475,2.1998912e+07,0.1760958,0.18973316,0.20579313,290.97675,288.7258
Greece,2022,6,296.52023,288.4458,2.6465576,0.0019390141,2.2641578e+07,0.17253421,0.18430987,0.18795758,296.14774,293.74585
Greece,2022,7,298.44913,287.16943,3.0492518,0.0009222764,2.3496306e+07,0.13107747,0.15509345,0.16563107,298.37842,296.32764
Greece,2022,8,298.03937,289.31357,2.5734468,0.002134746,1.9580928e+07,0.15387267,0.15296605,0.15285267,298.75732,297.81097
Greece,2022,9,294.1361,286.63528,2.5670266,0.0010868176,1.6417015e+07,0.16324568,0.17227112,0.15008517,295.2621,295.80496
Greece,2022,10,289.99432,282.73962,2.8620334,0.0011959852,1.2196908e+07,0.16823494,0.17056835,0.14284354,290.6925,292.17044
Greece,2022,11,286.47342,281.88742,2.8178732,0.0032891494,7.650742e+06,0.22390018,0.20590428,0.1487188,287.17953,289.07117
Greece,2022,12,283.74002,280.7758,2.4396465,0.0020743927,5.7253695e+06,0.27996027,0.27489915,0.1991467,284.1869,285.93646
Greece,2023,1,281.6341,277.99615,2.7384534,0.0035009773,7.0208175e+06,0.27566403,0.2706512,0.2226707,281.95828,283.40662
Greece,2023,2,280.18042,274.44772,3.1567657,0.0008123838,1.0852554e+07,0.25405887,0.2599646,0.2373105,280.16537,281.17627
Greece,2023,3,283.68134,278.49185,2.856459,0.002245463,1.3974713e+07,0.25693107,0.25096923,0.22595969,283.77335,283.63382
Greece,2023,4,285.59833,280.3997,2.5504327,0.002722766,1.7289994e+07,0.25688025,0.2529452,0.21786255,285.6899,284.95642
Greece,2023,5,289.5496,284.70544,2.4962506,0.0029706222,1.779235e+07,0.24857911,0.24491999,0.21330868,289.29596,287.84567
Greece,2023,6,294.63422,288.2225,2.268313,0.0022410483,2.1552652e+07,0.21193165,0.22035588,0.20620723,294.41357,292.2011
Greece,2023,7,299.92264,289.27924,2.580209,0.00024779997,2.4077666e+07,0.13004565,0.16462791,0.18786255,299.8833,297.196
Greece,2023,8,298.86273,288.7731,2.9000013,0.00039193858,2.0372954e+07,0.110808685,0.12995939,0.16198203,299.639,298.38864
Greece,2023,9,295.08224,287.6567,2.928476,0.0045675905,1.5246561e+07,0.17876992,0.17855866,0.1655543,295.89804,296.36353
Greece,2023,10,291.52106,285.9763,2.3444424,0.0006192065,1.2124809e+07,0.18418786,0.187396,0.17118388,292.16898,293.3322
Greece,2023,11,287.17685,282.795,2.9118757,0.003822879,7.57106e+06,0.2449492,0.22824869,0.18471318,288.15164,290.29044
Greece,2023,12,283.28433,279.7039,2.6052144,0.0024691275,6.1212775e+06,0.28539655,0.2787623,0.23043354,283.8764,285.88464
Greece,2024,1,280.97168,276.5359,3.3405445,0.0027934546,7.0155725e+06,0.28667524,0.28416872,0.25300407,281.9097,283.66135
Greece,2024,2,283.41605,278.69174,2.769051,0.0019331971,9.955928e+06,0.26810023,0.26740563,0.2500633,282.5911,282.8347
Greece,2024,3,284.76886,280.0026,2.4392755,0.0023639644,1.4336036e+07,0.2830867,0.28586438,0.263026,284.55933,284.34857
Greece,2024,4,289.27686,282.00504,2.8467798,0.0014035065,1.9223166e+07,0.19903804,0.22009952,0.23547992,288.64905,287.52664
Greece,2024,5,290.9165,284.78058,2.5660417,0.0015117852,2.0010446e+07,0.20094149,0.21189491,0.21551745,290.80798,289.4392
Greece,2024,6,298.78506,288.6744,2.6485834,0.00027010991,2.456237e+07,0.1267266,0.1632626,0.19750975,298.16736,295.2938
Greece,2024,7,300.38913,289.5211,2.8864508,0.00056517933,2.3359646e+07,0.11868285,0.14208482,0.17943497,300.43723,298.40533
Greece,2024,8,299.5213,289.7385,2.5654886,0.0009268851,2.0635062e+07,0.12058047,0.13497847,0.1648829,300.3588,299.35422
Greece,2024,9,294.87457,287.95053,2.3652983,0.0016149547,1.560702e+07,0.181655,0.16730632,0.15957007,296.17227,296.98117
Greece,2024,10,290.37933,283.8778,2.6433017,0.00033424344,1.2174883e+07,0.14615437,0.1604881,0.1591618,291.58026,293.32404
Greece,2024,11,284.43466,279.4475,2.8824444,0.0031146053,7.5203995e+06,0.20257287,0.19104291,0.16365522,285.80023,288.4058
Greece,2024,12,282.06564,278.67908,2.8591077,0.0050429953,5.654688e+06,0.3031076,0.294505,0.22938077,283.08105,285.12402
Italy,1985,1,277.59756,274.73126,2.9180279,0.004096574,5.4433565e+06,0.33766547,0.33981377,0.33753324,279.39246,280.76154
Italy,1985,2,279.84857,276.14032,2.768399,0.0021612397,8.660005e+06,0.3219781,0.32600248,0.3341087,280.32242,281.07437
Italy,1985,3,281.76727,278.5999,2.8146882,0.0047186865,1.1665596e+07,0.33477595,0.3372199,0.33801648,281.79504,281.60367
Italy,1985,4,285.37604,280.8963,2.9726706,0.0027665878,1.6483861e+07,0.28713074,0.29816604,0.3138541,284.86887,283.8843
Italy,1985,5,289.52194,284.96634,2.2749453,0.0020746393,1.8612388e+07,0.25862217,0.27225116,0.28963807,288.67188,286.98145
Italy,1985,6,293.01718,286.8896,2.3374093,0.0007165558,2.1532962e+07,0.18651362,0.21927091,0.25925693,292.76172,290.96573
Italy,1985,7,296.4479,288.9347,2.0764544,0.00039506922,2.1943604e+07,0.14490175,0.1852516,0.24112777,296.1886,294.0899
Italy,1985,8,296.02576,288.47156,2.4422886,0.00067194266,1.934895e+07,0.13980101,0.16905603,0.22654296,296.6242,295.7772
Italy,1985,9,293.515,287.30475,1.9867709,0.0007378531,1.5779714e+07,0.15614894,0.17162192,0.2140213,294.14325,294.22073
Italy,1985,10,288.49994,283.28333,2.4035823,0.0024344954,1.0510715e+07,0.18768364,0.18570775,0.20852695,289.69812,291.22238
Italy,1985,11,284.557,281.61316,2.7048743,0.0054546366,6.3592855e+06,0.31089064,0.3021841,0.25760624,285.6492,287.54968
Italy,1985,12,281.95297,279.1601,2.2252572,0.0012929172,5.8556315e+06,0.29539287,0.29783124,0.29229945,282.0085,283.70142
Italy,1986,1,279.9401,276.40717,3.1654139,0.0036825086,6.2000445e+06,0.31728026,0.313632,0.3016406,280.49487,282.03864
Italy,1986,2,279.14078,276.22748,3.0590968,0.0052679344,7.2011535e+06,0.33678612,0.33593795,0.3230047,280.0454,280.76407
Italy,1986,3,282.54108,279.36014,2.6068492,0.004235246,1.1106415e+07,0.3363245,0.33815363,0.3312976,282.39835,282.1289
Italy,1986,4,285.3354,280.53366,2.780134,0.002182751,1.7243816e+07,0.27456737,0.28658187,0.30365524,285.0384,284.18
Italy,1986,5,290.89493,285.64197,2.0507202,0.0012674375,1.9658732e+07,0.22365987,0.24261516,0.2676203,290.13333,288.08185
Italy,1986,6,292.25464,286.66812,2.3875105,0.0023538137,2.0080046e+07,0.21554708,0.22703977,0.24440768,292.20862,290.74066
Italy,1986,7,295.07092,289.44888,2.0594063,0.0020707734,1.9764048e+07,0.20929983,0.2244273,0.24069075,295.0125,293.52896
Italy,1986,8,296.97733,290.31628,2.133396,0.0004635969,1.9448912e+07,0.15287581,0.18893324,0.23118223,297.13397,295.87082
Italy,1986,9,292.98764,287.21677,2.1009026,0.0014690604,1.4826162e+07,0.16634974,0.17431703,0.2146432,293.90408,294.21667
Italy,1986,10,289.2569,284.8994,2.2503674,0.0020766323,1.0711322e+07,0.21684875,0.20730887,0.20970589,290.2219,291.50558
Italy,1986,11,284.10748,280.96396,2.2824676,0.002762448,7.0184935e+06,0.2895409,0.28335157,0.24096969,285.0365,286.9469
Italy,1986,12,279.25482,275.43677,2.6433442,0.0015174113,5.8692375e+06,0.29270127,0.29122487,0.2648959,280.4468,282.91605
Italy,1987,1,279.4034,275.84232,3.386505,0.003919054,5.831563e+06,0.3215471,0.31917217,0.29570654,279.72223,280.79678
Italy,1987,2,280.3397,277.23407,2.7840295,0.0037786288,7.432465e+06,0.32963982,0.32913938,0.31806788,280.59927,281.20325
Italy,1987,3,278.5337,273.39993,3.161041,0.0025877333,1.2643469e+07,0.31917408,0.3213043,0.320964,279.39975,279.83786
Italy,1987,4,284.9052,279.4754,2.7497394,0.0011809823,1.819805e+07,0.2702714,0.2846433,0.3020038,284.30234,283.2295
Italy,1987,5,287.22986,282.29395,2.4482682,0.0023212603,1.8029586e+07,0.23651077,0.23933493,0.2657283,286.96576,285.6487
Italy,1987,6,292.61523,286.28146,2.3326807,0.0013227762,2.10445e+07,0.20222817,0.22260806,0.24430276,291.89963,289.83804
Italy,1987,7,297.06628,289.5966,2.093519,0.001002564,2.1298374e+07,0.17140715,0.1985775,0.22818571,296.53433,294.11673
Italy,1987,8,296.6275,289.22723,2.2565038,0.0005111609,1.9402332e+07,0.14162311,0.16825902,0.21235128,297.05945,295.85608
Italy,1987,9,295.40985,288.8095,1.931505,0.0012100459,1.5392816e+07,0.15995611,0.17374772,0.20392558,295.92685,295.5236
Italy,1987,10,290.3611,286.05072,2.37382,0.0020419408,1.0230525e+07,0.21958704,0.21364047,0.20464294,291.16766,292.36227
Italy,1987,11,284.61972,280.9101,3.0977325,0.004460493,6.794947e+06,0.2853978,0.27093905,0.23188506,285.89597,288.14105
Italy,1987,12,281.9088,279.0794,2.1424725,0.0021345285,5.578683e+06,0.3060174,0.305088,0.27970028,282.51138,284.43805
Italy,1988,1,281.65244,278.8332,2.7341795,0.0030797266,5.8156635e+06,0.31816006,0.31488505,0.28877157,281.7886,282.8199
Italy,1988,2,280.25854,276.0668,3.0315607,0.002609424,9.325919e+06,0.3156253,0.316044,0.30654532,280.98138,282.1186
Italy,1988,3,281.55734,276.76306,3.374788,0.0032179623,1.2959347e+07,0.31505808,0.319295,0.31542787,281.6538,281.63593
Italy,1988,4,285.2511,280.76688,2.332636,0.0024312965,1.6597561e+07,0.26735422,0.27761376,0.2949209,285.2419,284.33826
Italy,1988,5,290.19275,284.95303,2.4220169,0.001509149,1.9166152e+07,0.23887274,0.25650755,0.27229422,289.69275,288.0147
Italy,1988,6,293.01688,286.6548,2.1845315,0.0015187284,2.089249e+07,0.19735728,0.21782818,0.25097436,292.82687,291.04617
Italy,1988,7,298.30344,289.20447,2.2842925,0.00013235972,2.2576848e+07,0.13381048,0.1772282,0.22862144,297.8179,295.40308
Italy,1988,8,297.12277,289.18707,2.1410306,0.00068488356,1.9369758e+07,0.13799979,0.16692851,0.21543702,297.80182,296.9005
Italy,1988,9,292.26407,286.59332,2.2630696,0.0029277715,1.4604457e+07,0.20460926,0.20937447,0.20936133,293.54465,294.29993
Italy,1988,10,289.93622,285.89972,2.0779507,0.0016364024,1.0802096e+07,0.22839266,0.23212597,0.21648706,290.70453,291.80743
Italy,1988,11,281.986,278.11758,2.6753037,0.0026003406,6.798336e+06,0.29101488,0.27740985,0.23238784,283.6801,286.32718
Italy,1988,12,279.5841,275.8877,2.9873343,0.0024077327,5.7409275e+06,0.3146622,0.31300017,0.27783546,280.62466,282.68713
Italy,1989,1,279.03625,275.5616,1.9545771,0.00075355236,7.1896485e+06,0.28725857,0.28914428,0.28238863,279.34354,280.69995
Italy,1989,2,280.95578,276.8134,2.5486548,0.00216319,9.715388e+06,0.26714408,0.27207893,0.2746069,280.59668,280.77783
Italy,1989,3,284.12228,279.08908,2.6473777,0.0016200959,1.4355412e+07,0.27225098,0.2806959,0.2839359,283.5191,282.84702
Italy,1989,4,285.67987,280.32654,2.9893355,0.0027726435,1.6636949e+07,0.24780983,0.25440904,0.26329052,285.74365,284.96182
Italy,1989,5,288.36523,282.71616,2.3433287,0.0015284021,1.9400972e+07,0.23565236,0.24900986,0.2550349,288.03217,286.75467
Italy,1989,6,291.7122,286.07855,2.2332404,0.0019256866,2.0350336e+07,0.22025876,0.22668009,0.23960227,291.57108,289.95966
Italy,1989,7,295.6886,289.72458,2.0260339,0.0019222054,2.0445854e+07,0.2028224,0.21709335,0.23291631,295.53632,293.71646
Italy,1989,8,295.895,289.45844,2.2273169,0.0008096396,1.8689944e+07,0.16219674,0.18618049,0.22101274,296.42242,295.36093
Italy,1989,9,292.4167,288.03033,1.9988067,0.0024200233,1.3765174e+07,0.20751478,0.20830914,0.2168855,293.36993,293.61514
Italy,1989,10,286.8516,282.45154,2.3039308,0.0019817096,1.1048434e+07,0.25770018,0.25449386,0.23195602,287.88065,289.53656
Italy,1989,11,283.31763,279.79834,2.5653043,0.0026440641,7.046773e+06,0.2700918,0.26538795,0.24974836,284.63794,286.58823
Italy,1989,12,281.73215,278.42538,2.5832314,0.001874201,5.577815e+06,0.29986328,0.29652098,0.2716062,282.0059,283.5645
Italy,1990,1,279.8531,276.5232,2.194996,0.0014499527,6.511012e+06,0.2953243,0.29505834,0.28112614,279.9256,281.0972
Italy,1990,2,282.51483,278.5273,2.642477,0.0009228574,1.0336495e+07,0.27611193,0.28277364,0.2791006,282.087,282.12183
Italy,1990,3,283.63397,278.48007,2.3923345,0.0013209202,1.4149352e+07,0.23270829,0.24232703,0.26154894,283.77292,283.48273
Italy,1990,4,284.72687,280.16895,2.8701396,0.003544786,1.6014258e+07,0.28451866,0.27668312,0.26329428,284.8752,284.34552
Italy,1990,5,289.47427,284.07394,2.1991036,0.0014410404,1.885794e+07,0.22475521,0.23862927,0.25417915,289.2288,287.63348
Italy,1990,6,293.41028,286.61926,2.3427455,0.00053209893,2.1910378e+07,0.17118686,0.20339707,0.24039184,293.11975,291.04358
Italy,1990,7,295.97995,288.40045,2.2634308,0.0007316008,2.1728912e+07,0.15073156,0.17923181,0.23081717,296.2913,294.6053
Italy,1990,8,295.42145,288.75055,2.1298232,0.0010886427,1.911475e+07,0.16553251,0.17938612,0.21915677,296.1366,295.4103
Italy,1990,9,292.7959,287.1849,2.3685272,0.0013229045,1.4916169e+07,0.18294953,0.18191773,0.20805588,293.66534,293.93973
Italy,1990,10,290.68716,286.83438,2.3927171,0.003540381,9.740752e+06,0.23955405,0.2299104,0.21595225,291.2052,292.07803
Italy,1990,11,284.69083,281.155,2.8025506,0.00431562,6.965069e+06,0.29943222,0.29560775,0.26065886,285.8036,287.7585
Italy,1990,12,279.25488,276.35895,2.9453807,0.0043978584,5.003808e+06,0.3337837,0.33250788,0.3099133,280.9906,283.2665
Italy,1991,1,279.57758,276.08813,2.481228,0.0016108799,6.692079e+06,0.31615934,0.31981927,0.31809667,280.35168,281.85944
Italy,1991,2,279.3742,275.6265,2.784803,0.0031417753,8.544669e+06,0.32377762,0.32618162,0.3219848,279.67038,280.25006
Italy,1991,3,284.19516,280.16336,2.627563,0.0018107666,1.2712593e+07,0.29887393,0.30205512,0.3128927,283.81827,283.19473
Italy,1991,4,283.3622,279.057,2.7556891,0.003658842,1.6143202e+07,0.3073557,0.307671,0.29922828,283.70734,283.5632
Italy,1991,5,286.21143,280.95203,2.893186,0.0024699052,1.9044374e+07,0.27680185,0.2875747,0.30066326,286.03583,285.13568
Italy,1991,6,292.9075,286.52997,2.3666365,0.0008544665,2.2151002e+07,0.19208945,0.22803648,0.26765436,292.19324,289.7526
Italy,1991,7,295.90527,289.27515,2.2806435,0.00096575136,2.125221e+07,0.16580886,0.19469714,0.24633828,295.7346,293.8207
Italy,1991,8,296.1233,289.755,2.0193727,0.00070904614,1.9001058e+07,0.16044989,0.18798342,0.23826341,296.4207,295.26382
Italy,1991,9,293.62988,288.74716,2.0056353,0.0018056775,1.4550595e+07,0.20270309,0.20197824,0.22556132,294.09366,294.14172
Italy,1991,10,288.4622,284.0786,2.3864443,0.0038078632,9.884998e+06,0.2529266,0.2500358,0.23591788,289.93042,291.4506
Italy,1991,11,283.8162,280.4594,2.8346982,0.0048192455,6.895205e+06,0.3073162,0.30391568,0.2731874,284.76544,286.6716
Italy,1991,12,277.7317,273.01578,3.25824,0.001618659,5.742932e+06,0.30484098,0.30393788,0.28511754,279.24747,281.83765
Italy,1992,1,279.08798,275.71582,2.3746364,0.0017165795,6.3083175e+06,0.29635316,0.29776934,0.28511432,279.1744,280.27484
Italy,1992,2,279.54633,274.8381,2.6451175,0.0007802938,9.738467e+06,0.28579634,0.29069087,0.28940296,279.72382,280.34097
Italy,1992,3,282.11026,277.24826,2.82034,0.0022067681,1.290606e+07,0.26791188,0.27147856,0.27129406,281.8062,281.44308
Italy,1992,4,285.15427,280.4157,2.8968136,0.0038674958,1.5855308e+07,0.29496327,0.2993016,0.2879345,284.62415,283.50418
Italy,1992,5,289.4133,283.81216,2.2288709,0.0014051001,1.9284052e+07,0.23136882,0.24490115,0.26742458,288.7977,287.2075
Italy,1992,6,292.09464,286.54065,2.431768,0.0022907,1.9813504e+07,0.2249924,0.2350799,0.24858978,291.9474,290.347
Italy,1992,7,294.85812,288.8194,2.1486642,0.0010131185,2.0561222e+07,0.19647606,0.22174545,0.24222954,294.51608,292.67795
Italy,1992,8,297.47104,290.50043,1.979325,0.0003098287,1.9613426e+07,0.13803492,0.17748103,0.23111561,297.73352,296.17432
Italy,1992,9,293.1241,286.87027,2.058979,0.0008731209,1.5439202e+07,0.14701775,0.16883592,0.21975107,294.24002,294.5149
Italy,1992,10,289.89438,285.64713,2.9379907,0.0044973316,9.452273e+06,0.2670853,0.25867027,0.24117471,290.41266,291.54587
Italy,1992,11,285.62692,282.18817,2.5081902,0.0019294628,7.2935365e+06,0.26596645,0.26813436,0.25796375,286.3537,288.11865
Italy,1992,12,281.09396,277.98193,2.808708,0.0035493278,5.1894435e+06,0.30019763,0.2933727,0.27232713,282.1453,284.29172
Italy,1993,1,279.04187,275.4241,2.3955293,0.0012133047,6.7734775e+06,0.30137566,0.30370557,0.2894701,279.79645,281.27676
Italy,1993,2,277.93817,272.81158,2.7402804,0.0018536606,9.575624e+06,0.2742612,0.273074,0.2743177,279.00882,280.3134
Italy,1993,3,280.6215,275.8382,2.806494,0.0026998306,1.3198522e+07,0.29893354,0.30271053,0.2880078,280.8538,280.73416
Italy,1993,4,285.2663,280.2854,2.4461024,0.00173638,1.75462e+07,0.26808482,0.28076026,0.2835139,284.7081,283.45242
Italy,1993,5,290.20682,284.7377,2.0549912,0.00213842,1.9455086e+07,0.24310753,0.25391957,0.26232788,289.32687,287.39658
Italy,1993,6,294.20496,287.15036,2.3801877,0.00060060096,2.1980658e+07,0.15945981,0.19434406,0.241739,293.959,291.8918
Italy,1993,7,295.66302,287.34457,2.375302,0.00033756648,2.2320676e+07,0.14064066,0.17699791,0.23068608,295.79288,294.14917
Italy,1993,8,297.455,288.73795,2.0531917,0.0004313003,2.0001254e+07,0.13244806,0.1651402,0.2188413,297.77603,296.43906
Italy,1993,9,292.94373,287.0697,2.4340725,0.0019101969,1.5145153e+07,0.1847177,0.18216401,0.20758203,293.88605,294.38583
Italy,1993,10,289.8974,285.3714,2.653283,0.003321036,1.03658e+07,0.24709092,0.24205968,0.22341189,290.46988,291.6484
Italy,1993,11,283.73322,280.98807,2.7206771,0.0050608544,6.062693e+06,0.322369,0.3137608,0.26532426,285.2544,287.4101
Italy,1993,12,282.2522,279.27777,2.9457958,0.0034847858,5.266076e+06,0.32487473,0.3263365,0.31233734,282.66745,284.35898
Italy,1994,1,280.9895,277.7099,3.1252367,0.0032302318,6.102124e+06,0.334595,0.3370378,0.3270717,281.25754,282.57758
Italy,1994,2,280.2136,277.0058,2.8964496,0.0036276658,8.3125085e+06,0.3337729,0.3360813,0.33338273,280.5474,281.2517
Italy,1994,3,284.0652,279.4389,2.257558,0.00021789961,1.5090889e+07,0.25272214,0.2746025,0.3093822,283.71585,283.1861
Italy,1994,4,284.62988,280.25168,3.0251508,0.003658286,1.6064728e+07,0.27999562,0.2789859,0.28493127,284.69684,284.19275
Italy,1994,5,290.36707,284.15607,2.5597167,0.0012728174,2.0426618e+07,0.22431555,0.24657609,0.26700303,289.48407,287.66345
Italy,1994,6,293.34375,286.7253,2.3477,0.0013739069,2.1663838e+07,0.18414986,0.210174,0.24485965,293.15323,291.423
Italy,1994,7,296.9986,290.1692,2.193047,0.0011369252,2.1247344e+07,0.16972591,0.19091694,0.23272084,296.78085,295.02744
Italy,1994,8,298.45944,290.48825,2.1150892,0.0005246834,2.0035504e+07,0.14647903,0.17837931,0.22020552,298.35718,296.9545
Italy,1994,9,294.44293,288.3429,2.2536645,0.0012696784,1.5491009e+07,0.17465237,0.18696396,0.2109607,295.17465,295.37964
Italy,1994,10,289.17978,284.3032,2.3671386,0.0023646334,1.0701445e+07,0.21914092,0.21642512,0.21068518,290.33527,291.871
Italy,1994,11,285.21915,281.48724,2.2701006,0.0016878753,7.623448e+06,0.2727689,0.2685912,0.22861171,286.07016,288.15192
Italy,1994,12,281.32788,277.8514,2.348952,0.0017263815,5.7469775e+06,0.2723306,0.26560095,0.23878098,281.9103,283.93878
Italy,1995,1,279.1906,275.16574,3.4574032,0.0030970124,5.981322e+06,0.31269088,0.309792,0.27332634,280.25418,281.64743
Italy,1995,2,282.3058,278.08905,2.742618,0.0015721727,9.719741e+06,0.29172927,0.29524794,0.28436464,281.8442,282.12332
Italy,1995,3,281.27954,276.63434,3.462996,0.0034892035,1.2596778e+07,0.29955867,0.29928732,0.2894688,281.83655,282.28036
Italy,1995,4,284.11023,279.01465,2.62015,0.0026956054,1.6657215e+07,0.27981526,0.28527567,0.28448367,283.89276,283.20053
Italy,1995,5,288.9799,283.10846,2.5689821,0.0017467379,1.9713402e+07,0.23930223,0.2562869,0.27252033,288.35938,286.69022
Italy,1995,6,292.7848,286.22647,2.153149,0.00091952167,2.2005886e+07,0.18157494,0.20997311,0.24741372,292.6166,290.7058
Italy,1995,7,297.08887,290.00882,2.075846,0.00086804037,2.1620624e+07,0.1566238,0.18147393,0.22585654,296.86823,294.67206
Italy,1995,8,295.14362,289.769,2.059511,0.0029913983,1.7677602e+07,0.2209549,0.21272019,0.21845712,295.963,295.50348
Italy,1995,9,291.69254,286.8238,2.4637916,0.0028773167,1.4330066e+07,0.25350383,0.251635,0.22981645,292.38196,292.95312
Italy,1995,10,288.65024,283.64462,1.8634673,0.00026813216,1.2238129e+07,0.1917406,0.21986775,0.22894192,289.21356,290.3715
Italy,1995,11,282.85483,278.44348,3.0623329,0.0025859114,7.132943e+06,0.27191713,0.2529729,0.22709203,283.90796,286.0615
Italy,1995,12,283.08258,280.48447,2.8235643,0.004599755,4.6392735e+06,0.31739545,0.30803898,0.26035765,283.02017,284.03864
Italy,1996,1,281.30084,278.12207,2.7502434,0.0028589617,6.018321e+06,0.32018045,0.31991082,0.2980984,281.49417,282.7367
Italy,1996,2,279.12296,275.2942,2.9971943,0.004101595,8.440605e+06,0.33601987,0.33637333,0.31752124,280.03696,281.20615
Italy,1996,3,281.07874,277.04407,2.6007204,0.0034087228,1.1601565e+07,0.3245359,0.32630774,0.32268596,281.2298,281.1084
Italy,1996,4,285.04303,280.20328,2.5389457,0.0027792635,1.63687e+07,0.29191962,0.2998001,0.31268674,284.4394,283.5951
Italy,1996,5,289.72025,284.91495,2.5287993,0.002183401,1.9070784e+07,0.260954,0.27443552,0.28838784,288.92093,287.3339
Italy,1996,6,293.6899,286.92325,2.2760663,0.0012041613,2.164652e+07,0.18334526,0.2077919,0.25230682,293.19965,291.2937
Italy,1996,7,295.48712,287.75504,2.3498092,0.00073056587,2.20148e+07,0.15358134,0.18468605,0.22718072,295.27164,293.4629
Italy,1996,8,296.2823,289.90277,2.1267667,0.0011158074,1.8756622e+07,0.1579933,0.17434952,0.21393178,296.58447,295.52234
Italy,1996,9,290.65878,285.83054,2.7212892,0.004485836,1.3297936e+07,0.2619931,0.24271582,0.21821891,291.63214,292.62842
Italy,1996,10,287.5278,283.6071,2.6908379,0.0040380536,9.838218e+06,0.30599117,0.30622408,0.2669975,288.14362,289.5292
Italy,1996,11,285.12885,281.29343,3.0793443,0.0043179635,6.8867695e+06,0.27703872,0.27890274,0.2750415,285.34674,286.82703
Italy,1996,12,281.21576,277.9466,2.8680704,0.0041560014,5.208631e+06,0.3307418,0.3301834,0.30928063,281.83533,283.56012
Italy,1997,1,281.35568,278.2683,2.3712654,0.0021792613,6.3176945e+06,0.32149288,0.32516155,0.3223736,281.1928,282.1492
Italy,1997,2,281.11017,276.4332,2.7574162,0.0015694315,1.003793e+07,0.29351848,0.29750913,0.30105042,280.90198,281.4591
Italy,1997,3,282.64746,276.5953,2.943428,0.0013997972,1.4658625e+07,0.25412336,0.25884128,0.2729322,282.5397,282.53375
Italy,1997,4,282.59354,276.66873,2.9896505,0.0024625838,1.6675349e+07,0.25536698,0.25312755,0.24884725,282.89026,282.67197
Italy,1997,5,290.29843,283.28387,2.4561636,0.0008616597,2.1544346e+07,0.20409039,0.23008431,0.23633958,289.43402,287.28915
Italy,1997,6,294.9579,287.8398,2.4637916,0.00079460314,2.195704e+07,0.15713845,0.18998748,0.22510658,294.38403,291.9674
Italy,1997,7,295.95435,288.10422,2.3895073,0.0005408317,2.1932574e+07,0.14099634,0.16879755,0.21744609,296.05334,294.42545
Italy,1997,8,295.54312,289.19907,2.1590583,0.0014080851,1.8640634e+07,0.17494135,0.180373,0.21511914,296.08185,295.40143
Italy,1997,9,293.39392,288.17624,2.0727103,0.001975517,1.4821671e+07,0.19658537,0.20509343,0.20981464,294.0771,294.33218
Italy,1997,10,288.40268,284.36703,2.5635614,0.004931454,9.891356e+06,0.269567,0.25998104,0.21675865,289.5198,291.0268
Italy,1997,11,285.11996,282.46906,2.7266269,0.0053873276,5.9981305e+06,0.3362488,0.3364697,0.3040808,285.68338,287.21017
Italy,1997,12,281.5438,278.27197,2.8560786,0.0024490186,5.4439125e+06,0.326308,0.3291015,0.32846153,282.10312,283.98874
Italy,1998,1,280.70068,277.4032,2.3928123,0.0023647188,6.5532485e+06,0.31888723,0.32117584,0.3222004,280.9523,282.31512
Italy,1998,2,281.83408,277.27045,2.4516542,0.0021955464,1.0081232e+07,0.31144917,0.31808102,0.3301424,281.3136,281.6564
Italy,1998,3,281.25833,275.43268,3.2383585,0.0022475752,1.3537244e+07,0.2878921,0.2917104,0.2989425,281.45767,281.89926
Italy,1998,4,286.05017,280.92123,2.9658725,0.00275085,1.7094538e+07,0.26341176,0.27162337,0.2809585,285.39008,284.24503
Italy,1998,5,289.4186,284.30817,2.4459703,0.002568386,1.8774854e+07,0.25588915,0.25876617,0.26820973,288.6531,287.16855
Italy,1998,6,294.84598,287.2644,2.1874254,0.00064413645,2.2824776e+07,0.17634903,0.20895833,0.2421272,293.96866,291.58798
Italy,1998,7,297.60562,289.0624,2.345413,0.00031244595,2.2865574e+07,0.13056234,0.16921045,0.22422382,297.48346,295.35663
Italy,1998,8,297.6357,290.46866,2.1065862,0.0010648993,1.9330682e+07,0.14911734,0.16681997,0.21239485,298.21527,297.20535
Italy,1998,9,292.69778,287.483,2.6885428,0.0029759856,1.4447035e+07,0.2051808,0.19857885,0.20465448,293.67612,294.3987
Italy,1998,10,289.0763,284.9365,2.580966,0.003460974,1.0190178e+07,0.27720988,0.26828668,0.23731455,289.7152,291.115
Italy,1998,11,283.01855,279.16443,2.8052528,0.0040461794,6.6024535e+06,0.29216367,0.2861975,0.2488624,284.40753,286.83554
Italy,1998,12,279.4802,275.58044,2.7097063,0.0024312153,5.740941e+06,0.32035196,0.3202221,0.29072273,280.45166,282.66766
Italy,1999,1,279.81958,276.0582,2.728512,0.0023080374,6.8279905e+06,0.31122726,0.31210008,0.30072632,279.9842,281.2341
Italy,1999,2,278.64337,274.16043,3.0859678,0.0023749399,8.87729e+06,0.31395668,0.31467095,0.30495822,279.1653,279.878
Italy,1999,3,282.4522,277.78464,2.8411481,0.0023046758,1.3845078e+07,0.28640226,0.2899782,0.29849607,282.10483,281.76178
Italy,1999,4,285.56967,280.6465,2.7946556,0.002773379,1.6828432e+07,0.27567002,0.28071833,0.28569403,284.91907,283.79138
Italy,1999,5,291.2698,285.97626,2.1544876,0.0012637596,1.9672086e+07,0.22308558,0.24280943,0.26827058,290.50906,288.42535
Italy,1999,6,294.6994,287.54495,2.3272355,0.0012399819,2.2047584e+07,0.17765823,0.20440196,0.24081297,294.44302,292.4755
Italy,1999,7,295.91412,289.33102,2.2454326,0.0019302539,2.0792712e+07,0.18327971,0.19859523,0.22422671,295.9558,294.44272
Italy,1999,8,297.68753,290.5858,2.0463717,0.00083853205,1.9633582e+07,0.1621758,0.19280478,0.22060956,297.6821,296.3161
Italy,1999,9,293.86383,288.6453,2.1744437,0.0021177216,1.4769748e+07,0.22100705,0.21142432,0.21068005,294.37576,294.69183
Italy,1999,10,290.10397,285.2107,2.2691953,0.0017642633,1.1187909e+07,0.21733154,0.22200094,0.20749852,290.81314,291.94427
Italy,1999,11,284.41876,280.9203,2.6709988,0.004205387,6.9851745e+06,0.28493008,0.2750877,0.24302721,285.8471,288.2108
Italy,1999,12,281.50305,277.92532,3.4144514,0.004083471,5.243043e+06,0.31716472,0.3146084,0.286687,282.28568,284.12015
Italy,2000,1,278.44064,274.32596,2.543449,0.0015343978,6.8457525e+06,0.30678985,0.3073022,0.29689208,279.36307,281.24124
Italy,2000,2,280.342,275.70526,2.698263,0.0017654222,9.731201e+06,0.3023253,0.30417174,0.2946007,280.44437,281.06796
Italy,2000,3,282.82578,277.88977,2.6334116,0.0018653998,1.3871297e+07,0.27450138,0.28209186,0.28344986,282.39856,282.02524
Italy,2000,4,286.75476,281.7506,2.8572874,0.0028069073,1.6988774e+07,0.26388866,0.2724506,0.2788807,286.1174,284.86362
Italy,2000,5,291.46906,286.25143,2.045187,0.0014351472,1.9895422e+07,0.22451861,0.23657604,0.2575305,290.82867,288.95056
Italy,2000,6,294.59277,287.55408,2.2382662,0.00094311975,2.242506e+07,0.16586554,0.19177292,0.23049942,294.6081,292.62872
Italy,2000,7,296.10895,287.44925,2.6326792,0.00074280537,2.2379942e+07,0.14957367,0.17658775,0.21352619,296.2374,294.73215
Italy,2000,8,297.46606,288.81387,2.1143854,0.0003395936,2.029368e+07,0.12673104,0.1618119,0.20752563,297.70468,296.35986
Italy,2000,9,293.08994,287.3019,2.6152823,0.0027086062,1.4966794e+07,0.19362353,0.19935222,0.20462519,294.09634,294.79175
Italy,2000,10,289.38605,285.62057,2.295979,0.0035112833,9.872492e+06,0.28039777,0.2719433,0.22662976,290.20102,291.53677
Italy,2000,11,286.03485,282.1318,2.9319472,0.0036594493,7.1422965e+06,0.28438327,0.28045812,0.25333774,286.74258,288.5123
Italy,2000,12,282.71555,279.4926,2.636602,0.0031876073,5.722693e+06,0.29294306,0.2885665,0.26633573,283.00754,284.78522
Italy,2001,1,281.91614,278.98978,2.8395224,0.0035217267,5.8399065e+06,0.32553867,0.3240861,0.29345828,282.16583,283.24118
Italy,2001,2,280.8542,276.599,2.9959683,0.0019871236,9.522902e+06,0.30693477,0.3095874,0.30441913,281.36826,282.37027
Italy,2001,3,285.77682,281.3086,2.9736483,0.0018380682,1.3324205e+07,0.27239165,0.28523964,0.294612,285.07315,284.229
Italy,2001,4,284.56314,279.64948,2.8065844,0.0025400838,1.7269464e+07,0.27481022,0.27449688,0.27767095,285.0893,284.82242
Italy,2001,5,290.74985,285.04745,2.3896747,0.0018545587,1.9245548e+07,0.23148677,0.24230406,0.2593062,290.1182,288.43283
Italy,2001,6,293.78336,285.85733,2.6232738,0.00077861734,2.283837e+07,0.16396223,0.19460158,0.23109087,293.6622,291.90262
Italy,2001,7,296.83548,288.6537,2.413274,0.00038586603,2.2219242e+07,0.13575661,0.1691927,0.21846564,296.91406,295.1062
Italy,2001,8,297.44785,289.9262,2.1242223,0.0004321727,1.9848732e+07,0.13420527,0.16085783,0.20901205,297.94244,296.78152
Italy,2001,9,291.91202,286.2679,2.5436735,0.0019377293,1.4956642e+07,0.19316922,0.18994437,0.20355512,293.2636,294.14218
Italy,2001,10,291.00482,286.2573,1.8523285,0.0005917143,1.1670549e+07,0.1814017,0.1964504,0.20587826,291.82312,292.70383
Italy,2001,11,284.22223,279.80563,3.0330253,0.003197375,6.9983925e+06,0.25625163,0.24058202,0.21476202,285.6492,287.98795
Italy,2001,12,278.40326,274.23013,3.2453368,0.0026413784,5.415128e+06,0.29539812,0.28463146,0.23882008,280.26596,282.73032
Italy,2002,1,278.2349,274.0995,2.3112311,0.001236287,6.861815e+06,0.29482588,0.2930899,0.25901103,279.05487,280.45056
Italy,2002,2,282.54803,278.89703,2.6092246,0.0018238871,9.238838e+06,0.28809482,0.287633,0.26669955,282.15256,282.1904
Italy,2002,3,284.14166,278.48413,2.9194856,0.0012820462,1.3945327e+07,0.25405306,0.26042566,0.25985342,284.06592,283.80026
Italy,2002,4,285.53253,281.23392,2.5765471,0.0031531723,1.6565914e+07,0.28007302,0.27722794,0.25706062,285.37036,284.5048
Italy,2002,5,289.97253,284.76602,2.5291374,0.002904319,1.9196512e+07,0.2558636,0.25822952,0.24856086,289.41333,287.90964
Italy,2002,6,295.07092,287.97244,2.2538455,0.000931171,2.1726476e+07,0.18294321,0.2103134,0.23064226,294.46884,292.00116
Italy,2002,7,296.39536,289.99005,2.4215364,0.0022816851,2.0394676e+07,0.18431665,0.19471054,0.21877198,296.71097,295.3224
Italy,2002,8,295.43875,290.10748,2.2228377,0.0026870521,1.7800806e+07,0.2187718,0.2245682,0.21292275,295.9077,295.2689
Italy,2002,9,291.41528,287.2518,2.196451,0.0033468409,1.3654838e+07,0.26162964,0.2547171,0.22500283,292.6659,293.44193
Italy,2002,10,288.7465,284.72708,2.4011734,0.0028857756,1.0477416e+07,0.27569318,0.276131,0.24839503,289.1244,290.20947
Italy,2002,11,286.34583,282.7369,3.0407383,0.0027521073,6.873561e+06,0.27365595,0.26879632,0.25037158,286.62717,287.88123
Italy,2002,12,282.07874,279.6678,2.4858582,0.004226334,4.550454e+06,0.33480904,0.33080778,0.290873,282.89954,284.69696
Italy,2003,1,280.75858,277.49213,3.257505,0.0051998943,5.948751e+06,0.33615145,0.3367427,0.3210678,281.4247,282.81348
Italy,2003,2,277.07504,272.46677,2.8897002,0.0021286951,9.019566e+06,0.32179752,0.3252166,0.3268489,278.77872,280.27832
Italy,2003,3,281.74103,276.49802,2.5022442,0.0010664389,1.425167e+07,0.27989888,0.28987494,0.298597,281.57568,281.35898
Italy,2003,4,284.73996,279.73016,2.8326623,0.0026580656,1.7026058e+07,0.27581984,0.27720162,0.27370536,284.36942,283.44437
Italy,2003,5,291.77655,285.05573,2.1856074,0.0011030805,2.0501306e+07,0.176335,0.20342386,0.24517788,290.9812,288.83966
Italy,2003,6,296.853,289.95874,1.8614424,0.0011102223,2.237424e+07,0.18095465,0.20085102,0.23360735,295.96616,293.27087
Italy,2003,7,298.3707,289.7401,2.2425132,0.00039802858,2.23732e+07,0.13086578,0.16749592,0.2194472,298.4035,296.4342
Italy,2003,8,298.92047,290.3428,2.1858976,0.0012941917,1.9342674e+07,0.15197891,0.16526169,0.20403583,298.9612,297.77875
Italy,2003,9,292.5413,286.75452,2.2816486,0.0029542693,1.4225136e+07,0.20892765,0.19618326,0.18817244,293.90857,294.95828
Italy,2003,10,289.00937,284.5411,2.8132987,0.0051594465,9.617238e+06,0.2737013,0.26170772,0.20591167,290.06967,291.64017
Italy,2003,11,285.8042,282.51678,2.4883578,0.0030709596,7.094614e+06,0.29669118,0.29549196,0.26068568,286.43784,288.07266
Italy,2003,12,280.75967,277.26462,3.0687733,0.0036947397,5.0983535e+06,0.32550836,0.3235335,0.29445472,281.9829,284.27655
Italy,2004,1,279.0958,274.90067,3.183141,0.0028067234,6.3060975e+06,0.32435733,0.32564968,0.31792244,280.19855,281.78885
Italy,2004,2,280.65457,276.51044,2.9138117,0.0025515705,9.150859e+06,0.30548376,0.3087569,0.31247586,280.6806,281.13596
Italy,2004,3,281.80573,277.71173,2.6810565,0.0030618932,1.2414692e+07,0.30886534,0.3111321,0.3107593,282.1309,282.0503
Italy,2004,4,285.4983,282.07547,2.6889937,0.0041728257,1.4561801e+07,0.31212768,0.31325036,0.3086792,285.28204,284.4175
Italy,2004,5,287.7446,282.47748,2.6602998,0.0028959198,1.9577672e+07,0.2802074,0.28973022,0.30009344,287.56412,286.48965
Italy,2004,6,293.51385,287.68552,2.1514592,0.002045499,2.1254774e+07,0.2240159,0.24880624,0.26893947,292.6683,290.4315
Italy,2004,7,296.68774,288.54288,2.2082784,0.0008743953,2.2127914e+07,0.14732926,0.18199804,0.23519853,296.7541,294.87485
Italy,2004,8,296.6303,289.3087,2.1785476,0.0006079738,2.0005856e+07,0.14678454,0.1742995,0.21450181,297.04465,295.8675
Italy,2004,9,292.9151,287.18106,2.229153,0.002376488,1.463819e+07,0.18530855,0.18243752,0.20263276,294.09256,294.57095
Italy,2004,10,291.04742,286.8142,2.103026,0.0023773434,1.0587604e+07,0.2387527,0.24045995,0.21337035,291.24136,291.87836
Italy,2004,11,284.51056,280.6712,2.800685,0.0043984316,6.3661875e+06,0.30336675,0.2975732,0.25385657,285.92752,288.23657
Italy,2004,12,282.66077,279.43362,2.9862962,0.0053078863,5.0107445e+06,0.3300845,0.32919702,0.30338222,283.3052,284.9666
Italy,2005,1,278.53818,274.2838,2.6659577,0.0025420338,6.554121e+06,0.3158577,0.31807154,0.31690425,279.63867,281.51013
Italy,2005,2,277.533,273.14764,3.1142182,0.0039096884,8.111788e+06,0.32946286,0.32964832,0.3200579,278.89966,279.95517
Italy,2005,3,281.8128,277.11212,2.491475,0.0025799156,1.3380981e+07,0.30511785,0.31326103,0.32433555,281.69357,281.18015
Italy,2005,4,284.93884,279.91885,2.7805967,0.0029697076,1.7007804e+07,0.2976257,0.30309993,0.30427128,284.67273,283.88394
Italy,2005,5,290.79312,284.19913,2.4814065,0.0012797967,2.0319842e+07,0.20436421,0.22811107,0.2607913,289.94327,287.91675
Italy,2005,6,293.98505,287.15933,2.185379,0.0015339445,2.1268726e+07,0.18784727,0.19932704,0.22667848,293.70166,291.57822
Italy,2005,7,296.92996,288.29187,2.4669816,0.00063011784,2.2184038e+07,0.14114943,0.16921629,0.20813003,297.0944,295.07907
Italy,2005,8,295.10492,288.3027,2.4031255,0.0018469464,1.838178e+07,0.1681868,0.17367734,0.20116018,296.19742,295.6934
Italy,2005,9,292.8778,288.19772,2.093417,0.0029182434,1.3909474e+07,0.23627658,0.22387464,0.19846712,293.82916,294.24524
Italy,2005,10,288.53308,284.88947,1.9988974,0.0031095087,1.0037117e+07,0.2910086,0.2848168,0.22628611,289.3842,290.65573
Italy,2005,11,283.99133,280.46985,2.5451002,0.004304347,6.727347e+06,0.29662406,0.29079652,0.25466946,285.45438,287.56393
Italy,2005,12,280.01935,276.23996,3.0742066,0.0055210944,5.1652075e+06,0.3343258,0.33396673,0.3123914,281.15454,283.2032
Italy,2006,1,278.4784,274.6674,2.775569,0.002735138,6.1171925e+06,0.3257951,0.32670045,0.32166335,279.25027,280.7113
Italy,2006,2,279.86188,275.4695,2.9924638,0.0037801513,8.608655e+06,0.32153028,0.32239628,0.3139732,279.99588,280.51086
Italy,2006,3,281.69397,277.44186,3.219203,0.0030264661,1.2204048e+07,0.32566944,0.33183908,0.33526018,281.671,281.3922
Italy,2006,4,286.218,281.07288,2.4649053,0.0023456197,1.6758784e+07,0.26857293,0.2767972,0.300688,285.7735,284.62448
Italy,2006,5,290.39752,283.87076,2.2790213,0.0007365445,2.116523e+07,0.22274464,0.2516977,0.27361184,289.77396,287.84747
Italy,2006,6,293.58472,285.3036,2.2090821,0.0016425693,2.1915778e+07,0.19042374,0.20909439,0.23673257,293.0457,290.94998
Italy,2006,7,296.93054,289.4899,2.1689386,0.0012314887,2.1472952e+07,0.16042215,0.17778672,0.21862096,297.25305,295.44077
Italy,2006,8,295.51624,288.47037,2.486533,0.0017781963,1.8795054e+07,0.17901298,0.18487136,0.20292602,296.31067,295.72922
Italy,2006,9,293.08408,287.43784,2.2182913,0.0030845676,1.4768836e+07,0.2088288,0.20497312,0.19636512,294.0202,294.35464
Italy,2006,10,289.86795,285.03784,2.2518835,0.0014320596,1.1006804e+07,0.246394,0.24593632,0.206913,290.4172,291.45166
Italy,2006,11,284.06018,279.4455,2.2653704,0.0012427445,7.9831295e+06,0.23305595,0.23072764,0.20500866,284.9955,287.15878
Italy,2006,12,281.83765,278.56183,2.3021708,0.0027960876,5.4753075e+06,0.28428286,0.27325177,0.22745441,282.57797,284.4935
Italy,2007,1,281.63248,277.8894,2.5416617,0.0016662016,6.7611735e+06,0.28869414,0.28757423,0.2550012,281.70837,282.70978
Italy,2007,2,282.0049,278.13074,2.8582582,0.003519426,8.447651e+06,0.31114063,0.3042624,0.27389613,281.8998,282.31128
Italy,2007,3,283.20612,279.3282,2.8972728,0.003495178,1.2119917e+07,0.31714308,0.31576562,0.29408568,283.30295,283.31885
Italy,2007,4,286.74817,281.55875,2.0339875,0.0022038259,1.745562e+07,0.28526336,0.29292682,0.2954026,286.10147,285.0529
Italy,2007,5,290.38242,284.65585,2.473251,0.0022068536,1.9517026e+07,0.23868978,0.2485741,0.26226005,290.02533,288.54004
Italy,2007,6,294.99786,287.77335,2.1556458,0.0017422475,2.1555634e+07,0.20956887,0.22974429,0.23163666,294.2566,291.9932
Italy,2007,7,297.6698,287.19052,2.3682618,0.00015595782,2.3152366e+07,0.11388682,0.15792766,0.20581089,297.86227,295.78702
Italy,2007,8,297.24542,288.31332,2.5288882,0.0003871148,1.9978158e+07,0.11513253,0.14400215,0.1922228,297.85812,296.7698
Italy,2007,9,292.055,285.08783,2.6057818,0.0022700785,1.5083272e+07,0.1676288,0.15585618,0.17485115,293.68353,294.72916
Italy,2007,10,288.28772,283.7215,2.4072602,0.003290322,9.94934e+06,0.2573643,0.23744792,0.1743603,289.44147,291.02026
Italy,2007,11,283.04538,278.83844,2.8677893,0.0029121109,6.954186e+06,0.30017936,0.2901672,0.21469659,284.27292,286.52515
Italy,2007,12,279.78915,276.10367,2.8037813,0.002580908,5.497516e+06,0.31264082,0.30500755,0.2482885,280.93298,283.06415
Italy,2008,1,281.0603,277.27756,2.568726,0.001940894,6.5432775e+06,0.30935332,0.30802587,0.27369094,280.95364,281.9703
Italy,2008,2,280.49414,275.6591,2.4928153,0.0011293727,9.838496e+06,0.28031898,0.2823944,0.27514195,280.48203,281.07806
Italy,2008,3,283.01163,279.06665,3.0384417,0.0042804154,1.2450003e+07,0.3009186,0.29882073,0.27966693,283.05853,282.78064
Italy,2008,4,285.8231,280.373,3.0045414,0.0024409401,1.702282e+07,0.27764544,0.2876244,0.28366348,285.36557,284.48093
Italy,2008,5,290.33234,283.71317,2.4520113,0.0021029843,1.9848856e+07,0.21852468,0.23152354,0.2529884,289.5718,287.69095
Italy,2008,6,294.4893,287.4738,2.1469603,0.0019773303,2.1123432e+07,0.20148733,0.21746536,0.23399103,294.1009,291.8721
Italy,2008,7,297.15793,288.58585,2.4278035,0.0005369144,2.2173044e+07,0.1375011,0.16682342,0.2069702,297.55896,295.75275
Italy,2008,8,297.61334,288.70773,2.1605852,0.00032943246,2.0324412e+07,0.12167047,0.14609635,0.19129585,298.30023,297.00922
Italy,2008,9,292.4534,285.5634,2.3050878,0.0024693066,1.4480862e+07,0.19377597,0.17719406,0.18233179,294.09738,295.08817
Italy,2008,10,289.54953,284.88162,2.1359482,0.0023547544,1.0842332e+07,0.22217986,0.21739686,0.18213584,290.0056,290.97037
Italy,2008,11,285.0887,281.2515,2.7285933,0.004549095,6.786794e+06,0.29172924,0.27830535,0.2157677,286.1293,288.2428
Italy,2008,12,281.188,277.5544,3.0705647,0.0059129517,5.109232e+06,0.33345318,0.3317103,0.29178357,282.05524,284.09793
Italy,2009,1,280.59808,277.7135,2.8233166,0.0060846903,5.2956275e+06,0.3435107,0.3446015,0.32971832,281.14468,282.28452
Italy,2009,2,279.05276,274.11746,3.2131252,0.0027843013,9.026344e+06,0.3265151,0.32949257,0.3334457,279.94687,281.17776
Italy,2009,3,282.3242,277.24985,3.3067052,0.0038757324,1.2717557e+07,0.32082894,0.3243102,0.32310283,281.85892,281.6059
Italy,2009,4,286.05298,281.89624,2.5193245,0.0039860164,1.588381e+07,0.31354925,0.31596297,0.31206352,285.6694,284.66266
Italy,2009,5,291.49863,284.74573,2.1751597,0.001131015,2.107468e+07,0.22383882,0.25297183,0.28771332,290.27435,288.21347
Italy,2009,6,293.70767,287.21848,2.4016578,0.0026970594,2.1184584e+07,0.20325889,0.21659921,0.23712617,293.73407,292.09113
Italy,2009,7,297.21964,289.20642,2.1975276,0.00075312046,2.264731e+07,0.17247842,0.20576409,0.22613378,296.96588,294.87247
Italy,2009,8,297.8362,290.15015,2.0086405,0.00070317014,1.941138e+07,0.13689293,0.16384557,0.20790482,298.2945,297.04492
Italy,2009,9,293.5095,288.15414,2.3259954,0.003086107,1.3770449e+07,0.2074043,0.19008008,0.19490713,294.66165,295.29742
Italy,2009,10,287.82086,283.5594,2.5713074,0.003932645,1.0191169e+07,0.28204948,0.2718039,0.21596763,289.1562,290.9622
Italy,2009,11,284.81705,281.24216,2.344798,0.0024714193,7.511605e+06,0.2921646,0.29276845,0.25884932,285.08633,286.87573
Italy,2009,12,282.17828,278.77875,3.1923983,0.0041696182,5.096542e+06,0.31779847,0.3130052,0.28207186,282.60065,284.195
Italy,2010,1,279.782,276.28827,3.0817525,0.0047906013,5.704431e+06,0.3275577,0.32782724,0.31601295,280.78958,282.59485
Italy,2010,2,280.7808,277.01532,3.2165105,0.0046616886,8.0117345e+06,0.33849433,0.3409627,0.33354786,280.71182,281.2413
Italy,2010,3,282.51495,278.00452,2.7405736,0.0034211334,1.2939435e+07,0.31489757,0.32279605,0.3318942,282.48856,282.40955
Italy,2010,4,285.9367,281.36987,2.3729506,0.0028135872,1.634253e+07,0.28488848,0.28927866,0.2959146,285.59238,284.73416
Italy,2010,5,289.26578,283.94214,2.7374933,0.0027584794,1.85916e+07,0.25964925,0.27199903,0.2812593,288.7394,287.44995
Italy,2010,6,293.63,287.01056,2.4211588,0.0016094772,2.1200276e+07,0.20687523,0.22817251,0.25324586,293.09927,291.29834
Italy,2010,7,297.3049,289.83514,2.1728413,0.0009375003,2.171885e+07,0.15570974,0.18334234,0.22269309,297.25656,295.15884
Italy,2010,8,296.95425,289.7157,2.2199867,0.00059347623,1.9909878e+07,0.1450813,0.17055139,0.20732322,297.37006,296.12198
Italy,2010,9,292.2902,287.10196,2.419199,0.0033430434,1.3930696e+07,0.23580796,0.22205566,0.19987409,293.30905,294.18286
Italy,2010,10,288.11166,284.39606,2.5102985,0.0048959246,9.092546e+06,0.30036524,0.29392177,0.23049685,289.15845,290.72632
Italy,2010,11,285.42154,282.26733,2.9217482,0.006162207,6.6805965e+06,0.33016738,0.329835,0.30267653,285.92798,287.46866
Italy,2010,12,280.6895,276.7698,3.0519369,0.002952379,5.450355e+06,0.32162607,0.32319,0.3192074,282.0246,283.97452
Italy,2011,1,280.00665,276.7799,2.1668446,0.0022278603,6.166039e+06,0.31382424,0.3143357,0.31238875,280.50726,281.81238
Italy,2011,2,280.1741,275.6369,2.7518122,0.0028937217,8.751448e+06,0.32696006,0.32946035,0.32366028,280.30627,281.16602
Italy,2011,3,282.1988,277.9436,2.918677,0.0040110257,1.220338e+07,0.33192378,0.33523425,0.33790916,281.70386,281.517
Italy,2011,4,286.202,280.3826,2.5844672,0.0022567098,1.6878632e+07,0.28080913,0.28682435,0.30106908,285.28995,284.36737
Italy,2011,5,289.44235,283.86566,2.5105102,0.0020813963,1.9619698e+07,0.26645628,0.2761859,0.27849784,288.5384,286.96133
Italy,2011,6,294.0687,287.9277,2.3091416,0.001504171,2.1608576e+07,0.2028043,0.2255055,0.24562666,293.65704,291.48694
Italy,2011,7,296.10315,288.8431,2.2737088,0.0013861036,2.1473638e+07,0.16636784,0.18628521,0.22212373,296.48395,294.8445
Italy,2011,8,297.3633,289.2005,2.044615,0.00023551907,2.047254e+07,0.13839024,0.17592205,0.20827447,297.56183,296.0308
Italy,2011,9,295.2034,288.41666,2.127835,0.0015381185,1.5357109e+07,0.1563885,0.16236165,0.19482584,296.14728,296.2163
Italy,2011,10,288.48297,283.17206,2.5879657,0.0024065522,1.0592835e+07,0.22834241,0.21098332,0.18627892,289.63,291.35733
Italy,2011,11,284.73138,281.03116,2.3062282,0.0021840082,7.1571215e+06,0.28115743,0.27184147,0.21400325,285.5674,287.61383
Italy,2011,12,281.9378,277.89026,3.0855892,0.0027364295,5.722082e+06,0.29278454,0.28563374,0.24429588,282.57324,284.55655
Italy,2012,1,279.2858,274.12988,2.8808963,0.0014787683,6.8700755e+06,0.28932518,0.28515503,0.25891647,279.69214,281.37372
Italy,2012,2,277.60138,273.38083,3.151143,0.004896446,8.004872e+06,0.32426733,0.31921262,0.28136724,279.07614,280.00644
Italy,2012,3,284.0501,277.8049,2.629213,0.0011780743,1.4833293e+07,0.26735798,0.28091007,0.2847723,283.1484,282.37775
Italy,2012,4,285.93576,281.0798,2.912576,0.003880257,1.6388082e+07,0.27447003,0.27278054,0.26339355,285.6415,284.67178
Italy,2012,5,289.32126,282.91647,2.5867033,0.0018727427,1.9746842e+07,0.21840271,0.23126815,0.2463277,289.29984,287.88873
Italy,2012,6,296.13297,286.9064,2.2431786,0.00026382995,2.3460788e+07,0.1489444,0.18633898,0.22119522,295.42157,292.497
Italy,2012,7,298.49915,289.0819,2.4337986,0.0010215605,2.2638526e+07,0.1365417,0.160181,0.20073855,298.68295,296.68268
Italy,2012,8,298.78845,288.90048,2.1829226,0.00019120528,2.078791e+07,0.11671999,0.15204889,0.1850988,299.29968,297.8792
Italy,2012,9,293.91562,287.771,2.3816729,0.0028887095,1.4496776e+07,0.21242069,0.20221846,0.18044232,294.7619,295.38934
Italy,2012,10,290.2973,285.981,2.2630725,0.0043205637,1.0569308e+07,0.23115215,0.22666721,0.19040573,291.58902,293.04474
Italy,2012,11,286.55762,283.27887,2.6916997,0.004427076,6.4579205e+06,0.31268212,0.30572376,0.25111482,287.2647,288.99078
Italy,2012,12,280.53168,276.5428,3.163171,0.002837134,5.7087105e+06,0.31978592,0.3187016,0.29046223,281.67377,284.10614
Italy,2013,1,280.472,277.0061,3.0062804,0.0036221405,6.2160655e+06,0.31508,0.31263438,0.29582706,280.80392,282.28677
Italy,2013,2,279.29135,275.3946,2.8350236,0.004020092,8.750376e+06,0.3274886,0.32643306,0.30969,280.11548,281.1121
Italy,2013,3,283.0551,279.01868,3.2975798,0.004558974,1.188718e+07,0.32962218,0.33077487,0.32040644,282.6399,282.2811
Italy,2013,4,287.24545,281.3039,2.6551661,0.0020103455,1.7887974e+07,0.2671728,0.27898622,0.29791066,286.29822,285.0728
Italy,2013,5,289.61948,283.5587,2.846181,0.0028782662,1.960965e+07,0.22907524,0.23956949,0.24956034,289.76312,288.54422
Italy,2013,6,293.22662,286.09338,2.3617384,0.001325479,2.1940714e+07,0.19356903,0.21692944,0.23785731,293.14136,291.17126
Italy,2013,7,296.40176,288.98883,2.1111875,0.0011540229,2.1725134e+07,0.1745742,0.1894843,0.21309812,296.4396,294.45435
Italy,2013,8,297.3371,289.5993,2.139724,0.0012917968,1.9231384e+07,0.15102705,0.16664633,0.19878414,298.08997,296.98706
Italy,2013,9,293.4027,287.20978,2.2667806,0.0020214731,1.507733e+07,0.18457296,0.18436754,0.18572499,294.42343,294.7862
Italy,2013,10,290.6213,286.5033,2.061607,0.0022253627,1.054554e+07,0.24151473,0.23350893,0.2005295,291.22607,292.22058
Italy,2013,11,285.03992,281.773,2.8885698,0.0057246634,6.5133585e+06,0.29622817,0.2836392,0.23806003,286.70673,288.95737
Italy,2013,12,281.20636,277.73224,2.2660406,0.0027944453,5.772623e+06,0.31033757,0.31193012,0.29697508,281.48145,283.55566
Italy,2014,1,281.84296,278.9263,2.8179693,0.003931687,5.806452e+06,0.33066252,0.33062854,0.31169286,281.86618,282.9289
Italy,2014,2,283.01703,279.4583,2.850557,0.0041021337,8.633137e+06,0.33110672,0.33413988,0.33320546,282.74252,283.00113
Italy,2014,3,282.86975,278.40503,2.6248338,0.0027662201,1.3213318e+07,0.32066503,0.3231639,0.32149842,282.62653,282.81006
Italy,2014,4,285.90546,281.45926,2.7144217,0.0033199242,1.6185748e+07,0.30275664,0.3039443,0.29841882,285.6193,284.82736
Italy,2014,5,288.84534,283.4211,2.4068673,0.0021929464,1.9071126e+07,0.26355374,0.2744381,0.28532737,288.48035,287.2516
Italy,2014,6,294.092,287.0894,2.274384,0.0024613608,2.1459554e+07,0.21420957,0.23046143,0.2451543,293.444,291.397
Italy,2014,7,295.40958,288.83438,2.465166,0.0016483769,2.0665878e+07,0.18313977,0.19736414,0.2182239,295.7908,294.24792
Italy,2014,8,296.6512,289.39673,2.2005725,0.0005207661,1.9903058e+07,0.15025942,0.17910835,0.20385629,297.13715,295.84116
Italy,2014,9,293.18015,288.1927,2.263765,0.002875743,1.4232132e+07,0.22473559,0.21572255,0.20348437,294.24448,294.64798
Italy,2014,10,290.03412,285.2672,2.2447896,0.0019912207,1.0734121e+07,0.22896181,0.22457047,0.20105554,290.9824,292.16638
Italy,2014,11,286.8594,283.41275,2.4921448,0.0033487268,7.0548665e+06,0.2798304,0.26958406,0.22040983,286.96613,288.3902
Italy,2014,12,281.6936,277.92892,2.6516466,0.002759942,5.7288945e+06,0.28995055,0.28136462,0.24525513,282.95425,285.23276
Italy,2015,1,280.42712,276.213,2.9354298,0.003603837,6.3314425e+06,0.30554616,0.29873985,0.260204,280.6735,282.1376
Italy,2015,2,279.97482,276.08344,3.0301723,0.004897772,8.2534285e+06,0.33241782,0.33087802,0.3021598,280.48962,281.33624
Italy,2015,3,282.6672,278.4533,3.1170697,0.0045832046,1.1666697e+07,0.3338641,0.33663365,0.327919,282.45938,282.3245
Italy,2015,4,285.60306,279.66156,2.7098489,0.0014946172,1.7798628e+07,0.25978172,0.27659544,0.30582815,285.29556,284.41907
Italy,2015,5,290.86212,283.8961,2.4903584,0.0014008236,2.0442658e+07,0.19848596,0.21640979,0.24692938,290.44714,288.7981
Italy,2015,6,294.24115,286.90524,2.3218348,0.0015179672,2.2005264e+07,0.1872413,0.19879851,0.21871993,293.93018,291.92557
Italy,2015,7,299.19183,290.48523,2.0269754,0.0005375815,2.2360188e+07,0.13394907,0.16242175,0.1984297,299.08328,296.44266
Italy,2015,8,297.56766,290.74142,2.0249696,0.0017007478,1.8563936e+07,0.17698477,0.17485717,0.18746354,298.25275,297.38235
Italy,2015,9,294.1749,287.27966,2.4789479,0.0023242368,1.4810762e+07,0.18517254,0.18868731,0.18072124,295.36212,295.88702
Italy,2015,10,289.27127,285.65808,2.5439818,0.005887566,8.999332e+06,0.29336542,0.27731344,0.2179704,290.26282,291.79297
Italy,2015,11,285.38248,281.72403,2.254109,0.0024617028,7.7215775e+06,0.2900792,0.291232,0.26476118,286.16037,288.162
Italy,2015,12,281.64893,278.14624,1.7576013,0.00015936197,6.5536415e+06,0.27709147,0.2822902,0.27482253,281.95096,284.02353
Italy,2016,1,281.0778,277.18854,2.8690548,0.0025268863,6.1895885e+06,0.30205765,0.29668695,0.27897054,281.23178,282.45023
Italy,2016,2,283.50607,279.50488,3.2406874,0.0036090543,8.710824e+06,0.30067834,0.2981503,0.2844323,282.91153,282.93243
Italy,2016,3,282.87375,278.66318,2.858393,0.0038722085,1.2327912e+07,0.3179649,0.31706282,0.30125982,282.9874,283.07355
Italy,2016,4,287.84525,281.40042,2.7167203,0.0018107838,1.7892396e+07,0.23742378,0.25399414,0.27417195,287.2609,286.15686
Italy,2016,5,289.40903,283.56512,2.6846535,0.0029862751,1.9436482e+07,0.2596094,0.26498994,0.25821868,289.0892,287.76608
Italy,2016,6,294.01425,287.81412,2.332841,0.0020629729,2.0938386e+07,0.2108668,0.22149281,0.23790753,293.8245,291.8691
Italy,2016,7,297.30533,289.2972,2.1971493,0.001324675,2.1842876e+07,0.16234961,0.18575054,0.21436149,297.63937,295.70132
Italy,2016,8,296.1858,289.0677,2.3707578,0.0013425082,1.9338338e+07,0.16168147,0.17769031,0.19861309,297.06873,296.23056
Italy,2016,9,292.78305,287.68756,2.1168892,0.0034416523,1.3851296e+07,0.2472586,0.23128875,0.1960167,293.9142,294.63626
Italy,2016,10,289.3175,285.26883,2.4374425,0.003796633,9.981247e+06,0.27833945,0.2682742,0.21825293,290.30402,291.4675
Italy,2016,11,285.19598,281.53506,2.7121124,0.003428951,6.8455825e+06,0.30828756,0.30195275,0.2582734,286.2131,288.01923
Italy,2016,12,280.87354,276.1547,2.4933102,0.0009905896,6.329576e+06,0.29096833,0.29079166,0.26917878,281.37164,283.7214
Italy,2017,1,277.43613,273.32477,3.0529764,0.0038541956,5.832098e+06,0.31441167,0.30936202,0.27814516,278.97214,280.62646
Italy,2017,2,282.23047,278.50522,2.5859432,0.0024107818,9.033615e+06,0.3151035,0.31610402,0.30552655,281.78802,281.7934
Italy,2017,3,284.11676,278.2273,2.9368727,0.0014500468,1.4808775e+07,0.26728585,0.2801308,0.29079852,283.69522,283.20978
Italy,2017,4,285.7226,280.06686,2.640373,0.0019189296,1.7958642e+07,0.23623645,0.23961204,0.25135025,285.95624,285.16656
Italy,2017,5,290.49124,283.7479,2.4468536,0.0013488975,2.0376748e+07,0.1957495,0.20823957,0.22093204,290.23282,288.4113
Italy,2017,6,296.11765,287.6543,2.22061,0.00053665775,2.2567218e+07,0.13963827,0.16732466,0.19959524,296.02573,293.30066
Italy,2017,7,297.9552,287.62384,2.4467392,0.00061739935,2.2738042e+07,0.12967175,0.14929156,0.18513891,298.5189,296.6108
Italy,2017,8,298.96725,288.31366,2.3005168,0.00020415473,2.0704474e+07,0.11614661,0.14127132,0.17595907,299.7687,298.36072
Italy,2017,9,292.37042,286.26273,2.4781194,0.0033625616,1.4831983e+07,0.20837158,0.19485894,0.17534904,294.1624,295.33884
Italy,2017,10,288.7928,283.13336,2.3833835,0.0011809396,1.1478693e+07,0.21365568,0.20965289,0.17600974,289.8024,291.3961
Italy,2017,11,283.98102,280.1653,2.6226494,0.004159226,6.930044e+06,0.27984354,0.26297086,0.19489434,285.1944,287.43704
Italy,2017,12,280.23447,275.9254,3.1696765,0.003291639,5.8002e+06,0.3061551,0.3020646,0.25028062,281.111,283.33206
Italy,2018,1,281.85455,278.1795,2.8530529,0.0018021879,6.7013475e+06,0.30191314,0.3002281,0.2690977,281.66843,282.60355
Italy,2018,2,279.47855,275.9484,3.029308,0.0059258156,7.36847e+06,0.3275823,0.32182458,0.28606683,280.66913,281.6171
Italy,2018,3,282.836,278.98917,3.2821038,0.0053197662,1.1402661e+07,0.3280305,0.32962656,0.3177027,282.59537,282.3313
Italy,2018,4,288.26022,282.53223,2.399246,0.001318551,1.823519e+07,0.26134,0.2775505,0.2917587,287.14102,285.49756
Italy,2018,5,290.91614,286.42157,2.1127906,0.0033701395,1.8467842e+07,0.25944507,0.26244122,0.2601966,290.67938,289.08243
Italy,2018,6,294.20197,288.15613,2.5026057,0.0023805592,2.0672228e+07,0.21970832,0.22540641,0.23502862,294.2572,292.73468
Italy,2018,7,297.49722,289.9409,2.3704913,0.0007567384,2.1824608e+07,0.15710817,0.18489283,0.21050918,297.42566,295.3451
Italy,2018,8,296.82263,291.06747,1.8973905,0.002605267,1.8240386e+07,0.2120664,0.19973747,0.20007354,297.68,296.91794
Italy,2018,9,294.05002,288.00494,2.1448216,0.0013061061,1.493822e+07,0.19168603,0.19575833,0.1914148,295.19238,295.48578
Italy,2018,10,290.18253,286.32465,2.680326,0.005745383,9.606649e+06,0.28018108,0.26174757,0.20125999,290.9476,292.11017
Italy,2018,11,285.67746,282.58386,2.558909,0.004740377,6.5527755e+06,0.32173133,0.32004777,0.28008434,286.69107,288.64682
Italy,2018,12,281.40262,277.6266,2.6810672,0.0020198736,5.8117925e+06,0.31717822,0.31823543,0.3043209,282.29782,284.45172
Italy,2019,1,278.16556,274.11237,3.0963395,0.0031952152,6.1897815e+06,0.3202533,0.31809574,0.30523404,279.38995,281.15976
Italy,2019,2,280.84915,275.4206,3.3447247,0.0020386819,1.0020164e+07,0.30657518,0.31221873,0.31749386,280.7409,281.36792
Italy,2019,3,283.8407,278.10068,3.0021677,0.0013972997,1.4389038e+07,0.25424457,0.25989246,0.2761481,283.3797,282.88095
Italy,2019,4,285.60233,280.90558,2.6286857,0.0029766015,1.6416722e+07,0.27266037,0.2696459,0.25445378,285.5515,284.62982
Italy,2019,5,287.0059,282.8192,2.6704662,0.004309282,1.7163096e+07,0.28745008,0.2822068,0.25716797,287.36334,286.47684
Italy,2019,6,296.36057,288.37418,2.154153,0.0006468221,2.2900932e+07,0.18605328,0.22294699,0.24936032,295.21506,292.21536
Italy,2019,7,297.58743,289.83838,2.282045,0.0015664464,2.1685602e+07,0.16075025,0.18087177,0.21711421,297.9064,296.05252
Italy,2019,8,298.22202,290.5655,1.9085056,0.0008647046,2.0005296e+07,0.14608225,0.1701251,0.19881126,298.97342,297.57968
Italy,2019,9,294.00543,288.8076,2.133428,0.0023655486,1.4918572e+07,0.21642311,0.20965853,0.1965399,295.14426,295.61798
Italy,2019,10,290.40662,286.0146,1.9979293,0.0017025182,1.1300377e+07,0.22346394,0.2234143,0.19694035,291.29892,292.5545
Italy,2019,11,286.12387,283.11893,3.2009428,0.00802153,6.2219825e+06,0.32186344,0.31241778,0.25877044,287.21396,289.04166
Italy,2019,12,282.62747,278.8764,3.288458,0.0032565882,5.641278e+06,0.32194534,0.32252756,0.30616912,283.36697,285.46933
Italy,2020,1,280.50574,276.35428,2.3829494,0.00050153007,7.354377e+06,0.27916053,0.28418377,0.29070476,280.51425,281.99246
Italy,2020,2,282.35135,276.80908,3.03497,0.0010170274,1.0552536e+07,0.2598627,0.26534972,0.26847783,282.22095,282.7006
Italy,2020,3,282.74252,278.02115,2.6994698,0.003770995,1.2956014e+07,0.27398598,0.27058458,0.2607683,283.21268,283.30002
Italy,2020,4,285.7729,279.961,2.3901312,0.0021240765,1.7474232e+07,0.26494935,0.2711432,0.26120406,285.66953,284.70245
Italy,2020,5,290.5059,283.57968,2.743551,0.0015571491,1.9965904e+07,0.20826355,0.22616293,0.23882174,290.37054,288.8079
Italy,2020,6,293.16345,286.58667,2.487338,0.0023461757,2.1259556e+07,0.21885572,0.23027107,0.22155936,292.90695,291.06693
Italy,2020,7,296.9881,289.06018,2.133931,0.0008025747,2.2105828e+07,0.15222934,0.17864355,0.20779537,297.40878,295.35922
Italy,2020,8,298.0341,290.36902,2.2557127,0.0012312063,1.9453266e+07,0.14750536,0.16593055,0.19068673,298.76813,297.39188
Italy,2020,9,294.37183,288.3358,2.3778477,0.0028730144,1.4833301e+07,0.18575181,0.18359464,0.18472683,295.8141,296.28076
Italy,2020,10,288.37802,283.99094,2.438961,0.0029690063,1.0632518e+07,0.2693625,0.25800383,0.21847634,289.56073,291.33176
Italy,2020,11,285.54147,282.44547,2.096149,0.0028118682,7.178745e+06,0.27358264,0.27010727,0.23747115,286.45456,288.21133
Italy,2020,12,282.20865,279.44867,2.7750413,0.005295903,5.2514235e+06,0.3288095,0.32741225,0.29479888,282.91684,284.7426
Italy,2021,1,280.32306,276.80942,3.1990247,0.0046112076,5.85849e+06,0.33154497,0.33160904,0.3195798,280.95874,282.41034
Italy,2021,2,282.15976,277.96146,2.6772554,0.0025563433,9.890988e+06,0.311785,0.3179356,0.3182338,282.08838,282.49542
Italy,2021,3,281.8448,276.68317,2.6813903,0.0023681486,1.3580298e+07,0.2872033,0.29185355,0.29423356,282.18204,282.4398
Italy,2021,4,284.38095,279.22375,2.6426268,0.00245498,1.6512108e+07,0.2700536,0.27019045,0.27053738,284.5318,283.85504
Italy,2021,5,289.79373,283.05963,2.6791775,0.0009693864,2.0470594e+07,0.20175993,0.22585405,0.24370918,289.7512,287.95737
Italy,2021,6,295.73062,287.15933,2.1108315,0.00089240825,2.2262316e+07,0.15785307,0.18174382,0.21574742,295.25693,292.49393
Italy,2021,7,298.24872,289.06308,2.3858047,0.0007112785,2.2233518e+07,0.13719244,0.16267286,0.20280974,298.60727,296.57294
Italy,2021,8,298.44687,289.44125,2.322643,0.0007467997,1.982735e+07,0.13120529,0.1505744,0.1896166,299.45374,298.34845
Italy,2021,9,294.4,288.00095,2.0487883,0.0015863838,1.5030541e+07,0.17522456,0.17138292,0.1803176,295.50647,295.80795
Italy,2021,10,288.29944,283.9755,2.6244833,0.0038297423,9.615192e+06,0.25501397,0.23582076,0.18587457,289.87292,291.81845
Italy,2021,11,286.19995,283.58466,2.7451527,0.0061721546,6.137693e+06,0.3286189,0.32098362,0.25685862,287.23352,288.92444
Italy,2021,12,281.59186,277.93652,3.1254609,0.0037199028,5.6009585e+06,0.32730794,0.32943103,0.31560627,282.1091,284.1561
Italy,2022,1,280.09357,275.4941,2.855597,0.0013524684,7.1345845e+06,0.30721867,0.3103349,0.30891642,280.55032,282.34094
Italy,2022,2,281.5364,276.48795,2.971459,0.0019921444,9.973243e+06,0.28915405,0.29037228,0.29142517,281.30496,281.75293
Italy,2022,3,281.0456,275.19608,2.7615635,0.0018967685,1.3585182e+07,0.27891287,0.28332856,0.2858788,281.2317,281.45898
Italy,2022,4,285.31955,279.55035,2.9958847,0.0017677872,1.7992884e+07,0.25529313,0.2636668,0.26798594,285.0583,284.08813
Italy,2022,5,291.49902,284.87357,2.2385244,0.0015531805,2.065079e+07,0.2033832,0.22152293,0.23849064,290.74814,288.49844
Italy,2022,6,297.51108,288.07632,2.323341,0.000838686,2.288614e+07,0.14793324,0.17541921,0.21121682,296.8774,294.0665
Italy,2022,7,299.01,289.57892,2.2028182,0.00064599246,2.265515e+07,0.13280003,0.15486358,0.19607253,299.52966,297.41776
Italy,2022,8,297.65555,290.38947,2.20512,0.0016886707,1.8731464e+07,0.1699798,0.16493629,0.18293689,298.5269,297.8555
Italy,2022,9,294.02493,287.87216,2.6103647,0.003381866,1.4506479e+07,0.2030183,0.19729738,0.17954424,295.1523,295.88153
Italy,2022,10,290.66794,285.79877,1.9287858,0.0012109269,1.1838193e+07,0.23422323,0.23680331,0.20055212,291.1786,292.35416
Italy,2022,11,285.81693,282.5042,2.6022747,0.005806414,6.622874e+06,0.29150942,0.28081104,0.22598165,286.9478,289.06024
Italy,2022,12,284.04828,281.58163,2.2764904,0.0029561936,5.5004895e+06,0.32006046,0.32192212,0.2964722,284.1735,285.70334
Italy,2023,1,280.86035,277.71167,2.7854517,0.0041025956,6.3844975e+06,0.31312582,0.3125545,0.3042403,281.76428,283.50278
Italy,2023,2,280.49936,275.80142,2.612255,0.0018482807,9.705571e+06,0.2915635,0.29868802,0.30681428,280.56448,281.3785
Italy,2023,3,283.78198,279.08832,2.8607707,0.0022603578,1.3623285e+07,0.3044435,0.30832195,0.30178893,283.56183,283.3871
Italy,2023,4,284.7936,279.99106,2.7295444,0.003304443,1.6613991e+07,0.2876903,0.2910942,0.28732494,284.90585,284.34708
Italy,2023,5,289.3542,285.68008,2.3601255,0.0054836874,1.6494578e+07,0.31398374,0.3133606,0.29943278,288.90085,287.534
Italy,2023,6,294.28552,288.93015,1.9919844,0.0031610753,2.0612364e+07,0.26547125,0.28059497,0.29000476,293.6181,291.56277
Italy,2023,7,299.51868,290.42313,2.2453504,0.0003487711,2.2942524e+07,0.1423968,0.18702729,0.23601511,299.1535,296.59042
Italy,2023,8,297.44464,289.51508,2.4468603,0.0013356401,1.9708226e+07,0.14601113,0.1594215,0.199746,298.30743,297.33853
Italy,2023,9,295.2425,288.2438,2.4393182,0.0013874037,1.5557681e+07,0.16762275,0.17166238,0.1840139,296.03882,296.20157
Italy,2023,10,292.65155,287.0955,2.4645152,0.0017219423,1.1438652e+07,0.19146383,0.1904567,0.1772653,293.1745,293.99097
Italy,2023,11,286.39267,282.24152,3.1891408,0.0043585994,6.9079015e+06,0.2792676,0.263114,0.21501361,287.68185,289.95926
Italy,2023,12,283.0017,279.27942,2.612676,0.0011695896,5.8539005e+06,0.2871425,0.28456888,0.2443651,283.3979,285.4208
Italy,2024,1,281.91803,278.10217,2.8612502,0.002301742,6.4462155e+06,0.29968795,0.29504988,0.25620577,282.24442,283.7711
Italy,2024,2,283.355,279.1959,2.7200794,0.0030423922,9.165854e+06,0.27887368,0.2766374,0.25610635,282.7203,283.09976
Italy,2024,3,284.77563,280.56317,2.8529863,0.0027490368,1.3223516e+07,0.3037377,0.30583912,0.2774152,284.49442,284.2427
Italy,2024,4,287.38992,281.09427,2.5989633,0.0016337425,1.8381846e+07,0.23239452,0.24397166,0.25287366,287.4849,286.77103
Italy,2024,5,290.68137,285.13815,2.3854647,0.0026276165,1.9066172e+07,0.23435625,0.23887332,0.23158358,290.56613,289.04883
Italy,2024,6,296.19604,287.93393,2.2484422,0.0007142379,2.2745528e+07,0.1615264,0.18952969,0.2095738,296.00748,293.58884
Italy,2024,7,299.55637,290.19412,2.180245,0.00066427904,2.2373762e+07,0.13502568,0.15842022,0.18856946,299.98,297.69247
Italy,2024,8,299.4726,291.1677,1.9243282,0.0012105848,1.9165568e+07,0.14744969,0.15247253,0.17617488,300.49216,299.33844
Italy,2024,9,293.6647,287.89148,2.3999703,0.0032343073,1.4076919e+07,0.22810055,0.20848186,0.17334867,295.30487,296.34567
Italy,2024,10,290.97583,287.04358,2.1695092,0.003477986,1.0292685e+07,0.25660446,0.25691998,0.20214973,291.84738,293.0241
Italy,2024,11,285.25266,281.18497,2.4291155,0.0019418391,7.400579e+06,0.26952314,0.26725018,0.22656539,286.51135,288.88452
Italy,2024,12,281.55386,277.95212,2.8227994,0.0029652086,5.7515415e+06,0.31070694,0.3051546,0.25390738,282.48514,284.751
Libya,1985,1,284.26184,278.35968,5.109106,0.00096647086,8.049338e+06,0.15237086,0.19929487,0.17334877,284.20175,285.8996
Libya,1985,2,287.76907,278.3855,4.584317,0.00016046004,1.0971546e+07,0.07898771,0.17766292,0.17567994,287.5334,287.67584
Libya,1985,3,287.96002,279.3837,4.15828,0.0005206715,1.3640621e+07,0.06645617,0.16584525,0.17862508,289.11758,288.79816
Libya,1985,4,292.15042,280.9153,4.846948,0.00030723918,1.6578011e+07,0.071328185,0.16107336,0.17869666,292.34766,290.9349
Libya,1985,5,295.774,284.24435,4.8071065,7.296476e-05,1.7148724e+07,0.04602591,0.15374836,0.18014155,296.82642,294.9595
Libya,1985,6,300.18408,286.3609,4.4285293,9.987571e-06,1.9062262e+07,0.042154375,0.148398,0.17991064,301.51477,298.96875
Libya,1985,7,300.75427,289.09708,3.3955557,7.698753e-06,1.862994e+07,0.040251862,0.14751743,0.17631605,303.12674,301.28128
Libya,1985,8,300.1424,289.21082,3.4750993,7.4559994e-06,1.6984548e+07,0.036871463,0.14771983,0.17246522,303.11697,302.31854
Libya,1985,9,297.3765,290.26306,2.9995537,0.00012786171,1.3870743e+07,0.04302009,0.15223755,0.1715942,300.38144,300.59848
Libya,1985,10,294.38934,286.5405,3.3599887,0.00020415566,1.0685617e+07,0.046277836,0.15387915,0.17213698,296.84717,298.1172
Libya,1985,11,291.75287,281.66074,3.769601,0.00020016757,8.643063e+06,0.05074545,0.15297145,0.1717563,293.25656,295.2155
Libya,1985,12,286.30615,280.7699,4.05807,0.0012828826,7.0380825e+06,0.15208802,0.18530366,0.17387907,287.11606,289.84976
Libya,1986,1,284.5347,277.5834,4.597034,0.00045696605,8.49556e+06,0.09743351,0.1868609,0.17534544,284.90073,286.89053
Libya,1986,2,286.89343,276.2071,4.8867483,9.3356044e-05,1.1568584e+07,0.060532074,0.17309837,0.17774633,286.8506,287.06815
Libya,1986,3,288.2857,279.9521,4.3717012,0.000619923,1.3008502e+07,0.07891286,0.16734067,0.17860262,289.42834,289.40503
Libya,1986,4,291.928,281.13266,4.961549,0.00016458685,1.6934996e+07,0.052329935,0.1607131,0.16769353,293.00153,291.56937
Libya,1986,5,294.78015,284.4831,3.8602552,6.190213e-05,1.7640886e+07,0.048123587,0.15731326,0.17032626,296.40326,294.55585
Libya,1986,6,297.80515,287.25687,4.2973013,3.5060537e-05,1.8675266e+07,0.045012802,0.15579195,0.17269273,299.6693,297.8241
Libya,1986,7,300.5163,289.10062,3.8867893,1.4010343e-05,1.848321e+07,0.041931964,0.15434071,0.17315403,302.67752,300.78394
Libya,1986,8,301.52426,290.3674,3.1897247,1.3178045e-05,1.7044778e+07,0.039309636,0.15152737,0.1711187,303.8042,302.34396
Libya,1986,9,298.714,290.10446,3.5371754,0.0004061612,1.3510056e+07,0.05614764,0.15586853,0.17016916,301.1988,301.53955
Libya,1986,10,294.92038,287.4487,3.7087288,0.0010994651,1.061713e+07,0.07278163,0.15716806,0.16819994,297.23547,298.61853
Libya,1986,11,288.22784,283.55234,3.787289,0.0017723084,7.7051995e+06,0.17008404,0.19793533,0.17027397,289.59866,292.3709
Libya,1986,12,284.366,280.39798,4.2619505,0.0010962746,6.694344e+06,0.24061443,0.2504645,0.18513976,285.0272,287.80536
Libya,1987,1,284.47833,275.32874,4.8419585,0.00011329651,8.992033e+06,0.10673861,0.20917073,0.19101168,283.90677,285.22272
Libya,1987,2,286.12958,277.80283,4.950706,0.0005927693,1.0366864e+07,0.08839772,0.18156151,0.19025482,286.47638,287.00793
Libya,1987,3,286.2356,278.99216,4.4026093,0.0009292949,1.2852627e+07,0.11598964,0.18177092,0.18642764,287.06506,287.04758
Libya,1987,4,290.9182,278.79144,3.9456205,0.00019073486,1.6843692e+07,0.053373728,0.16381297,0.18122165,292.0335,290.57193
Libya,1987,5,293.55612,283.1984,4.5915685,4.0435792e-05,1.6320968e+07,0.049486272,0.16123545,0.1856305,294.9328,293.3781
Libya,1987,6,299.53976,286.31738,4.048024,1.2831254e-05,1.853184e+07,0.04415543,0.15573424,0.18472417,300.56964,297.9408
Libya,1987,7,302.12323,288.05594,4.4462504,6.9358134e-06,1.8573434e+07,0.041770488,0.15324105,0.18387347,303.42667,301.122
Libya,1987,8,302.14105,290.1722,3.6431377,4.15802e-05,1.6945226e+07,0.03905456,0.15056324,0.17993267,304.31787,302.81506
Libya,1987,9,299.8989,288.74374,3.2404425,9.803772e-05,1.4468553e+07,0.043487944,0.15187415,0.17621434,302.1968,302.08957
Libya,1987,10,297.16516,288.04736,3.6399758,0.00016677163,1.0939178e+07,0.045023035,0.15186727,0.17718422,299.10437,300.02042
Libya,1987,11,289.6028,282.14417,4.6093807,0.0012370717,8.3216945e+06,0.120305955,0.17703056,0.18044871,291.2751,294.36713
Libya,1987,12,288.08862,280.96448,3.6747382,0.00018712824,7.351892e+06,0.07170959,0.17721745,0.18198556,288.59695,290.4992
Libya,1988,1,285.91467,279.2829,4.633327,0.0010544517,8.403782e+06,0.14671348,0.200728,0.18501289,285.80527,287.567
Libya,1988,2,286.17487,279.3712,4.031202,0.00034543817,1.0227647e+07,0.07617511,0.18226844,0.18789579,287.22705,288.0659
Libya,1988,3,287.87396,278.4484,4.8684635,0.0004683408,1.3899833e+07,0.08161798,0.17418161,0.18813463,288.3899,288.24344
Libya,1988,4,292.28253,281.9412,4.540554,6.960089e-05,1.6808104e+07,0.050547235,0.16346627,0.1894699,293.60867,292.20862
Libya,1988,5,298.3938,282.76306,5.360308,9.952892e-06,1.7654068e+07,0.04328993,0.15294872,0.1860023,298.52737,296.2457
Libya,1988,6,299.94675,287.75165,4.6921754,4.5221503e-05,1.8089258e+07,0.042370647,0.15080312,0.18386088,301.5145,299.40796
Libya,1988,7,301.8229,289.30557,3.8676374,2.046065e-06,1.8769772e+07,0.04093307,0.14816944,0.18164536,303.9252,302.12735
Libya,1988,8,301.30063,290.34692,3.3486392,8.877841e-06,1.6835826e+07,0.036977194,0.15124904,0.179066,304.14954,303.07266
Libya,1988,9,298.27902,290.1639,3.3796775,0.001674132,1.329127e+07,0.10034705,0.1785561,0.17870176,300.70447,301.55173
Libya,1988,10,295.9663,287.17737,3.702473,0.00022818825,1.0968129e+07,0.058548186,0.18223515,0.18018608,297.37582,298.34332
Libya,1988,11,290.14728,283.59857,3.534246,0.0010501515,8.0372365e+06,0.10180352,0.17562366,0.17906548,291.74954,294.26535
Libya,1988,12,284.2125,280.07565,4.901113,0.0017463684,6.6646575e+06,0.2092776,0.22510938,0.18677665,285.1983,288.0823
Libya,1989,1,283.91806,279.85016,3.4944513,0.0004738721,7.9525235e+06,0.16059536,0.2174628,0.19438288,284.2614,285.9729
Libya,1989,2,285.54697,279.0172,3.6580167,0.00057050533,1.0308003e+07,0.13722312,0.2029449,0.19750018,285.27307,285.803
Libya,1989,3,287.8392,280.80032,4.2195864,0.0010014448,1.3400118e+07,0.11469571,0.18907265,0.19704571,288.24084,288.00266
Libya,1989,4,292.55637,281.0521,4.817054,3.225153e-05,1.6873192e+07,0.0541362,0.17385839,0.19734019,293.3422,291.7487
Libya,1989,5,294.9035,283.31772,4.4051023,8.385398e-05,1.7366556e+07,0.047252838,0.16348194,0.1961584,295.93448,294.14966
Libya,1989,6,298.0517,286.6125,4.3806887,3.2320888e-05,1.862588e+07,0.046282176,0.15851149,0.19578998,299.7127,297.64072
Libya,1989,7,300.02878,290.02814,3.6509624,2.0495328e-05,1.8509648e+07,0.04431187,0.15700299,0.19609292,302.26254,300.5718
Libya,1989,8,301.0999,290.96698,3.2913382,2.5385076e-05,1.6839372e+07,0.042075697,0.1579761,0.19590229,303.4869,302.1244
Libya,1989,9,300.95132,289.89825,4.0233703,4.6955454e-05,1.4527432e+07,0.039602064,0.1523378,0.1912864,303.04077,302.51608
Libya,1989,10,293.98965,287.24203,3.3381145,0.0005400224,1.0828558e+07,0.060998067,0.15872398,0.18900815,296.66962,298.39108
Libya,1989,11,291.3934,282.61276,3.6387656,0.00052056747,8.83281e+06,0.06999126,0.16208592,0.1872318,292.4792,294.3365
Libya,1989,12,288.5378,281.54596,3.304358,0.00022425219,7.6939825e+06,0.087799005,0.16966303,0.18626364,288.81982,290.9638
Libya,1990,1,285.3546,281.3593,4.188582,0.0017652859,7.2018385e+06,0.17027554,0.19633597,0.18970881,286.12628,288.11206
Libya,1990,2,287.24634,280.61118,3.6355333,0.0001261451,1.0784433e+07,0.10192801,0.20649843,0.19301333,287.32248,287.8248
Libya,1990,3,288.41782,281.5369,3.8399224,0.00023162148,1.3195663e+07,0.06382244,0.17702791,0.19269773,289.77118,289.51913
Libya,1990,4,292.47675,283.0582,4.3883224,0.00019652626,1.5683705e+07,0.054910477,0.16550373,0.19245316,293.55136,292.3184
Libya,1990,5,294.8143,285.5292,5.000043,0.00064568955,1.5173967e+07,0.0763711,0.16281219,0.18945271,295.59683,294.1618
Libya,1990,6,300.45047,286.9879,4.138487,2.4968926e-06,1.8922514e+07,0.04434315,0.1549203,0.18731137,301.45224,298.9486
Libya,1990,7,300.12262,289.7229,3.4263582,2.0252575e-05,1.848011e+07,0.04454129,0.15614839,0.18855871,302.69925,301.18607
Libya,1990,8,299.9989,291.34848,3.5353901,1.6645952e-05,1.6655919e+07,0.042303883,0.15643919,0.19067818,302.95282,302.10327
Libya,1990,9,301.3069,289.7122,3.4015968,5.6249446e-05,1.4521801e+07,0.042934597,0.15508376,0.18972456,303.24194,302.5224
Libya,1990,10,298.7249,286.95453,4.1300545,5.2573465e-05,1.1418224e+07,0.043257438,0.15185441,0.18715873,300.34717,301.06274
Libya,1990,11,290.62396,283.7344,4.0285993,0.0012261478,8.1471025e+06,0.121856526,0.17352678,0.18579152,292.3835,295.33807
Libya,1990,12,285.0661,277.5231,4.480805,0.00042714205,7.4221105e+06,0.083124205,0.17421319,0.18667977,286.42444,289.26602
Libya,1991,1,284.21237,278.6307,3.9518843,0.0009162903,8.178092e+06,0.10929748,0.17297128,0.18733057,285.10687,287.0865
Libya,1991,2,285.2113,278.8479,4.454455,0.0007257635,1.0330996e+07,0.13356316,0.19257556,0.18736112,285.2016,286.1901
Libya,1991,3,289.72073,281.11505,5.000509,0.0008731842,1.3549391e+07,0.10732366,0.18803887,0.18922754,289.32852,288.60602
Libya,1991,4,289.61832,281.98978,4.502958,0.0006772475,1.5779151e+07,0.07555253,0.17110358,0.19080976,291.40912,290.852
Libya,1991,5,292.12482,284.4447,4.679543,0.0012034676,1.6273613e+07,0.098031506,0.16770121,0.19039685,292.83997,291.9578
Libya,1991,6,297.83722,287.5927,4.074306,9.2350354e-05,1.7993634e+07,0.05158132,0.16382603,0.19247589,299.07843,296.5633
Libya,1991,7,300.5098,289.43945,3.317036,4.4389203e-06,1.8672436e+07,0.04435714,0.1585478,0.19558649,302.2123,299.95416
Libya,1991,8,300.36792,290.7368,3.4803958,5.860762e-06,1.6943746e+07,0.04251982,0.1546711,0.1938828,302.99863,301.74652
Libya,1991,9,299.8437,289.63885,3.5100558,0.0004053636,1.3927551e+07,0.052225083,0.15068562,0.19016655,301.66812,301.32394
Libya,1991,10,297.26083,286.7544,3.8287692,0.00012761896,1.0990434e+07,0.041857265,0.14947523,0.18734425,299.24646,299.92316
Libya,1991,11,289.9293,280.16995,3.7902973,0.00029924567,8.834104e+06,0.059132207,0.15476426,0.18505746,291.75436,294.4423
Libya,1991,12,284.64587,279.47882,4.839925,0.0009868622,6.2433465e+06,0.106845975,0.1603128,0.18459435,286.41632,289.3092
Libya,1992,1,283.78558,278.93246,2.8569572,0.0007049214,7.513181e+06,0.12718052,0.17437144,0.18382636,284.4794,286.3846
Libya,1992,2,285.1502,279.2051,4.0293474,0.0006603241,1.0312481e+07,0.116250865,0.17915677,0.18240398,285.59467,286.32916
Libya,1992,3,288.11734,278.6715,4.8087153,0.00070818124,1.3111656e+07,0.10022772,0.17862946,0.18418096,288.18527,287.9303
Libya,1992,4,291.01996,278.52155,4.6753006,0.00016559254,1.6524214e+07,0.05270383,0.16246529,0.18463391,292.15887,290.76697
Libya,1992,5,293.2073,283.77765,4.5062294,0.00046927712,1.6586771e+07,0.069052994,0.15910962,0.18762687,294.06686,292.75113
Libya,1992,6,298.07095,286.78726,4.6176357,3.8875234e-05,1.8302864e+07,0.046294026,0.15131858,0.18958782,299.49918,297.34085
Libya,1992,7,298.9121,289.58585,3.7671797,6.6583807e-06,1.8484456e+07,0.04466651,0.15293153,0.1926255,301.09933,299.36606
Libya,1992,8,300.48215,290.80576,3.0299246,9.363348e-06,1.692579e+07,0.041093774,0.15521501,0.19479394,302.50443,301.07523
Libya,1992,9,298.5011,289.88123,3.4808283,9.1067224e-05,1.4114803e+07,0.042653766,0.15513225,0.19219063,300.84283,300.67203
Libya,1992,10,298.56335,284.18896,4.233013,3.8840553e-05,1.1578442e+07,0.042327188,0.15406436,0.19185197,299.34097,299.77643
Libya,1992,11,291.1102,284.001,3.7187219,0.0005882957,8.508118e+06,0.08107732,0.16379273,0.18946396,292.5741,294.93765
Libya,1992,12,286.25214,279.1525,3.930285,0.000521053,7.531706e+06,0.09285562,0.16437835,0.19008093,287.28268,290.0399
Libya,1993,1,284.00797,279.66104,3.5534887,0.0007022164,7.8374165e+06,0.14692359,0.1831286,0.19202141,284.43723,286.46033
Libya,1993,2,284.48083,278.53955,4.415813,0.000777574,1.0086195e+07,0.107010104,0.17727421,0.19264239,285.24768,286.43768
Libya,1993,3,287.29507,278.50232,4.4438133,0.00028735073,1.4050978e+07,0.07147669,0.17357749,0.19431603,287.78595,287.31592
Libya,1993,4,291.9519,281.14236,4.073128,9.720542e-05,1.7237066e+07,0.052528676,0.16492829,0.19586767,292.83737,291.2287
Libya,1993,5,296.031,283.053,4.5605426,5.8399546e-05,1.7444622e+07,0.047248885,0.15550998,0.19404177,296.4698,294.37714
Libya,1993,6,299.8135,288.16806,4.127629,2.1223588e-05,1.8627948e+07,0.045061413,0.15202755,0.19366086,301.34323,299.03555
Libya,1993,7,300.9875,288.62964,3.9204295,4.9244272e-06,1.885237e+07,0.042574566,0.15108752,0.19317727,303.08817,301.41516
Libya,1993,8,301.42114,289.32547,3.3451898,9.398027e-06,1.729495e+07,0.042319614,0.15165862,0.18125735,303.39374,302.16693
Libya,1993,9,300.04855,289.7453,4.325395,0.00011572404,1.4401279e+07,0.043135017,0.14863367,0.1781777,302.2839,302.11322
Libya,1993,10,297.29507,286.1102,3.8505452,6.408691e-05,1.1472701e+07,0.045297984,0.1499603,0.17799534,298.82556,299.64124
Libya,1993,11,291.4089,285.42993,3.6406503,0.0008193623,7.6531805e+06,0.10357142,0.1569093,0.17590736,293.19562,295.823
Libya,1993,12,286.4649,280.78622,3.7768085,0.0005608299,7.205925e+06,0.0840767,0.16563812,0.17347223,287.3438,289.84927
Libya,1994,1,285.7425,279.60248,5.3878236,0.0012828826,7.6768165e+06,0.15969446,0.18596011,0.17370811,285.78604,287.77893
Libya,1994,2,286.6445,276.709,5.466108,0.00028544338,1.1430772e+07,0.09513719,0.19295755,0.17564544,285.95386,286.64972
Libya,1994,3,288.81693,280.68658,4.0354533,0.0003902782,1.3404985e+07,0.06576545,0.16891761,0.17670299,289.7758,289.40207
Libya,1994,4,290.407,281.98743,4.99978,0.0019638408,1.5794753e+07,0.11412714,0.20073208,0.17899464,290.9956,290.49606
Libya,1994,5,297.40674,284.1155,3.8851712,0.0004511053,1.7844084e+07,0.07253658,0.1792003,0.17634594,296.88715,294.30118
Libya,1994,6,299.07587,286.9759,4.1508393,1.2761896e-05,1.9038432e+07,0.042826045,0.15796813,0.17373435,301.09988,299.08307
Libya,1994,7,300.14404,290.3096,3.4249203,3.7279995e-05,1.8479468e+07,0.043672424,0.15665235,0.17603335,302.3463,300.78183
Libya,1994,8,302.23044,290.2624,3.2849185,3.5719438e-06,1.7160258e+07,0.041083787,0.15475303,0.1762071,304.29227,302.9238
Libya,1994,9,300.62088,290.04718,3.7349954,0.0001091697,1.400898e+07,0.039148513,0.15370531,0.17332935,302.799,302.37405
Libya,1994,10,295.87036,287.98587,3.6720502,0.00052753795,1.0504881e+07,0.05740582,0.15156575,0.17035006,298.03815,299.4034
Libya,1994,11,291.1254,285.22012,3.2561545,0.00029730363,8.470705e+06,0.056320455,0.15572411,0.1701533,293.35947,295.59845
Libya,1994,12,286.03558,279.17703,3.8949196,0.00037415244,7.457643e+06,0.077750675,0.16141835,0.17020606,287.37915,290.27924
Libya,1995,1,283.49362,276.79892,4.837853,0.0010064559,8.518572e+06,0.13295673,0.17979768,0.17249298,283.89758,286.18268
Libya,1995,2,287.33154,279.3639,4.039491,0.0002818888,1.0959472e+07,0.082712665,0.1795204,0.1749895,286.98972,287.24112
Libya,1995,3,288.27612,279.05865,4.662832,0.0006343148,1.3729254e+07,0.078881964,0.17301425,0.17641036,289.32993,289.31366
Libya,1995,4,290.44968,281.04404,4.680395,0.00060192455,1.6020145e+07,0.07885733,0.17221199,0.17578945,291.13025,290.11356
Libya,1995,5,295.64862,282.7628,3.9353344,6.7277388e-06,1.8074736e+07,0.045956776,0.15995724,0.17495808,296.6297,294.5628
Libya,1995,6,299.85388,287.69485,4.534781,3.2147494e-05,1.843295e+07,0.04521055,0.15485613,0.17771131,300.87762,298.4243
Libya,1995,7,301.09946,290.81732,3.6105843,8.808483e-06,1.8704506e+07,0.043117955,0.15638596,0.17878701,303.34656,301.59824
Libya,1995,8,302.47382,291.4431,3.8932407,2.892234e-05,1.6816222e+07,0.042237412,0.15614085,0.17986323,304.64795,303.26364
Libya,1995,9,300.56104,291.79504,4.0597014,0.0004553708,1.3255835e+07,0.05565204,0.15276714,0.17947868,302.7344,302.7379
Libya,1995,10,293.8233,288.7738,3.08744,0.002901424,9.89925e+06,0.181392,0.20859572,0.17972656,295.5686,297.6106
Libya,1995,11,289.6558,280.87494,4.1807103,0.00024181712,8.807554e+06,0.10152641,0.21424925,0.19038405,290.09473,292.38507
Libya,1995,12,287.56094,280.5545,4.262391,0.00026335282,7.3582125e+06,0.07326531,0.17778802,0.18883558,287.9201,289.75345
Libya,1996,1,287.1127,279.65048,4.565409,0.0003469294,8.153544e+06,0.08198811,0.17030814,0.18778345,287.41714,288.78598
Libya,1996,2,285.54404,278.32397,5.4598885,0.0013828278,1.0227237e+07,0.13064975,0.17674817,0.18617444,285.93594,287.28275
Libya,1996,3,288.63522,281.55557,4.022924,0.0011899428,1.3033357e+07,0.12777744,0.19247153,0.18486673,288.2623,287.72476
Libya,1996,4,291.6842,281.10358,4.6164274,0.0002708435,1.6139664e+07,0.058848187,0.17282632,0.18469574,292.5518,291.35663
Libya,1996,5,296.03204,285.07104,4.2550964,6.925409e-05,1.685949e+07,0.051013555,0.16102058,0.18681954,297.1101,295.4085
Libya,1996,6,297.53622,288.5174,4.199649,0.00033170526,1.79739e+07,0.05625754,0.16012712,0.19114041,298.69754,297.01407
Libya,1996,7,301.0115,288.3135,4.0530815,4.646995e-06,1.8675182e+07,0.043554176,0.15534143,0.1895341,302.4099,300.36975
Libya,1996,8,303.03653,290.7579,3.73172,5.1533094e-05,1.7028944e+07,0.04260744,0.15234298,0.18658705,304.6756,302.9663
Libya,1996,9,300.46875,290.3434,4.007757,0.00018896624,1.3680244e+07,0.04424918,0.1501774,0.1851387,302.93207,302.80774
Libya,1996,10,294.14603,284.41473,3.703449,0.00018695484,1.1348406e+07,0.049979664,0.15276654,0.18281193,296.3654,298.22244
Libya,1996,11,290.36258,281.51318,3.7945924,0.00036728597,8.681742e+06,0.056234967,0.15630773,0.18184684,291.7778,293.9434
Libya,1996,12,288.1653,276.99103,4.938427,0.0002730283,7.913258e+06,0.077308,0.16492619,0.18196785,288.08405,290.28818
Libya,1997,1,286.395,279.42203,4.1012735,0.00048030505,8.0736165e+06,0.09221037,0.16712499,0.18295631,286.83102,288.4928
Libya,1997,2,286.19107,279.72455,3.5240245,0.00032633002,1.0935017e+07,0.08304205,0.17096363,0.18360531,286.73517,287.47192
Libya,1997,3,286.4244,281.21707,3.8133185,0.00092714484,1.3503382e+07,0.113313444,0.17837115,0.18527536,287.54288,287.92496
Libya,1997,4,289.91843,281.41296,4.7000318,0.00047853644,1.5900774e+07,0.06842707,0.16935728,0.1844381,290.71982,289.83142
Libya,1997,5,295.96042,284.00534,4.530223,7.85134e-05,1.7789292e+07,0.04857647,0.15923345,0.18438919,296.4404,294.18954
Libya,1997,6,302.69995,287.8116,4.2783895,8.642023e-05,1.8169446e+07,0.044400554,0.15257524,0.18520546,302.88892,299.91864
Libya,1997,7,302.58838,288.7919,3.934798,9.051236e-06,1.887083e+07,0.04166949,0.14834668,0.18428409,304.10028,302.2142
Libya,1997,8,301.60815,290.7057,3.3551612,0.00040640397,1.6594395e+07,0.04821915,0.14715809,0.18133089,304.05206,303.14517
Libya,1997,9,298.88174,291.1522,3.3701737,0.000742132,1.3725507e+07,0.061722886,0.16178595,0.176233,301.26895,301.47437
Libya,1997,10,295.12296,288.53622,3.2082489,0.00096671365,1.0017327e+07,0.090420194,0.1668308,0.17531355,296.77643,298.33472
Libya,1997,11,290.80203,280.7722,4.4812236,0.00012182756,9.033607e+06,0.058047827,0.16505854,0.17727907,292.01004,294.23224
Libya,1997,12,286.3729,278.32062,4.598347,0.00065626664,7.556664e+06,0.09733707,0.16904831,0.17935082,287.0355,289.66376
Libya,1998,1,285.01566,279.1984,4.052799,0.00077091565,8.147931e+06,0.11939337,0.18257026,0.18151334,285.37534,287.18192
Libya,1998,2,286.39066,281.20306,3.4490452,0.00093206926,1.0000365e+07,0.09976435,0.17802808,0.18165395,286.94714,287.56613
Libya,1998,3,286.734,280.56366,4.6739774,0.0008902116,1.328009e+07,0.13079476,0.19006272,0.18462002,287.0887,287.46725
Libya,1998,4,293.63364,282.3969,4.498622,0.0001350056,1.6323575e+07,0.057811,0.1754409,0.18541132,293.90024,292.0315
Libya,1998,5,295.56308,285.6483,4.6751957,0.00036135587,1.6806902e+07,0.05653557,0.16261919,0.1870503,296.36038,294.55618
Libya,1998,6,300.02158,286.10648,4.453609,7.733432e-05,1.8429812e+07,0.046800666,0.15794934,0.18599872,300.7743,298.37567
Libya,1998,7,301.02472,289.04688,3.5453727,3.0517579e-06,1.9116758e+07,0.042164024,0.15544693,0.1836528,303.29453,301.51477
Libya,1998,8,301.6658,291.65387,3.2889946,3.1349875e-05,1.6826228e+07,0.040079344,0.15337364,0.18197417,303.8591,302.5655
Libya,1998,9,300.80466,291.31598,3.7489338,0.0003182151,1.4217752e+07,0.04860324,0.1501644,0.17963307,302.8313,302.60245
Libya,1998,10,296.1159,287.45673,3.9574783,0.00029276067,1.0833026e+07,0.048539296,0.15026441,0.17468688,298.31958,299.7161
Libya,1998,11,289.37558,280.90234,3.992357,0.00068903837,8.761232e+06,0.080290705,0.16051707,0.17325023,291.18323,294.15994
Libya,1998,12,285.0326,279.53104,4.110184,0.00073578575,6.7616025e+06,0.11957852,0.1783689,0.1764059,285.7941,288.49915
Libya,1999,1,285.55594,280.1775,4.536535,0.00078659056,7.9737205e+06,0.13192932,0.18579823,0.17865624,285.64764,287.18536
Libya,1999,2,284.45123,278.63904,4.197858,0.0019944625,1.0287188e+07,0.19567269,0.2472609,0.19332597,284.21436,285.3525
Libya,1999,3,289.1712,280.52975,4.6980715,0.0007590554,1.3616862e+07,0.08959828,0.19058181,0.19609046,289.23508,288.80276
Libya,1999,4,292.71912,281.41476,4.038741,0.00010840676,1.6756708e+07,0.059301596,0.17521828,0.19625698,292.78296,291.01236
Libya,1999,5,298.59445,283.68298,3.8854237,1.595237e-06,1.7855646e+07,0.043412775,0.15904109,0.1922815,299.25027,296.87003
Libya,1999,6,302.4091,287.5055,3.9979644,3.92567e-05,1.8979598e+07,0.042415105,0.15370476,0.18927953,303.48584,300.77814
Libya,1999,7,301.22522,289.48233,3.6470153,2.7743252e-07,1.8899148e+07,0.04001131,0.15329196,0.18916585,303.8661,302.2797
Libya,1999,8,304.33472,290.29153,3.368145,1.3316761e-05,1.7270234e+07,0.037792787,0.15066613,0.18575846,306.32166,304.62637
Libya,1999,9,301.2025,291.31833,3.7337346,0.00015130476,1.4295595e+07,0.041465603,0.15368728,0.18636225,303.96002,303.9054
Libya,1999,10,298.11465,288.18234,3.3791883,0.00019541653,1.1265583e+07,0.043804027,0.15465942,0.18714865,300.0861,301.1059
Libya,1999,11,291.42157,282.946,4.072784,0.0006192988,8.0541325e+06,0.069643624,0.15918125,0.18695849,293.6044,296.46155
Libya,1999,12,285.84442,278.59833,4.8842597,0.0007811806,7.214229e+06,0.13223456,0.19068356,0.18681571,286.57532,289.7291
Libya,2000,1,283.3183,277.80783,3.3338058,0.0005485708,8.39707e+06,0.10619972,0.18019402,0.14301209,284.20157,286.71143
Libya,2000,2,284.67288,279.0895,3.9951518,0.0010840156,1.036207e+07,0.1294285,0.18311843,0.14828098,285.11102,286.44595
Libya,2000,3,289.3359,280.0335,3.7187579,7.965782e-05,1.4352084e+07,0.062350586,0.17153408,0.14939852,289.54944,288.57907
Libya,2000,4,293.62982,281.79297,4.69472,3.4748424e-05,1.7213588e+07,0.046831958,0.15798356,0.15032595,294.8672,293.269
Libya,2000,5,297.4951,286.22403,4.1369143,0.00015147816,1.6289299e+07,0.04781056,0.15074849,0.15113156,298.61792,296.6058
Libya,2000,6,298.19638,287.7203,4.00627,1.10973015e-05,1.8888044e+07,0.04344565,0.14898007,0.15053715,300.27295,298.46484
Libya,2000,7,301.23914,288.6429,3.997855,8.322976e-07,1.9170192e+07,0.040263392,0.14514776,0.14952692,303.2315,301.43622
Libya,2000,8,301.08157,289.24484,3.3066986,1.373291e-05,1.7307042e+07,0.03924013,0.15094085,0.1506839,303.0807,301.9282
Libya,2000,9,299.85727,288.42715,3.7214558,2.9199773e-05,1.49125e+07,0.03869681,0.15085292,0.15018477,302.21265,302.1571
Libya,2000,10,295.4106,286.47165,3.697772,0.0012341586,9.865765e+06,0.10037524,0.16949794,0.14589457,296.846,298.47418
Libya,2000,11,291.6748,282.1362,3.5943174,3.117648e-05,9.097095e+06,0.0481455,0.17184003,0.14570688,292.73032,294.6997
Libya,2000,12,288.27948,280.16684,4.3619933,0.000108892265,7.857664e+06,0.053947296,0.16364586,0.14669776,288.82657,290.92926
Libya,2001,1,286.55627,276.78427,4.602467,0.00026553762,8.881804e+06,0.058406893,0.15900753,0.14652744,286.9407,288.73553
Libya,2001,2,286.1944,277.5095,4.7742624,0.0011946592,1.079081e+07,0.11606768,0.18290566,0.14863674,286.225,287.3687
Libya,2001,3,292.32678,280.35474,4.0569706,0.00024525035,1.4232066e+07,0.06167681,0.1719991,0.1509145,292.288,291.0096
Libya,2001,4,291.2313,281.56558,4.3106575,0.00035584188,1.6063386e+07,0.06157109,0.16039385,0.15492176,292.68228,292.20178
Libya,2001,5,296.7242,284.38104,4.758683,0.00013132962,1.728404e+07,0.050749708,0.15242384,0.1558306,297.32178,295.51035
Libya,2001,6,298.8501,285.89047,3.8199017,7.386641e-06,1.9504706e+07,0.041963603,0.1485878,0.15622987,300.83206,298.8165
Libya,2001,7,302.65134,288.70856,3.8146448,4.612316e-06,1.9003662e+07,0.03919744,0.14484379,0.15386668,304.43027,302.22745
Libya,2001,8,300.86917,291.28943,3.2271335,5.0041894e-05,1.7001546e+07,0.038576383,0.14975335,0.1542892,303.53537,302.65195
Libya,2001,9,301.15866,291.29678,3.988006,9.966764e-05,1.4114321e+07,0.042265516,0.15465082,0.15808693,303.20557,302.69516
Libya,2001,10,297.66107,289.0063,2.8822744,0.000118255615,1.147702e+07,0.045705356,0.1560256,0.16568586,299.99545,300.97177
Libya,2001,11,291.75006,283.6728,4.474889,0.0007936651,8.452124e+06,0.07493175,0.1597031,0.16423883,293.34885,295.7725
Libya,2001,12,285.8015,280.4091,4.594246,0.00064471853,6.947114e+06,0.12125078,0.17763957,0.16623387,286.90518,290.0261
Libya,2002,1,284.1217,278.52747,3.3922622,0.0002648787,8.072769e+06,0.08319004,0.1733603,0.16680983,284.8721,286.88483
Libya,2002,2,286.6641,279.94925,3.93491,0.0009448658,1.0390156e+07,0.116765834,0.18089154,0.16833782,286.64926,287.44882
Libya,2002,3,290.09442,280.09967,4.675231,0.00029626326,1.3313961e+07,0.06295947,0.16931269,0.16837092,290.5122,289.99863
Libya,2002,4,292.82462,282.054,4.4264026,0.0005251798,1.6343505e+07,0.06515101,0.16005887,0.16945852,293.34143,292.17715
Libya,2002,5,296.49094,284.5189,4.427166,8.999218e-05,1.7405096e+07,0.046725087,0.15497163,0.1699141,297.55185,295.58722
Libya,2002,6,299.05362,286.22894,3.7651558,4.0227715e-06,1.9284778e+07,0.041921984,0.15081005,0.16920172,300.54517,298.38376
Libya,2002,7,303.0401,289.38153,4.06035,2.4101952e-05,1.8609366e+07,0.040232792,0.14586891,0.1674171,305.08047,302.94568
Libya,2002,8,302.70993,289.78937,4.0918922,5.4827604e-05,1.6998828e+07,0.03820997,0.14416878,0.16713081,305.06686,303.65872
Libya,2002,9,299.97443,289.5773,3.5830247,0.0012586421,1.3728931e+07,0.06143214,0.15175685,0.16379197,302.68503,302.909
Libya,2002,10,295.43195,286.75684,3.3797042,0.00057112955,1.1327414e+07,0.07814912,0.17514734,0.16707772,296.6994,298.2314
Libya,2002,11,290.96063,282.3712,4.959517,0.0011125738,8.16748e+06,0.102805346,0.17880426,0.16860154,291.7992,294.1425
Libya,2002,12,286.8949,279.2065,4.530267,0.00024341236,7.8189755e+06,0.07399676,0.17220306,0.16915296,287.65298,290.10556
Libya,2003,1,286.50046,277.37494,5.399135,0.0011499579,8.537861e+06,0.08621778,0.16938768,0.16856416,287.1907,288.89694
Libya,2003,2,284.3123,277.6356,4.722087,0.00090006046,1.0331359e+07,0.12114235,0.19810906,0.17030211,284.67816,286.05713
Libya,2003,3,286.55072,280.71008,3.9195368,0.00092877477,1.300028e+07,0.12690535,0.19862682,0.17335024,287.07693,287.21796
Libya,2003,4,292.05228,282.29147,4.7196345,0.00040647332,1.6292399e+07,0.06707082,0.17206508,0.17508772,292.54227,290.8691
Libya,2003,5,295.8071,283.77777,4.823874,8.621216e-05,1.745759e+07,0.04642882,0.15648556,0.17424111,297.13516,295.40744
Libya,2003,6,299.8488,288.00967,3.6632352,4.459728e-05,1.8746462e+07,0.042076316,0.15390235,0.17358038,301.21902,298.54007
Libya,2003,7,303.43042,289.8516,3.5015645,5.652688e-06,1.8996476e+07,0.03928747,0.1515269,0.17344086,305.39252,302.99814
Libya,2003,8,302.29462,290.86273,3.1728923,5.1533094e-05,1.7031904e+07,0.036344603,0.15362915,0.17282335,304.59943,303.3714
Libya,2003,9,300.24457,291.22357,3.5692189,0.0005493164,1.406843e+07,0.054055665,0.15639754,0.17210665,302.83783,303.05658
Libya,2003,10,299.45447,287.8691,3.4166348,9.026961e-05,1.0993934e+07,0.041788474,0.1537468,0.17200778,300.8951,301.16293
Libya,2003,11,292.2371,283.211,3.9543962,0.00030888643,8.38454e+06,0.05263989,0.15662922,0.17259835,294.17212,296.7217
Libya,2003,12,286.19995,278.6179,4.92558,0.00084925565,7.060396e+06,0.102365516,0.16623278,0.17202759,287.64145,291.00278
Libya,2004,1,285.09305,278.17044,4.8593154,0.0008839867,8.562437e+06,0.10697582,0.17081623,0.17126787,285.44644,287.34637
Libya,2004,2,287.6514,278.6752,3.7453341,0.00011111173,1.0643884e+07,0.067951106,0.1727462,0.16972968,287.6076,287.70633
Libya,2004,3,289.58902,281.4296,4.3189325,0.0016611966,1.3193386e+07,0.1080763,0.1998782,0.17504975,289.90286,289.63004
Libya,2004,4,292.54987,282.0985,4.4379635,0.00040300543,1.5448986e+07,0.075462446,0.17486212,0.17854711,293.29428,292.53122
Libya,2004,5,294.788,282.9807,4.971995,4.490939e-05,1.7789486e+07,0.045098893,0.16001022,0.17839275,296.51773,295.08923
Libya,2004,6,299.52652,285.88492,4.2383723,1.1617487e-05,1.9124038e+07,0.040398456,0.15354885,0.17940976,300.85263,298.409
Libya,2004,7,300.5586,289.05756,3.5170662,1.2137673e-05,1.904316e+07,0.03946307,0.1508409,0.17953248,303.12213,301.5028
Libya,2004,8,302.53473,290.76254,3.342672,3.4748424e-05,1.7089304e+07,0.037429515,0.15014923,0.17883058,304.8017,303.34143
Libya,2004,9,297.8548,288.99384,3.4542108,0.00047704522,1.3970647e+07,0.04944814,0.15478396,0.18079562,300.9767,301.62088
Libya,2004,10,297.94427,285.79755,3.0503533,1.1062622e-05,1.1571442e+07,0.048228506,0.16075456,0.1742763,298.67383,299.03662
Libya,2004,11,290.07578,282.41525,4.1933713,0.00043314154,8.292687e+06,0.06246285,0.15634318,0.17301103,292.4679,295.312
Libya,2004,12,287.14212,278.11182,4.741045,0.0003977342,7.385302e+06,0.05893924,0.1569288,0.17294437,288.56415,290.9811
Libya,2005,1,283.75464,277.56555,4.8897066,0.00078763097,7.91929e+06,0.11359513,0.16986932,0.17388894,284.58954,286.95346
Libya,2005,2,284.9254,274.8698,4.993736,0.0003606276,1.1130005e+07,0.07382991,0.16921997,0.17405015,285.01944,285.77914
Libya,2005,3,289.6102,279.65887,4.306208,0.00038660222,1.3535761e+07,0.05945009,0.15972729,0.17470086,290.3358,289.37952
Libya,2005,4,292.1105,280.25702,4.880805,0.0001529,1.6500131e+07,0.053138822,0.15449971,0.17663856,293.0645,291.885
Libya,2005,5,296.61172,283.07556,3.9992573,1.4391812e-05,1.8065474e+07,0.04236267,0.14933544,0.17696033,297.74893,295.83127
Libya,2005,6,299.02304,286.84714,3.6437812,0.00011194403,1.809732e+07,0.041745164,0.15098359,0.1772912,300.68692,298.6623
Libya,2005,7,302.76123,288.54724,3.6697316,2.3928555e-06,1.9124634e+07,0.040316474,0.15203466,0.17912306,304.37558,302.06903
Libya,2005,8,302.22025,290.66406,3.9457705,7.12308e-05,1.6796086e+07,0.039746754,0.14934582,0.17829566,304.81888,303.7461
Libya,2005,9,300.25632,289.75406,3.9978614,0.00022184198,1.3743822e+07,0.042348072,0.15031454,0.17860946,302.71494,302.69785
Libya,2005,10,296.67944,288.8034,3.3775198,0.0004987543,1.0852743e+07,0.05629765,0.15393996,0.18024041,298.64444,299.6767
Libya,2005,11,291.35147,282.97922,3.5130117,0.0006976735,8.469336e+06,0.0801286,0.15839323,0.1769061,293.37918,295.93665
Libya,2005,12,285.3248,280.66077,4.036696,0.0016176223,6.2939135e+06,0.17599186,0.20110787,0.17385468,286.13663,289.1947
Libya,2006,1,283.66104,278.8647,4.31112,0.002194318,7.8610525e+06,0.19483216,0.2192057,0.17684498,283.91415,286.0286
Libya,2006,2,285.14966,279.3235,4.522956,0.0014013811,1.0250389e+07,0.22926097,0.26830697,0.20678523,284.8347,285.82407
Libya,2006,3,289.56674,278.7938,4.5411468,4.945235e-05,1.4611462e+07,0.060653336,0.19245265,0.2071668,289.6312,288.61493
Libya,2006,4,293.50302,281.19635,4.644843,0.00021726434,1.6235762e+07,0.05145931,0.16663666,0.2028338,294.492,292.98846
Libya,2006,5,296.94772,284.8811,4.029374,0.0003334392,1.7128206e+07,0.056240976,0.16371557,0.20186757,297.61163,295.45688
Libya,2006,6,299.74713,284.45508,3.9430583,5.618009e-06,1.9234602e+07,0.042047087,0.15927689,0.20156847,301.07727,298.85712
Libya,2006,7,301.09314,290.40707,3.3311648,0.00013580322,1.8614598e+07,0.04469979,0.15929024,0.19919781,303.76266,302.2528
Libya,2006,8,303.20667,290.2501,3.892704,7.494146e-05,1.6961732e+07,0.03853799,0.15835512,0.19733243,305.1436,303.73047
Libya,2006,9,299.40634,289.81784,3.5594547,0.000121168654,1.4268091e+07,0.037111394,0.15917917,0.19339748,302.353,302.50998
Libya,2006,10,296.52243,287.02856,3.5849442,0.0006196802,1.0843732e+07,0.059371497,0.15609278,0.19089583,298.19775,299.40384
Libya,2006,11,290.58945,283.44388,3.140058,0.00070291,8.37255e+06,0.07684211,0.16183476,0.18766607,292.15897,294.7199
Libya,2006,12,287.12524,281.10986,3.446489,0.00053183816,7.046563e+06,0.08051553,0.16238476,0.18583456,288.31406,290.85883
Libya,2007,1,287.0626,280.1121,3.7895207,0.00026231245,8.2550785e+06,0.07645552,0.1646934,0.18370987,287.252,288.53757
Libya,2007,2,287.55246,280.40225,4.575144,0.0005153483,1.0298014e+07,0.070368655,0.16277103,0.1852573,288.46042,289.2412
Libya,2007,3,288.85516,278.67126,4.600214,0.0008262981,1.3927009e+07,0.09400695,0.17409872,0.1842177,289.26624,289.2866
Libya,2007,4,292.59793,283.15305,5.042345,0.00053523673,1.5421217e+07,0.06331565,0.16307905,0.18305686,293.50766,292.42178
Libya,2007,5,295.89255,283.96133,4.33835,0.00023630315,1.7509348e+07,0.043519292,0.1550347,0.17963539,296.85583,294.92682
Libya,2007,6,301.94113,285.9703,4.193058,6.1139195e-05,1.8944148e+07,0.041096106,0.15077813,0.18008314,302.4859,299.70654
Libya,2007,7,300.4633,289.5437,3.7073433,7.2479247e-06,1.8971034e+07,0.03662361,0.15116373,0.18174578,303.08313,301.92267
Libya,2007,8,302.552,289.47382,3.691757,3.9187344e-06,1.7380688e+07,0.031864647,0.15061806,0.17863949,304.49298,303.0721
Libya,2007,9,300.33563,289.18646,3.6466525,4.8828126e-05,1.4727803e+07,0.033843063,0.14907539,0.17534068,303.03363,302.90475
Libya,2007,10,296.02133,286.03577,4.2189975,0.00083801965,1.0805872e+07,0.07535856,0.15679654,0.17531839,297.68515,299.35693
Libya,2007,11,290.70157,279.49664,3.8793554,0.00029612455,8.584564e+06,0.062063925,0.16011815,0.17439714,292.068,294.4168
Libya,2007,12,285.85583,278.91916,4.0716524,0.00091873517,6.9167385e+06,0.077966705,0.15945213,0.17568178,287.36957,290.18036
Libya,2008,1,285.04575,281.1686,3.9931045,0.0026167436,7.43033e+06,0.26381153,0.25290248,0.1862149,285.16956,287.12714
Libya,2008,2,285.0866,279.4606,3.515283,0.000703014,1.0720293e+07,0.17890891,0.24357711,0.20551421,284.96222,285.93042
Libya,2008,3,289.89993,278.41574,4.3254385,6.831776e-05,1.4210277e+07,0.059995577,0.18736583,0.2046773,289.8787,289.1189
Libya,2008,4,293.78632,279.82837,4.710094,0.00018471804,1.728647e+07,0.04911286,0.16318408,0.19947897,294.12747,292.52884
Libya,2008,5,297.85806,284.428,5.067937,5.094355e-05,1.793389e+07,0.04448496,0.1585282,0.1977169,298.62833,296.31644
Libya,2008,6,299.0036,287.60486,4.5601497,2.2714788e-05,1.8939308e+07,0.042103253,0.15479586,0.19593203,300.77725,299.01083
Libya,2008,7,302.91486,289.74435,3.616976,4.3695622e-06,1.8924572e+07,0.035797462,0.15136975,0.192014,304.7445,302.67273
Libya,2008,8,301.77368,291.25958,3.1871817,4.6816738e-05,1.7100912e+07,0.03176143,0.15322325,0.18678595,304.41138,303.3227
Libya,2008,9,300.83188,289.41397,3.6010356,0.00021937977,1.3904154e+07,0.035251345,0.15125847,0.17961438,303.41907,303.30707
Libya,2008,10,296.89902,287.16824,3.7883408,0.00019846829,1.0202875e+07,0.04283453,0.1481646,0.17613381,298.60367,299.63116
Libya,2008,11,290.89804,281.29956,3.7465274,0.0005675576,8.3785355e+06,0.0692832,0.14890353,0.17365561,292.8349,295.6228
Libya,2008,12,285.2108,278.7719,4.2305384,0.0014316213,7.3311045e+06,0.13880019,0.18459773,0.17388046,286.0063,289.2107
Libya,2009,1,286.24164,279.6789,4.903901,0.00061539735,8.258467e+06,0.1049826,0.17533182,0.17374793,286.39075,287.87778
Libya,2009,2,285.895,275.29514,5.13646,0.00020849054,1.0750017e+07,0.051552135,0.16301946,0.17398198,286.86182,287.9264
Libya,2009,3,289.07144,277.60056,4.842145,0.00022981816,1.336995e+07,0.056761533,0.16021515,0.17625837,289.04962,288.4149
Libya,2009,4,291.94855,280.12482,4.639254,9.411899e-05,1.6977036e+07,0.04613495,0.15394233,0.17823558,293.377,292.1235
Libya,2009,5,295.28683,284.0172,4.2272325,0.0004648729,1.7303514e+07,0.056975886,0.15052982,0.1758668,296.07397,294.41257
Libya,2009,6,300.24683,286.45587,3.7875702,3.1766023e-05,1.8520958e+07,0.03910636,0.15194023,0.17677675,301.6311,299.21823
Libya,2009,7,302.22287,289.34232,3.4324963,3.3638694e-06,1.907576e+07,0.033491258,0.15013005,0.17635879,304.27386,302.29147
Libya,2009,8,302.6954,290.4415,3.408241,3.447099e-05,1.689855e+07,0.03278656,0.15190986,0.17602758,304.87527,303.45273
Libya,2009,9,300.06204,291.17633,4.0489573,0.0009167411,1.3595713e+07,0.06327774,0.15626408,0.17486012,301.97455,302.2866
Libya,2009,10,294.92062,287.2004,3.631522,0.00080268166,1.0846003e+07,0.06879189,0.15875566,0.17257461,297.27686,298.93927
Libya,2009,11,290.28812,281.45486,3.611892,9.1552734e-05,9.04879e+06,0.062153023,0.16552632,0.17301027,291.41843,293.77112
Libya,2009,12,289.19528,277.52005,5.2943563,0.0001061873,7.7606355e+06,0.048103407,0.15899397,0.17436437,289.23474,290.87137
Libya,2010,1,287.0128,276.88876,4.9008355,0.00068442605,8.615117e+06,0.08843434,0.14868164,0.13214485,287.876,290.23856
Libya,2010,2,290.27707,277.3305,4.6709704,5.427274e-05,1.1252168e+07,0.048836317,0.15381233,0.13339645,289.8504,289.77606
Libya,2010,3,291.46497,279.26608,4.3191133,0.00020165877,1.3918798e+07,0.04764413,0.14653909,0.13315034,292.7735,292.3832
Libya,2010,4,293.35303,283.89926,4.144458,0.00023970171,1.5928702e+07,0.048950303,0.14835598,0.13427678,295.47,294.5676
Libya,2010,5,296.44156,283.15323,4.800068,0.00026782643,1.7186788e+07,0.047095813,0.14433734,0.13389395,297.95447,296.63785
Libya,2010,6,300.7419,286.8924,4.0548487,5.756725e-05,1.8297204e+07,0.041263916,0.14142412,0.13428617,302.31287,300.07776
Libya,2010,7,301.72772,289.53882,3.2662737,7.976185e-07,1.8990228e+07,0.0360561,0.14161494,0.13722172,304.24066,302.35056
Libya,2010,8,302.0783,290.42902,3.2908328,2.0113857e-06,1.7368194e+07,0.030871877,0.14310785,0.13420886,304.74454,303.55908
Libya,2010,9,299.28012,290.10574,3.5888174,0.00032331294,1.3650991e+07,0.042918637,0.14659841,0.13185443,302.0983,302.38647
Libya,2010,10,295.98453,285.51135,4.189096,0.00031779896,1.0947901e+07,0.045301404,0.14460787,0.13070916,298.02542,299.67102
Libya,2010,11,292.28696,280.17722,4.282719,0.00018411117,9.009794e+06,0.04257851,0.14274278,0.13017625,293.20316,295.16943
Libya,2010,12,288.45493,276.60056,4.30208,0.00047388943,7.424996e+06,0.055522814,0.14335321,0.12997667,289.61404,292.28195
Libya,2011,1,286.47806,279.13867,3.3925765,0.00038715708,8.57816e+06,0.075921305,0.15128563,0.13067062,286.80743,288.6039
Libya,2011,2,285.58405,278.61594,5.258165,0.0014281706,9.882205e+06,0.13005038,0.16083112,0.13045777,286.37958,288.1259
Libya,2011,3,288.58105,279.87296,4.1729054,0.00042280718,1.3269234e+07,0.06058602,0.15849534,0.13173291,289.49805,289.02686
Libya,2011,4,292.34613,281.08987,4.5946627,0.00018341758,1.6497329e+07,0.051965952,0.14976299,0.1304977,293.29343,292.04404
Libya,2011,5,294.9212,282.9529,4.381195,0.00012564225,1.7182952e+07,0.036799695,0.13953587,0.12597919,297.03705,295.44907
Libya,2011,6,298.5144,286.96555,4.0600038,2.4691495e-05,1.868072e+07,0.03267458,0.13609247,0.123533726,300.86597,298.609
Libya,2011,7,302.94122,287.1726,4.1495233,2.3581765e-06,1.8949874e+07,0.025361286,0.13203745,0.11836947,305.01132,302.31107
Libya,2011,8,301.11075,289.13403,3.3054316,1.2519143e-05,1.7259724e+07,0.02406229,0.13062067,0.11697724,304.23352,303.1678
Libya,2011,9,300.3116,288.5803,3.7381303,0.00012245178,1.4548823e+07,0.02603175,0.12999988,0.115074806,303.30692,302.9939
Libya,2011,10,293.42087,287.3993,3.5946412,0.0015120766,9.983581e+06,0.116330415,0.15815088,0.11588866,295.13123,297.40665
Libya,2011,11,290.6347,282.50275,3.7740226,0.00031578756,8.549367e+06,0.056360174,0.1542648,0.11697806,292.34402,294.41647
Libya,2011,12,286.02838,278.94797,4.1391754,0.00040428856,7.113337e+06,0.054010294,0.14594616,0.117960475,287.7548,290.5488
Libya,2012,1,283.88538,277.63458,4.9047318,0.0007140073,7.8706595e+06,0.09236699,0.15434335,0.12019746,284.93777,287.14493
Libya,2012,2,283.05695,274.78162,4.794151,0.0005875674,1.0742002e+07,0.08710113,0.15263565,0.12241321,284.22888,285.7863
Libya,2012,3,287.10486,280.2035,4.2025833,0.0012383201,1.2992248e+07,0.098594405,0.17103069,0.1277605,287.82053,287.4681
Libya,2012,4,293.89688,278.83078,4.929846,0.00011161457,1.7060342e+07,0.050376717,0.15516979,0.13041304,294.27936,292.23676
Libya,2012,5,295.88364,283.1823,4.1491365,1.6021728e-05,1.7944836e+07,0.037822064,0.14195034,0.13097724,297.8359,295.69873
Libya,2012,6,300.59805,286.72253,3.7348225,3.3291903e-06,1.9309186e+07,0.037722137,0.13982588,0.13381466,302.44775,299.77524
Libya,2012,7,302.74573,289.09308,3.4930236,1.3940985e-05,1.8921314e+07,0.03250443,0.14266351,0.13590726,305.02045,302.7906
Libya,2012,8,302.38962,290.14508,3.3847265,8.600408e-06,1.734603e+07,0.030681508,0.14841168,0.13570592,304.94354,303.67056
Libya,2012,9,301.1063,287.8333,3.713443,7.854809e-05,1.4461302e+07,0.03205768,0.14773047,0.13432413,303.3494,302.9598
Libya,2012,10,298.28726,288.31888,3.513252,0.00015792847,1.0853469e+07,0.037387453,0.14683151,0.1338081,300.60394,301.49557
Libya,2012,11,293.39896,283.80927,3.8149056,0.00025773482,8.446771e+06,0.04846761,0.14871383,0.13532335,295.44754,297.54816
Libya,2012,12,286.5132,277.5557,4.357287,0.00015350689,7.585457e+06,0.04027635,0.14912988,0.13585258,288.3878,291.46548
Libya,2013,1,285.65842,276.10132,5.192333,0.00039332997,8.517185e+06,0.055171963,0.14910574,0.13668211,286.85056,288.98126
Libya,2013,2,285.70978,274.3111,5.1645894,0.00041209135,1.139901e+07,0.06592644,0.14911981,0.136208,286.55768,287.8047
Libya,2013,3,291.82092,276.25558,5.1415787,3.3673372e-05,1.4536257e+07,0.040059555,0.14605445,0.13812931,292.2216,291.1063
Libya,2013,4,294.90933,279.57,4.881659,0.00028332797,1.6930128e+07,0.046972513,0.14093259,0.13975078,296.04514,294.48785
Libya,2013,5,297.45825,283.14462,4.715159,7.199374e-05,1.6861612e+07,0.04210096,0.13780987,0.14179137,299.39212,297.68045
Libya,2013,6,298.466,285.4535,4.398866,4.542958e-06,1.932772e+07,0.038213383,0.13679628,0.14528173,300.99738,299.36346
Libya,2013,7,301.3546,288.8475,3.6490161,3.2598323e-06,1.8879906e+07,0.035792038,0.13784866,0.14671616,303.9914,301.99982
Libya,2013,8,301.32855,290.92773,3.381331,8.1183694e-05,1.6470416e+07,0.03309868,0.14487623,0.14744277,303.9731,302.9089
Libya,2013,9,301.04562,290.04776,3.6927106,0.00020755421,1.3827255e+07,0.040610306,0.14622381,0.14762357,303.4026,303.16473
Libya,2013,10,298.479,285.40607,3.4803948,1.4253096e-05,1.1834284e+07,0.034287903,0.14359906,0.1451618,300.68723,301.48547
Libya,2013,11,290.7861,281.66885,4.060427,0.0011050485,8.2868595e+06,0.05259495,0.14587384,0.1436658,293.4205,296.27
Libya,2013,12,285.7127,281.12476,3.7557316,0.0004765597,6.9474675e+06,0.14462185,0.18693323,0.14555733,286.7183,289.82324
Libya,2014,1,286.57208,278.0619,4.36287,0.0002266277,8.431095e+06,0.070445254,0.16821831,0.14620271,286.73767,288.34158
Libya,2014,2,287.62674,278.98083,4.538597,0.0014548561,1.0659542e+07,0.11058185,0.17444208,0.14683005,287.86578,288.62134
Libya,2014,3,287.68097,280.05792,4.6590114,0.00095558167,1.3474318e+07,0.1197658,0.17772853,0.1474412,288.28357,288.5332
Libya,2014,4,292.62354,280.75146,4.090581,6.5543434e-05,1.6934894e+07,0.04871684,0.15862451,0.15020064,293.7997,292.31503
Libya,2014,5,296.00494,284.1505,4.2259192,6.5439395e-05,1.7449704e+07,0.040712275,0.14973356,0.15204294,297.7493,295.81845
Libya,2014,6,300.0169,285.89096,4.399364,7.185502e-05,1.8967674e+07,0.04202989,0.14417465,0.15375897,301.52982,299.19006
Libya,2014,7,302.33554,288.34793,3.9097922,1.22417105e-05,1.8884124e+07,0.037262574,0.13922031,0.15220268,304.82645,302.6049
Libya,2014,8,302.9751,288.97113,3.642228,9.779496e-06,1.7411836e+07,0.03263622,0.13510872,0.14764301,305.60977,304.11322
Libya,2014,9,302.1554,288.40167,3.6093755,5.635348e-05,1.463479e+07,0.031028226,0.13577478,0.14317876,304.80283,304.2852
Libya,2014,10,296.7243,285.11612,3.301515,0.00018428455,1.1456661e+07,0.037932124,0.13745795,0.14125498,299.40707,300.91888
Libya,2014,11,293.06137,280.72833,4.2915335,0.00027373922,9.07776e+06,0.044062633,0.145373,0.14097087,294.2222,296.23795
Libya,2014,12,286.66965,279.3599,4.708536,0.00085959,7.2316555e+06,0.07312128,0.14960997,0.14045502,288.9482,292.24518
Libya,2015,1,284.8855,276.7502,5.286653,0.0004941767,8.575367e+06,0.101887524,0.11839282,0.07570124,285.52646,290.04785
Libya,2015,2,285.32913,276.12115,5.2299895,0.0008438804,9.818661e+06,0.07730472,0.11751916,0.07966525,286.79413,289.47296
Libya,2015,3,288.4388,279.32376,5.118936,0.00078281056,1.3425585e+07,0.08692884,0.12712039,0.0813889,288.9508,289.60544
Libya,2015,4,292.31567,279.7566,4.2797422,2.1015514e-05,1.7446558e+07,0.04389104,0.13093568,0.08335324,294.15686,292.47928
Libya,2015,5,296.48343,282.78653,4.4094186,2.000982e-05,1.8301216e+07,0.036685023,0.13125114,0.08531328,298.82922,296.7123
Libya,2015,6,298.78256,286.2493,4.208755,2.4587458e-05,1.887919e+07,0.036577377,0.13831656,0.085780345,301.42337,298.825
Libya,2015,7,300.9399,290.2444,3.448923,2.60093e-06,1.8986738e+07,0.03697844,0.14479432,0.09080209,303.81778,301.42908
Libya,2015,8,302.60675,292.05017,3.5763094,0.00015133944,1.6616532e+07,0.038163036,0.14524695,0.09578402,305.37546,303.49704
Libya,2015,9,300.4396,289.79376,3.7564938,0.00063369056,1.3806512e+07,0.055714358,0.14404353,0.0954114,302.91513,303.04257
Libya,2015,10,297.54468,288.67368,3.771922,0.00030254017,1.0506519e+07,0.05196377,0.14600861,0.0935545,299.2924,300.2341
Libya,2015,11,290.5335,284.93552,3.6094925,0.00071147573,7.9880845e+06,0.09022375,0.15543999,0.09745577,292.3652,295.51956
Libya,2015,12,286.39212,281.1922,2.931669,0.00030770735,7.03852e+06,0.0664765,0.15747109,0.10001574,287.803,290.89777
Libya,2016,1,286.86322,277.23782,4.343365,0.00028090042,8.575926e+06,0.05986189,0.1552153,0.10299525,287.40338,289.4037
Libya,2016,2,288.45142,278.23145,4.2838755,0.00022746,1.0850313e+07,0.057383567,0.15568964,0.10522983,288.81073,289.35486
Libya,2016,3,289.78555,276.5712,4.6414557,9.6823955e-05,1.448957e+07,0.04348435,0.15511501,0.107269585,290.7849,290.50687
Libya,2016,4,295.15955,281.8108,5.012094,2.3443048e-05,1.7300294e+07,0.043821707,0.15077022,0.10955033,296.69427,294.6675
Libya,2016,5,297.36932,283.44565,4.675354,9.0755115e-05,1.7537844e+07,0.04218162,0.14734192,0.11325764,299.12137,297.01114
Libya,2016,6,300.22757,286.6332,4.326959,0.00015459927,1.8553102e+07,0.04288528,0.14302276,0.1130157,302.42517,300.32843
Libya,2016,7,301.08813,288.92096,3.7819912,1.1374734e-05,1.898888e+07,0.036214475,0.14506842,0.114220366,304.2339,302.34875
Libya,2016,8,300.26492,290.44925,3.4067817,8.472096e-05,1.6661588e+07,0.035641927,0.1493438,0.11515131,303.53583,302.54132
Libya,2016,9,299.82425,289.83316,3.771984,0.00022718257,1.3810604e+07,0.04088163,0.14921704,0.11412676,302.663,302.5017
Libya,2016,10,299.33658,288.04083,3.7603927,0.00017023954,1.1178105e+07,0.0436439,0.14994355,0.11630037,300.88077,301.2842
Libya,2016,11,292.20782,282.84445,4.03689,0.0002160159,8.564029e+06,0.048694044,0.15351021,0.122033454,294.16666,296.74817
Libya,2016,12,287.12927,280.8228,3.4967885,0.00069243694,6.8438295e+06,0.06917199,0.14834665,0.1226157,288.8345,292.06598
Libya,2017,1,283.60168,275.67667,4.5844283,0.0003392653,8.805925e+06,0.088769965,0.15861507,0.12506276,284.5543,287.5042
Libya,2017,2,287.80286,277.88245,4.4425955,7.695285e-05,1.1261217e+07,0.05233169,0.15747307,0.12884793,288.36124,288.7315
Libya,2017,3,288.7836,281.75543,4.687094,0.0013480966,1.3125117e+07,0.105075605,0.17330863,0.13380896,289.7058,290.01822
Libya,2017,4,291.2153,282.77686,4.488664,0.0008433602,1.5549812e+07,0.094132125,0.18838187,0.138243,291.86008,290.93307
Libya,2017,5,296.51672,285.1154,4.2917986,3.010143e-05,1.783888e+07,0.049980313,0.16755709,0.14471368,298.022,295.8235
Libya,2017,6,299.74808,286.84653,3.964316,4.1892312e-05,1.8591558e+07,0.043334085,0.15788978,0.14734493,301.30322,298.70984
Libya,2017,7,301.43427,287.833,3.8025107,1.9246881e-05,1.89828e+07,0.03172863,0.14731774,0.14132194,304.25653,302.13806
Libya,2017,8,301.88345,289.93353,3.23053,8.669767e-07,1.7445404e+07,0.031728607,0.14811787,0.13860162,304.8631,303.51373
Libya,2017,9,299.84836,288.92972,4.0399566,0.0002345692,1.4482566e+07,0.040202677,0.15126546,0.14203818,302.75983,302.6842
Libya,2017,10,293.77573,287.92773,3.4312813,0.0012157094,1.0262295e+07,0.10492557,0.17621288,0.14479266,295.44495,297.75943
Libya,2017,11,289.85382,281.37732,4.0365105,0.0007291621,8.744783e+06,0.0934586,0.1761357,0.14725377,290.86053,293.48724
Libya,2017,12,285.7786,279.44443,4.086644,0.0026411924,6.658802e+06,0.1604544,0.21677348,0.15776598,286.6654,289.42554
Libya,2018,1,286.31522,279.26993,4.6480293,0.00035598062,8.789057e+06,0.13361843,0.21892837,0.18366322,285.8337,287.3802
Libya,2018,2,286.43213,279.75296,4.3989534,0.0011447213,9.845779e+06,0.13413776,0.19514965,0.18323348,286.18454,287.01016
Libya,2018,3,292.01147,277.4504,5.2254477,0.00020432906,1.4747306e+07,0.050139956,0.16928422,0.1814822,291.7444,290.53943
Libya,2018,4,293.71555,282.12366,4.712043,0.00012980374,1.7058992e+07,0.04867162,0.15430145,0.17788777,294.95004,293.19836
Libya,2018,5,295.95142,286.45975,4.211401,7.053722e-05,1.7660918e+07,0.051306576,0.15866403,0.18431787,297.5192,295.76752
Libya,2018,6,299.1833,289.16425,3.970152,8.902116e-05,1.8386982e+07,0.047447693,0.15852228,0.18892223,301.0769,299.17984
Libya,2018,7,303.10083,289.65436,3.5011642,4.82039e-06,1.9111666e+07,0.039688963,0.15193444,0.18513554,304.93735,302.53516
Libya,2018,8,301.51428,293.0148,3.4073899,0.00017814637,1.6318483e+07,0.038147,0.15435094,0.18222558,304.6944,303.68655
Libya,2018,9,300.57053,289.0747,3.5072985,0.00029227516,1.4210352e+07,0.035775777,0.14451146,0.17193423,303.63858,303.61093
Libya,2018,10,295.6149,287.92557,3.5743186,0.0012551915,1.0487398e+07,0.07851303,0.14780053,0.16265887,297.6483,299.29462
Libya,2018,11,291.42844,284.11063,3.8836188,0.00052056747,8.278528e+06,0.08888643,0.16966881,0.16116542,292.8949,295.25522
Libya,2018,12,286.5589,280.31485,4.002638,0.00041826422,7.177514e+06,0.076275244,0.17266572,0.162668,288.07816,290.87634
Libya,2019,1,284.28986,276.55222,5.6616993,0.0008422678,8.461573e+06,0.10626708,0.1780811,0.16694899,285.12875,287.36914
Libya,2019,2,284.64966,278.7714,4.906025,0.0021846772,9.76438e+06,0.1795863,0.21484557,0.17199771,285.06677,286.48077
Libya,2019,3,287.7481,280.4229,4.0395417,0.0005264282,1.3519976e+07,0.11476418,0.20600529,0.1816336,287.75867,287.55948
Libya,2019,4,292.72968,280.8225,4.7564116,0.0004020691,1.6405076e+07,0.06062124,0.16949792,0.17852406,293.09875,291.14685
Libya,2019,5,295.02603,282.77228,4.4164753,0.00021067532,1.7127926e+07,0.037424993,0.14926781,0.16913459,297.0211,295.13275
Libya,2019,6,301.95645,286.28506,3.811208,0.00015577837,1.8645886e+07,0.045409963,0.15185006,0.17101996,302.58505,299.46722
Libya,2019,7,302.49564,290.19208,3.5268567,5.063144e-06,1.905219e+07,0.0403847,0.15420127,0.17799474,304.98465,302.86853
Libya,2019,8,302.32468,291.35773,3.6362412,5.5139717e-06,1.723472e+07,0.039421633,0.15902047,0.18168259,305.07565,303.90363
Libya,2019,9,300.299,292.13126,3.3817143,0.00017308322,1.4082527e+07,0.044731487,0.16349135,0.18590388,303.07678,303.02692
Libya,2019,10,296.16803,289.1565,3.3522272,0.0008945812,1.0722816e+07,0.07356491,0.16619532,0.18819226,298.39948,299.98285
Libya,2019,11,290.3142,282.09296,4.106842,0.00035955256,9.122704e+06,0.082225434,0.17622457,0.18889013,291.5466,294.4126
Libya,2019,12,288.38773,280.1995,4.985678,0.00061482517,7.4549995e+06,0.07063793,0.17050925,0.18938637,289.09454,291.3435
Libya,2020,1,285.38583,279.9676,3.9126525,0.0007047133,7.985785e+06,0.14381452,0.18816918,0.18999864,285.69885,287.69104
Libya,2020,2,286.8975,279.4699,3.4417999,0.00010632601,1.0750306e+07,0.06776125,0.17701444,0.19029666,287.35617,288.01642
Libya,2020,3,289.04932,281.35358,4.9455576,0.00064702466,1.3713187e+07,0.082178496,0.17293261,0.19229779,289.6269,289.40323
Libya,2020,4,293.25378,281.94223,4.467229,0.00031946355,1.6235418e+07,0.04763741,0.16285786,0.18797417,294.13687,292.30438
Libya,2020,5,298.3963,283.81802,4.4245887,3.7696143e-05,1.8016424e+07,0.039795272,0.15663606,0.1846106,299.8101,297.54706
Libya,2020,6,300.28662,286.6011,4.410923,3.4332275e-05,1.8869388e+07,0.037982233,0.15805979,0.1854244,302.17194,299.9073
Libya,2020,7,300.96542,290.32,3.5249321,3.3985484e-06,1.8862508e+07,0.033577483,0.15417068,0.18081851,303.84552,302.29318
Libya,2020,8,302.9336,290.1118,3.4957643,6.1035157e-06,1.725143e+07,0.03105856,0.15260983,0.17279099,305.40173,304.0163
Libya,2020,9,300.86508,291.76547,3.8933086,0.00059790176,1.3493774e+07,0.058181785,0.15743116,0.17443247,303.25577,303.3047
Libya,2020,10,296.15466,286.72418,3.7757971,0.00019857234,1.0701694e+07,0.050163675,0.15780926,0.17685097,298.77872,300.49698
Libya,2020,11,290.3466,285.43585,3.0358388,0.0009794409,8.242595e+06,0.11108235,0.17373943,0.17997846,292.08682,294.83795
Libya,2020,12,287.20087,280.19452,4.546773,0.00057158037,7.8372025e+06,0.11090842,0.18621743,0.18100962,287.5677,290.29434
Libya,2021,1,287.67032,278.32953,4.694101,8.808483e-05,8.826489e+06,0.06663253,0.17659058,0.1826082,287.33197,288.6294
Libya,2021,2,288.23303,279.0691,4.277202,7.875616e-05,1.0924376e+07,0.06145065,0.17031245,0.18491487,288.629,289.19385
Libya,2021,3,288.44592,281.27756,4.210754,0.00018910495,1.355291e+07,0.063294575,0.1709187,0.1895445,289.6873,289.68524
Libya,2021,4,293.4906,282.4459,4.963086,6.665316e-05,1.6275977e+07,0.052980192,0.169707,0.19346786,293.92078,292.25485
Libya,2021,5,296.78192,286.7486,4.173474,5.722046e-06,1.8005578e+07,0.051567875,0.16714817,0.1967475,298.3185,296.4477
Libya,2021,6,302.10953,286.87265,4.0974216,5.1949242e-05,1.8547348e+07,0.046900194,0.16371292,0.19974935,302.45297,299.69125
Libya,2021,7,302.5415,290.95404,3.5525122,5.20186e-06,1.9088142e+07,0.043116886,0.15861516,0.19603564,305.02017,303.44962
Libya,2021,8,304.5573,290.4829,3.3957806,2.3130937e-05,1.7373166e+07,0.039522655,0.15790209,0.19431339,306.3813,304.8485
Libya,2021,9,301.76584,290.07675,3.7263865,8.302168e-05,1.4744613e+07,0.041791394,0.15755886,0.19158356,304.2159,304.16333
Libya,2021,10,295.5447,287.91916,3.871104,0.0005990462,1.0662689e+07,0.068066955,0.1621415,0.18982227,297.7992,299.88196
Libya,2021,11,292.94812,283.39062,3.9222717,0.00047853644,8.62761e+06,0.07342455,0.1715067,0.18997616,294.07864,296.24655
Libya,2021,12,286.6139,278.41043,4.638459,0.00014485446,7.617871e+06,0.059576467,0.17042337,0.1899251,287.75092,290.58047
Libya,2022,1,284.38995,279.22552,4.272707,0.0008450075,7.8387945e+06,0.121229395,0.18221526,0.19164072,285.48663,287.99857
Libya,2022,2,286.50494,280.0149,4.105307,0.00038074146,1.0129445e+07,0.09026082,0.18431105,0.19291405,286.68085,287.26733
Libya,2022,3,288.27426,279.6224,4.80008,0.00043680018,1.3617665e+07,0.0874356,0.1777294,0.19532871,288.4145,288.1808
Libya,2022,4,292.82016,282.10083,5.09784,4.8516013e-05,1.7103584e+07,0.05720559,0.17194328,0.19997467,293.71066,292.30225
Libya,2022,5,296.53653,284.05383,3.9260333,0.00015678405,1.7774676e+07,0.05062607,0.16763543,0.20248057,296.95322,294.85797
Libya,2022,6,301.94397,287.7955,3.8048666,2.1605058e-05,1.9275004e+07,0.045047462,0.16203809,0.2014619,302.73874,299.9804
Libya,2022,7,301.99777,291.18884,3.3800542,5.5139717e-06,1.8999362e+07,0.042188533,0.16297217,0.19911702,304.42926,302.75107
Libya,2022,8,302.7619,292.63385,3.4343412,1.9108165e-05,1.700002e+07,0.04153119,0.1643153,0.19855298,305.0167,303.76505
Libya,2022,9,302.2571,291.1284,3.554978,0.0001520677,1.4634051e+07,0.045449153,0.15898797,0.19558363,304.41733,304.10648
Libya,2022,10,296.3532,288.7405,3.101149,0.00012678666,1.1207903e+07,0.050250143,0.16340165,0.19621769,298.80475,300.3737
Libya,2022,11,291.75558,283.10272,4.093136,0.0005297574,8.964757e+06,0.06763703,0.16770408,0.19631849,293.38028,295.87527
Libya,2022,12,290.61627,282.34464,3.7381713,6.429499e-05,7.924187e+06,0.07396689,0.17391296,0.19660321,290.4813,292.48135
Libya,2023,1,285.8458,277.65515,4.1315556,0.00026345687,8.571504e+06,0.06497866,0.1701441,0.19544429,287.1025,289.4558
Libya,2023,2,286.45294,279.5131,3.810363,0.0007683841,1.0373986e+07,0.12121573,0.17819074,0.19661571,286.44833,287.41226
Libya,2023,3,289.9734,280.44827,3.864109,0.0001015403,1.4225715e+07,0.052741934,0.17177713,0.19594184,290.76132,290.2278
Libya,2023,4,292.09323,281.44717,4.190739,0.00021651875,1.677958e+07,0.058076486,0.16751055,0.19633861,293.04868,291.93787
Libya,2023,5,295.46448,285.14764,5.0413947,0.0004648382,1.69526e+07,0.06135255,0.16560787,0.19778629,296.77545,295.38806
Libya,2023,6,299.0559,288.46014,4.068259,0.000111978705,1.8701266e+07,0.048610296,0.16374512,0.2013647,300.62463,298.3735
Libya,2023,7,304.39166,288.28717,3.5234668,1.9767067e-06,1.927048e+07,0.037913848,0.15788388,0.20151968,305.5667,302.86472
Libya,2023,8,301.4839,290.8811,3.4020867,0.00026054383,1.6962412e+07,0.04266292,0.15680559,0.19815744,304.47922,303.72314
Libya,2023,9,299.07098,289.91144,3.9135623,0.00030666697,1.4230505e+07,0.049582087,0.16033845,0.19812624,301.74753,302.16913
Libya,2023,10,297.6941,286.39572,3.1794515,5.7012385e-05,1.1678776e+07,0.045353375,0.16200642,0.19695237,299.10083,299.8144
Libya,2023,11,293.32733,282.999,3.7066147,3.0621617e-05,9.329599e+06,0.042425882,0.15901129,0.19594589,295.2007,297.40796
Libya,2023,12,287.5974,281.21313,4.140625,0.0010973844,7.19454e+06,0.12957643,0.17227131,0.19344574,288.3149,291.2718
Libya,2024,1,287.29077,276.78488,4.6077332,0.00019198332,8.119957e+06,0.056845866,0.16978893,0.1899059,287.63617,289.12704
Libya,2024,2,287.7888,278.64716,4.249678,0.00046438738,1.0337894e+07,0.06365929,0.16513465,0.18971463,288.21555,288.98975
Libya,2024,3,291.54218,278.9485,4.2021117,1.0681152e-05,1.4956481e+07,0.046737522,0.16405801,0.19056228,291.85587,290.86652
Libya,2024,4,293.0021,282.9372,4.955759,0.0003644423,1.6078159e+07,0.051432196,0.1594763,0.19163036,294.72458,293.83838
Libya,2024,5,298.23218,284.44168,4.2540035,0.00024167841,1.7524698e+07,0.049333125,0.15732509,0.1922123,298.89426,296.76273
Libya,2024,6,301.95813,287.883,4.12088,2.3616443e-05,1.9081114e+07,0.038724843,0.15264477,0.19025813,303.36694,300.88577
Libya,2024,7,302.91382,289.8748,3.5433955,4.4042413e-06,1.8998942e+07,0.03497293,0.15008098,0.18736589,305.48785,303.70334
Libya,2024,8,302.59085,292.60712,3.5231557,8.791143e-05,1.687133e+07,0.032706026,0.1555761,0.1880948,305.6526,304.60712
Libya,2024,9,300.72018,292.0206,3.4774969,0.00060327706,1.3134886e+07,0.056620132,0.15737584,0.18815832,303.4575,303.71414
Libya,2024,10,298.082,288.19843,4.111076,0.00037214105,1.1143633e+07,0.05446995,0.15874943,0.18608287,299.9421,301.08298
Libya,2024,11,292.83264,283.3212,3.1444173,6.0983137e-05,9.055418e+06,0.034496058,0.15465824,0.18345359,295.04318,297.24368
Libya,2024,12,287.00238,280.5441,4.7171187,0.0011721525,7.1039535e+06,0.10687386,0.1682559,0.18161006,288.56506,291.73703
Morocco,1985,1,280.973,276.06036,2.6958969,0.0027407953,8.1681325e+06,0.29494855,0.29559174,0.24218428,280.86606,282.69293
Morocco,1985,2,285.6995,278.81393,2.775656,0.0016873183,1.1454489e+07,0.24276772,0.28093022,0.24847266,284.79855,284.66312
Morocco,1985,3,283.96564,277.41464,2.8930373,0.0008571217,1.5488756e+07,0.21341513,0.24964178,0.23617713,284.137,284.47003
Morocco,1985,4,288.30527,279.02542,2.843914,0.0015674517,1.8821584e+07,0.18947321,0.2231637,0.21666506,288.32343,287.1726
Morocco,1985,5,288.93207,282.6096,2.6647434,0.0024315547,1.8309966e+07,0.24649352,0.26256606,0.21557288,288.91666,287.89505
Morocco,1985,6,294.79605,286.00323,2.3703098,0.00033148978,2.1043078e+07,0.1558595,0.2210808,0.21250154,295.1171,292.4674
Morocco,1985,7,298.62006,287.13644,2.341882,0.00025878832,2.123955e+07,0.13459706,0.2067861,0.22215514,298.96652,296.5837
Morocco,1985,8,298.55737,286.53256,2.2874715,0.00018435543,2.0158686e+07,0.1263708,0.19947776,0.22190198,299.25653,297.81256
Morocco,1985,9,296.33707,286.5108,2.1159663,0.00049229036,1.6480906e+07,0.14034979,0.1969799,0.21571411,297.23557,297.14224
Morocco,1985,10,291.83554,283.71027,2.0723832,0.0004989013,1.3572566e+07,0.1429534,0.19667763,0.20760153,293.1791,294.4795
Morocco,1985,11,287.0604,280.86578,2.5999784,0.0026073642,9.053577e+06,0.234849,0.23014079,0.20174088,287.8671,290.2345
Morocco,1985,12,282.82852,278.2954,2.5463529,0.0018608825,8.0293505e+06,0.27977118,0.2872719,0.22354181,283.1854,285.6965
Morocco,1986,1,282.13474,277.59763,2.808313,0.002260708,8.610861e+06,0.2733876,0.2938641,0.24393485,282.17883,283.8794
Morocco,1986,2,283.38232,278.8908,3.3318129,0.0033337306,1.0266209e+07,0.30775544,0.32157382,0.2689834,282.92114,283.41925
Morocco,1986,3,284.27936,279.18665,2.6701744,0.0019502084,1.4656094e+07,0.27184275,0.3032869,0.27655816,284.5323,284.70972
Morocco,1986,4,284.80002,278.8716,2.963154,0.0018402581,1.6894228e+07,0.25082538,0.28219813,0.26937473,285.31708,285.2036
Morocco,1986,5,292.7678,283.87488,2.5120192,0.0006706367,2.0406622e+07,0.17644782,0.23970161,0.25832844,292.4382,289.7285
Morocco,1986,6,293.53793,285.81238,2.4144802,0.0010140799,2.0191848e+07,0.18054903,0.23141523,0.25019208,294.11197,292.57764
Morocco,1986,7,298.41302,286.58618,2.4687376,0.00017911485,2.1748102e+07,0.13172472,0.20803556,0.2438581,298.5669,296.19595
Morocco,1986,8,298.18915,286.74188,2.3321269,0.00028579676,1.9759602e+07,0.13275774,0.20204115,0.23923843,298.84323,297.56903
Morocco,1986,9,295.76483,287.11627,2.2896414,0.0008218821,1.6249277e+07,0.14968899,0.20023245,0.22806056,296.84256,296.89944
Morocco,1986,10,290.60944,285.31702,2.0285792,0.0013196815,1.2572789e+07,0.20513272,0.2203055,0.21511847,291.59286,293.12268
Morocco,1986,11,285.41324,279.8736,2.294149,0.0014254468,1.0020218e+07,0.22118822,0.24105471,0.21250898,286.5112,289.0261
Morocco,1986,12,282.18396,276.9402,2.15827,0.00056151976,8.453321e+06,0.22517014,0.24991004,0.22159323,282.59244,285.0939
Morocco,1987,1,282.8062,277.01315,3.11615,0.003055915,8.651316e+06,0.252781,0.26811707,0.23186499,282.23636,283.31818
Morocco,1987,2,283.6098,279.42435,3.016365,0.0029848989,1.0728726e+07,0.31653112,0.32873133,0.27815044,283.0969,283.7543
Morocco,1987,3,286.56552,279.54144,2.3298655,0.0005626216,1.5331846e+07,0.21360087,0.2636005,0.26951563,286.41174,285.99518
Morocco,1987,4,289.9614,281.5362,2.661187,0.00089970377,1.8565652e+07,0.18798141,0.24408448,0.2550698,289.66763,287.902
Morocco,1987,5,291.12173,283.16467,2.4355268,0.0005198729,1.9997002e+07,0.15829428,0.22119759,0.25133035,291.96298,290.87842
Morocco,1987,6,294.86313,285.29196,2.5383224,0.00039759887,2.1793186e+07,0.13548416,0.20614472,0.2411122,295.51425,293.4526
Morocco,1987,7,296.9164,287.8113,2.498256,0.00075656926,2.013539e+07,0.15417363,0.21061447,0.23464821,297.44873,295.7857
Morocco,1987,8,298.06808,287.79135,2.427639,0.0005584828,1.9002334e+07,0.14069094,0.20741697,0.2365584,298.71646,297.56082
Morocco,1987,9,297.3687,287.98135,2.210038,0.0008588069,1.5981562e+07,0.15019938,0.20405787,0.22559497,297.99246,297.5069
Morocco,1987,10,290.8216,284.31934,2.3569489,0.0015978582,1.186012e+07,0.22496942,0.24404864,0.2208623,291.71762,293.46945
Morocco,1987,11,286.01166,280.9754,2.664838,0.0023403354,8.879482e+06,0.25311303,0.27368838,0.23471755,287.1308,289.70435
Morocco,1987,12,284.7562,280.6291,2.5442953,0.0019233203,8.0873335e+06,0.2745434,0.29763255,0.26561648,284.846,286.60742
Morocco,1988,1,282.78256,278.45435,2.577164,0.0021386007,8.324327e+06,0.2844424,0.3009856,0.2799853,282.50275,284.12122
Morocco,1988,2,283.5619,278.72275,2.4059496,0.001966745,1.0956842e+07,0.2760266,0.29742557,0.2827297,283.55652,284.2951
Morocco,1988,3,285.9974,278.12808,2.3989122,0.000918731,1.6531646e+07,0.23163576,0.27642262,0.2777499,285.32013,284.92584
Morocco,1988,4,287.97693,281.28363,2.6569104,0.0009857104,1.8409926e+07,0.19525495,0.24340044,0.2596119,288.3998,287.60825
Morocco,1988,5,289.92667,283.5419,2.538615,0.0016211353,1.9310134e+07,0.21480781,0.25122094,0.25291702,290.22867,289.06067
Morocco,1988,6,292.66357,285.2742,2.5836136,0.00074797694,1.9516478e+07,0.16473502,0.22323687,0.24256274,293.3081,291.90503
Morocco,1988,7,298.73666,287.24738,2.4028797,9.8015495e-05,2.1835134e+07,0.13557643,0.20822263,0.23623446,298.33734,295.51025
Morocco,1988,8,299.65857,287.40836,2.2429352,0.00018256844,2.018899e+07,0.12741853,0.19976608,0.23462527,300.06308,298.442
Morocco,1988,9,296.42847,284.8476,2.3423326,0.00032589736,1.696347e+07,0.12689267,0.1898194,0.22309156,297.34967,297.40222
Morocco,1988,10,291.24835,283.8974,2.328628,0.0015372396,1.2463077e+07,0.20241058,0.22189394,0.22208907,292.08865,293.58432
Morocco,1988,11,287.42142,282.47598,2.4417684,0.0022597914,8.860622e+06,0.23658632,0.25115764,0.22253695,288.5509,290.7571
Morocco,1988,12,281.73407,275.76538,2.1627705,0.0002954446,9.397022e+06,0.23412769,0.27037174,0.24199247,282.17697,285.06122
Morocco,1989,1,281.18027,275.5542,2.2975097,0.00096871087,9.578429e+06,0.21864255,0.24602409,0.23621401,281.3016,283.0568
Morocco,1989,2,283.4422,278.4299,3.017942,0.0020071974,1.0769853e+07,0.25245184,0.25602293,0.23483375,282.7802,283.24567
Morocco,1989,3,286.30038,279.5934,2.5102096,0.0017146184,1.5519133e+07,0.23409598,0.26791793,0.24090993,286.0641,285.68103
Morocco,1989,4,286.01724,280.2974,3.2139573,0.002413333,1.74536e+07,0.25947097,0.28899312,0.25928134,286.242,285.85638
Morocco,1989,5,290.9833,283.55286,2.4811003,0.0013588285,1.9377426e+07,0.1990004,0.24628472,0.2535089,290.99844,289.33554
Morocco,1989,6,294.29254,285.8367,2.3176167,0.0009264344,2.1064234e+07,0.18412943,0.2362731,0.24022038,294.0705,291.8536
Morocco,1989,7,299.40884,287.50385,2.3062956,0.00031895313,2.121555e+07,0.13394384,0.20711297,0.23234296,299.2086,296.64215
Morocco,1989,8,299.0498,288.32083,2.2327402,0.00045456007,1.8865258e+07,0.1362816,0.20236123,0.22957388,299.66034,298.2527
Morocco,1989,9,295.37784,287.08774,2.1713057,0.00096350734,1.6177433e+07,0.16225241,0.21056448,0.22239797,296.24615,296.4138
Morocco,1989,10,292.62512,285.58096,2.234501,0.0015616926,1.2396121e+07,0.19559447,0.22112115,0.21523821,293.37714,294.5588
Morocco,1989,11,287.48102,281.90063,3.061591,0.0030701277,9.058985e+06,0.23750375,0.25855002,0.2237208,288.1171,290.23746
Morocco,1989,12,285.51157,281.42548,2.8841567,0.0032352058,7.485231e+06,0.29780143,0.30670357,0.26666108,285.53644,287.58136
Morocco,1990,1,281.19662,277.55136,2.2753031,0.0014570662,8.817217e+06,0.30627748,0.31106597,0.28405088,281.5531,283.77545
Morocco,1990,2,285.88992,278.49442,2.0840604,7.8469806e-05,1.3400678e+07,0.2151429,0.269951,0.26826924,285.06696,284.93842
Morocco,1990,3,287.6578,280.64413,2.6803007,0.0013864017,1.5118408e+07,0.20120531,0.24750529,0.25418076,287.68484,287.14984
Morocco,1990,4,286.28473,280.3966,2.798425,0.0026634457,1.7659792e+07,0.2469382,0.26444408,0.24729705,287.055,287.07303
Morocco,1990,5,291.15622,284.65884,2.5058398,0.0019359774,1.9377154e+07,0.24937782,0.28443527,0.25266206,290.87308,289.3395
Morocco,1990,6,294.85318,285.90802,2.4504848,0.00046468014,2.1269074e+07,0.158173,0.2300254,0.24741149,295.37393,293.28558
Morocco,1990,7,298.71182,287.87387,2.3763916,0.00026692697,2.1270408e+07,0.13909784,0.21674113,0.25286096,299.01413,296.8421
Morocco,1990,8,298.9438,287.4237,2.2355897,0.000291241,2.0015782e+07,0.13262816,0.20537367,0.24232703,299.68814,298.3958
Morocco,1990,9,296.7798,287.88443,2.2936106,0.00084985344,1.4824002e+07,0.15983027,0.20957033,0.2381005,297.38333,297.28378
Morocco,1990,10,290.66977,284.1419,2.3575284,0.0010878831,1.2790212e+07,0.18729737,0.22466601,0.23362498,292.32568,294.0927
Morocco,1990,11,286.1268,280.58786,2.2808766,0.0016429864,9.756043e+06,0.2183875,0.24297021,0.23333472,287.37946,289.86505
Morocco,1990,12,282.63403,279.12073,2.5101144,0.002476794,7.41374e+06,0.3092829,0.3093308,0.262658,282.91254,285.26535
Morocco,1991,1,281.1774,275.82404,2.0752199,0.0004918737,9.792766e+06,0.24610542,0.277031,0.26726496,281.3949,283.32162
Morocco,1991,2,281.41135,277.17166,2.6418912,0.0030259439,1.0353895e+07,0.29839474,0.30182025,0.26954144,281.2952,282.25208
Morocco,1991,3,284.41376,280.01846,3.257491,0.004294979,1.281373e+07,0.32311374,0.33182958,0.29333997,284.02295,283.92538
Morocco,1991,4,286.22543,281.17285,2.4704344,0.0015870993,1.7401166e+07,0.27854204,0.30725506,0.29052737,286.11948,285.4562
Morocco,1991,5,289.3888,281.36206,2.685994,0.00050728064,2.0668484e+07,0.18232493,0.25060272,0.2706931,289.55457,287.87234
Morocco,1991,6,295.03442,286.10864,2.3325822,0.0005870282,2.15713e+07,0.15837243,0.22606681,0.25841746,294.9069,292.3718
Morocco,1991,7,298.59393,286.9966,2.4027035,0.00026756583,2.1297282e+07,0.13802733,0.2129065,0.25405276,298.8302,296.54364
Morocco,1991,8,299.3641,287.53607,2.268238,0.00032632326,1.976495e+07,0.13759284,0.20941564,0.25125584,299.67825,298.09903
Morocco,1991,9,295.65073,286.9603,2.3402371,0.0012902935,1.617395e+07,0.1577797,0.21182801,0.24740846,297.14734,297.3865
Morocco,1991,10,288.44144,283.31244,2.2736545,0.0018633686,1.2323084e+07,0.25219387,0.27313128,0.24937518,289.67752,291.88287
Morocco,1991,11,285.24823,278.65228,2.4051418,0.0004903182,1.0233826e+07,0.19610773,0.24933456,0.24976468,285.99002,288.22714
Morocco,1991,12,283.4122,278.5848,2.1587265,0.00084679335,8.020214e+06,0.24228787,0.26161653,0.2528499,283.58908,285.5843
Morocco,1992,1,281.13943,274.55276,2.305314,0.00021404897,9.626629e+06,0.1765951,0.23307599,0.24580736,281.2184,282.8992
Morocco,1992,2,283.80762,277.24326,2.4601328,0.0010508426,1.1947587e+07,0.194423,0.22881278,0.23905374,283.39963,283.61664
Morocco,1992,3,284.57108,278.3985,2.9567761,0.0017217062,1.4749976e+07,0.22367987,0.24958847,0.24095133,284.7251,284.72543
Morocco,1992,4,287.66196,280.39523,3.003307,0.0017907504,1.8485904e+07,0.23464157,0.2741653,0.2564187,287.1764,285.84558
Morocco,1992,5,291.33298,283.55566,2.5517583,0.0016007932,1.9087388e+07,0.20354663,0.2508396,0.25460863,291.17816,289.72705
Morocco,1992,6,290.76202,284.3072,2.5393233,0.002128638,1.8670852e+07,0.22231099,0.25636864,0.25068158,291.04782,290.22696
Morocco,1992,7,297.2694,286.63324,2.4550521,0.00019221629,2.1354734e+07,0.14625801,0.22789368,0.25041083,297.19162,294.70062
Morocco,1992,8,298.38348,286.47296,2.310756,0.00034986885,1.9238912e+07,0.13589364,0.20707284,0.24605013,298.7447,297.2871
Morocco,1992,9,295.52853,285.4508,2.2131515,0.0004272461,1.6484741e+07,0.13504282,0.1993649,0.23666747,296.46838,296.46042
Morocco,1992,10,288.9388,282.76154,2.57817,0.0014601124,1.1995979e+07,0.19235137,0.22328295,0.23398972,290.26968,291.99707
Morocco,1992,11,285.52957,279.02347,2.0891607,0.0006044212,1.0643043e+07,0.20761076,0.23656644,0.23298645,286.06372,288.27682
Morocco,1992,12,283.3191,278.06604,2.5840883,0.0008303448,8.1089865e+06,0.20439397,0.23942594,0.23560694,283.6777,285.5846
Morocco,1993,1,280.69693,274.04855,2.078489,0.0006620259,9.832234e+06,0.20520495,0.2377044,0.23453413,280.89026,282.70334
Morocco,1993,2,282.69608,276.64752,2.4300191,0.0012099256,1.1994241e+07,0.20759125,0.22706588,0.22388358,282.64365,283.14923
Morocco,1993,3,285.45267,279.4834,2.7031581,0.0019169872,1.4424895e+07,0.26584962,0.2757738,0.23199412,284.68796,284.2065
Morocco,1993,4,286.87988,279.26044,2.8410037,0.0017107158,1.8002184e+07,0.20171468,0.23799476,0.23421076,287.44458,286.89224
Morocco,1993,5,289.68698,282.7124,2.713579,0.0018816272,1.8556458e+07,0.22888933,0.26740414,0.2444534,289.4783,287.9877
Morocco,1993,6,294.2708,285.3596,2.563652,0.0003099349,2.119437e+07,0.15214655,0.22263077,0.23768997,294.5311,292.27692
Morocco,1993,7,298.74036,287.2537,2.4286387,0.00020256783,2.1552118e+07,0.13066119,0.20738158,0.23586683,298.71356,296.07712
Morocco,1993,8,297.9509,287.12234,2.3770998,0.00028113948,1.9132684e+07,0.13471186,0.20494433,0.23508514,298.7113,297.7782
Morocco,1993,9,292.91394,285.0198,2.367681,0.00054314994,1.597992e+07,0.14721194,0.2059093,0.22919899,294.44604,295.18445
Morocco,1993,10,289.021,282.91162,2.5144572,0.0014918984,1.1656617e+07,0.1894951,0.22333488,0.22120644,290.05176,291.52142
Morocco,1993,11,284.7915,281.54697,2.5978324,0.004156492,7.69237e+06,0.35261256,0.3385892,0.25593162,285.53973,287.9409
Morocco,1993,12,282.92084,278.593,2.175867,0.0006511003,8.465204e+06,0.2897651,0.30941325,0.27314028,282.59616,284.46106
Morocco,1994,1,281.6093,277.5609,2.4764981,0.0018885391,8.617663e+06,0.30038616,0.31032282,0.27496955,281.539,283.10037
Morocco,1994,2,282.9485,277.79245,2.8059287,0.0024692202,1.16118e+07,0.3065187,0.32408452,0.28547755,282.1048,282.4862
Morocco,1994,3,286.2051,280.5745,2.6947763,0.0007792491,1.571919e+07,0.23917608,0.28684425,0.28417557,285.6317,284.87143
Morocco,1994,4,286.75882,278.83716,2.9448452,0.0011060955,1.9150552e+07,0.20227504,0.25271392,0.27355725,286.99103,286.41705
Morocco,1994,5,291.58997,283.0328,2.554155,0.0008843061,2.0026676e+07,0.17935699,0.23445918,0.2617027,291.36417,289.3635
Morocco,1994,6,295.8875,285.20615,2.5323606,0.00015369897,2.2142504e+07,0.14286639,0.21852605,0.2612826,296.1153,293.80283
Morocco,1994,7,300.27573,286.4526,2.3109686,0.00024502949,2.103215e+07,0.12918352,0.2020322,0.25251752,300.2723,297.8017
Morocco,1994,8,299.16412,287.82452,2.2289689,0.00025844574,1.9505828e+07,0.1333274,0.20495644,0.25305215,299.79013,298.5118
Morocco,1994,9,293.90466,284.77203,2.4388206,0.0011194284,1.698695e+07,0.14347585,0.20141883,0.24488142,295.5905,296.5983
Morocco,1994,10,291.04214,285.87598,2.198318,0.0014238264,1.202732e+07,0.23363642,0.24467544,0.23532647,291.33716,292.6158
Morocco,1994,11,287.44186,281.33755,2.185742,0.00095062813,1.0291471e+07,0.21746622,0.25809127,0.23834567,287.91684,289.8959
Morocco,1994,12,283.67737,277.22552,2.0732198,0.00015920805,9.349132e+06,0.16345651,0.22306384,0.23590189,283.97824,286.36826
Morocco,1995,1,282.43958,276.05887,2.2350376,0.0004425882,9.984584e+06,0.17878954,0.21521233,0.22973032,282.1927,283.71643
Morocco,1995,2,284.95496,277.60986,2.4730458,0.0015897334,1.2272367e+07,0.17413542,0.21510257,0.22407995,284.6963,284.97076
Morocco,1995,3,285.80606,279.95355,2.6931338,0.0020935466,1.4085296e+07,0.27377614,0.2805784,0.23301604,285.01575,284.88556
Morocco,1995,4,287.52142,279.9708,2.7385268,0.0019972348,1.7605704e+07,0.23068884,0.25079212,0.23055765,287.37167,287.0461
Morocco,1995,5,293.37494,283.60162,2.5836873,0.00044441223,2.0786564e+07,0.16418195,0.22912316,0.23294677,292.91925,290.54816
Morocco,1995,6,293.9881,285.93988,2.515714,0.0012219716,2.0333264e+07,0.16766189,0.21899346,0.24313982,294.63745,293.27252
Morocco,1995,7,298.2448,286.89536,2.444863,0.0001942718,2.1079922e+07,0.14554456,0.21730512,0.24321283,297.8845,295.58273
Morocco,1995,8,298.2986,287.93863,2.265182,0.00044930098,1.9087404e+07,0.1346844,0.20246537,0.24072848,298.83084,297.81003
Morocco,1995,9,293.21857,285.20856,2.3347983,0.0006460449,1.6463609e+07,0.15947795,0.2111302,0.23705375,294.45996,295.3515
Morocco,1995,10,292.24088,284.54947,2.0502293,0.00080088276,1.2917705e+07,0.17056954,0.21185587,0.23066002,292.53912,293.25497
Morocco,1995,11,288.44583,280.79468,2.575186,0.0010950218,1.0036301e+07,0.17702952,0.22153333,0.22527961,289.0596,290.97498
Morocco,1995,12,284.94998,280.7287,3.0002213,0.0027060092,7.4842965e+06,0.25203037,0.2687452,0.23983257,284.76343,286.53903
Morocco,1996,1,284.20825,280.27457,3.6776853,0.005758767,7.334283e+06,0.3190649,0.3227298,0.29049146,284.13022,285.7705
Morocco,1996,2,282.3984,278.24402,3.041752,0.0024618502,1.0584188e+07,0.31621736,0.32617825,0.30383983,282.43652,283.8398
Morocco,1996,3,285.30786,280.50684,2.6283772,0.0030796458,1.4101631e+07,0.31886294,0.33730894,0.30971324,284.45294,284.14572
Morocco,1996,4,288.04214,281.97067,2.6310282,0.0016774761,1.7837816e+07,0.2340905,0.27834055,0.29038823,288.02246,287.3255
Morocco,1996,5,290.5671,283.06705,2.7727463,0.0021426284,1.9641494e+07,0.24001908,0.2833072,0.28061575,289.9762,288.4778
Morocco,1996,6,295.49304,287.08676,2.456185,0.0012036574,2.07127e+07,0.17973885,0.2275042,0.2535695,295.26642,293.1566
Morocco,1996,7,297.9368,287.5156,2.52327,0.00049600325,2.1544462e+07,0.14151523,0.2068746,0.2390274,297.99094,295.93497
Morocco,1996,8,296.66098,287.30875,2.3453655,0.000285019,2.002639e+07,0.1322597,0.2055678,0.24081744,297.83307,297.06976
Morocco,1996,9,293.18573,286.002,2.410478,0.0012280362,1.5410428e+07,0.1846563,0.2253697,0.23576699,293.97525,294.55667
Morocco,1996,10,290.31256,282.87515,2.1955543,0.0008425481,1.39465e+07,0.17291611,0.22458163,0.2273583,291.15546,292.29938
Morocco,1996,11,286.5461,279.7692,2.534224,0.0010047283,1.0249952e+07,0.18633284,0.23510042,0.22947946,287.2755,289.3445
Morocco,1996,12,283.97208,279.73746,3.4589083,0.005183794,7.0682295e+06,0.29189304,0.29418957,0.2581745,284.00156,285.93198
Morocco,1997,1,283.71683,279.70862,2.9974778,0.0029008088,8.457512e+06,0.30259025,0.319399,0.2976141,283.26044,284.53738
Morocco,1997,2,285.60944,278.75067,2.0221937,0.00014694917,1.3338306e+07,0.21047172,0.26424503,0.2769518,284.77747,284.88467
Morocco,1997,3,287.62817,277.82214,2.515519,0.00060342584,1.6983928e+07,0.1555874,0.2103665,0.24717702,287.39502,286.89618
Morocco,1997,4,288.965,283.0609,2.5565665,0.0030165736,1.6682762e+07,0.25341043,0.25473338,0.23683289,288.502,287.8987
Morocco,1997,5,291.0056,284.29248,2.4321752,0.0015313787,1.8736486e+07,0.20292677,0.251312,0.2388896,291.15533,289.8916
Morocco,1997,6,294.1371,285.4956,2.673013,0.0006248789,2.1293426e+07,0.16681626,0.22559991,0.2300116,294.577,292.94952
Morocco,1997,7,296.2961,286.7885,2.5012782,0.00022528936,2.1171402e+07,0.13875201,0.2072323,0.23000726,296.59442,294.74847
Morocco,1997,8,297.01947,288.1355,2.2679036,0.0007468196,1.904284e+07,0.14960589,0.20833163,0.23157595,297.73438,296.7316
Morocco,1997,9,295.59033,288.42004,2.121008,0.0018572576,1.5537491e+07,0.17336176,0.21250185,0.22476308,296.42737,296.35675
Morocco,1997,10,292.3994,285.93536,2.1979349,0.0011246876,1.291733e+07,0.21774435,0.25110143,0.21842651,292.6369,293.57513
Morocco,1997,11,287.34503,282.6196,3.0740967,0.003135533,8.850417e+06,0.25743815,0.27584738,0.2309629,287.92136,290.15778
Morocco,1997,12,283.9415,279.09442,2.674085,0.002662307,7.9382095e+06,0.2830538,0.30178082,0.26416636,283.77573,285.9783
Morocco,1998,1,283.13315,278.26852,2.4511147,0.001231925,8.84393e+06,0.263663,0.292198,0.27392933,282.90536,284.48407
Morocco,1998,2,285.84164,280.7225,2.7217808,0.0027461932,1.1749595e+07,0.28620893,0.30829722,0.28933373,285.11966,285.26224
Morocco,1998,3,287.51752,278.9182,2.3622844,0.0007304312,1.6081246e+07,0.17378287,0.23022485,0.25524008,286.94873,286.32047
Morocco,1998,4,287.41287,280.81317,2.9946609,0.0009343138,1.7724628e+07,0.20273547,0.23816976,0.24328566,287.75244,287.46332
Morocco,1998,5,289.4623,282.78644,2.6150658,0.0020799174,1.815333e+07,0.21675517,0.24349084,0.23653243,289.61227,288.81177
Morocco,1998,6,295.65842,285.97208,2.4461038,0.0007598284,2.1757088e+07,0.17114156,0.22818503,0.2308454,295.37698,292.7481
Morocco,1998,7,298.96036,287.5058,2.320724,0.00011670011,2.1961122e+07,0.12846215,0.20541957,0.23124482,299.06967,296.65994
Morocco,1998,8,298.9538,288.0978,2.4395425,0.00022617822,1.9686492e+07,0.12986289,0.19865839,0.22761977,299.49966,298.2609
Morocco,1998,9,295.515,287.80875,2.345171,0.001185269,1.5741936e+07,0.16741411,0.21478942,0.22573775,296.5852,296.93658
Morocco,1998,10,290.14322,281.5933,2.2633867,0.00027139904,1.4036818e+07,0.15763032,0.21664782,0.2153483,291.09073,292.68707
Morocco,1998,11,287.18277,280.14368,2.097464,0.0001800315,1.0764109e+07,0.13412699,0.19919837,0.21312606,288.13174,290.31595
Morocco,1998,12,282.01926,276.2091,2.2873166,0.0012597389,8.797696e+06,0.18831834,0.21183515,0.20882592,282.43854,285.06033
Morocco,1999,1,281.7985,276.69748,2.5309868,0.0021432627,9.122461e+06,0.28423986,0.27740222,0.21523313,281.49045,283.3735
Morocco,1999,2,281.4401,276.18802,2.4948545,0.0017855654,1.1569756e+07,0.23615386,0.2536352,0.21842964,281.32385,282.3713
Morocco,1999,3,285.19122,279.6083,2.640784,0.0015949971,1.467113e+07,0.27122414,0.28538615,0.2206475,284.38992,284.02127
Morocco,1999,4,289.1593,279.9309,2.5235617,0.00029515757,2.003701e+07,0.15730794,0.22377338,0.21558687,289.18512,287.66028
Morocco,1999,5,293.0469,283.07333,2.6019542,0.0006797661,2.0376828e+07,0.15956755,0.21539328,0.21340644,292.66046,290.43518
Morocco,1999,6,295.89972,285.66684,2.4955504,0.00023104844,2.1979006e+07,0.13328253,0.20285705,0.21789205,296.17462,293.9752
Morocco,1999,7,298.6449,287.64505,2.4399364,0.00020466036,2.1473508e+07,0.12678051,0.19710645,0.21737236,299.08752,297.10724
Morocco,1999,8,298.76474,288.79675,2.2635496,0.00030794422,1.9749134e+07,0.13003358,0.19885783,0.21884568,299.29202,297.868
Morocco,1999,9,294.76166,287.5748,2.281647,0.0007340607,1.6035824e+07,0.1560543,0.20278445,0.21448983,296.0096,296.57074
Morocco,1999,10,292.17044,285.92285,2.5703816,0.0024353971,1.161001e+07,0.22824416,0.24375598,0.21064512,292.5562,293.72586
Morocco,1999,11,285.06152,279.48825,2.4112942,0.0013411809,1.0158473e+07,0.2424384,0.26293057,0.21825479,286.20877,289.3787
Morocco,1999,12,282.58224,277.9177,2.4312735,0.0010985773,8.24916e+06,0.25518328,0.26953042,0.2240903,282.46033,284.79086
Morocco,2000,1,281.01434,275.60867,2.154011,0.0007403522,1.0004391e+07,0.2369782,0.26176205,0.22048219,280.762,282.62332
Morocco,2000,2,285.36563,277.45752,2.0996037,8.0738255e-06,1.3697437e+07,0.16719452,0.22669156,0.21945205,284.67828,284.56293
Morocco,2000,3,287.45502,278.69833,2.441539,0.00028912534,1.6606772e+07,0.15007289,0.20656624,0.21896827,287.21338,286.7015
Morocco,2000,4,287.2229,279.92947,3.368574,0.0021930342,1.8165398e+07,0.21511358,0.24298997,0.22135684,287.46036,287.0104
Morocco,2000,5,291.56433,284.97037,2.3761983,0.0021857845,1.912408e+07,0.23507716,0.26084894,0.22321625,291.1091,289.48303
Morocco,2000,6,296.9427,285.4634,2.5868728,0.00016695782,2.2657126e+07,0.13835262,0.21653281,0.21328153,296.73483,294.0057
Morocco,2000,7,299.01828,287.03018,2.4813247,0.00013695874,2.1692056e+07,0.123021916,0.19802366,0.21052378,299.23053,297.06525
Morocco,2000,8,299.39008,286.62128,2.4106455,0.00020323448,1.989155e+07,0.123022065,0.19200526,0.20498446,299.8819,298.52307
Morocco,2000,9,295.60175,286.18277,2.3769581,0.0006464708,1.6704308e+07,0.13186827,0.19172432,0.20119935,296.92462,297.29965
Morocco,2000,10,289.00607,283.22217,2.2144072,0.00260729,1.2228143e+07,0.24062668,0.2507409,0.20243967,289.9877,292.3201
Morocco,2000,11,285.76495,281.27316,2.3889024,0.0013197185,9.498974e+06,0.2730023,0.2913026,0.2214973,285.71265,287.87537
Morocco,2000,12,284.296,279.20834,3.0207973,0.0031217928,7.8886825e+06,0.2609104,0.28892055,0.24001403,283.94388,285.84363
Morocco,2001,1,283.2064,278.32986,3.0008965,0.0018596001,8.916579e+06,0.28310505,0.31000414,0.27603948,282.6228,284.15588
Morocco,2001,2,283.8393,277.64914,2.6988294,0.00084069633,1.2460986e+07,0.23011902,0.2731383,0.26768616,283.47565,284.02216
Morocco,2001,3,288.19113,280.90128,2.8866642,0.0008880189,1.558995e+07,0.21075116,0.25485864,0.2577685,287.2808,286.41388
Morocco,2001,4,288.89603,280.35037,2.6539834,0.00026598255,1.998622e+07,0.15395588,0.21873732,0.23953177,289.29984,288.31274
Morocco,2001,5,290.834,282.2373,2.6310422,0.0009149348,2.0271976e+07,0.17335267,0.21789289,0.22884218,290.61118,289.16638
Morocco,2001,6,297.3535,284.46817,2.5701714,0.00014286597,2.2853162e+07,0.123415105,0.19388379,0.2137603,297.51224,294.91843
Morocco,2001,7,298.33658,285.355,2.5097606,0.0001053949,2.1670346e+07,0.11998504,0.19163522,0.21523581,298.82748,296.93604
Morocco,2001,8,298.78195,287.6884,2.2470956,0.00024027964,1.9744892e+07,0.12592413,0.19330911,0.21496573,299.6607,298.42044
Morocco,2001,9,294.96808,287.72308,2.1715055,0.0009199902,1.5749308e+07,0.15472475,0.20157251,0.21514213,296.28564,296.77637
Morocco,2001,10,293.3623,284.47232,2.3989582,0.0008540478,1.2796426e+07,0.17608786,0.21252479,0.20254463,293.4676,294.2086
Morocco,2001,11,285.68854,279.114,2.4562218,0.0010415606,9.205139e+06,0.19574486,0.21095397,0.1931626,287.16238,290.13815
Morocco,2001,12,284.5794,279.68134,2.3397992,0.0026357707,7.867484e+06,0.2543842,0.25672233,0.20009615,284.46713,286.49667
Morocco,2002,1,283.99747,277.81143,2.2233822,0.00012477393,9.861122e+06,0.2192395,0.26203683,0.22657906,283.57117,284.97745
Morocco,2002,2,285.26877,277.18826,2.2893467,0.00055792724,1.2891636e+07,0.17246157,0.21336004,0.21349195,284.8589,285.37347
Morocco,2002,3,286.3899,279.27988,2.6767542,0.0020193914,1.4910112e+07,0.22307214,0.23416041,0.20340776,286.05182,285.7594
Morocco,2002,4,287.48505,281.17938,2.8687577,0.0035035403,1.7118462e+07,0.28059876,0.29907534,0.22605105,287.30075,286.87338
Morocco,2002,5,290.88287,282.0134,2.8934996,0.0012380545,2.046589e+07,0.19250451,0.24562795,0.22576925,290.93762,289.55298
Morocco,2002,6,295.77045,284.85434,2.72426,0.00021262308,2.1732472e+07,0.13395664,0.20619574,0.22190133,296.17163,293.73856
Morocco,2002,7,297.8102,286.5778,2.4293969,8.6478816e-05,2.2050528e+07,0.1240956,0.1970678,0.22008306,298.31613,296.3341
Morocco,2002,8,296.8512,287.38474,2.3164854,0.00034311906,1.9732108e+07,0.1306648,0.19507353,0.21641175,297.93143,297.23856
Morocco,2002,9,294.8023,286.16132,2.1946576,0.00035234098,1.646535e+07,0.13096374,0.19091384,0.20676644,295.70114,295.81808
Morocco,2002,10,291.88498,284.7357,2.3942165,0.0015381841,1.2523316e+07,0.20158513,0.22265424,0.19734992,292.27225,293.4209
Morocco,2002,11,286.82294,280.8542,2.908788,0.004511009,9.391569e+06,0.25041646,0.2675224,0.21671392,287.4474,289.8304
Morocco,2002,12,284.7592,280.60132,2.45571,0.0013267092,7.987247e+06,0.28996372,0.3085938,0.26070023,284.2836,286.23105
Morocco,2003,1,281.81207,277.07037,2.8647656,0.0018611093,8.87121e+06,0.27875918,0.3000414,0.26427683,281.9455,283.9703
Morocco,2003,2,282.5365,277.88553,2.5603309,0.0020287707,1.1122437e+07,0.27539822,0.2848793,0.2556958,282.10593,283.01282
Morocco,2003,3,287.3513,281.5767,2.593068,0.0019736707,1.4119664e+07,0.25871417,0.28265485,0.2543839,286.48596,285.73212
Morocco,2003,4,288.11395,281.68475,2.78708,0.001810046,1.7708634e+07,0.24666707,0.27795547,0.2523937,287.9877,287.12372
Morocco,2003,5,292.51044,283.5687,2.6222978,0.00066857197,2.099909e+07,0.1752036,0.22878614,0.23326492,292.41824,290.42444
Morocco,2003,6,297.3229,286.90958,2.552643,0.00034343387,2.1632874e+07,0.13794944,0.19987053,0.22125432,297.28534,294.75287
Morocco,2003,7,299.47754,287.5723,2.3726711,0.00025700135,2.1328316e+07,0.1262358,0.19123185,0.21623114,299.67682,297.38074
Morocco,2003,8,299.43488,288.2972,2.2854197,0.0003818586,1.9494776e+07,0.12913588,0.18815498,0.20937972,300.26773,299.1441
Morocco,2003,9,296.08112,286.18445,2.3897083,0.00019991977,1.7277192e+07,0.12042893,0.18389384,0.20041351,297.2512,297.39053
Morocco,2003,10,290.8607,285.5958,2.5158114,0.0034751245,1.0783622e+07,0.2325901,0.2321908,0.19448937,292.10693,294.05655
Morocco,2003,11,286.14536,281.4571,2.5142033,0.0026235394,9.432002e+06,0.29461032,0.30424374,0.2221318,286.4846,289.09912
Morocco,2003,12,283.10632,278.93405,2.7483766,0.0029044382,7.6662555e+06,0.31619203,0.32906497,0.27356032,282.94815,285.27213
Morocco,2004,1,283.0574,278.4871,2.0444887,0.00032914264,9.396085e+06,0.23230852,0.27687332,0.26477122,282.54083,283.9384
Morocco,2004,2,284.6216,278.9523,2.656985,0.0014458813,1.1770415e+07,0.2237108,0.2549918,0.25145176,284.18524,284.70596
Morocco,2004,3,285.38196,279.4491,2.6766555,0.0021129998,1.5344092e+07,0.25372472,0.2746087,0.24684367,284.9982,284.9395
Morocco,2004,4,287.60287,280.87292,2.8532653,0.0016741058,1.7666854e+07,0.23311637,0.26793757,0.23922318,287.46912,286.6616
Morocco,2004,5,288.82263,283.3458,2.8305774,0.0024310919,1.8006658e+07,0.25021657,0.27260068,0.24076724,288.6097,287.799
Morocco,2004,6,296.85645,286.2435,2.4637222,0.0003679794,2.1878992e+07,0.14912218,0.2182298,0.22664304,295.95248,292.91318
Morocco,2004,7,299.15106,286.99646,2.4928398,0.00013911608,2.1772626e+07,0.12108771,0.19273481,0.21386132,299.00653,296.71735
Morocco,2004,8,299.15176,287.97107,2.4500668,0.00013728281,1.955229e+07,0.12118144,0.19102053,0.21017362,299.18356,297.82864
Morocco,2004,9,296.17825,286.195,2.2243936,0.00018032777,1.689254e+07,0.1236194,0.19063626,0.20506713,296.83566,296.9506
Morocco,2004,10,292.39163,283.71127,2.5187597,0.0016309127,1.2374647e+07,0.15534312,0.19149017,0.19652466,293.03223,294.26898
Morocco,2004,11,285.52902,280.28647,2.200333,0.0009599149,9.769415e+06,0.2477459,0.26096708,0.20141633,285.9034,288.84424
Morocco,2004,12,282.08548,277.79666,2.6884365,0.0016324358,7.894088e+06,0.24825709,0.2686894,0.21235886,282.7164,285.299
Morocco,2005,1,280.45438,273.30136,2.1611392,0.00016726337,1.0440441e+07,0.19704339,0.24111433,0.21551092,280.58295,282.69055
Morocco,2005,2,280.98126,274.33408,2.6048281,0.0016872258,1.2034192e+07,0.19159734,0.21105692,0.20385797,280.72137,281.6399
Morocco,2005,3,286.6535,280.19345,2.6296499,0.0012085831,1.4439937e+07,0.23090608,0.25546998,0.21420039,285.40503,284.33716
Morocco,2005,4,288.85214,280.28287,2.7134228,0.00023899264,1.948894e+07,0.14653476,0.20592026,0.2104963,288.806,287.48532
Morocco,2005,5,293.6909,282.70862,2.6836782,0.00038720103,2.1308274e+07,0.12550227,0.18476135,0.2009163,293.5763,291.16537
Morocco,2005,6,297.29828,285.5813,2.5543795,0.0002927595,2.1812092e+07,0.1327866,0.18201926,0.19135033,297.3005,294.72897
Morocco,2005,7,299.12643,287.5274,2.4316971,0.00017190211,2.159494e+07,0.119597584,0.18051155,0.1913778,299.526,297.3786
Morocco,2005,8,299.2876,287.12665,2.2843528,0.00029421315,2.0137834e+07,0.121700525,0.18000825,0.18667364,299.52625,298.19403
Morocco,2005,9,294.87167,285.78723,2.5342884,0.0005776396,1.6676537e+07,0.13669951,0.18362601,0.17828476,295.7281,296.4856
Morocco,2005,10,292.22052,285.1733,2.2060642,0.001195991,1.2816625e+07,0.17356779,0.19904429,0.17559923,292.47153,293.6096
Morocco,2005,11,285.51172,280.36908,2.5826037,0.0022455049,9.362815e+06,0.23706497,0.235522,0.17157783,286.31842,289.29724
Morocco,2005,12,282.45053,277.82794,2.3347507,0.00090646744,8.02262e+06,0.2522596,0.26578012,0.18571615,282.39334,284.84677
Morocco,2006,1,280.54724,277.0352,2.5153358,0.002850875,7.8529815e+06,0.29559916,0.2851598,0.2015694,280.76947,282.81473
Morocco,2006,2,282.31387,278.13724,2.769684,0.0023863062,1.0789672e+07,0.29043943,0.29967728,0.23211029,281.89862,282.70676
Morocco,2006,3,286.33286,279.61462,2.6107483,0.0013395513,1.5864948e+07,0.2467806,0.2832906,0.24390328,285.30356,284.37152
Morocco,2006,4,289.55728,282.3057,2.5098433,0.0015645074,1.7499422e+07,0.20822854,0.24461791,0.23060217,289.52115,288.38232
Morocco,2006,5,293.24692,284.84555,2.7636654,0.0015528502,1.953787e+07,0.19152832,0.23662043,0.21455292,292.8221,290.7076
Morocco,2006,6,295.46487,286.4167,2.6154017,0.0007713466,2.0470458e+07,0.16633764,0.21135749,0.19895157,295.527,293.66873
Morocco,2006,7,299.91162,286.94394,2.337243,0.00036492394,2.097906e+07,0.13057098,0.19088748,0.19290093,299.74768,297.11374
Morocco,2006,8,298.74408,287.65112,2.4400246,0.000244261,1.9929304e+07,0.123921484,0.18561137,0.18976173,299.41245,298.23035
Morocco,2006,9,295.86707,286.19308,2.3369017,0.00053637236,1.6015855e+07,0.13401696,0.17867117,0.17900795,296.939,297.31702
Morocco,2006,10,293.10596,284.13293,2.5443962,0.00094402645,1.3160264e+07,0.14925282,0.17995287,0.170662,293.74,294.7005
Morocco,2006,11,288.1671,281.39548,2.3170648,0.0012296935,9.384373e+06,0.2055124,0.21326089,0.16261332,288.51083,290.9324
Morocco,2006,12,282.16455,277.17178,2.3869994,0.0010379865,8.404907e+06,0.23791616,0.23146051,0.16389604,282.67462,285.8258
Morocco,2007,1,282.577,275.09268,2.0830278,0.0006444153,9.616911e+06,0.1702232,0.209169,0.16245273,282.37814,283.9393
Morocco,2007,2,285.0379,279.39035,2.5782084,0.0014801489,1.0999632e+07,0.2342114,0.23918757,0.16699724,284.26096,284.62302
Morocco,2007,3,285.23175,276.01184,2.936971,0.0008974168,1.6136866e+07,0.16540366,0.1999762,0.16087502,285.4811,285.6643
Morocco,2007,4,286.63022,281.64078,2.658756,0.0036533873,1.6170546e+07,0.27282503,0.26368114,0.17323057,286.46893,285.98248
Morocco,2007,5,290.87622,281.70825,2.672914,0.0010857073,2.011963e+07,0.1951264,0.24533407,0.19039553,290.65558,289.1284
Morocco,2007,6,294.7702,284.86392,2.6749272,0.00010671894,2.1950168e+07,0.13312165,0.20355879,0.18601473,295.13858,292.827
Morocco,2007,7,299.172,286.06668,2.4605742,0.00015243975,2.1935822e+07,0.12179152,0.19000952,0.18854277,299.28812,296.62228
Morocco,2007,8,298.44714,286.774,2.451812,0.00035955373,1.9544918e+07,0.1244727,0.18509254,0.18707602,299.24335,297.99857
Morocco,2007,9,295.0568,286.77823,2.2679071,0.00071788527,1.5910988e+07,0.14617327,0.19072264,0.18532346,296.17032,296.52542
Morocco,2007,10,291.14392,283.9123,2.25439,0.0015228975,1.2635506e+07,0.1837531,0.19179413,0.16895127,292.09955,293.6756
Morocco,2007,11,286.50702,279.4143,2.2278666,0.0019609951,1.0031817e+07,0.2011927,0.21944365,0.16387388,287.0465,289.4205
Morocco,2007,12,282.858,277.63788,2.147559,0.0006104812,8.860354e+06,0.23727228,0.25630575,0.17940414,282.7272,285.1989
Morocco,2008,1,283.25854,278.5189,2.220803,0.0014014939,9.607951e+06,0.25483882,0.27542368,0.19947791,282.5641,283.79877
Morocco,2008,2,285.33688,279.44223,2.5400329,0.0016094041,1.1656764e+07,0.22343133,0.2390396,0.1990168,284.73065,284.87433
Morocco,2008,3,286.0747,278.18918,2.7055533,0.00058861147,1.6018799e+07,0.1871492,0.22893381,0.19511889,285.81137,285.78143
Morocco,2008,4,289.41684,278.75452,3.2194214,0.0011916531,1.9166682e+07,0.17618646,0.21238981,0.1865493,289.1324,287.7963
Morocco,2008,5,290.0188,282.67346,2.8147871,0.0015858863,1.8620532e+07,0.18718277,0.20843267,0.18389058,290.62042,289.961
Morocco,2008,6,295.8501,284.83908,2.4702375,0.00024006667,2.2679832e+07,0.1404495,0.19815809,0.18166944,295.43347,292.54413
Morocco,2008,7,298.9524,286.58768,2.5371163,0.0003246937,2.1443868e+07,0.12450583,0.18323798,0.18064141,299.48102,297.20837
Morocco,2008,8,298.94623,286.75653,2.2494054,0.0002698065,2.0076726e+07,0.1228252,0.18330772,0.18267545,299.76678,298.3946
Morocco,2008,9,294.72168,287.59186,2.2275193,0.001891951,1.5166747e+07,0.17717214,0.1961737,0.17949888,295.98975,296.6355
Morocco,2008,10,289.48703,284.97098,2.4980884,0.0038088271,1.1325974e+07,0.27538192,0.2574529,0.17851701,290.12518,292.2622
Morocco,2008,11,283.66104,279.65244,2.7159534,0.003045971,9.141603e+06,0.31110612,0.3190958,0.23268703,284.07562,286.83688
Morocco,2008,12,281.60504,278.12418,2.867538,0.0025184872,7.46495e+06,0.3337451,0.33916152,0.26736373,281.44214,283.49503
Morocco,2009,1,281.3405,278.10278,2.9479966,0.003042758,7.835265e+06,0.35002106,0.3473356,0.29002535,281.19547,282.5765
Morocco,2009,2,283.2573,278.57635,2.9035091,0.0030391333,1.147901e+07,0.29422173,0.324484,0.30441904,282.50763,282.8152
Morocco,2009,3,286.5728,281.07504,3.000934,0.0023723806,1.4383914e+07,0.25604892,0.2904552,0.2849601,286.10535,285.3734
Morocco,2009,4,286.62247,279.0116,2.9724662,0.0008041326,1.8211768e+07,0.20742244,0.25272855,0.25845376,286.52097,285.99756
Morocco,2009,5,292.3276,282.6344,2.9525065,0.00046118948,2.0915026e+07,0.15237582,0.20618002,0.23196396,292.0548,289.8287
Morocco,2009,6,296.54556,285.39,2.4398224,0.0004770316,2.1288082e+07,0.13844174,0.1882723,0.21754384,296.50644,293.99213
Morocco,2009,7,300.0541,285.59433,2.440276,0.00017729083,2.169337e+07,0.1180055,0.17720367,0.20417228,299.90826,297.2067
Morocco,2009,8,299.09378,287.62415,2.3426836,0.0001978828,1.9881166e+07,0.11831684,0.17712775,0.2004325,299.9903,298.81378
Morocco,2009,9,293.61572,287.40067,2.112729,0.0028668097,1.4591464e+07,0.2229616,0.22194463,0.19636816,294.73425,296.02786
Morocco,2009,10,292.97415,284.57944,2.0745602,0.0004522731,1.3752976e+07,0.16702433,0.21342756,0.18344839,293.07944,293.6177
Morocco,2009,11,288.28494,279.8698,2.5837996,0.00075523596,1.0179452e+07,0.153972,0.19590071,0.18266498,288.87772,290.89487
Morocco,2009,12,285.24905,279.76797,3.2741554,0.0041402336,7.7864265e+06,0.25766838,0.2541392,0.20269608,284.81897,286.87558
Morocco,2010,1,283.53314,278.65128,3.1611266,0.0037707172,7.86476e+06,0.29523787,0.30610225,0.27948034,283.76395,285.76575
Morocco,2010,2,285.80606,281.3851,3.6600547,0.0047896765,9.482777e+06,0.321533,0.32991487,0.30252296,284.7464,285.1438
Morocco,2010,3,286.75674,281.17307,2.9234092,0.002962668,1.3760246e+07,0.2940273,0.3206396,0.30989856,286.24692,286.18646
Morocco,2010,4,289.6988,283.7121,2.5947082,0.0018160644,1.7498554e+07,0.22610316,0.26104322,0.27559626,289.34512,288.31375
Morocco,2010,5,290.80356,282.22357,2.8545058,0.0008399463,2.0032304e+07,0.17981857,0.22781122,0.25089934,290.97028,290.03244
Morocco,2010,6,294.2445,285.01926,2.4608939,0.000619305,2.1303952e+07,0.14781322,0.20065498,0.23447357,294.63278,292.95413
Morocco,2010,7,299.78705,288.3656,2.3639245,0.000403932,2.1081854e+07,0.13431637,0.19561656,0.2322655,299.65503,297.0496
Morocco,2010,8,300.08536,288.43472,2.20747,0.00085386256,1.9403456e+07,0.14360721,0.18990125,0.22029707,300.19617,298.72244
Morocco,2010,9,296.16125,287.32272,2.3681839,0.000698247,1.6246263e+07,0.14222407,0.18805277,0.20679832,297.49536,297.86597
Morocco,2010,10,290.51694,284.3672,2.4638152,0.002914077,1.2171097e+07,0.2251561,0.2466654,0.21047686,291.49933,293.41934
Morocco,2010,11,286.0323,280.87955,2.7792552,0.003561918,9.042892e+06,0.23896262,0.26253724,0.22038153,286.7096,289.02005
Morocco,2010,12,285.19333,279.68372,3.0958383,0.0018799328,7.8218785e+06,0.2747779,0.29663646,0.2721663,285.04526,286.97815
Morocco,2011,1,283.1207,277.8331,2.4207087,0.0013610043,8.99369e+06,0.24014264,0.27229032,0.27022877,283.206,284.7986
Morocco,2011,2,282.63925,276.8931,2.621468,0.0014411361,1.2516658e+07,0.25444844,0.2784809,0.27142626,282.3724,283.37027
Morocco,2011,3,285.1876,278.84412,2.695399,0.0018532763,1.4976665e+07,0.24047983,0.2655352,0.26479876,284.7964,284.62958
Morocco,2011,4,290.18805,282.38806,2.8150475,0.0024322583,1.7758712e+07,0.21029782,0.2329096,0.24629928,289.904,288.59048
Morocco,2011,5,292.43817,285.2507,2.69896,0.0026043549,1.8196278e+07,0.25436014,0.27503952,0.24372594,291.5436,289.93735
Morocco,2011,6,296.4101,286.56253,2.2709975,0.0013119503,2.1540916e+07,0.18539672,0.23849383,0.22585844,295.5575,293.13678
Morocco,2011,7,298.494,286.51303,2.5440328,0.00012285732,2.158551e+07,0.124629475,0.1995022,0.22062384,298.96643,297.11768
Morocco,2011,8,299.3591,287.6909,2.3301814,0.0003873399,1.9353568e+07,0.12526408,0.18812889,0.21384867,299.98087,298.53018
Morocco,2011,9,295.93326,286.88986,2.2962298,0.00041240396,1.6726416e+07,0.13174023,0.18724172,0.20665894,296.95593,297.12473
Morocco,2011,10,291.80576,283.11847,2.2959812,0.001386411,1.3070741e+07,0.15698342,0.1874914,0.19591533,293.0954,294.68845
Morocco,2011,11,286.07004,280.75037,2.744924,0.003195207,9.195505e+06,0.2773656,0.28087607,0.2160044,286.69238,289.384
Morocco,2011,12,282.49582,277.7383,1.9799792,0.0003777939,8.902559e+06,0.24770352,0.27129194,0.23144995,282.62042,285.24878
Morocco,2012,1,281.44763,275.47568,2.143522,0.0010699948,9.806659e+06,0.2181922,0.24061678,0.22208203,281.32,283.17575
Morocco,2012,2,280.5185,273.7192,2.555393,0.0005051048,1.2913164e+07,0.2092558,0.23780268,0.21548353,280.50076,281.64062
Morocco,2012,3,285.88547,277.70474,2.5914474,0.0010548101,1.5978685e+07,0.16282815,0.20212072,0.20963468,285.63687,284.58777
Morocco,2012,4,286.09372,280.05685,3.1033597,0.0024046064,1.7214394e+07,0.25114733,0.26136535,0.21259952,286.238,285.8924
Morocco,2012,5,293.438,281.9773,2.6284025,0.0003427024,2.0851182e+07,0.15805732,0.2147928,0.20727532,292.72226,290.04434
Morocco,2012,6,297.18948,285.7375,2.5257375,0.00023463166,2.1929878e+07,0.12944208,0.1943276,0.21175705,297.19592,294.36206
Morocco,2012,7,299.14337,285.7833,2.4890256,0.00015691183,2.1755012e+07,0.12068025,0.18522583,0.210887,299.46127,297.45233
Morocco,2012,8,300.1779,285.59393,2.3620791,0.00017755934,1.9860944e+07,0.11807425,0.1829403,0.20990774,300.52145,298.92078
Morocco,2012,9,295.55417,285.9357,2.3913245,0.0011918615,1.6146852e+07,0.13467622,0.18218964,0.204217,297.0386,297.49884
Morocco,2012,10,291.64725,284.87354,2.570902,0.0029837692,1.1934506e+07,0.20861967,0.21945526,0.19213858,292.359,293.97617
Morocco,2012,11,287.07812,282.92416,2.8654153,0.004118466,8.410281e+06,0.32454047,0.32548198,0.25423124,287.63705,290.09973
Morocco,2012,12,283.15237,278.09482,2.0572984,0.0006916592,8.59348e+06,0.2846063,0.30956417,0.27789828,283.0323,285.41425
Morocco,2013,1,282.8179,277.59344,2.8907456,0.002274643,8.54698e+06,0.26350486,0.286262,0.27064228,282.22394,283.72385
Morocco,2013,2,282.46283,276.36978,3.0336342,0.001481797,1.1770209e+07,0.2500257,0.27954063,0.26975417,282.42123,283.49533
Morocco,2013,3,286.27676,280.59842,3.6446853,0.0036945343,1.3205685e+07,0.28056666,0.2997254,0.27655587,285.21646,284.7394
Morocco,2013,4,288.29456,281.06686,2.9466434,0.0011986112,1.8794042e+07,0.2151685,0.26343235,0.26731992,288.53552,287.49792
Morocco,2013,5,289.83957,281.19403,2.7424912,0.0010066449,2.0342314e+07,0.17731448,0.21465705,0.23550223,290.1494,289.07513
Morocco,2013,6,294.55576,283.38348,2.7410884,0.00016702263,2.2602178e+07,0.13154897,0.19499223,0.22015372,294.5287,292.00107
Morocco,2013,7,298.46222,286.85364,2.422556,0.00020904912,2.1662544e+07,0.11996522,0.18045405,0.2079873,298.82645,296.4095
Morocco,2013,8,299.45932,286.6704,2.3680313,0.0003532854,1.9672286e+07,0.11914601,0.17632894,0.19973269,300.15063,298.5268
Morocco,2013,9,295.10297,287.41608,2.2888887,0.0013960866,1.526258e+07,0.17322588,0.1915183,0.18553557,295.96738,296.28925
Morocco,2013,10,292.9477,284.12933,2.1704206,0.0005163082,1.3144337e+07,0.14342055,0.1824115,0.1747766,294.06213,294.8949
Morocco,2013,11,285.80414,278.7885,2.4476805,0.0019691985,9.877661e+06,0.19197485,0.20116484,0.17044756,287.18207,290.21716
Morocco,2013,12,282.58865,277.10754,2.5988135,0.0012803865,8.566212e+06,0.23424903,0.24079534,0.17247774,282.72534,285.24075
Morocco,2014,1,283.04123,277.6901,2.7908764,0.0025595415,8.0928385e+06,0.26200604,0.2631508,0.1818242,282.57843,284.20053
Morocco,2014,2,283.68262,278.10107,2.922574,0.0015081202,1.1461035e+07,0.26983818,0.28701296,0.21195711,283.15637,283.8634
Morocco,2014,3,285.28973,278.48157,3.0155063,0.0011059751,1.4876354e+07,0.20436555,0.23996063,0.21193375,285.13516,285.02292
Morocco,2014,4,289.91605,281.3461,2.730305,0.0011565199,1.9108404e+07,0.19302253,0.23435074,0.2068157,289.4901,287.7978
Morocco,2014,5,292.98553,282.92432,2.5364156,0.00071014476,2.1063514e+07,0.15207595,0.19757897,0.20072405,293.43793,291.67816
Morocco,2014,6,294.67044,284.19418,2.6037161,0.0005816302,2.1104886e+07,0.13826504,0.18960834,0.19389857,295.05096,293.16443
Morocco,2014,7,297.58255,285.97043,2.3701482,0.00017633715,2.1611998e+07,0.11918144,0.18302962,0.18865463,298.24536,296.07974
Morocco,2014,8,298.7925,286.2946,2.3740773,0.00018236475,2.0150982e+07,0.11437945,0.18108283,0.18995588,299.3922,297.7963
Morocco,2014,9,295.8369,286.97873,2.259569,0.0010018765,1.5492889e+07,0.14419447,0.18039812,0.18151465,297.01553,297.35068
Morocco,2014,10,293.6935,282.87442,2.3321333,0.0006272862,1.3324571e+07,0.15177953,0.18652257,0.16230194,293.92865,294.63766
Morocco,2014,11,287.36752,281.97778,3.0465927,0.004176256,7.990749e+06,0.25954252,0.2491292,0.16352464,288.072,290.77957
Morocco,2014,12,282.70312,278.007,2.5966818,0.0014630104,8.3180415e+06,0.2850407,0.29892904,0.21389583,282.96265,285.86984
Morocco,2015,1,282.0971,275.88052,2.7933707,0.0019241166,8.81361e+06,0.24087012,0.257625,0.20856574,281.84784,284.0743
Morocco,2015,2,281.72943,277.1052,3.2794096,0.0019679533,1.0505768e+07,0.28589895,0.28486568,0.21848069,281.61942,283.10776
Morocco,2015,3,285.44955,278.8241,2.4231002,0.001690809,1.5430789e+07,0.22610314,0.26124033,0.21492247,285.0973,284.8565
Morocco,2015,4,289.74493,282.68362,2.6318944,0.0013840685,1.8262478e+07,0.21790609,0.2574763,0.21437469,289.73654,287.99423
Morocco,2015,5,293.99472,283.0842,2.671811,0.0016404124,2.075603e+07,0.17105372,0.20845859,0.19524482,293.99994,291.9287
Morocco,2015,6,295.70776,285.42752,2.5603604,0.000595102,2.1057932e+07,0.1627378,0.21324025,0.17905337,295.64734,293.35336
Morocco,2015,7,300.4615,286.89938,2.310783,0.00029062066,2.1461956e+07,0.12560165,0.18980634,0.18423408,300.68967,297.92307
Morocco,2015,8,298.94748,288.7409,2.400574,0.0005495664,1.8891602e+07,0.13325769,0.18657313,0.18590707,299.8288,298.72885
Morocco,2015,9,294.85974,286.35376,2.1805692,0.00087758404,1.6051476e+07,0.13695052,0.181029,0.17736079,296.3921,296.88742
Morocco,2015,10,292.16165,285.74155,2.138032,0.0017950743,1.202942e+07,0.20707838,0.20330648,0.15806882,292.6177,294.09506
Morocco,2015,11,286.72888,279.7106,2.1564364,0.0005887411,1.0638346e+07,0.18258874,0.21378547,0.15579642,287.5925,290.27695
Morocco,2015,12,285.45206,275.449,1.9994792,2.1147496e-05,9.149226e+06,0.12796377,0.18131143,0.15260443,285.55112,287.42346
Morocco,2016,1,285.16153,278.239,2.4805808,0.0007500602,9.215729e+06,0.16357574,0.18121454,0.15052685,285.03854,286.47293
Morocco,2016,2,284.3955,277.55426,3.2757528,0.0020081326,1.1348348e+07,0.18833917,0.1914416,0.15043658,284.67197,285.87247
Morocco,2016,3,284.594,277.40582,2.7157426,0.001263424,1.5329029e+07,0.21093686,0.22400796,0.1535263,284.45044,284.83636
Morocco,2016,4,288.62442,280.75894,2.6438181,0.000944582,1.8538314e+07,0.17886688,0.21101578,0.1557023,288.83353,287.5285
Morocco,2016,5,291.85037,283.03568,2.9136162,0.001989522,1.940148e+07,0.19752418,0.22354953,0.15893908,291.88574,290.3091
Morocco,2016,6,296.56473,284.05972,2.6698935,0.00022622451,2.2280874e+07,0.12322442,0.18327296,0.15885161,296.90137,294.18738
Morocco,2016,7,300.21365,287.21487,2.4841847,0.00036785903,2.1067612e+07,0.124542385,0.17977698,0.16319054,300.461,297.6264
Morocco,2016,8,299.9643,287.05988,2.4821603,0.00037870128,1.9556824e+07,0.1227755,0.17659652,0.1621611,300.8943,299.28943
Morocco,2016,9,296.1195,285.7961,2.3749776,0.0004914478,1.6375128e+07,0.13030653,0.17625138,0.16152667,297.71808,298.092
Morocco,2016,10,293.0405,283.66287,2.3699138,0.0008359557,1.3111525e+07,0.14945272,0.1829035,0.15367094,294.01944,295.0994
Morocco,2016,11,286.1772,279.23752,2.7668445,0.0023210025,9.224692e+06,0.19262262,0.19196634,0.1450318,287.5891,290.93472
Morocco,2016,12,283.2348,279.42615,2.3935056,0.002642076,7.9161315e+06,0.3144215,0.2999465,0.18702216,283.69424,286.55014
Morocco,2017,1,281.1129,275.0913,2.5896232,0.0011589365,9.400964e+06,0.2334933,0.2548675,0.18952997,281.08865,283.30637
Morocco,2017,2,285.0164,279.2876,2.7324984,0.0020917503,1.1402349e+07,0.2500571,0.26698494,0.1900575,284.2827,284.46942
Morocco,2017,3,286.46887,278.95923,2.675652,0.00085941795,1.5907944e+07,0.20819665,0.24424507,0.19224426,286.21127,285.96347
Morocco,2017,4,290.53513,280.9027,2.6105688,0.0010700689,1.9174618e+07,0.16132048,0.20696807,0.18536565,290.7756,289.00186
Morocco,2017,5,294.1733,283.83844,2.7511244,0.00039789514,2.0341798e+07,0.14943603,0.19796483,0.17405553,294.39166,292.12213
Morocco,2017,6,298.35568,285.22134,2.5976734,0.00036900715,2.187226e+07,0.12758367,0.18352221,0.17190078,298.77344,296.0533
Morocco,2017,7,299.87814,284.2516,2.6023161,0.00012420914,2.1824682e+07,0.112182744,0.17797525,0.17124718,300.30502,298.14005
Morocco,2017,8,300.09198,286.67035,2.369157,0.00077101326,1.8836838e+07,0.12506092,0.17651759,0.17012705,301.11517,299.85693
Morocco,2017,9,296.1095,284.60397,2.332521,0.00025869574,1.7199032e+07,0.12206464,0.17773834,0.1588207,297.41623,297.82135
Morocco,2017,10,293.6431,281.62833,2.3021128,0.00060949975,1.366956e+07,0.13334277,0.16805887,0.1445034,294.64673,295.8438
Morocco,2017,11,287.28433,275.4606,2.2613964,0.0009497115,1.0693607e+07,0.12466303,0.16134828,0.13675301,288.55566,291.3388
Morocco,2017,12,282.3179,276.50952,2.4842544,0.0013141447,8.436065e+06,0.23255828,0.22002351,0.13570046,282.83844,286.34308
Morocco,2018,1,282.48013,277.29913,2.7096984,0.0020853106,8.685019e+06,0.25286853,0.25420249,0.15839414,282.61295,284.73877
Morocco,2018,2,282.16327,277.02402,2.64462,0.0018795347,1.172472e+07,0.2640554,0.26435834,0.17446777,281.99115,283.26758
Morocco,2018,3,285.66455,280.1429,4.1252174,0.0044672512,1.2833337e+07,0.28132024,0.29448852,0.2135699,285.16678,285.18967
Morocco,2018,4,287.558,281.51505,3.1710742,0.0029789174,1.6435053e+07,0.2587816,0.27762088,0.2241886,287.47583,286.64185
Morocco,2018,5,289.55347,282.99258,2.4379375,0.0015348693,1.8959286e+07,0.22228971,0.2545649,0.21636131,289.72247,288.53738
Morocco,2018,6,294.00305,285.20346,2.5778525,0.0002195025,2.1013176e+07,0.14574035,0.20797868,0.20276679,294.30215,291.88373
Morocco,2018,7,298.35706,285.86526,2.3493872,7.150706e-05,2.157669e+07,0.117313236,0.18797487,0.19634394,298.6595,295.98355
Morocco,2018,8,299.02637,287.4149,2.2504408,0.0005408815,1.9561356e+07,0.12858634,0.1822042,0.18763712,299.71878,298.059
Morocco,2018,9,296.35474,288.07895,2.239756,0.001497889,1.5213706e+07,0.17029521,0.19293965,0.17761162,296.90134,296.8515
Morocco,2018,10,290.58005,283.88022,2.6099072,0.003603449,1.1354246e+07,0.21459496,0.21172254,0.16263391,291.8962,293.94608
Morocco,2018,11,285.7691,281.3198,2.5320227,0.0019534398,9.050005e+06,0.2920026,0.29286516,0.2082693,285.9523,288.49677
Morocco,2018,12,284.49472,277.72464,1.9986852,0.000208938,9.316392e+06,0.2134987,0.25475845,0.2134167,284.2332,286.25388
Morocco,2019,1,281.88077,274.96094,2.4781804,0.0010769854,9.317152e+06,0.1911073,0.22439712,0.19856824,281.7823,283.63455
Morocco,2019,2,284.08582,275.0459,2.534518,0.0007150706,1.312643e+07,0.19543032,0.23016137,0.1955539,283.82855,284.25012
Morocco,2019,3,286.74683,277.94223,2.7903957,0.0010533935,1.5558714e+07,0.1577797,0.18931158,0.18178807,286.68628,286.0891
Morocco,2019,4,287.466,280.16812,2.8199034,0.002087334,1.7166378e+07,0.23023759,0.22869945,0.1769724,287.4773,286.88556
Morocco,2019,5,293.42755,281.71664,2.696195,0.000289917,2.2052284e+07,0.14323913,0.20172937,0.17527208,293.59485,291.06888
Morocco,2019,6,295.0101,283.58215,2.5994043,0.00015671739,2.259075e+07,0.11869042,0.18046701,0.17216319,295.9528,293.80338
Morocco,2019,7,298.23053,286.90042,2.543447,0.00020301226,2.1299844e+07,0.11979657,0.1844416,0.17608164,298.95447,296.6982
Morocco,2019,8,299.3223,287.18076,2.3220809,0.0003780902,1.9622392e+07,0.121860035,0.18237402,0.17806888,300.21442,298.55206
Morocco,2019,9,295.92337,286.15997,2.1889913,0.0008717972,1.6595948e+07,0.14989106,0.18897982,0.16848506,296.80966,296.91534
Morocco,2019,10,291.74496,282.36478,2.252636,0.00097407185,1.3325911e+07,0.15574731,0.18489334,0.16090335,292.9948,294.70892
Morocco,2019,11,285.8127,280.52963,3.0170658,0.0021800161,8.672355e+06,0.23646699,0.2352906,0.16181383,286.67334,289.4514
Morocco,2019,12,284.5144,279.04202,2.6591012,0.0016420234,8.2415025e+06,0.26324382,0.27686715,0.19092315,284.52936,286.62158
Morocco,2020,1,282.1443,275.3891,2.0766826,0.00075170834,9.871037e+06,0.20445569,0.23262869,0.19030036,282.21933,284.28973
Morocco,2020,2,286.6733,277.72412,2.1472595,7.426623e-05,1.3358381e+07,0.15585542,0.20906967,0.18505327,286.13983,285.79584
Morocco,2020,3,286.69107,279.4773,2.7522998,0.001994309,1.4350245e+07,0.19634856,0.20631868,0.18130773,286.97195,287.0683
Morocco,2020,4,288.6084,282.71964,2.759801,0.0026015402,1.6486611e+07,0.24869202,0.25951356,0.1890343,288.5255,287.7876
Morocco,2020,5,293.26825,283.5092,2.6877189,0.001490167,2.0794002e+07,0.19160983,0.23583885,0.19027609,292.96805,290.79626
Morocco,2020,6,295.51184,285.03622,2.6565394,0.0004291164,2.173556e+07,0.14353727,0.20503566,0.18640855,295.92117,293.88776
Morocco,2020,7,300.9238,286.75705,2.3534129,0.00024262215,2.1446792e+07,0.12207444,0.19008264,0.18667367,300.91995,298.09753
Morocco,2020,8,299.7515,286.7281,2.384949,0.00024769607,1.9911584e+07,0.121214725,0.18647417,0.18663464,300.5884,299.27792
Morocco,2020,9,296.8213,285.77896,2.374823,0.00032996206,1.6916952e+07,0.122517265,0.18039548,0.17716399,297.9295,298.0516
Morocco,2020,10,290.93317,281.56738,2.2912114,0.0008034104,1.313659e+07,0.14763911,0.18372439,0.16471243,292.421,294.41724
Morocco,2020,11,288.04688,279.76416,2.4908242,0.0010778927,1.0218566e+07,0.17145607,0.19231573,0.15554312,288.81238,291.10287
Morocco,2020,12,284.09213,279.80643,2.763342,0.00170479,7.661911e+06,0.25906453,0.24960068,0.16356607,284.52597,287.16684
Morocco,2021,1,282.6541,277.694,2.7839296,0.0028019322,8.765502e+06,0.2682904,0.28375655,0.20350656,282.48245,284.1995
Morocco,2021,2,285.3997,277.72134,2.8828077,0.0013810686,1.2014162e+07,0.21737288,0.2556918,0.21411215,285.2545,285.82745
Morocco,2021,3,285.76248,279.34116,2.4903007,0.0018777986,1.4823436e+07,0.2523568,0.26467237,0.21196046,285.4643,285.59372
Morocco,2021,4,288.93814,282.55463,2.496533,0.0021102312,1.7143498e+07,0.2121039,0.24366243,0.20637,289.31372,288.30157
Morocco,2021,5,292.61758,283.29282,2.6126854,0.00066197035,2.0347338e+07,0.18198758,0.22707108,0.20099199,292.54205,290.67218
Morocco,2021,6,295.2043,285.6902,2.5339906,0.0006014074,2.1119642e+07,0.14882378,0.20128039,0.19651046,295.76334,293.85437
Morocco,2021,7,300.1157,285.09265,2.626892,0.00012219069,2.1777964e+07,0.115181476,0.1869554,0.19006614,300.00885,297.31583
Morocco,2021,8,299.25024,286.3866,2.415732,0.00012835716,1.993843e+07,0.11868814,0.18885039,0.1918091,300.00656,298.70215
Morocco,2021,9,296.4838,286.7316,2.2697122,0.00059941673,1.6359192e+07,0.13739884,0.18427466,0.18490905,297.38953,297.53073
Morocco,2021,10,292.4981,282.05707,2.2774398,0.0001126169,1.3840081e+07,0.115728974,0.17386566,0.17114182,293.71588,295.0363
Morocco,2021,11,285.15585,278.41443,2.598838,0.0012238049,9.786e+06,0.17028734,0.18071091,0.15958413,286.6967,289.98618
Morocco,2021,12,284.46964,278.3928,2.4968562,0.0013097466,8.44964e+06,0.21699882,0.23084779,0.16118346,284.1852,286.29556
Morocco,2022,1,283.21872,275.2214,2.4439416,0.0003478041,1.0212136e+07,0.17658097,0.21490191,0.16613594,283.27332,285.1447
Morocco,2022,2,285.78397,276.9501,2.3775072,0.0005304466,1.2577176e+07,0.13812232,0.17684701,0.15630156,285.76013,285.8308
Morocco,2022,3,285.2539,279.6665,2.9107401,0.0030154951,1.3412602e+07,0.2501982,0.23559907,0.1629148,285.42014,285.96198
Morocco,2022,4,287.3678,279.97855,3.1405678,0.001524666,1.7645234e+07,0.22492371,0.2566672,0.17989054,287.43567,286.98233
Morocco,2022,5,294.03348,281.89362,2.7093809,0.0005734638,2.1273178e+07,0.15150096,0.20457162,0.17126441,293.697,291.0094
Morocco,2022,6,297.03433,285.16766,2.5716124,0.00034695226,2.1231434e+07,0.126398,0.18650022,0.17273146,297.65262,295.3484
Morocco,2022,7,300.81268,285.24286,2.4952395,0.00018564242,2.1669646e+07,0.11616958,0.18240707,0.17390493,300.71948,297.88965
Morocco,2022,8,299.71243,286.47583,2.4318314,0.00022340052,1.940366e+07,0.115490526,0.1806844,0.17182033,300.697,299.4108
Morocco,2022,9,295.733,286.3009,2.459807,0.00055906613,1.5624612e+07,0.13020292,0.18109591,0.16989733,297.34354,297.94165
Morocco,2022,10,294.44302,281.8536,2.5186753,0.000703108,1.3212272e+07,0.14629847,0.18402913,0.15657607,294.32996,295.06122
Morocco,2022,11,288.8986,279.20657,2.4131444,0.00042582946,1.0364496e+07,0.13068864,0.17272897,0.14626536,290.16763,292.61365
Morocco,2022,12,286.0555,280.11688,2.8336291,0.0027236105,7.8750025e+06,0.23565453,0.24104188,0.1703114,286.14044,288.60663
Morocco,2023,1,282.17065,276.4257,2.3812215,0.0007863554,9.309979e+06,0.1984723,0.2270162,0.1830127,283.06506,285.70132
Morocco,2023,2,283.72424,276.73904,2.9056542,0.0017110306,1.1361534e+07,0.20295836,0.21805601,0.17641675,283.61426,284.47708
Morocco,2023,3,288.40082,279.17776,2.3184433,0.00026088548,1.6156172e+07,0.18241204,0.22563009,0.17699884,287.80917,286.8261
Morocco,2023,4,291.85168,278.8027,2.6598766,0.00026307523,2.0130284e+07,0.12540422,0.18573283,0.1696245,292.12167,290.351
Morocco,2023,5,291.46136,282.37625,2.5394804,0.001992559,1.9583272e+07,0.18056066,0.20369874,0.1701148,292.62082,292.16293
Morocco,2023,6,296.82504,286.2966,2.4620552,0.00092654553,2.070883e+07,0.16995026,0.21555978,0.16546583,296.48157,293.71927
Morocco,2023,7,300.91724,285.6748,2.4997208,8.8497276e-05,2.1963676e+07,0.11320495,0.18386686,0.1656308,301.23862,298.72214
Morocco,2023,8,301.17905,284.4574,2.4569085,0.0001433104,2.0260612e+07,0.10682522,0.174191,0.16030191,301.8589,300.20477
Morocco,2023,9,295.49374,286.75986,2.291837,0.0008632049,1.6133171e+07,0.14452536,0.17944081,0.15184444,296.8837,297.5892
Morocco,2023,10,293.50177,283.3111,2.4624038,0.0011432426,1.271423e+07,0.1489981,0.1792087,0.14183977,294.65164,295.92627
Morocco,2023,11,287.8227,278.5448,2.2130995,0.00026270488,1.0462499e+07,0.15619023,0.1959672,0.13987204,288.79092,291.44485
Morocco,2023,12,284.5519,275.77783,2.210372,0.00034203575,9.027537e+06,0.15395571,0.18807052,0.1415488,285.2385,287.98007
Morocco,2024,1,285.45685,275.45837,2.4237256,0.0008377242,9.761613e+06,0.17440781,0.19330582,0.13963124,285.08514,286.40152
Morocco,2024,2,285.89932,277.79333,3.1313603,0.0019702264,1.173244e+07,0.19346453,0.21181275,0.14324328,286.06366,287.02206
Morocco,2024,3,287.50165,279.60565,3.5285494,0.0033281937,1.3821291e+07,0.22177649,0.23587874,0.15394005,287.3211,287.20248
Morocco,2024,4,289.7281,280.17752,2.8333683,0.0010242647,1.873662e+07,0.19252792,0.23123385,0.17076784,290.2118,289.49612
Morocco,2024,5,292.802,282.6533,2.5599256,0.0003409432,2.0592818e+07,0.14702703,0.20187837,0.16338229,292.96515,291.05518
Morocco,2024,6,295.36502,285.53378,2.655616,0.0005837783,2.0546332e+07,0.13858432,0.19376527,0.16647401,296.3393,294.59988
Morocco,2024,7,300.42325,285.54398,2.4745054,9.9904326e-05,2.1742754e+07,0.113710634,0.1834279,0.16173653,300.52777,297.69226
Morocco,2024,8,300.13428,287.65747,2.4135516,0.0002582791,1.9565752e+07,0.11727665,0.18238679,0.16287832,301.23657,299.82004
Morocco,2024,9,295.60272,287.37476,2.2004116,0.0014252801,1.6047668e+07,0.17207243,0.19691908,0.15890323,296.61414,297.38855
Morocco,2024,10,291.79153,285.22684,2.4932332,0.0018339435,1.1863125e+07,0.18688162,0.21211897,0.15309411,293.09772,294.75735
Morocco,2024,11,289.3103,281.3563,2.3909023,0.00034443382,1.0268085e+07,0.18635337,0.22307633,0.15301782,289.40298,291.06238
Morocco,2024,12,283.914,276.13586,2.1210017,0.0002554736,8.882514e+06,0.14878272,0.19600593,0.1513436,285.1234,287.9465
Portugal,1985,1,279.66443,276.0778,3.067683,0.0051062168,6.488662e+06,0.35691875,0.35883632,0.34654304,279.7121,281.35788
Portugal,1985,2,283.96625,280.92667,3.5514126,0.006711669,7.4084155e+06,0.36995065,0.3719745,0.3761099,283.39435,283.342
Portugal,1985,3,283.07877,277.3376,3.4828804,0.001153805,1.3664797e+07,0.30021068,0.31677568,0.34211347,282.92993,283.0751
Portugal,1985,4,286.57486,280.89185,3.050885,0.0040443777,1.6385145e+07,0.30449247,0.30745938,0.3070542,286.26797,285.27863
Portugal,1985,5,287.19717,281.55508,2.9730043,0.002192314,1.8235216e+07,0.27002764,0.2823146,0.29278857,287.7473,286.808
Portugal,1985,6,292.6616,285.61957,2.544701,0.0008753227,2.176792e+07,0.21781866,0.25244203,0.27753228,292.74475,290.38596
Portugal,1985,7,295.72165,286.63116,2.7549558,0.00054533256,2.2576874e+07,0.14017302,0.1855004,0.24428865,296.89886,294.8233
Portugal,1985,8,295.22797,284.47388,3.036684,4.7148154e-05,2.164367e+07,0.11497065,0.16264395,0.22565001,296.55804,295.3845
Portugal,1985,9,296.32217,286.15155,2.2310574,0.00031734334,1.6525613e+07,0.1183124,0.15300985,0.21113594,297.10965,296.30545
Portugal,1985,10,290.93585,282.45358,2.2409947,0.00020048772,1.270533e+07,0.119822085,0.15779401,0.20814472,292.44452,293.74277
Portugal,1985,11,284.15707,280.2316,3.0319557,0.0038646923,6.8000585e+06,0.29137492,0.27287406,0.23624146,285.60266,288.49078
Portugal,1985,12,282.31015,279.26154,3.0792763,0.003952285,5.695077e+06,0.33767733,0.33132327,0.2798566,282.7409,284.6842
Portugal,1986,1,280.88132,277.93262,3.0588667,0.002130997,6.6972525e+06,0.33889842,0.34058225,0.32461682,281.29245,282.823
Portugal,1986,2,281.61984,279.01242,3.3733034,0.006034466,7.01039e+06,0.3633194,0.36209783,0.34395123,281.45383,281.92758
Portugal,1986,3,283.5449,278.92627,2.8411427,0.0013010185,1.332196e+07,0.3192445,0.33095565,0.34767142,283.5244,283.49066
Portugal,1986,4,282.642,277.5368,3.200589,0.002500252,1.5839431e+07,0.30528867,0.30544198,0.3128208,283.33005,283.36304
Portugal,1986,5,290.0363,282.60913,2.93583,0.00061529374,2.0628438e+07,0.21128218,0.2496782,0.28570268,289.789,287.44897
Portugal,1986,6,293.03293,283.413,3.0138807,0.00045247385,2.3426824e+07,0.13555747,0.17883015,0.2453807,294.0964,292.0243
Portugal,1986,7,296.9842,285.3014,2.8522613,3.530944e-05,2.3935028e+07,0.1180851,0.16404226,0.22908264,297.89294,295.26364
Portugal,1986,8,294.04752,284.73834,2.9414606,0.000318593,2.0302236e+07,0.12259134,0.15848908,0.21874401,295.9356,295.4118
Portugal,1986,9,293.462,287.27206,2.6308515,0.0031029086,1.4107453e+07,0.22996058,0.22653808,0.21813682,294.51657,294.68304
Portugal,1986,10,289.89847,285.35565,2.248414,0.0017257559,1.0978286e+07,0.25766397,0.25683463,0.21977215,290.76743,291.98657
Portugal,1986,11,284.33813,280.24515,2.539825,0.0025089998,7.9853865e+06,0.28559512,0.29146793,0.24267231,285.2757,287.5523
Portugal,1986,12,281.749,278.42587,2.4834764,0.0013477532,6.3696055e+06,0.3067328,0.30762473,0.27507427,282.14166,284.23505
Portugal,1987,1,280.827,277.34473,3.1886482,0.0043109367,6.3600615e+06,0.33780986,0.3380811,0.30786687,280.7459,281.9289
Portugal,1987,2,282.2041,279.1412,2.9484088,0.0034029824,8.459589e+06,0.36376008,0.36666456,0.3573603,282.02856,282.57645
Portugal,1987,3,285.56644,280.24918,2.7349591,0.0011138164,1.4299179e+07,0.29636505,0.3087104,0.33365846,285.13913,284.6265
Portugal,1987,4,286.98434,282.1331,3.2250247,0.0036991006,1.563728e+07,0.3166861,0.3239566,0.32585183,286.58966,285.54175
Portugal,1987,5,289.86835,282.0642,2.7779322,0.00047601032,2.09715e+07,0.19955723,0.24102078,0.28986067,290.1826,288.7028
Portugal,1987,6,293.31027,284.53424,3.0483606,0.0006346303,2.1673608e+07,0.14781615,0.18819305,0.2522034,293.71652,291.44922
Portugal,1987,7,296.03946,287.22388,2.6876311,0.00086753356,2.1640252e+07,0.15581395,0.16659796,0.2212554,297.30515,295.43866
Portugal,1987,8,296.46017,286.89017,2.6872938,0.0012840027,1.977791e+07,0.13608454,0.16342759,0.21327125,297.88864,296.6606
Portugal,1987,9,295.8947,287.04556,2.458732,0.0016808251,1.5438654e+07,0.18559642,0.19602694,0.19733104,296.54367,296.28357
Portugal,1987,10,287.21863,283.86545,3.0956285,0.005163794,8.683134e+06,0.3146302,0.29210487,0.2353466,288.8684,291.2143
Portugal,1987,11,284.53995,280.88733,2.9408014,0.0014002007,7.6574215e+06,0.32611942,0.3312196,0.30312553,285.40488,287.73575
Portugal,1987,12,284.01355,281.94205,3.229255,0.0054858164,5.0901125e+06,0.3623575,0.36216247,0.35151327,284.06284,285.28537
Portugal,1988,1,282.51706,280.22763,3.502857,0.004625142,5.411063e+06,0.36801735,0.36990014,0.36501274,282.4885,283.5673
Portugal,1988,2,282.33008,277.8993,3.3366559,0.0017361006,9.634359e+06,0.34164214,0.34811503,0.36080804,282.3673,283.29938
Portugal,1988,3,284.85864,278.4145,2.8396862,0.00037284437,1.5522682e+07,0.22992949,0.2623131,0.30623955,284.309,283.78934
Portugal,1988,4,285.869,281.21725,3.139926,0.0024876336,1.5472943e+07,0.26762322,0.26805326,0.28319526,286.31082,285.71973
Portugal,1988,5,287.9675,283.2821,2.9098096,0.0028745811,1.7224018e+07,0.29746372,0.30700305,0.29899833,288.32404,287.32224
Portugal,1988,6,291.0483,285.86835,2.5189257,0.004105084,1.82398e+07,0.28292412,0.2847058,0.2822626,291.5448,290.16626
Portugal,1988,7,294.57196,287.15683,2.8893766,0.001383354,2.1583706e+07,0.23038624,0.2696958,0.28584877,294.5043,292.5167
Portugal,1988,8,295.46954,285.7514,2.907258,2.8591438e-05,2.175372e+07,0.12475385,0.1842259,0.24987672,296.75214,295.4528
Portugal,1988,9,294.90652,283.1259,2.7052567,0.00014809669,1.7721424e+07,0.11656604,0.16525622,0.22963348,295.62585,295.19547
Portugal,1988,10,289.60593,284.061,2.8770397,0.0031165043,1.072837e+07,0.23556161,0.23846836,0.23273052,290.62848,291.9889
Portugal,1988,11,285.9142,282.44092,2.9868226,0.0039620143,6.812967e+06,0.34582126,0.34038228,0.29626498,286.6187,288.78226
Portugal,1988,12,281.04474,276.91696,2.6804876,0.0001449585,7.386783e+06,0.30077365,0.3109949,0.31532678,281.22568,283.5896
Portugal,1989,1,280.91553,277.25125,2.5066714,0.0011473641,7.780135e+06,0.30409458,0.3061868,0.30487487,280.59253,281.9491
Portugal,1989,2,283.1994,278.0748,3.3695025,0.0027048881,9.768335e+06,0.29969582,0.29884374,0.29018295,282.28848,282.45337
Portugal,1989,3,285.69595,279.7407,3.0238774,0.00109751,1.4625786e+07,0.25997224,0.27541536,0.28416714,285.2608,284.59366
Portugal,1989,4,284.2247,279.63507,3.8205667,0.0027940685,1.4659115e+07,0.3087923,0.30503473,0.28491014,284.77148,284.59048
Portugal,1989,5,290.7447,283.97635,2.3002322,0.002509009,2.0203634e+07,0.22663112,0.24291508,0.26595813,291.04742,289.0229
Portugal,1989,6,293.87445,285.84708,2.6413126,0.00071321684,2.2883366e+07,0.20760466,0.24253117,0.25504574,294.0177,291.70087
Portugal,1989,7,298.4473,286.91968,2.622044,0.0003631197,2.34118e+07,0.1271133,0.17434786,0.22904304,298.91177,296.244
Portugal,1989,8,296.35184,287.5317,2.5201528,0.0005077494,1.9468676e+07,0.13125753,0.16160943,0.21082415,298.22174,297.37244
Portugal,1989,9,293.20126,284.58554,2.504222,0.0007882424,1.6520007e+07,0.15969293,0.17497742,0.20828742,294.63504,295.1265
Portugal,1989,10,291.10645,284.6531,2.6751063,0.0023115093,1.1180983e+07,0.21887888,0.20919117,0.20587705,292.07263,293.30972
Portugal,1989,11,285.77835,283.0892,3.4426956,0.007006772,5.688895e+06,0.33553442,0.328935,0.2715739,286.8529,288.92
Portugal,1989,12,284.97266,282.96683,4.2283497,0.00996787,4.0661728e+06,0.3859692,0.3887248,0.38547075,285.38712,286.94534
Portugal,1990,1,281.03403,278.07733,2.6703603,0.0026583602,6.785236e+06,0.34710866,0.35176864,0.36263046,281.41232,283.32846
Portugal,1990,2,284.86273,281.5565,2.7916079,0.0008134466,9.572334e+06,0.3236628,0.33561522,0.35041872,284.30624,284.28824
Portugal,1990,3,286.13336,279.31223,3.432124,0.0013166907,1.4296468e+07,0.2656909,0.28464624,0.3071592,285.66638,285.4564
Portugal,1990,4,285.30917,279.80765,3.5785904,0.0028273484,1.6996244e+07,0.2888892,0.29317686,0.2913557,285.83377,285.6327
Portugal,1990,5,290.93835,283.60294,2.598066,0.00072255626,2.0794428e+07,0.20903507,0.24025969,0.27276376,290.8165,289.02582
Portugal,1990,6,293.0079,285.3855,2.8576756,0.0003891367,2.2618746e+07,0.14775293,0.19096656,0.2531693,294.32736,292.4737
Portugal,1990,7,297.78085,286.38174,2.7816982,0.00025372434,2.3189698e+07,0.12404394,0.17166528,0.23733252,298.43634,296.11377
Portugal,1990,8,297.0929,286.66785,2.5731082,0.00050039246,2.1077868e+07,0.13668849,0.17102012,0.2276641,298.6669,297.57236
Portugal,1990,9,294.29984,287.0464,2.3365493,0.001146185,1.5630356e+07,0.15251853,0.17452094,0.22115988,295.7317,295.97092
Portugal,1990,10,288.57678,284.10306,3.4748466,0.0054554776,8.979017e+06,0.2941584,0.27920496,0.23971725,289.97946,291.96967
Portugal,1990,11,283.70016,280.18198,2.693314,0.00226469,8.1329435e+06,0.3365031,0.33759087,0.30693066,284.7985,287.49017
Portugal,1990,12,280.88144,277.5031,3.001708,0.0015367029,5.740824e+06,0.33156472,0.3310875,0.3184538,281.0972,283.0469
Portugal,1991,1,280.70654,277.16727,2.7936761,0.0023272096,6.965069e+06,0.33606777,0.34013018,0.33568284,280.9181,282.4981
Portugal,1991,2,280.74432,277.22366,3.088127,0.003481461,8.703364e+06,0.35293987,0.35041824,0.33791083,280.54236,281.11816
Portugal,1991,3,284.40472,280.43,3.345403,0.0038656413,1.1912253e+07,0.34953457,0.3562701,0.36035407,284.0269,283.44067
Portugal,1991,4,285.57382,279.46066,3.0334504,0.0011904486,1.7183728e+07,0.2615814,0.27891046,0.31242394,285.70114,284.997
Portugal,1991,5,290.66104,279.6381,3.199159,0.0003055892,2.2834544e+07,0.15042797,0.20924059,0.27074257,290.59186,288.226
Portugal,1991,6,293.9144,284.1367,3.1879044,0.00048461687,2.354365e+07,0.1542364,0.18800204,0.24556917,294.45404,292.2382
Portugal,1991,7,296.788,285.68384,2.932196,0.0003140642,2.25971e+07,0.1250584,0.16655524,0.2309717,297.9762,295.92474
Portugal,1991,8,297.76633,286.81888,2.5880182,0.00033439673,2.0542134e+07,0.12199504,0.16122219,0.2207235,298.76782,297.39966
Portugal,1991,9,294.41742,286.5378,2.5228775,0.0011477729,1.5814038e+07,0.15319523,0.16529244,0.2108266,295.9336,296.2437
Portugal,1991,10,287.2419,281.93253,2.7730265,0.0024371124,1.0781759e+07,0.25903195,0.24017905,0.20602743,288.58862,290.90298
Portugal,1991,11,284.267,279.90732,3.1760068,0.002188988,7.506359e+06,0.27707455,0.2766806,0.2271312,284.87643,287.13638
Portugal,1991,12,282.1884,278.42233,2.5404885,0.0014209325,6.0790035e+06,0.31834915,0.31217825,0.26126742,282.43674,284.49115
Portugal,1992,1,279.29147,275.02832,2.8457012,0.0012233809,7.987571e+06,0.29557228,0.3009099,0.2838319,279.40472,281.20978
Portugal,1992,2,282.1018,276.52283,2.463763,0.0010599596,1.0181405e+07,0.26068458,0.26553267,0.2683649,281.36465,281.6764
Portugal,1992,3,285.35938,278.0425,3.262486,0.0010966127,1.5088929e+07,0.19221744,0.22717465,0.25289452,285.1482,284.34213
Portugal,1992,4,287.06372,279.73904,3.3955112,0.0020091522,1.8863024e+07,0.2503575,0.27614862,0.26346952,286.8595,285.52606
Portugal,1992,5,291.09943,282.2452,3.2210267,0.0019492069,2.0273424e+07,0.1729346,0.19720954,0.24129479,291.63202,289.89923
Portugal,1992,6,290.33264,283.72983,2.9550576,0.0015355002,1.9684544e+07,0.23303702,0.24392642,0.23679724,291.0398,289.93497
Portugal,1992,7,296.96362,285.97787,2.8293226,0.00015038927,2.3316878e+07,0.12881568,0.1805309,0.22248498,297.43588,294.74265
Portugal,1992,8,296.10007,285.9853,2.9399586,0.0009895663,1.9600402e+07,0.13428567,0.1612313,0.2088479,297.62808,296.77
Portugal,1992,9,292.5215,283.8561,2.6823077,0.0011137788,1.6574214e+07,0.16152038,0.17862721,0.20322844,293.90118,294.43488
Portugal,1992,10,286.61658,282.2507,3.0349061,0.0027708702,9.866144e+06,0.26920584,0.25380033,0.20917585,288.1032,290.06088
Portugal,1992,11,285.64285,282.37872,2.4319494,0.0008568129,7.8876755e+06,0.27517417,0.2831442,0.2443096,285.87775,287.50772
Portugal,1992,12,282.63342,279.47986,3.5114272,0.0030527303,5.6465125e+06,0.32568157,0.31846103,0.2786795,283.09763,284.94043
Portugal,1993,1,280.64752,277.0562,2.1793516,0.00096655596,7.7317625e+06,0.29824507,0.30471668,0.2954934,280.3397,281.93527
Portugal,1993,2,282.44128,276.3096,3.2364194,0.0008831024,1.1193611e+07,0.28851408,0.29803053,0.28488255,281.8424,282.31415
Portugal,1993,3,284.67706,278.63284,2.804351,0.001113605,1.3735167e+07,0.24807374,0.25722212,0.2635473,284.05707,283.43314
Portugal,1993,4,285.06326,279.39764,3.17597,0.003072983,1.664314e+07,0.24437821,0.2431912,0.25066003,285.93173,285.4671
Portugal,1993,5,287.3545,282.94943,2.8356037,0.004285408,1.6807568e+07,0.3301613,0.32454693,0.27785286,287.57825,286.61227
Portugal,1993,6,292.64847,285.7271,2.670029,0.001331179,2.0885564e+07,0.23571052,0.26210868,0.28103748,292.6556,290.4321
Portugal,1993,7,296.49084,284.90448,3.2268069,7.495974e-05,2.396304e+07,0.13424061,0.19204915,0.24676448,296.7883,294.3076
Portugal,1993,8,295.455,285.72668,2.7400303,0.0005857909,2.0034926e+07,0.13697189,0.17033805,0.22689332,296.8046,295.9744
Portugal,1993,9,290.27988,284.54364,3.154449,0.0020782207,1.3743863e+07,0.21146156,0.21566579,0.22484654,291.89978,292.96115
Portugal,1993,10,286.2574,282.3809,3.7983387,0.0066591366,9.149021e+06,0.32398862,0.314778,0.28125802,287.1308,288.88217
Portugal,1993,11,283.67612,280.59427,2.639288,0.0032520765,7.360941e+06,0.34474424,0.3479334,0.33678326,284.093,285.90775
Portugal,1993,12,282.38828,280.03467,2.5735633,0.0005882902,5.539328e+06,0.31795415,0.32341978,0.32899946,282.43994,283.71155
Portugal,1994,1,281.2501,277.5755,3.3374763,0.0033035325,6.9578025e+06,0.3371573,0.34186998,0.34015694,281.29565,282.5996
Portugal,1994,2,281.60947,278.1272,3.1827497,0.003763894,8.819134e+06,0.34226298,0.340954,0.33144426,281.16574,281.51257
Portugal,1994,3,286.78946,281.12543,2.5249715,0.00034939713,1.5631631e+07,0.26483315,0.29261503,0.31982115,285.88196,284.762
Portugal,1994,4,285.77493,278.19055,3.4781122,0.00131639,1.8144806e+07,0.21786724,0.23860365,0.28078464,285.99075,285.42343
Portugal,1994,5,288.4744,282.83728,3.4115794,0.0045921532,1.790055e+07,0.26996437,0.28071117,0.2749301,289.0305,287.97238
Portugal,1994,6,294.15234,284.33194,3.0274177,0.00032167483,2.3957556e+07,0.16933191,0.22402668,0.2698854,294.09927,291.61377
Portugal,1994,7,295.69186,286.2334,2.9063816,0.00017407609,2.3429056e+07,0.12631385,0.17615698,0.24035066,297.19327,295.1972
Portugal,1994,8,295.47852,286.6255,2.817016,0.00039038635,2.0801326e+07,0.13106313,0.1745625,0.22946677,296.87393,295.81796
Portugal,1994,9,291.38116,283.5518,3.0797944,0.0006079838,1.5700459e+07,0.1484142,0.17608666,0.22513708,293.08884,294.05478
Portugal,1994,10,289.42758,285.43533,2.4508889,0.0024277072,9.977125e+06,0.26208958,0.2366443,0.22634576,290.24442,291.4542
Portugal,1994,11,286.02097,282.90518,2.6122096,0.0027780298,7.5497325e+06,0.31354508,0.31136364,0.26982734,286.24442,288.0019
Portugal,1994,12,283.04343,280.1178,2.588709,0.0019623234,5.784662e+06,0.30409592,0.30292147,0.28298265,283.18887,285.17398
Portugal,1995,1,282.2866,278.47296,3.1592698,0.0022281308,6.7809885e+06,0.3125227,0.3121492,0.2941463,281.92352,282.87866
Portugal,1995,2,283.72284,279.97678,3.1791093,0.0028243933,9.385487e+06,0.32611892,0.32896176,0.3093248,283.70352,284.15533
Portugal,1995,3,285.75452,278.55673,3.1643758,0.0008139916,1.4907851e+07,0.25231743,0.2770697,0.29174826,284.9041,284.27362
Portugal,1995,4,288.27133,278.70203,2.9252527,0.0010803298,1.949205e+07,0.15928693,0.19169308,0.24393068,288.91522,288.00815
Portugal,1995,5,291.27274,283.44223,3.0297093,0.0012358304,2.0103804e+07,0.19925044,0.21599369,0.2342161,291.50046,289.7331
Portugal,1995,6,293.67215,285.21555,2.5223496,0.00106773,2.2539108e+07,0.15882555,0.18228142,0.22541559,295.00977,293.0995
Portugal,1995,7,296.47992,286.8866,2.8384368,0.00069512054,2.1903078e+07,0.15395868,0.18613845,0.2148627,297.11795,295.14816
Portugal,1995,8,297.12146,286.40396,2.8286889,0.00012651453,2.0926452e+07,0.11541711,0.16154249,0.20710458,298.40988,297.09406
Portugal,1995,9,291.64874,284.10468,3.146101,0.0011883627,1.5223544e+07,0.1741015,0.18272054,0.20277134,293.3196,294.54962
Portugal,1995,10,291.71606,285.02658,2.6005747,0.0017465958,1.1731882e+07,0.17360193,0.18630125,0.19873467,292.5019,293.21762
Portugal,1995,11,286.9559,283.6098,2.9222178,0.004996464,6.4123965e+06,0.32220933,0.30753186,0.24459039,287.9317,289.9905
Portugal,1995,12,283.93707,281.4702,3.8281276,0.0075881467,4.810384e+06,0.36238173,0.35960987,0.31897604,284.09012,285.70706
Portugal,1996,1,282.8247,280.8403,3.9200904,0.009380058,4.7342065e+06,0.38871926,0.39151764,0.3900444,283.42825,285.01962
Portugal,1996,2,281.03467,276.9815,3.3948066,0.0024802673,9.348785e+06,0.35324612,0.35767347,0.3687252,281.28815,282.6843
Portugal,1996,3,284.49054,279.81674,3.1030393,0.0028937673,1.3244503e+07,0.34040573,0.34193987,0.33473763,283.75696,283.34628
Portugal,1996,4,287.367,281.5256,2.6762216,0.0014620344,1.77018e+07,0.273732,0.29003626,0.3133754,287.34537,286.42294
Portugal,1996,5,288.7399,283.2961,3.1061876,0.0035132891,1.9441676e+07,0.30410922,0.31111553,0.2983422,288.75916,287.45517
Portugal,1996,6,295.35977,284.5503,2.89253,0.00018264508,2.413449e+07,0.13877937,0.20036171,0.26279065,295.54584,292.9864
Portugal,1996,7,296.5543,285.18576,3.0624478,0.00022870331,2.3184024e+07,0.11877844,0.16474827,0.23013726,297.7191,295.733
Portugal,1996,8,294.23285,286.07526,2.9872124,0.00030434894,1.9838866e+07,0.13148294,0.16558103,0.22321239,296.1597,295.78958
Portugal,1996,9,291.69565,284.77725,2.8295913,0.0015126027,1.5301588e+07,0.18960313,0.18444133,0.21583587,292.93747,293.60583
Portugal,1996,10,289.06152,283.0552,2.5940678,0.0014548936,1.1749263e+07,0.21626423,0.22641632,0.2111781,289.98132,291.252
Portugal,1996,11,284.7826,280.8548,3.0741787,0.0025836118,7.5116405e+06,0.2788082,0.27943465,0.23180474,285.5895,287.65414
Portugal,1996,12,282.56525,280.22195,3.5144365,0.007396914,4.990618e+06,0.35917562,0.35489404,0.31463224,283.14264,284.9731
Portugal,1997,1,281.4906,279.02988,2.8367174,0.003962108,6.2283915e+06,0.3696102,0.37339482,0.37809527,281.43668,282.66202
Portugal,1997,2,284.5267,280.8261,2.3183873,0.00047520228,9.986953e+06,0.31135267,0.32407483,0.34992236,283.69666,283.69284
Portugal,1997,3,288.9545,278.6847,2.4726226,2.6843818e-05,1.7210186e+07,0.16890515,0.2255724,0.2865837,287.75696,286.5399
Portugal,1997,4,289.7832,281.81668,2.6026552,0.0017054328,1.7676634e+07,0.19334726,0.19816524,0.24323231,289.96814,288.7821
Portugal,1997,5,288.98074,283.30963,3.2330515,0.003637793,1.7708502e+07,0.243514,0.23872463,0.23602118,289.87796,289.26562
Portugal,1997,6,290.8619,284.69305,3.4261248,0.0019507009,1.9993532e+07,0.24885067,0.26962984,0.25789326,291.64337,290.79367
Portugal,1997,7,295.50452,286.47922,2.6690488,0.0009274224,2.1991676e+07,0.16249955,0.19582194,0.23575328,295.71982,293.47998
Portugal,1997,8,295.262,287.46698,2.613185,0.0011785817,1.9580934e+07,0.1620315,0.18204428,0.22365835,296.90195,296.1113
Portugal,1997,9,294.5794,287.18643,2.2312884,0.0012467295,1.5869204e+07,0.16847222,0.18597208,0.21552499,295.56027,295.30215
Portugal,1997,10,290.88434,285.7815,3.0123856,0.003869052,1.0640815e+07,0.27155373,0.2634654,0.21855287,291.7635,292.97696
Portugal,1997,11,285.57422,283.31235,3.6669855,0.008920426,5.850218e+06,0.37733838,0.3766007,0.33848703,286.53488,288.58325
Portugal,1997,12,283.0443,280.77695,2.956247,0.0050706347,4.932999e+06,0.37001026,0.37233967,0.37520012,283.69553,285.5035
Portugal,1998,1,282.45056,279.8666,2.9175901,0.002445202,6.1032795e+06,0.35808983,0.36162323,0.37042227,282.65305,284.13416
Portugal,1998,2,284.818,280.53574,2.8632731,0.0017718611,1.0443572e+07,0.3347437,0.3443509,0.35851297,284.05963,284.1391
Portugal,1998,3,286.92575,279.44995,2.7409039,0.0014081777,1.5486538e+07,0.22152251,0.25471604,0.30103078,286.20056,285.5546
Portugal,1998,4,284.71634,280.4258,3.9240355,0.003387357,1.4778799e+07,0.3146557,0.31137863,0.29521748,285.3846,285.50525
Portugal,1998,5,288.81116,283.89038,2.7721066,0.0035362432,1.842321e+07,0.29893503,0.29722083,0.28918427,289.35016,288.18436
Portugal,1998,6,293.37033,285.2594,3.1049564,0.0007610791,2.3570062e+07,0.20875046,0.25777176,0.2866368,293.36664,291.15372
Portugal,1998,7,296.47482,286.36053,3.0258572,0.00023978097,2.357842e+07,0.13352206,0.18457408,0.24759653,297.34814,295.15857
Portugal,1998,8,297.79007,286.53577,2.497491,0.0002291637,2.1161162e+07,0.12100312,0.16742809,0.22972308,299.0436,297.47757
Portugal,1998,9,292.9238,286.79868,3.1040895,0.0030144094,1.4135597e+07,0.19308299,0.1997506,0.22653191,294.81403,295.60486
Portugal,1998,10,288.66116,282.8428,2.5297647,0.00064284226,1.179795e+07,0.23862502,0.26084563,0.2437067,289.45374,291.11444
Portugal,1998,11,285.0659,280.5293,2.7183523,0.0010971859,8.087986e+06,0.2472167,0.25290367,0.24493158,286.01587,288.2831
Portugal,1998,12,280.816,276.36005,2.403018,0.0018303078,6.8731585e+06,0.22118697,0.23541489,0.24388815,281.13498,283.5539
Portugal,1999,1,281.07462,277.24014,2.728018,0.0019691025,7.326299e+06,0.32871798,0.32391354,0.26664585,280.69415,282.02032
Portugal,1999,2,281.8448,276.0528,2.8724012,0.00055390154,1.1126022e+07,0.25092304,0.26707292,0.26456413,281.3222,281.8344
Portugal,1999,3,284.76398,279.32422,3.352988,0.0022584323,1.3221013e+07,0.273641,0.26931387,0.2527674,284.22687,283.71228
Portugal,1999,4,287.26358,280.10873,3.3332531,0.0021736352,1.8126568e+07,0.22271799,0.23266594,0.23619297,287.64154,286.53885
Portugal,1999,5,289.97495,283.7933,2.985342,0.0020962136,1.918115e+07,0.26099455,0.27206832,0.25103784,289.9289,288.28635
Portugal,1999,6,293.92627,284.3491,2.973834,0.00033368266,2.3415212e+07,0.14717932,0.19309062,0.2296914,294.62106,292.28848
Portugal,1999,7,296.70502,286.5433,2.922713,0.00032009633,2.3357168e+07,0.12376687,0.16731083,0.21713682,298.07153,295.8856
Portugal,1999,8,295.21002,287.1621,2.9214983,0.0009615292,1.9989572e+07,0.15292871,0.1803664,0.20934935,296.61432,295.82724
Portugal,1999,9,292.34558,286.47183,2.8932095,0.0032269144,1.4535805e+07,0.2196699,0.2199966,0.21125636,293.95657,294.74765
Portugal,1999,10,288.87027,284.5427,3.075071,0.0058202976,9.853765e+06,0.3005563,0.30250037,0.24633694,289.70462,291.0955
Portugal,1999,11,283.26172,278.5793,2.9755702,0.0009854415,8.889054e+06,0.2958475,0.30688086,0.30484092,284.0993,286.78415
Portugal,1999,12,282.1811,279.52548,2.9368715,0.0021816967,5.661686e+06,0.3276927,0.3254743,0.31046692,282.453,283.93588
Portugal,2000,1,279.50873,275.53314,2.5223446,0.00051939074,8.095749e+06,0.3126112,0.31758392,0.31649894,279.45883,281.3244
Portugal,2000,2,284.57153,280.3031,2.4037116,0.000562837,1.0615944e+07,0.2706832,0.28780976,0.29645747,283.60477,283.08643
Portugal,2000,3,286.05988,278.3933,2.6486158,0.0009086355,1.5507254e+07,0.19283585,0.21726826,0.2599951,285.94748,285.38556
Portugal,2000,4,284.2492,280.69107,4.030074,0.006317533,1.3262036e+07,0.34371036,0.33051887,0.28565794,284.80225,284.72992
Portugal,2000,5,289.86627,285.34784,2.4586253,0.0030573108,1.8418856e+07,0.31938285,0.3323859,0.3320127,289.543,287.76144
Portugal,2000,6,294.68488,284.52054,3.0807722,0.00021507,2.386749e+07,0.14631331,0.20695126,0.27166182,294.94534,292.4481
Portugal,2000,7,295.26724,285.4171,3.0125768,0.0005703066,2.2525652e+07,0.1352598,0.17150791,0.23434292,296.29083,294.6444
Portugal,2000,8,295.76184,284.84586,2.993899,0.00027946886,2.112111e+07,0.122169174,0.16378073,0.21539575,297.2417,296.23752
Portugal,2000,9,293.57083,284.32895,2.5778608,0.0008078702,1.6826076e+07,0.13260394,0.16261593,0.203927,295.28186,295.4402
Portugal,2000,10,288.47675,282.73535,2.8320832,0.0017137199,1.1158344e+07,0.22051647,0.20491192,0.20283553,289.6363,291.30737
Portugal,2000,11,283.96075,281.2147,3.4626923,0.005560128,6.0996175e+06,0.32895932,0.310577,0.2526064,284.75696,286.8784
Portugal,2000,12,283.49496,281.37622,4.0339403,0.009316374,4.232051e+06,0.3773517,0.37738436,0.34840736,283.8953,285.50763
Portugal,2001,1,282.5315,280.37555,3.97547,0.007008435,5.404995e+06,0.37989163,0.38288075,0.3813715,282.63788,283.79416
Portugal,2001,2,283.33798,279.07388,3.144213,0.0033738555,1.0037573e+07,0.3403836,0.34742907,0.36597404,283.02762,283.62704
Portugal,2001,3,285.73026,282.91013,4.0217547,0.0076453956,1.0367035e+07,0.36223257,0.3649753,0.3706749,285.1823,284.70007
Portugal,2001,4,286.89218,279.9885,3.2990646,0.00088347826,1.8074428e+07,0.24108395,0.27596003,0.3167734,287.14957,286.446
Portugal,2001,5,289.79584,283.1986,2.6080267,0.0020741147,2.0052028e+07,0.25540614,0.2639761,0.28245136,289.415,287.69183
Portugal,2001,6,294.69946,283.94095,2.9374425,0.00021230764,2.4452736e+07,0.12996525,0.1851377,0.24287824,295.60425,293.36383
Portugal,2001,7,294.6759,285.90207,3.3046176,0.0007454257,2.190425e+07,0.14183359,0.17582996,0.22796482,296.1052,294.7393
Portugal,2001,8,295.8129,287.03745,2.7049482,0.0004494484,2.0342732e+07,0.13651033,0.16876955,0.2184012,297.24966,296.18274
Portugal,2001,9,293.60657,285.00226,2.478738,0.0013159014,1.5881679e+07,0.16178562,0.17804,0.2102398,295.08768,295.46463
Portugal,2001,10,289.92908,286.0534,3.0061822,0.0043200413,9.453972e+06,0.3161336,0.2964452,0.23571007,290.46344,291.69412
Portugal,2001,11,283.13754,277.70032,3.0373704,0.0010132062,8.920127e+06,0.2800538,0.28903863,0.27649736,284.2563,287.14728
Portugal,2001,12,280.30627,275.96536,2.8216999,0.0012941314,6.469516e+06,0.27723345,0.28143832,0.27612913,280.67554,283.0377
Portugal,2002,1,282.6113,279.7991,2.7021544,0.0026387088,6.425184e+06,0.33769575,0.33567828,0.30392224,281.98608,282.55524
Portugal,2002,2,283.4734,279.0138,2.7634993,0.001135361,1.0439171e+07,0.29790348,0.3117225,0.3177712,282.87332,283.21228
Portugal,2002,3,285.58133,280.44778,2.8716912,0.0034090898,1.3366868e+07,0.31782988,0.32145488,0.31656095,284.71997,284.08383
Portugal,2002,4,286.718,280.4648,2.9050086,0.0018502503,1.822555e+07,0.269895,0.28954947,0.30342826,286.72763,285.78952
Portugal,2002,5,288.32455,281.90695,3.2431343,0.0013588308,1.9755908e+07,0.21156287,0.23162763,0.27149007,288.9365,287.93414
Portugal,2002,6,293.2541,285.03964,3.0667844,0.0005798528,2.216059e+07,0.15983056,0.1974709,0.25014004,294.0087,291.71616
Portugal,2002,7,295.61792,285.1153,3.2529638,0.00024788015,2.3430978e+07,0.12625717,0.16714016,0.2292539,296.6506,294.61575
Portugal,2002,8,294.88052,285.63712,2.8327198,0.00034379255,2.0691334e+07,0.1269126,0.16026865,0.2187435,296.54114,295.7586
Portugal,2002,9,292.02377,286.99988,2.5639288,0.0041664764,1.335719e+07,0.24992861,0.24311693,0.22377345,293.18506,293.8141
Portugal,2002,10,289.5015,285.9858,2.9359705,0.0033996,9.345783e+06,0.32703218,0.32312274,0.27000847,290.01373,291.1851
Portugal,2002,11,285.00845,282.36087,3.0754788,0.0044642105,6.313356e+06,0.33674723,0.33609092,0.30509046,285.91815,287.91034
Portugal,2002,12,283.7933,281.62082,3.4479263,0.0055937837,4.943771e+06,0.36612567,0.3677598,0.35129818,283.86407,285.22852
Portugal,2003,1,281.17163,277.15274,3.5411017,0.0039178445,7.0690655e+06,0.36132178,0.36683452,0.36967254,281.16043,282.87375
Portugal,2003,2,281.69476,278.51154,2.876571,0.003224556,8.302983e+06,0.3372427,0.34034702,0.34336594,281.53342,282.21976
Portugal,2003,3,285.83475,281.07217,2.690735,0.0027332213,1.2722059e+07,0.32385787,0.32994348,0.3436688,285.01413,284.3551
Portugal,2003,4,286.4468,281.41498,3.2615614,0.0034415522,1.5442013e+07,0.32989204,0.33636302,0.33056545,286.25217,285.63992
Portugal,2003,5,291.24637,282.0968,2.9938366,0.00028489964,2.2491548e+07,0.20021029,0.2508561,0.29943615,290.8531,288.75604
Portugal,2003,6,295.04315,285.95517,3.0145824,0.000649175,2.287464e+07,0.13614249,0.17704843,0.24958177,295.92072,293.55637
Portugal,2003,7,295.31607,286.00226,2.9094791,0.0004948771,2.30371e+07,0.146113,0.1769729,0.23070052,296.22955,294.6396
Portugal,2003,8,298.11337,287.58923,2.58484,0.0006503213,1.9739898e+07,0.12780069,0.1569668,0.21361743,299.4214,298.0237
Portugal,2003,9,294.54074,285.34714,2.6743352,0.0010079445,1.6233915e+07,0.13405909,0.1594301,0.20592558,295.66034,295.65753
Portugal,2003,10,288.11356,284.0467,3.1395755,0.0055649388,1.0008394e+07,0.31434464,0.29221082,0.22571318,289.5727,291.8119
Portugal,2003,11,285.1316,282.2546,2.9654672,0.003945515,6.5779995e+06,0.35387036,0.35467482,0.3135891,285.79974,287.81525
Portugal,2003,12,281.92206,279.49298,2.838425,0.0023827765,5.528533e+06,0.35885635,0.36266097,0.35964563,282.29956,284.3508
Portugal,2004,1,282.7381,280.2151,2.7192678,0.002124326,6.0432245e+06,0.33410943,0.3367615,0.34463122,282.54602,283.54343
Portugal,2004,2,282.65588,279.0868,2.6113117,0.0018899757,9.925297e+06,0.33330607,0.33975056,0.34683907,282.77682,283.53934
Portugal,2004,3,283.71725,278.53412,2.8929746,0.0017333571,1.3627701e+07,0.31049624,0.3200432,0.3340214,283.4345,283.35632
Portugal,2004,4,286.29987,279.2945,2.9899364,0.0012216521,1.8270694e+07,0.2554148,0.28024185,0.30245328,286.04324,285.06195
Portugal,2004,5,289.05276,282.40265,2.8790202,0.0018473564,1.9270784e+07,0.23569776,0.23570216,0.2621293,288.9525,287.51855
Portugal,2004,6,296.3791,286.2649,2.7291708,0.0002742166,2.3550946e+07,0.13686366,0.18354294,0.23337243,296.5205,293.41013
Portugal,2004,7,296.56915,285.23322,3.005924,0.00011932674,2.3794034e+07,0.11456422,0.15823007,0.21766903,297.83408,295.78555
Portugal,2004,8,295.28064,287.28793,3.0221841,0.0014269599,1.9206026e+07,0.16618924,0.17807771,0.21442236,296.76434,296.18304
Portugal,2004,9,294.01462,285.05316,2.3327181,0.0005213733,1.6711401e+07,0.1455372,0.17162962,0.20804928,295.34445,295.322
Portugal,2004,10,288.96103,284.29944,3.0907876,0.005427149,9.738303e+06,0.25066394,0.24042611,0.22499706,290.5941,292.4992
Portugal,2004,11,283.7313,279.3882,2.5360982,0.0007212784,8.677769e+06,0.2936858,0.30373454,0.2876241,284.2817,286.823
Portugal,2004,12,281.19897,277.613,2.9956737,0.00095489575,6.933504e+06,0.3065493,0.31055796,0.29532698,281.5697,283.75128
Portugal,2005,1,279.92587,275.10114,2.4095538,0.00017700759,8.433815e+06,0.24774334,0.26682743,0.2828937,279.8295,281.54688
Portugal,2005,2,280.03506,273.17868,2.8427253,0.0006571521,1.1531385e+07,0.19149989,0.21322289,0.25079423,279.98438,280.7344
Portugal,2005,3,284.98312,278.20044,3.0791593,0.0017235572,1.2711464e+07,0.20675336,0.19995299,0.22132555,283.7415,282.63812
Portugal,2005,4,287.0397,280.41006,3.105117,0.0012291782,1.689504e+07,0.22221221,0.23257445,0.22021244,286.84354,285.64545
Portugal,2005,5,290.61334,282.61017,3.0131638,0.0014097937,2.0945308e+07,0.1864761,0.20010683,0.21044548,290.95816,288.85794
Portugal,2005,6,296.02148,285.3363,2.898454,0.0003091408,2.3601262e+07,0.12993313,0.16612735,0.20095928,296.94315,294.04224
Portugal,2005,7,296.51093,285.7928,3.1532412,0.00021829276,2.3475976e+07,0.12041078,0.15722632,0.20212846,298.04462,296.19125
Portugal,2005,8,297.47034,284.90057,2.7859678,0.0001548241,2.1550562e+07,0.11531503,0.15501209,0.20101728,298.68256,297.17148
Portugal,2005,9,293.4649,283.27518,2.7685282,0.0005172297,1.7082346e+07,0.13365865,0.1589254,0.19870096,295.147,295.66766
Portugal,2005,10,289.76212,283.69586,2.9174526,0.005634383,1.0108202e+07,0.24799256,0.2352306,0.20828858,291.05728,292.6535
Portugal,2005,11,283.45865,279.7842,2.965885,0.0026159144,7.590516e+06,0.34015584,0.34175846,0.3066126,284.76276,287.61002
Portugal,2005,12,281.58035,277.67856,3.0007842,0.0022898894,6.357842e+06,0.32766035,0.3317988,0.3264603,281.5385,283.56152
Portugal,2006,1,279.83078,276.40735,2.522963,0.0012879771,7.3666055e+06,0.3304939,0.33271807,0.3199986,280.30206,282.04156
Portugal,2006,2,281.12265,276.7169,2.866555,0.0022613169,1.0349644e+07,0.32305747,0.3242547,0.31654447,280.80728,281.45795
Portugal,2006,3,284.63678,280.9839,3.2907522,0.0038539905,1.1604742e+07,0.34245962,0.34650996,0.32981676,283.82346,283.03995
Portugal,2006,4,287.80566,282.19858,2.8384492,0.0018351136,1.73334e+07,0.29700688,0.30812952,0.32154602,287.39093,286.03696
Portugal,2006,5,291.49982,282.3715,2.814913,0.00034802067,2.2203892e+07,0.1654923,0.2179677,0.27418873,291.66675,289.499
Portugal,2006,6,294.4217,285.40793,2.7158759,0.0013336219,2.21665e+07,0.16596812,0.1850391,0.22856933,295.29303,293.35965
Portugal,2006,7,297.49033,286.99368,2.6934667,0.0003042738,2.3187814e+07,0.12643628,0.1663203,0.2130976,298.5357,296.2142
Portugal,2006,8,297.1405,285.42346,3.0488067,0.0006981272,2.120551e+07,0.13617606,0.15942964,0.19923428,298.2576,297.1695
Portugal,2006,9,294.09998,286.0859,2.662267,0.0020269384,1.5191981e+07,0.17865287,0.17949072,0.19539575,295.71732,296.25977
Portugal,2006,10,290.59088,286.51862,3.3749137,0.0068271616,9.403818e+06,0.2999419,0.2920147,0.23592676,291.17316,292.43643
Portugal,2006,11,286.80826,284.32443,2.954053,0.0061875703,6.4170775e+06,0.36433184,0.3650342,0.3405826,287.67252,289.6675
Portugal,2006,12,281.20795,277.90356,2.8012927,0.0021046887,6.5829985e+06,0.34033215,0.34789336,0.35671765,281.81296,284.4971
Portugal,2007,1,281.0881,278.21033,2.2569728,0.0007467411,7.146975e+06,0.30598632,0.30959612,0.32645947,281.4076,282.94397
Portugal,2007,2,283.54376,280.8482,3.1903224,0.0038657775,8.2512355e+06,0.35649148,0.35640457,0.34050465,282.96207,282.9815
Portugal,2007,3,284.35388,278.29068,3.2414906,0.00095444475,1.4468189e+07,0.27189645,0.29287004,0.3260928,284.14743,284.15387
Portugal,2007,4,286.66312,281.38446,2.5277786,0.0022223243,1.7452718e+07,0.27914813,0.2744045,0.28757086,286.687,285.62158
Portugal,2007,5,289.3603,283.0794,3.051485,0.0023800891,1.9769952e+07,0.25387836,0.26746827,0.26691514,289.68527,288.4845
Portugal,2007,6,292.0857,285.1472,3.0621817,0.0019237443,2.0958382e+07,0.21930341,0.24218258,0.25067,292.32373,290.7374
Portugal,2007,7,295.291,285.18713,3.1948955,0.00036124056,2.3382686e+07,0.14169513,0.18547815,0.22978766,295.91797,293.75015
Portugal,2007,8,295.13174,285.22836,3.0926363,0.00065005827,2.066015e+07,0.13799304,0.1614,0.2128745,296.58722,295.6117
Portugal,2007,9,293.68427,285.84888,2.3965368,0.0019713435,1.5890023e+07,0.17883836,0.17921208,0.1997631,295.00098,295.003
Portugal,2007,10,289.32144,283.24582,2.3031821,0.001225589,1.2311353e+07,0.23284574,0.24708846,0.21145543,290.163,291.59973
Portugal,2007,11,284.1689,277.07938,2.5940623,0.0015257286,9.293272e+06,0.20746864,0.22775887,0.21303171,285.00223,287.46774
Portugal,2007,12,281.29227,277.88382,2.5385916,0.0008891627,6.540954e+06,0.2774745,0.27394763,0.23091714,281.623,283.71017
Portugal,2008,1,282.94934,280.24133,2.5728056,0.0026516938,6.8920625e+06,0.33153352,0.3298303,0.27886686,282.5282,283.28955
Portugal,2008,2,284.33777,280.27466,2.8319807,0.0023555662,9.360858e+06,0.30887842,0.3075896,0.28614408,283.51093,283.52252
Portugal,2008,3,284.21606,278.80908,3.3711905,0.001141628,1.3604609e+07,0.2722565,0.2811898,0.2807498,284.23795,284.306
Portugal,2008,4,287.17142,281.03055,3.5722256,0.005215809,1.6717259e+07,0.30225763,0.30962566,0.28100982,286.78482,285.84512
Portugal,2008,5,287.95926,283.3393,2.839996,0.0028467414,1.7140144e+07,0.2732465,0.2732389,0.2800209,288.59277,287.8174
Portugal,2008,6,293.94193,284.85336,2.8164792,0.00036434116,2.3322112e+07,0.18950436,0.23336639,0.26334363,293.6581,290.9427
Portugal,2008,7,295.02655,285.31717,2.9829001,0.000246001,2.3166998e+07,0.12580669,0.16800584,0.22857426,296.65506,294.883
Portugal,2008,8,295.01608,285.49942,2.998648,0.00025436326,2.0813398e+07,0.12478952,0.15725335,0.21421464,296.62775,295.5813
Portugal,2008,9,292.2368,284.81653,2.524108,0.0016215658,1.5369219e+07,0.17801696,0.17254426,0.20386037,293.62384,294.13968
Portugal,2008,10,288.3944,282.23752,2.903606,0.0016822439,1.1498806e+07,0.22274464,0.20222221,0.19243142,289.6058,291.24283
Portugal,2008,11,282.5807,277.92072,2.8748713,0.0012060456,8.252449e+06,0.24893735,0.23880014,0.19740453,283.64206,286.32175
Portugal,2008,12,281.10498,278.05493,3.173902,0.0024542597,5.712084e+06,0.31117767,0.29181117,0.22096142,281.11224,283.01144
Portugal,2009,1,280.72528,278.1134,3.2710586,0.0040168012,5.712626e+06,0.34753156,0.33904386,0.26895583,280.83044,281.8931
Portugal,2009,2,282.50577,277.7077,2.730856,0.002369815,1.0672065e+07,0.3241613,0.3347301,0.3274581,281.86578,282.24213
Portugal,2009,3,286.56186,278.27487,3.1233244,0.0007160638,1.5721775e+07,0.22007851,0.24965186,0.27668232,285.74884,284.81195
Portugal,2009,4,285.2536,279.0928,3.122324,0.0015292802,1.7408464e+07,0.20541202,0.2165431,0.24908821,286.06473,285.60535
Portugal,2009,5,290.80896,281.04095,2.9744956,0.0010181953,2.183887e+07,0.1801695,0.19805996,0.22821867,290.76477,288.67026
Portugal,2009,6,294.45575,285.70535,2.7924798,0.0011703135,2.1085574e+07,0.16058844,0.1812962,0.21727371,295.29184,293.0081
Portugal,2009,7,295.06543,284.75165,3.1280503,0.0004511772,2.3665228e+07,0.13542609,0.16609041,0.20814797,296.57953,294.91284
Portugal,2009,8,296.9914,285.95358,2.691006,0.0001350929,2.1058022e+07,0.11585912,0.15482776,0.19756459,298.35776,296.71292
Portugal,2009,9,294.0771,284.3771,2.5034442,0.00048721014,1.6490662e+07,0.124169186,0.14869179,0.19243638,295.9408,296.13663
Portugal,2009,10,291.2962,284.50934,2.6016963,0.0025936558,1.1329014e+07,0.22227803,0.2069294,0.18113601,292.02908,293.29514
Portugal,2009,11,285.8191,282.58514,3.3695025,0.0032043927,6.5669245e+06,0.2692198,0.2617385,0.21064931,287.16257,289.5019
Portugal,2009,12,282.29416,279.63544,3.7365937,0.0077349097,5.1004205e+06,0.34817776,0.33840278,0.28344938,282.89825,285.05246
Portugal,2010,1,281.41644,278.4492,3.3679187,0.004323593,5.6543135e+06,0.369842,0.37460703,0.37295383,281.78534,283.4288
Portugal,2010,2,281.7591,278.65488,3.8196142,0.0068574823,7.6426315e+06,0.37242153,0.37259784,0.36524272,281.703,282.37598
Portugal,2010,3,283.871,279.17273,3.1796494,0.0039736275,1.1721213e+07,0.3574334,0.36310863,0.37387848,283.51358,283.51395
Portugal,2010,4,288.0326,281.90338,2.8503163,0.002539273,1.7350094e+07,0.31331235,0.32641852,0.33835614,287.08414,285.7116
Portugal,2010,5,289.26923,281.69946,3.2305646,0.0014004261,2.0679438e+07,0.2348768,0.2636722,0.29577273,289.25507,288.08344
Portugal,2010,6,293.34528,285.17038,2.838727,0.0013122088,2.1828272e+07,0.18407822,0.2140108,0.25478536,293.86404,291.73953
Portugal,2010,7,297.8049,285.9236,2.9143023,0.000108972556,2.3959338e+07,0.11815459,0.16700111,0.22819556,298.65695,296.0105
Portugal,2010,8,298.11066,285.52893,2.6876016,0.00012241796,2.1209116e+07,0.11202949,0.15210408,0.21163791,299.4683,297.9521
Portugal,2010,9,293.84573,285.41147,2.4069002,0.0005052031,1.6167922e+07,0.13612844,0.14851083,0.20038176,295.8949,296.4944
Portugal,2010,10,288.2892,282.56763,2.862598,0.004229616,1.0925414e+07,0.24919356,0.2459253,0.212482,289.6246,291.69717
Portugal,2010,11,283.7158,280.28226,3.0398016,0.0029353814,7.0466685e+06,0.3226924,0.31369945,0.24335319,284.88388,287.54602
Portugal,2010,12,282.0365,278.8848,3.4411843,0.0054698815,5.413815e+06,0.36537534,0.36457807,0.33103853,282.2316,284.03183
Portugal,2011,1,281.59396,278.46017,2.9243846,0.0029854046,6.412263e+06,0.35540095,0.35912347,0.36449277,281.99637,283.36002
Portugal,2011,2,282.75674,278.61768,2.9739158,0.0028237968,1.003294e+07,0.33567035,0.34140113,0.34622002,281.8609,282.11765
Portugal,2011,3,284.39883,279.45847,2.8975165,0.0024926933,1.2944742e+07,0.3269006,0.3308565,0.33889642,283.73386,283.5075
Portugal,2011,4,289.92743,282.8671,2.8011014,0.0028116668,1.7978832e+07,0.25624254,0.27673042,0.29765972,289.20358,287.56018
Portugal,2011,5,292.01678,285.3819,2.4475086,0.0022820346,1.9830796e+07,0.264864,0.27057374,0.2693367,291.73566,289.95425
Portugal,2011,6,293.70288,284.26337,2.9842021,0.00029893697,2.3831342e+07,0.1655221,0.20604478,0.2402459,294.4837,292.52197
Portugal,2011,7,295.0016,285.05902,3.3889565,0.000151451,2.3634576e+07,0.12295392,0.1646104,0.22469178,296.6893,295.1064
Portugal,2011,8,295.48895,286.2768,2.7846267,0.0007583637,1.9783892e+07,0.13911787,0.15634175,0.21121864,297.30664,296.49493
Portugal,2011,9,293.91006,285.23068,2.364958,0.00090310606,1.6496073e+07,0.15835771,0.17923072,0.19759385,294.97473,294.98438
Portugal,2011,10,291.62747,281.93976,2.828928,0.0026701095,1.2827063e+07,0.16616808,0.18701494,0.19820963,292.82043,294.01074
Portugal,2011,11,284.99597,281.67853,3.0006151,0.0045394804,6.842678e+06,0.34976825,0.34499705,0.275594,285.9511,288.4119
Portugal,2011,12,281.75766,278.5251,2.460393,0.0010000896,6.3591155e+06,0.3150945,0.3186744,0.30626392,282.1974,284.52753
Portugal,2012,1,280.9293,277.02826,2.2246172,0.00049807166,8.1111495e+06,0.27787086,0.28316298,0.29001617,280.90964,282.40863
Portugal,2012,2,280.624,271.7675,2.7953,4.971321e-05,1.2461177e+07,0.18861823,0.2253439,0.25645652,280.33707,281.10846
Portugal,2012,3,286.11407,276.31235,2.7779508,0.00053492206,1.5528787e+07,0.1447664,0.17392887,0.22189066,285.66446,284.45993
Portugal,2012,4,284.36166,279.48978,3.560283,0.0027582704,1.4804132e+07,0.24407235,0.21876274,0.22148262,285.49658,285.39587
Portugal,2012,5,291.04733,283.30484,3.0330222,0.002273945,2.0331586e+07,0.240224,0.26130226,0.24225442,290.51904,288.32413
Portugal,2012,6,293.5689,284.3785,3.2607179,0.00053629384,2.2001e+07,0.1469883,0.18227178,0.22178821,294.62735,292.3245
Portugal,2012,7,295.3685,283.86835,3.1164842,0.00016394742,2.3952076e+07,0.115244105,0.15540074,0.20316437,296.88727,294.91727
Portugal,2012,8,295.65714,285.06998,2.8964186,0.00036248082,2.1131388e+07,0.12276282,0.15303159,0.1949494,297.35956,296.32706
Portugal,2012,9,294.24185,284.0715,2.7002954,0.001692382,1.5742634e+07,0.15203415,0.157551,0.18454166,295.77658,295.91306
Portugal,2012,10,288.8511,283.91034,2.5531182,0.0031095045,1.0561871e+07,0.25708205,0.24935047,0.18405621,290.15732,291.88608
Portugal,2012,11,284.09473,280.8796,3.1739328,0.0048194285,6.604848e+06,0.35627514,0.35269797,0.2819442,285.0797,287.39706
Portugal,2012,12,282.45172,280.1307,2.6611717,0.0030317588,5.46843e+06,0.34997198,0.35114646,0.33464718,282.73877,284.43106
Portugal,2013,1,282.14087,279.58066,3.160484,0.0033461754,5.927409e+06,0.3556331,0.3568698,0.34830743,282.03146,283.19623
Portugal,2013,2,281.26257,277.24554,3.1652534,0.0021574555,9.602045e+06,0.3362101,0.33955604,0.34293813,281.51965,282.50488
Portugal,2013,3,283.67712,280.323,3.9465892,0.0076992335,1.0009017e+07,0.3758909,0.3766968,0.3665155,283.1086,282.85092
Portugal,2013,4,286.37906,280.08215,3.287412,0.0016960934,1.7941288e+07,0.29471752,0.32100403,0.3540419,286.30566,285.38092
Portugal,2013,5,288.299,280.26343,3.1072822,0.0008321114,2.0681528e+07,0.1896899,0.22089788,0.27921432,288.7486,287.57614
Portugal,2013,6,293.20334,282.3703,3.1193256,0.00043570233,2.30951e+07,0.14206359,0.17912017,0.24225329,293.3665,290.77658
Portugal,2013,7,297.1395,285.88486,2.5408063,0.00026396578,2.351593e+07,0.11954003,0.15591516,0.21875718,298.5395,296.16666
Portugal,2013,8,297.20325,284.91214,2.7590961,4.6293135e-05,2.1903294e+07,0.11023439,0.14820322,0.2062549,298.59473,296.89844
Portugal,2013,9,294.81635,285.10898,2.722775,0.0019661007,1.6126852e+07,0.1396513,0.15231541,0.19713335,296.55386,296.55942
Portugal,2013,10,289.97202,285.42258,2.737368,0.0045924727,1.0181062e+07,0.28674716,0.28144652,0.22567658,291.09177,292.8403
Portugal,2013,11,283.6621,278.7845,3.0769157,0.00070069224,8.0567565e+06,0.27674252,0.28781924,0.2663907,284.86465,287.71423
Portugal,2013,12,281.45795,277.4234,3.0493968,0.0034340639,6.30753e+06,0.2726349,0.27329606,0.25781327,281.55655,283.55667
Portugal,2014,1,282.8709,280.5932,3.7393723,0.004795967,5.1314e+06,0.36124262,0.35895813,0.32597777,282.7571,283.66656
Portugal,2014,2,282.23566,279.5826,4.020527,0.0058862,7.416731e+06,0.36679786,0.3666424,0.35270336,282.21326,282.8423
Portugal,2014,3,284.76794,279.21014,3.222711,0.0018156267,1.3453613e+07,0.2794343,0.2913667,0.31776065,284.45532,284.2591
Portugal,2014,4,287.95157,283.45944,2.797353,0.0026884407,1.607164e+07,0.3041601,0.31462166,0.31597885,287.56247,286.33694
Portugal,2014,5,290.2167,281.51483,3.4055612,0.0013878451,2.1977896e+07,0.19736904,0.23163605,0.27015257,290.84174,289.4707
Portugal,2014,6,292.9311,284.21887,2.8869684,0.00087178044,2.226068e+07,0.16669463,0.19692762,0.2392882,293.6047,291.70367
Portugal,2014,7,295.10117,285.94644,2.922048,0.0004977616,2.2846626e+07,0.1429966,0.17164108,0.2210527,296.27658,294.24902
Portugal,2014,8,295.01263,285.8062,2.9860532,0.00020417086,2.0805582e+07,0.124564484,0.1617457,0.21672495,296.67957,295.67828
Portugal,2014,9,293.1783,288.05786,2.401955,0.003278958,1.4008732e+07,0.23364522,0.20896935,0.20680532,294.51035,294.9696
Portugal,2014,10,291.47675,286.39325,2.750158,0.003361876,1.0505869e+07,0.28919512,0.2948797,0.23881102,291.56082,292.34088
Portugal,2014,11,285.53632,283.1641,3.178118,0.0060540047,6.1618495e+06,0.34784555,0.34088033,0.29069424,286.62515,288.73026
Portugal,2014,12,280.8628,277.72253,2.6236622,0.00085052714,7.012473e+06,0.33478937,0.3404695,0.33565468,281.72528,284.32706
Portugal,2015,1,280.45013,277.09747,2.9239845,0.0018989864,7.3616645e+06,0.31956866,0.3228462,0.3235432,280.11502,281.53204
Portugal,2015,2,281.24225,276.97345,3.7311962,0.0010423332,9.368041e+06,0.31436384,0.3208484,0.32412234,281.07883,281.68945
Portugal,2015,3,285.103,278.33878,3.1159542,0.0007942839,1.4837293e+07,0.24064502,0.25728714,0.28960168,284.5809,283.89935
Portugal,2015,4,287.95047,281.7835,2.6956456,0.0024555188,1.6450911e+07,0.23619051,0.23211974,0.24766175,287.98654,286.75488
Portugal,2015,5,292.1817,282.00632,3.1341999,0.00089449954,2.22268e+07,0.18608856,0.22849208,0.24265404,292.10837,289.78806
Portugal,2015,6,295.37805,284.5601,2.5935233,0.0008754166,2.306253e+07,0.14705396,0.17106391,0.21655862,296.1205,293.68155
Portugal,2015,7,296.9819,286.62723,3.0358899,0.00019944478,2.3644866e+07,0.11609214,0.15579383,0.20829146,298.82416,296.82816
Portugal,2015,8,295.57956,285.96194,2.859737,0.00029271696,1.9944058e+07,0.12113549,0.14842008,0.19849625,297.51245,296.79437
Portugal,2015,9,292.3547,284.06345,2.6556435,0.0013353225,1.5941037e+07,0.1543879,0.16871555,0.19414814,294.28387,294.96152
Portugal,2015,10,289.5513,285.24023,2.9562454,0.0048736045,9.425716e+06,0.29371527,0.26747477,0.2115496,290.60855,292.19482
Portugal,2015,11,285.98544,282.26068,2.446887,0.0013179966,8.398999e+06,0.30166987,0.30956623,0.2714662,286.62912,288.7403
Portugal,2015,12,284.15005,281.1118,2.6114664,0.001863987,5.8961215e+06,0.2852065,0.28260702,0.2698695,284.20184,285.7082
Portugal,2016,1,283.37,281.1583,3.2525742,0.004752211,5.300267e+06,0.3552165,0.34957162,0.31543705,283.54828,284.6714
Portugal,2016,2,282.6346,278.86285,4.018439,0.0035168221,8.89342e+06,0.33782417,0.3389334,0.3279194,282.8424,283.78998
Portugal,2016,3,282.96988,278.43643,3.1837447,0.0017840193,1.3334233e+07,0.29909053,0.30562785,0.3122958,283.14267,283.2694
Portugal,2016,4,285.82986,281.0999,3.289175,0.0044450806,1.5626881e+07,0.32371724,0.32562616,0.31557375,285.6941,285.00113
Portugal,2016,5,288.72913,283.01624,3.2003322,0.0045082015,1.7640148e+07,0.30499235,0.31664625,0.31849125,288.70877,287.62372
Portugal,2016,6,293.9732,285.21997,3.0441177,0.00040463038,2.356954e+07,0.17309724,0.2219111,0.27537346,294.12445,291.52542
Portugal,2016,7,297.89743,285.98383,2.850816,0.00030521335,2.4251216e+07,0.12431393,0.1647004,0.2308882,298.93588,296.21286
Portugal,2016,8,297.7327,285.44904,2.7559903,0.00014453569,2.1605904e+07,0.11409505,0.15038486,0.21224064,299.36414,297.91272
Portugal,2016,9,294.6058,284.4524,2.6115434,0.0005935613,1.7050232e+07,0.13626032,0.14943577,0.19643424,296.36667,296.62848
Portugal,2016,10,290.2677,284.39908,2.4095855,0.0025196357,1.111547e+07,0.2259293,0.20413044,0.194182,291.7225,293.17685
Portugal,2016,11,284.48447,280.80246,2.8880515,0.0030453405,7.343379e+06,0.3014605,0.29098594,0.21319093,285.86465,288.64423
Portugal,2016,12,282.63766,279.6347,2.6668139,0.0016804775,6.567999e+06,0.32960588,0.32963806,0.277249,283.1682,285.27847
Portugal,2017,1,280.63565,276.48077,2.741864,0.001697296,7.4344845e+06,0.29572207,0.29710144,0.28014237,280.63165,282.32004
Portugal,2017,2,283.6661,279.79837,3.386583,0.003733447,9.37356e+06,0.34017542,0.34052834,0.30958652,283.18985,283.26413
Portugal,2017,3,285.09167,279.81882,3.2397172,0.0022196558,1.3398075e+07,0.29676262,0.30100748,0.2971629,284.80206,284.5916
Portugal,2017,4,289.12424,279.9636,2.9060113,0.00060851,1.9631006e+07,0.18716417,0.22986566,0.25970867,289.21024,287.62866
Portugal,2017,5,291.6869,284.0468,2.9014537,0.0020133238,1.9906926e+07,0.21557814,0.21990503,0.2332258,291.66837,289.86377
Portugal,2017,6,296.0349,285.5699,3.111176,0.00037509936,2.3335538e+07,0.13558625,0.17276418,0.2165189,297.2519,294.81165
Portugal,2017,7,296.37344,285.25357,3.1762257,0.00025882627,2.3661528e+07,0.12510563,0.15804015,0.20669542,297.8308,296.03403
Portugal,2017,8,296.5263,284.71817,2.931103,0.0003752497,2.1421208e+07,0.11951172,0.14709686,0.19623935,298.5005,297.49817
Portugal,2017,9,293.18176,283.11835,2.8972821,4.7260906e-05,1.7645188e+07,0.11935467,0.14243203,0.18568254,295.2808,295.7545
Portugal,2017,10,292.59796,281.66168,2.3709214,0.000935174,1.2864709e+07,0.1496637,0.15067354,0.17719297,293.55566,294.4654
Portugal,2017,11,285.12796,278.91336,2.673706,0.0014799804,8.707266e+06,0.2027279,0.18157655,0.17041942,286.49127,289.32562
Portugal,2017,12,281.84644,278.03152,2.9980173,0.0024165919,6.2108855e+06,0.27977547,0.26121232,0.18943807,282.2463,284.67337
Portugal,2018,1,281.6776,278.56366,2.953366,0.0019881949,6.805171e+06,0.32104278,0.3140486,0.23546344,282.0028,283.5949
Portugal,2018,2,281.27753,275.42938,3.1239867,0.002076539,1.0125728e+07,0.24993236,0.26102814,0.24013752,281.5621,282.44592
Portugal,2018,3,283.03738,279.5024,4.49677,0.007919528,1.1145075e+07,0.37083656,0.36906374,0.32297257,283.1721,283.3585
Portugal,2018,4,286.11774,281.5806,3.2155218,0.0038672667,1.5813342e+07,0.33575636,0.3394754,0.33730033,285.93115,284.9696
Portugal,2018,5,289.08203,282.90866,2.6475337,0.0016485318,1.9519826e+07,0.24263655,0.25773427,0.28909415,289.45023,288.0841
Portugal,2018,6,292.52277,286.31674,2.8675723,0.0016114465,1.9950186e+07,0.2227913,0.24696891,0.26542133,292.91153,290.77914
Portugal,2018,7,294.351,287.44867,2.843474,0.00046226426,2.195163e+07,0.16025141,0.19722936,0.24456716,295.70132,294.06277
Portugal,2018,8,297.9811,285.61942,2.7169003,0.00013323253,2.1797476e+07,0.11470837,0.15787801,0.21883176,299.18155,297.10214
Portugal,2018,9,296.06717,286.25665,2.1750906,0.00032165603,1.6639294e+07,0.124666825,0.15127239,0.2051621,297.54974,296.91306
Portugal,2018,10,289.42288,281.8763,2.9341364,0.0022249927,1.1654699e+07,0.1993527,0.17850515,0.19378737,291.61023,293.76767
Portugal,2018,11,284.57593,282.23044,3.0536923,0.0047968035,6.528777e+06,0.34600645,0.3301153,0.24885516,285.68695,288.03528
Portugal,2018,12,282.9633,280.34756,2.3977926,0.0012694204,6.3345045e+06,0.32838535,0.3303044,0.30585966,283.33762,285.2611
Portugal,2019,1,280.89264,276.80084,2.9270167,0.0013598268,7.2268045e+06,0.28487134,0.288218,0.29293746,280.67178,282.30835
Portugal,2019,2,283.30298,277.89468,2.601458,0.0009619802,1.1180816e+07,0.29350066,0.29934287,0.28519934,282.70865,282.99106
Portugal,2019,3,285.78455,277.9009,2.984961,0.0011940284,1.5811111e+07,0.22471374,0.24888077,0.2560567,285.53168,284.90762
Portugal,2019,4,285.94824,280.78976,3.3233883,0.0035617622,1.6448794e+07,0.27673435,0.25526854,0.23843741,286.46133,285.9146
Portugal,2019,5,291.74802,281.44583,3.3828697,0.0003876146,2.2333604e+07,0.16938126,0.21136986,0.2268411,291.95844,289.7022
Portugal,2019,6,291.98935,282.8948,3.097018,0.0007091109,2.1870348e+07,0.14696579,0.1655717,0.20854753,293.60403,292.09576
Portugal,2019,7,295.7024,286.67096,2.8919547,0.00027323945,2.2421382e+07,0.13008642,0.16257969,0.20929077,297.31946,295.32816
Portugal,2019,8,295.97308,286.06543,2.846606,0.0005000448,2.0580452e+07,0.13052616,0.15429348,0.20074843,297.4984,296.16394
Portugal,2019,9,294.04874,284.53622,2.7403853,0.00061441056,1.6593562e+07,0.14088564,0.14797467,0.18925253,295.89618,296.0696
Portugal,2019,10,289.66232,284.21585,2.7445395,0.0022146478,1.082796e+07,0.20277002,0.1880612,0.19009046,291.11118,292.60477
Portugal,2019,11,284.86002,282.1152,3.9378524,0.0041815,5.971441e+06,0.3065753,0.27922952,0.23035783,286.03128,288.25418
Portugal,2019,12,283.65414,280.66025,3.4532278,0.005333125,5.6790965e+06,0.33959007,0.33659416,0.29180127,284.01093,285.8067
Portugal,2020,1,281.82495,278.68756,2.8916888,0.0020884622,6.3947915e+06,0.3279288,0.32785678,0.31423613,281.71622,283.14685
Portugal,2020,2,285.11908,280.96756,2.3938723,0.00040829476,1.0154229e+07,0.29252258,0.307078,0.31212828,284.69867,284.78134
Portugal,2020,3,285.28424,280.21115,3.1909463,0.0025820474,1.3273201e+07,0.2759594,0.28279093,0.28738588,285.55347,285.41467
Portugal,2020,4,286.8552,283.1479,2.873605,0.0038882853,1.3732054e+07,0.3419613,0.336623,0.29633516,286.87216,286.29678
Portugal,2020,5,292.10162,285.33768,2.6173012,0.0017794153,2.0445964e+07,0.2564394,0.28117317,0.28798506,291.67368,289.49146
Portugal,2020,6,292.7965,284.71082,3.1597915,0.00046988425,2.1945468e+07,0.15144418,0.18973885,0.24320717,293.98325,292.4797
Portugal,2020,7,298.75998,286.12033,2.7150059,0.00012302869,2.437267e+07,0.11487582,0.15411706,0.2143793,299.99924,297.1692
Portugal,2020,8,295.93018,285.84845,3.059574,0.00030951665,2.0728082e+07,0.1235589,0.14777859,0.20022045,298.18143,297.59296
Portugal,2020,9,294.20584,284.35858,2.6417503,0.0012888415,1.5906289e+07,0.15978085,0.15754622,0.18151559,295.907,296.30118
Portugal,2020,10,288.23602,282.31784,3.038785,0.0034597707,1.0831047e+07,0.23354018,0.2335189,0.18307142,289.7951,291.78845
Portugal,2020,11,286.2492,282.9267,2.6806872,0.003363924,7.067219e+06,0.33028913,0.32461157,0.25047404,286.9407,288.78403
Portugal,2020,12,282.4195,279.62222,3.264081,0.0028564378,5.303856e+06,0.34867415,0.34474975,0.2995366,283.3122,285.4569
Portugal,2021,1,280.35223,277.06427,3.249003,0.002427726,6.5113385e+06,0.33143887,0.33062682,0.31259283,280.12976,281.55118
Portugal,2021,2,284.3001,280.99078,3.3914025,0.0055548195,8.0274865e+06,0.36340356,0.36434838,0.3498813,284.0027,284.19022
Portugal,2021,3,285.42303,278.31302,2.8234878,0.00069353735,1.5454455e+07,0.26660794,0.29372233,0.31947517,285.0005,284.59222
Portugal,2021,4,287.6479,282.22665,2.5107286,0.003008537,1.5840145e+07,0.264549,0.25469208,0.26799935,288.12805,287.2499
Portugal,2021,5,289.57904,281.87827,3.1511507,0.0010214369,2.0973348e+07,0.21420905,0.24011928,0.2501842,289.86,288.41626
Portugal,2021,6,293.00845,284.23886,2.9045153,0.0010665649,2.2606482e+07,0.16543351,0.18379347,0.22517632,294.39087,292.5941
Portugal,2021,7,295.37653,285.06473,3.2122228,0.00012383673,2.3613524e+07,0.12306152,0.16255504,0.21128881,296.96094,294.92365
Portugal,2021,8,296.16336,285.87347,2.7710514,0.00011305034,2.1244414e+07,0.11735035,0.1495504,0.20250988,297.87997,296.49545
Portugal,2021,9,293.1902,286.37137,2.7140932,0.0029379276,1.495482e+07,0.21725495,0.20564398,0.19029056,294.62518,295.26062
Portugal,2021,10,290.58282,283.8916,2.650057,0.0026785845,1.1779935e+07,0.20056506,0.21188708,0.17254739,291.56284,292.55908
Portugal,2021,11,283.47043,278.5111,2.867724,0.00047841566,8.718238e+06,0.25654894,0.2579285,0.1963043,284.929,287.78253
Portugal,2021,12,284.10962,281.0865,3.3467536,0.0027569174,5.664024e+06,0.2854561,0.2719582,0.20896424,284.0295,285.25806
Portugal,2022,1,281.81244,276.46555,2.657219,0.00031327497,8.297096e+06,0.2730306,0.28239712,0.2412953,281.9638,283.74863
Portugal,2022,2,283.86404,277.67752,2.4501052,0.00047594454,1.0560441e+07,0.184286,0.20484053,0.21293548,283.6565,283.73917
Portugal,2022,3,284.6152,279.92984,3.337034,0.0040571135,1.1676932e+07,0.30044127,0.27168104,0.21896817,284.80713,284.66855
Portugal,2022,4,286.18134,279.90024,3.3338141,0.0020990043,1.703998e+07,0.28104582,0.28152645,0.23764767,286.3183,285.79507
Portugal,2022,5,292.75638,283.00735,2.9255579,0.0004532161,2.1485778e+07,0.1628582,0.2020943,0.2147262,293.0742,290.512
Portugal,2022,6,293.93408,285.00616,3.0854032,0.00084556616,2.145935e+07,0.15368356,0.17275512,0.20358868,295.253,293.55865
Portugal,2022,7,299.13095,285.41446,2.720829,0.00013498955,2.4148924e+07,0.11492692,0.15051258,0.19418521,299.9258,296.90402
Portugal,2022,8,296.94986,286.46512,2.6181812,0.000117118725,2.1511918e+07,0.11200692,0.14276206,0.19151028,299.39804,298.2759
Portugal,2022,9,293.22534,286.48022,2.8640068,0.0018205502,1.4956323e+07,0.18039027,0.17383595,0.18516229,295.0445,295.9918
Portugal,2022,10,291.67932,285.50403,2.839564,0.0037316103,1.0743601e+07,0.21806733,0.20572375,0.17977032,292.60403,293.57562
Portugal,2022,11,286.00616,283.17334,2.8821084,0.0033500935,6.647672e+06,0.3140463,0.3011274,0.23979887,287.3353,289.70758
Portugal,2022,12,285.167,283.32175,3.3111572,0.007234141,4.5670475e+06,0.3713253,0.36712793,0.32483354,285.39185,286.78452
Portugal,2023,1,281.37668,277.72238,3.19811,0.0023231318,7.357856e+06,0.34168544,0.34743452,0.34791037,282.23785,284.49738
Portugal,2023,2,282.20755,275.84262,2.8649454,0.0004969442,1.1277254e+07,0.2550993,0.2681051,0.2984451,281.97644,282.73477
Portugal,2023,3,285.9036,280.3371,2.8036292,0.0014481004,1.3771476e+07,0.2433311,0.25305885,0.26740333,285.28232,284.5468
Portugal,2023,4,289.93954,279.652,2.8143585,0.0005172767,1.9829304e+07,0.15682542,0.18854542,0.2340915,290.02667,288.2657
Portugal,2023,5,291.25208,281.86584,3.1304703,0.0016296086,2.0959248e+07,0.16543564,0.171018,0.2153972,292.5546,291.1766
Portugal,2023,6,295.30228,287.2523,2.705843,0.001807894,2.164415e+07,0.21212925,0.22159721,0.2144273,295.6783,293.2995
Portugal,2023,7,296.3333,285.78586,3.139879,7.729929e-05,2.4243598e+07,0.11969956,0.16171306,0.20555508,298.24365,296.6231
Portugal,2023,8,297.82477,285.79654,3.1345525,6.277338e-05,2.1770982e+07,0.11064914,0.14564477,0.19498424,299.39276,297.9696
Portugal,2023,9,293.36566,286.9741,2.4689398,0.0026081442,1.4628413e+07,0.2214423,0.19826427,0.18256354,294.6734,295.49054
Portugal,2023,10,291.73898,285.5866,3.08272,0.0058119823,9.83017e+06,0.24312356,0.24682166,0.19502474,293.02667,294.2232
Portugal,2023,11,286.20145,283.3721,3.016914,0.0033041385,6.9086355e+06,0.3225487,0.32397646,0.28420606,287.07257,289.14636
Portugal,2023,12,282.0495,279.4589,2.4207644,0.0018690514,6.1088185e+06,0.33533064,0.33651686,0.3099438,282.95718,285.3804
Portugal,2024,1,283.59805,280.95642,2.7222345,0.0037190574,6.4397975e+06,0.34885454,0.34848848,0.33222446,283.32034,284.14963
Portugal,2024,2,284.8041,281.15494,3.3784544,0.003274119,9.192022e+06,0.34151807,0.3455319,0.34086943,284.5467,284.98654
Portugal,2024,3,285.04642,281.12973,3.6070352,0.0050211186,1.1889122e+07,0.34180546,0.34391466,0.34119287,284.9732,284.9144
Portugal,2024,4,288.42377,281.60294,2.9959419,0.0016509371,1.8595972e+07,0.2799222,0.301817,0.32936633,288.30054,287.36884
Portugal,2024,5,289.7874,282.20294,3.1249018,0.0009942736,2.0580254e+07,0.20601897,0.23555532,0.2765438,290.07733,288.63882
Portugal,2024,6,293.23355,285.7784,2.800212,0.0015211998,2.088087e+07,0.17845036,0.19069795,0.23859456,294.58878,292.83456
Portugal,2024,7,296.90817,286.8853,2.799127,0.0002502667,2.3646218e+07,0.13664138,0.16984874,0.21996766,297.90485,295.48996
Portugal,2024,8,297.48044,287.39093,2.9037986,3.587319e-05,2.1639118e+07,0.1166308,0.15166523,0.21129926,299.40784,298.0187
Portugal,2024,9,292.67984,284.15488,2.9854584,0.0009586447,1.6042592e+07,0.14325978,0.15143314,0.20312327,294.84515,295.70413
Portugal,2024,10,289.99054,286.748,3.2565188,0.0048430213,8.670775e+06,0.300372,0.27850607,0.23167384,291.1022,292.59613
Portugal,2024,11,287.41318,284.0497,2.914929,0.0020055114,7.3122375e+06,0.3267531,0.3216069,0.26688552,287.87955,289.47266
Portugal,2024,12,282.15912,278.41275,2.6693494,0.00032698346,7.03488e+06,0.28208995,0.2897346,0.27685508,283.05066,285.5131
Spain,1985,1,277.78857,273.8415,2.930795,0.0031743594,6.825619e+06,0.34843096,0.34637702,0.3236745,277.92114,279.617
Spain,1985,2,282.57346,278.83347,3.245615,0.003487696,8.3147275e+06,0.35804552,0.35910586,0.34940144,281.79626,281.80502
Spain,1985,3,281.75653,275.24203,3.321104,0.0006901741,1.4324654e+07,0.28696018,0.3035098,0.32213023,281.38748,281.4971
Spain,1985,4,285.9982,279.04413,2.8338876,0.0023144227,1.7373656e+07,0.26186824,0.2662555,0.2805584,285.6652,284.4179
Spain,1985,5,287.00674,280.27206,2.6993153,0.0021719455,1.8488746e+07,0.2693618,0.26935858,0.26468396,287.1648,285.97668
Spain,1985,6,293.74384,284.90533,2.3157046,0.0008937427,2.1208112e+07,0.20983462,0.23450622,0.2462474,293.22153,290.45312
Spain,1985,7,297.55057,285.28128,2.5146925,0.00036980765,2.2432566e+07,0.14571668,0.18480465,0.22782063,297.88364,295.32217
Spain,1985,8,296.83936,283.65167,2.423476,7.90562e-05,2.1131866e+07,0.12534676,0.16770749,0.21738625,297.77707,296.33472
Spain,1985,9,295.84796,284.83676,2.0610108,0.00044482434,1.6114849e+07,0.13573863,0.15853493,0.20310439,296.78604,296.40765
Spain,1985,10,290.0815,281.05164,2.1188443,0.00024541447,1.2392855e+07,0.13257417,0.16000421,0.19742958,291.66568,293.22922
Spain,1985,11,282.8335,278.3517,2.893222,0.0028110505,7.170441e+06,0.28381625,0.24827947,0.2074629,284.37305,287.65344
Spain,1985,12,280.39612,277.15134,2.7336264,0.0024198873,5.8281355e+06,0.33087686,0.3182884,0.24383463,280.74188,283.01514
Spain,1986,1,279.1255,275.39047,3.1537828,0.0013981172,6.9675445e+06,0.33159575,0.33290666,0.2932255,279.32724,281.17343
Spain,1986,2,279.86285,276.49695,3.4718843,0.0038700171,7.6562105e+06,0.35385302,0.34870407,0.31221673,279.5926,280.1737
Spain,1986,3,282.7199,277.1714,2.623486,0.0014491524,1.3744208e+07,0.3193884,0.32801446,0.32232586,282.25186,282.10492
Spain,1986,4,281.9481,276.16022,3.1065147,0.0023065466,1.5703556e+07,0.30038738,0.29534376,0.29128334,282.3595,282.31564
Spain,1986,5,290.7022,281.74936,2.5722373,0.0008915867,2.0488686e+07,0.20989361,0.23962362,0.26322705,289.91367,287.11722
Spain,1986,6,293.8183,283.01215,2.5673752,0.0005930594,2.2659488e+07,0.1629358,0.19241168,0.23192607,293.98093,291.5071
Spain,1986,7,297.67285,284.28497,2.5262797,0.00042460987,2.2856522e+07,0.14072882,0.17371471,0.21957554,298.00687,295.42087
Spain,1986,8,296.14136,283.59158,2.5555,0.00026841846,2.0203892e+07,0.12977058,0.1674049,0.21103223,297.28613,296.24326
Spain,1986,9,293.64517,286.1558,2.3504927,0.002136176,1.4000453e+07,0.2153426,0.20138837,0.20128736,294.5285,294.92014
Spain,1986,10,288.84976,284.24704,2.0742252,0.002287558,1.0525275e+07,0.28791833,0.26791936,0.20324342,289.69348,291.29642
Spain,1986,11,282.9874,278.42505,2.364317,0.0014914683,8.210943e+06,0.27761984,0.27980396,0.2200472,283.94678,286.54285
Spain,1986,12,279.7241,275.84332,2.49182,0.0008405311,6.7635545e+06,0.2968642,0.29403776,0.24406123,280.1035,282.65805
Spain,1987,1,278.8548,275.05942,3.0472116,0.003445748,6.492269e+06,0.33312756,0.3275492,0.27354845,278.58746,279.97778
Spain,1987,2,280.68842,277.12753,2.8707016,0.0024855784,8.804447e+06,0.3636377,0.3620235,0.32469103,280.35052,280.96198
Spain,1987,3,284.33344,278.13904,2.6883533,0.00064183644,1.4274386e+07,0.27905703,0.29460216,0.30909818,283.70053,283.11395
Spain,1987,4,286.66608,280.3439,3.0031304,0.0024141958,1.658974e+07,0.2830113,0.29025984,0.28863907,285.9238,284.5072
Spain,1987,5,289.49722,280.38022,2.6225357,0.0007024595,2.0531306e+07,0.19316368,0.22113903,0.25801086,289.62485,288.0076
Spain,1987,6,294.09848,282.94098,2.7605054,0.0004510607,2.2227354e+07,0.14638942,0.18605988,0.23453835,294.2249,291.5758
Spain,1987,7,296.17932,286.62122,2.4176092,0.0013779027,2.0800932e+07,0.18433486,0.18278739,0.2110243,296.9801,295.1461
Spain,1987,8,297.46826,285.87292,2.5144835,0.00084064686,1.9416762e+07,0.1461238,0.17452268,0.2054895,298.14938,296.6663
Spain,1987,9,295.82895,285.55942,2.195371,0.00092494144,1.5715405e+07,0.17376712,0.18421738,0.19540656,296.48975,296.22546
Spain,1987,10,287.12103,282.96976,2.8082037,0.0032449483,9.335873e+06,0.30460134,0.27620798,0.21264835,288.57898,291.00162
Spain,1987,11,282.82755,278.99094,2.8658707,0.0018852472,7.7868845e+06,0.33275303,0.33312842,0.277754,283.8302,286.66956
Spain,1987,12,282.1095,279.8969,2.681534,0.0038609232,5.3944375e+06,0.36430642,0.3617674,0.3291166,282.10324,283.70877
Spain,1988,1,281.23962,278.58664,3.3525937,0.0028250932,5.7105895e+06,0.37063864,0.36985868,0.35161424,280.843,281.93417
Spain,1988,2,280.66162,275.92715,3.167024,0.00097141264,1.0028773e+07,0.33901164,0.34667227,0.3517224,280.69025,281.77997
Spain,1988,3,283.91293,276.2417,2.8792405,0.00035323075,1.5833574e+07,0.23201771,0.26329044,0.3025002,282.99902,282.2991
Spain,1988,4,285.39905,280.11798,2.7995868,0.0026146343,1.5683354e+07,0.2849425,0.27944693,0.27930048,285.45532,284.78665
Spain,1988,5,288.1975,282.5726,2.5537148,0.0025403192,1.7396304e+07,0.30059353,0.30769005,0.2921788,287.88843,286.6043
Spain,1988,6,290.99112,284.84067,2.3723917,0.0034593241,1.8345684e+07,0.27750477,0.27711132,0.27536318,291.11655,289.66278
Spain,1988,7,296.2326,286.37338,2.5264654,0.0006013802,2.1895866e+07,0.20489644,0.24605274,0.264019,295.47995,292.86005
Spain,1988,8,297.28375,285.21957,2.3528466,8.199555e-05,2.0893622e+07,0.13457258,0.18532602,0.24146724,297.9457,296.35666
Spain,1988,9,294.19412,282.35284,2.501939,0.00025541784,1.6801876e+07,0.13244165,0.17490311,0.22844258,295.042,295.09967
Spain,1988,10,288.8907,283.1639,2.527498,0.0023061582,1.0983966e+07,0.24634211,0.24424352,0.23419663,289.81052,291.43167
Spain,1988,11,284.03003,280.45944,2.599276,0.0026157585,7.058283e+06,0.32922602,0.32049605,0.27080724,284.94122,287.5167
Spain,1988,12,279.07123,274.81497,2.5665877,0.00023026126,7.476566e+06,0.2997788,0.3082919,0.29010108,279.19922,281.85944
Spain,1989,1,279.0279,275.30856,2.2559311,0.00090245006,7.825331e+06,0.30209723,0.30290785,0.2907404,278.6322,280.16037
Spain,1989,2,281.49615,276.3307,3.3206232,0.0020427518,9.436859e+06,0.29524717,0.2908694,0.27873608,280.5307,280.72894
Spain,1989,3,284.68945,278.12265,2.7203293,0.001463759,1.4323128e+07,0.2651715,0.2722556,0.2595296,283.98032,283.20563
Spain,1989,4,283.6876,278.17502,3.622277,0.002311652,1.5409119e+07,0.30946007,0.30032265,0.25828913,283.78287,283.48013
Spain,1989,5,290.19064,282.16962,2.273024,0.0023306983,1.9784506e+07,0.22980575,0.24461086,0.24810055,289.97842,287.81485
Spain,1989,6,294.17,284.4057,2.1869485,0.00097419875,2.1930796e+07,0.22517698,0.2504164,0.24316578,293.5396,290.9543
Spain,1989,7,299.0038,285.90707,2.4073806,0.00039033548,2.2658692e+07,0.14340527,0.18456402,0.22457623,298.93387,296.06247
Spain,1989,8,297.82593,286.29398,2.2909145,0.0004997798,1.9323382e+07,0.14199436,0.17187935,0.21374024,298.8161,297.55807
Spain,1989,9,292.84424,284.78616,2.2689443,0.0018101011,1.5101928e+07,0.20625456,0.21495308,0.20800978,293.9297,294.68274
Spain,1989,10,289.6814,282.96826,2.5982618,0.0013194015,1.1555048e+07,0.20687506,0.21316563,0.2060829,290.64798,292.1776
Spain,1989,11,285.0143,281.6122,3.3148723,0.0056016785,6.195062e+06,0.31208012,0.29952505,0.2482808,285.83817,288.00177
Spain,1989,12,283.4336,281.13025,3.6880972,0.005924421,4.4551425e+06,0.39022762,0.38942924,0.3555649,283.7922,285.60422
Spain,1990,1,279.53882,276.5337,2.486749,0.0017147473,6.9721445e+06,0.35981262,0.36323443,0.36269724,279.91263,281.95874
Spain,1990,2,283.7108,279.3397,2.5699158,0.00019060203,1.0923101e+07,0.31336927,0.3295888,0.34622282,282.73575,282.77188
Spain,1990,3,284.53378,277.74374,3.2112608,0.0010924339,1.4176354e+07,0.2510152,0.26707682,0.3016005,284.23322,284.11826
Spain,1990,4,284.21176,278.36316,3.123674,0.0027570282,1.6193737e+07,0.2972689,0.29081962,0.281174,284.44193,284.22958
Spain,1990,5,290.21463,281.9994,2.4570885,0.0009668044,2.0259456e+07,0.23047458,0.25167724,0.26511398,289.53903,287.6068
Spain,1990,6,294.49994,284.26624,2.5936513,0.00036068645,2.2850486e+07,0.15760542,0.19949728,0.24852654,294.72003,292.2105
Spain,1990,7,298.46478,285.34653,2.4365194,0.00027384076,2.2537326e+07,0.1358075,0.17866047,0.2347904,298.6888,296.23102
Spain,1990,8,297.85718,285.97284,2.3111765,0.00043929304,2.0000754e+07,0.14351453,0.17526598,0.22361964,298.82828,297.57114
Spain,1990,9,294.92792,286.3735,2.2178535,0.0010076897,1.5148707e+07,0.16966057,0.18356799,0.21838978,295.8199,296.0472
Spain,1990,10,288.0913,283.05737,3.2500114,0.0031133685,9.356821e+06,0.2741116,0.2523453,0.22372742,289.42392,291.6568
Spain,1990,11,282.57825,278.6879,2.6429865,0.0016323634,8.170996e+06,0.32338122,0.32089314,0.26597962,283.70355,286.66718
Spain,1990,12,278.96005,275.52826,2.7929218,0.0011248095,5.992642e+06,0.3264357,0.3242526,0.29104894,279.24042,281.62067
Spain,1991,1,278.9378,275.2702,2.6163187,0.001212396,6.941227e+06,0.32309055,0.323917,0.3070621,279.18588,280.8896
Spain,1991,2,279.31354,275.5293,2.8277733,0.0027583872,8.512475e+06,0.34972733,0.34309217,0.31393358,278.96738,279.6315
Spain,1991,3,283.43738,279.0998,3.2039804,0.003199993,1.1695301e+07,0.35795954,0.3600836,0.34225515,282.6152,282.05798
Spain,1991,4,284.51083,277.60236,2.8325791,0.00142935,1.7276492e+07,0.2783746,0.2919527,0.30896857,284.30988,283.58682
Spain,1991,5,288.68967,277.7533,3.0293684,0.00050643174,2.1981198e+07,0.17485856,0.22263047,0.27079988,288.54227,286.38525
Spain,1991,6,294.74957,283.75323,2.6023717,0.00054779736,2.2736838e+07,0.17032634,0.20145312,0.24934393,294.4734,291.65112
Spain,1991,7,297.86618,284.79053,2.5479708,0.0003100191,2.2355358e+07,0.14067633,0.18060017,0.23636156,298.21393,295.8287
Spain,1991,8,298.74554,285.65594,2.3904135,0.00020856176,2.0460068e+07,0.1323227,0.17419282,0.22838144,299.0191,297.3932
Spain,1991,9,294.5166,285.51505,2.285728,0.0013270753,1.5533253e+07,0.17418347,0.18047826,0.21737482,295.79834,296.27716
Spain,1991,10,286.05765,280.94815,2.6352522,0.0022248847,1.0399955e+07,0.2788462,0.25999224,0.21891682,287.39835,290.0257
Spain,1991,11,282.6496,277.91638,2.9173596,0.0010551487,7.938131e+06,0.26891926,0.27285257,0.23652132,283.21783,285.76495
Spain,1991,12,280.36392,276.6559,2.3579226,0.0009946772,6.040492e+06,0.318346,0.3106455,0.2605694,280.61923,282.8847
Spain,1992,1,277.5258,273.5121,2.5569308,0.00061619625,7.6512915e+06,0.2877348,0.29288283,0.27906594,277.5764,279.51758
Spain,1992,2,280.31216,274.61682,2.402899,0.0013984424,1.0279278e+07,0.27171385,0.2755939,0.26747924,279.50153,279.89438
Spain,1992,3,283.70108,276.18213,3.0618439,0.0010541541,1.4622745e+07,0.223786,0.24724983,0.25687125,283.15204,282.44733
Spain,1992,4,286.4934,277.81186,3.1955197,0.0014382022,1.8884148e+07,0.24677697,0.26650795,0.25059685,285.7589,284.0936
Spain,1992,5,290.90186,281.23743,2.8901668,0.0014531306,1.960987e+07,0.1833261,0.2042781,0.23648104,290.8089,288.85837
Spain,1992,6,289.91483,282.7052,2.7334704,0.002496464,1.8778566e+07,0.26902822,0.26683214,0.23969841,290.0113,288.98557
Spain,1992,7,297.43677,285.1099,2.2463257,0.00020071438,2.2079688e+07,0.14984778,0.2030828,0.23067658,296.98087,294.0475
Spain,1992,8,297.27414,284.7048,2.5598314,0.00058350904,1.958404e+07,0.14611578,0.17481653,0.2184389,297.9399,296.71158
Spain,1992,9,293.34412,283.11102,2.324834,0.00088261196,1.6283123e+07,0.15977626,0.176864,0.20690614,294.33838,294.76364
Spain,1992,10,286.1257,281.16464,2.9543734,0.0027814934,9.810565e+06,0.28191894,0.26279232,0.21399947,287.3761,289.5438
Spain,1992,11,284.14868,280.00845,2.2809372,0.0003684657,8.54922e+06,0.2808676,0.28928265,0.25103799,284.22107,286.2871
Spain,1992,12,280.8566,277.62762,3.1450503,0.0016573123,5.812126e+06,0.31604433,0.31067166,0.28025422,281.2647,283.32654
Spain,1993,1,278.7758,274.54276,1.9624516,0.00041509356,8.2393645e+06,0.29095462,0.30041316,0.2947485,278.19604,280.03967
Spain,1993,2,280.3668,274.83694,2.9845707,0.0011137485,1.030444e+07,0.29623976,0.29830414,0.28402644,280.0003,280.56235
Spain,1993,3,283.37698,276.59097,2.5251913,0.0011282717,1.3926108e+07,0.25251782,0.25697178,0.25752226,282.38562,281.68744
Spain,1993,4,284.65152,277.14575,3.0236664,0.0020527022,1.7263836e+07,0.22302587,0.2234481,0.23409492,285.10757,284.3968
Spain,1993,5,287.73935,281.7661,2.7482584,0.0028209994,1.801348e+07,0.30411965,0.29636586,0.24763969,287.27908,285.88248
Spain,1993,6,293.30353,284.1678,2.5439963,0.0009813581,2.1370094e+07,0.21228994,0.24149701,0.24782096,292.8409,290.30225
Spain,1993,7,297.39566,284.36606,2.7469184,0.00017313276,2.2929232e+07,0.13981111,0.1872771,0.22836387,297.2602,294.48447
Spain,1993,8,296.88754,285.11566,2.5724585,0.0003693206,1.9794308e+07,0.14192346,0.17846966,0.22241616,297.6564,296.64136
Spain,1993,9,290.98465,283.1027,2.7865922,0.0010131564,1.473394e+07,0.18197703,0.19772676,0.22389792,292.25378,293.27066
Spain,1993,10,285.37167,281.09827,3.5570948,0.0040146317,9.089264e+06,0.3048226,0.28614002,0.24774785,286.3105,288.51187
Spain,1993,11,282.3561,279.2137,2.37227,0.0020421334,7.008532e+06,0.33921593,0.33758694,0.2995004,282.731,284.8696
Spain,1993,12,280.58853,277.54126,2.4767656,0.0003626994,6.1561735e+06,0.31116104,0.31497297,0.30515587,280.4484,282.1432
Spain,1994,1,279.5756,275.2911,3.2225409,0.0017830015,7.3843485e+06,0.32713497,0.3307823,0.3140894,279.3391,280.84326
Spain,1994,2,280.6732,276.0092,3.0712566,0.0021965539,9.707374e+06,0.3154575,0.31416997,0.30399153,279.84167,280.09338
Spain,1994,3,285.7607,278.74252,2.3227222,0.00023548433,1.5837967e+07,0.2464332,0.27334556,0.2853244,284.58908,283.37955
Spain,1994,4,285.01462,276.16992,3.2912803,0.0012300662,1.813215e+07,0.21020381,0.22514789,0.2562114,285.06714,284.4566
Spain,1994,5,289.59067,281.6932,2.9909172,0.0022073234,1.8936002e+07,0.23721893,0.24308106,0.24548945,289.3261,287.61865
Spain,1994,6,294.87314,282.3767,2.7744665,0.00021867752,2.389053e+07,0.15647458,0.20527932,0.24047868,294.58447,291.85757
Spain,1994,7,298.9666,284.197,2.523671,0.00011047295,2.3289384e+07,0.12929003,0.17476672,0.22242658,299.21854,296.49268
Spain,1994,8,298.15366,285.3907,2.4951274,0.00017080308,2.0468476e+07,0.13147895,0.1733955,0.21665828,298.66745,297.32983
Spain,1994,9,291.65945,281.99387,2.690958,0.00070018426,1.5995738e+07,0.15436274,0.18105237,0.21637838,293.4588,294.83188
Spain,1994,10,288.68848,284.38052,2.3073215,0.0020013365,9.885466e+06,0.2736897,0.25081864,0.22514088,289.36813,290.96347
Spain,1994,11,284.93115,281.42053,2.4320319,0.0017099108,7.903286e+06,0.31502247,0.31459823,0.26321554,285.08838,287.21375
Spain,1994,12,281.17398,277.6759,2.4897518,0.00068934646,6.480545e+06,0.28424862,0.28958657,0.27936646,281.31625,283.7697
Spain,1995,1,280.622,275.97897,3.1466787,0.0012083087,7.0781795e+06,0.29507336,0.29637924,0.2796284,280.03375,281.17847
Spain,1995,2,282.74393,277.9045,2.9993806,0.0015290277,1.0202468e+07,0.29619348,0.30039322,0.28168437,282.3058,282.68448
Spain,1995,3,284.4512,276.26938,3.111579,0.00074139494,1.5125173e+07,0.23661557,0.2547459,0.2565383,283.5422,283.0077
Spain,1995,4,287.03485,276.40814,2.7462482,0.0006853955,1.9309514e+07,0.15934885,0.18848461,0.22257315,287.40283,286.45148
Spain,1995,5,291.5565,281.24164,2.8635488,0.0008010115,2.091591e+07,0.18393038,0.19898306,0.21909516,291.27332,288.98236
Spain,1995,6,294.16455,284.23193,2.4048688,0.0012991667,2.1041872e+07,0.17479871,0.18508324,0.21048713,294.60373,292.5796
Spain,1995,7,298.12564,285.1001,2.5644748,0.00037159238,2.2242242e+07,0.14903566,0.17940061,0.19975998,298.02792,295.45496
Spain,1995,8,297.69632,285.65112,2.3875916,0.00055538927,2.0056272e+07,0.13917914,0.16628821,0.19167733,298.6815,297.55896
Spain,1995,9,291.53503,282.24854,2.793356,0.0006576606,1.5434816e+07,0.16636215,0.1759681,0.1869883,292.92435,294.2567
Spain,1995,10,290.8141,283.2208,2.3393948,0.0006410156,1.1956002e+07,0.15783888,0.1775033,0.18622558,291.49918,292.38885
Spain,1995,11,285.7192,281.23267,2.8782039,0.0029716254,7.137612e+06,0.2762811,0.26459324,0.21320409,286.5321,288.92407
Spain,1995,12,282.4476,279.89465,3.4146206,0.004772735,4.8551095e+06,0.35428682,0.34179252,0.27095625,282.47055,284.34067
Spain,1996,1,281.7209,279.2001,3.574684,0.0061956816,5.166059e+06,0.38511673,0.3831162,0.35222435,281.9455,283.6092
Spain,1996,2,279.7681,274.92407,3.3676248,0.001869825,9.93873e+06,0.35541567,0.35904086,0.3521261,279.85425,281.37207
Spain,1996,3,283.27502,277.8224,2.8754854,0.0016112498,1.3296419e+07,0.30705157,0.31071028,0.31371605,282.35876,281.92334
Spain,1996,4,286.60938,279.75104,2.5771458,0.0014899628,1.7547008e+07,0.25748873,0.2673471,0.2803204,286.3453,285.3436
Spain,1996,5,288.714,281.81223,2.844888,0.002606712,1.90277e+07,0.28725195,0.29247132,0.27241862,288.10168,286.5817
Spain,1996,6,295.2811,283.34967,2.5969665,0.00038370746,2.3499506e+07,0.15267527,0.19734524,0.24181406,295.15277,292.5095
Spain,1996,7,297.44843,284.25314,2.7485518,0.00035289355,2.24267e+07,0.13292305,0.17037499,0.21762297,297.7765,295.44745
Spain,1996,8,295.9002,284.94278,2.5343335,0.00047861508,1.978009e+07,0.13947935,0.16613768,0.19889756,297.1902,296.3932
Spain,1996,9,291.37598,283.4994,2.7058666,0.0017637798,1.4604768e+07,0.21341228,0.20150419,0.19251035,292.14188,293.1688
Spain,1996,10,288.23715,281.0553,2.4586203,0.0009115355,1.1857472e+07,0.20173183,0.21261795,0.18630688,288.97507,290.41776
Spain,1996,11,283.7668,279.0491,3.0697625,0.0025246893,7.561261e+06,0.2826058,0.2798377,0.20814615,284.41684,286.77515
Spain,1996,12,281.27457,278.77286,3.252063,0.006472036,4.697229e+06,0.36670446,0.3569283,0.28460988,281.75516,283.7811
Spain,1997,1,280.35626,277.85413,2.7709475,0.003872146,5.894963e+06,0.38203102,0.38235047,0.36298493,280.2753,281.5525
Spain,1997,2,283.35742,278.58334,2.2598233,0.00018742424,1.1098971e+07,0.30615956,0.32197684,0.34437513,282.2444,282.37097
Spain,1997,3,286.92465,276.46222,2.3812444,8.582388e-05,1.6918192e+07,0.16065143,0.2145511,0.2731122,286.00284,284.99707
Spain,1997,4,288.48996,279.88052,2.55797,0.0018304689,1.7251988e+07,0.20484097,0.20846418,0.23619829,288.2756,287.09268
Spain,1997,5,289.4664,282.0468,2.8819103,0.0024393762,1.8706954e+07,0.22782779,0.23071374,0.22348666,289.74017,288.63956
Spain,1997,6,292.29254,283.79556,3.0054157,0.0015242577,2.0406476e+07,0.2310173,0.25076,0.22496077,292.31006,290.9575
Spain,1997,7,295.86972,284.90897,2.4036438,0.0010707548,2.1437166e+07,0.17172933,0.19065993,0.20588064,295.7148,293.49045
Spain,1997,8,296.61157,285.96765,2.340023,0.00096375943,1.9217764e+07,0.16402596,0.17785303,0.19537894,297.48074,296.3781
Spain,1997,9,294.63074,285.78677,2.2172058,0.0015372004,1.5135682e+07,0.16943282,0.17720449,0.18682069,295.44687,295.31494
Spain,1997,10,290.31375,283.98355,2.6611526,0.0016212736,1.1258276e+07,0.23858953,0.22917129,0.18789913,291.07462,292.51254
Spain,1997,11,284.1596,281.3521,3.5398834,0.0058254856,5.981043e+06,0.35944548,0.3430163,0.26245356,284.94266,287.45605
Spain,1997,12,281.3929,278.70276,2.8886166,0.0042047775,5.188232e+06,0.37073126,0.36717436,0.32869658,281.80972,283.92914
Spain,1998,1,280.9566,277.79773,2.794509,0.0017095907,6.3927005e+06,0.35460684,0.35538018,0.3451012,280.82175,282.4064
Spain,1998,2,283.14105,278.68646,2.5235298,0.0014925003,1.0289071e+07,0.33957496,0.34799984,0.34618223,282.31378,282.56235
Spain,1998,3,285.78467,277.12915,2.553304,0.0008440154,1.5426642e+07,0.20044494,0.23622134,0.28403142,284.80164,284.07843
Spain,1998,4,284.46707,278.296,3.81395,0.0018984999,1.5908882e+07,0.27131906,0.2579964,0.2603815,284.6588,284.54498
Spain,1998,5,288.31824,282.57376,2.523009,0.0033565045,1.7803458e+07,0.298742,0.28190365,0.25247738,288.25443,287.04752
Spain,1998,6,294.57242,284.78577,2.5395956,0.0009024552,2.2721974e+07,0.21306053,0.25227988,0.25541323,293.69873,290.92233
Spain,1998,7,298.20517,284.89752,2.5722399,0.0001358509,2.326523e+07,0.13401765,0.18034434,0.22779384,298.373,295.72797
Spain,1998,8,298.3305,285.30856,2.339347,0.0004644394,2.018605e+07,0.13496575,0.16527809,0.20819987,298.95016,297.49152
Spain,1998,9,293.574,285.04306,2.9600601,0.0018346787,1.4339638e+07,0.17810671,0.18022238,0.19811016,295.06744,295.86798
Spain,1998,10,287.7331,280.67456,2.4535048,0.000566176,1.1956471e+07,0.22411019,0.23746559,0.20207469,288.48465,290.4603
Spain,1998,11,283.6682,278.38824,2.6039233,0.00087023125,8.1830135e+06,0.23060845,0.23281762,0.20510586,284.61063,287.27457
Spain,1998,12,279.28574,274.43665,2.3205326,0.001355803,6.923763e+06,0.22742157,0.22791295,0.20889677,279.41016,282.13287
Spain,1999,1,279.50085,274.89328,2.6561244,0.0013229626,7.620501e+06,0.30445778,0.29104656,0.22426707,279.13657,280.58905
Spain,1999,2,280.49554,273.8394,2.8186295,0.00084892,1.0936112e+07,0.23529072,0.24088094,0.21490303,279.85608,280.39758
Spain,1999,3,283.7054,277.16852,3.1453512,0.0016545057,1.3832383e+07,0.25950897,0.23635793,0.19861843,283.03223,282.5345
Spain,1999,4,286.88333,277.54016,3.0786958,0.0012334517,1.865821e+07,0.19511528,0.20539068,0.18814206,286.97974,285.58698
Spain,1999,5,290.89993,281.97513,2.8531659,0.0013304744,2.0027084e+07,0.22226736,0.23084235,0.1980097,290.34814,288.13913
Spain,1999,6,294.8938,283.2994,2.5990133,0.0006136758,2.2854652e+07,0.16174158,0.18928885,0.1948967,295.0906,292.47696
Spain,1999,7,298.3862,285.16635,2.555409,0.00041354724,2.252886e+07,0.1335628,0.16701712,0.18908331,299.0074,296.4672
Spain,1999,8,297.60745,285.56543,2.5762656,0.00034332956,2.002436e+07,0.13712612,0.16785738,0.1841639,298.389,297.0234
Spain,1999,9,292.99487,284.92105,2.6634178,0.0021459307,1.4816332e+07,0.20816639,0.19948487,0.17404474,294.24615,295.3323
Spain,1999,10,288.61176,283.69855,2.9437594,0.0041513136,9.707711e+06,0.28656045,0.2711396,0.18670866,289.32407,291.05533
Spain,1999,11,281.5477,276.79376,2.743768,0.0009156738,8.666924e+06,0.29442212,0.2950728,0.23818326,282.6751,285.95697
Spain,1999,12,280.5648,277.2396,2.978548,0.0014041662,5.965197e+06,0.3064207,0.2992718,0.24948134,280.72803,282.62158
Spain,2000,1,277.9142,273.93912,2.1998253,0.0005959085,8.207592e+06,0.31184295,0.310882,0.27648515,277.93942,279.99435
Spain,2000,2,283.57407,277.38242,2.2672048,0.0001724686,1.1552379e+07,0.2277228,0.2550059,0.25705332,282.32388,281.85532
Spain,2000,3,284.88412,276.42566,2.548963,0.00085018703,1.5277042e+07,0.18267734,0.20128252,0.22984608,284.68805,284.1783
Spain,2000,4,284.1145,279.05453,3.8156445,0.0039046525,1.4632044e+07,0.31743708,0.297824,0.24570839,284.1261,283.82117
Spain,2000,5,290.41162,284.09747,2.1856022,0.0022550004,1.8959126e+07,0.28842598,0.2953566,0.2681478,289.46368,287.30734
Spain,2000,6,295.62103,282.8884,2.8911557,0.00032881327,2.3788054e+07,0.15078543,0.1965261,0.22972508,295.42343,292.5389
Spain,2000,7,297.02682,283.79404,2.793797,0.00020716531,2.2966648e+07,0.1305308,0.16826467,0.20939194,297.60706,295.52737
Spain,2000,8,297.368,283.40283,2.6814327,0.000187506,2.0730528e+07,0.12470688,0.16047345,0.19392914,298.2723,296.9978
Spain,2000,9,294.23944,282.75067,2.4098783,0.0005319936,1.6581477e+07,0.13331477,0.15662456,0.18095134,295.74103,296.01236
Spain,2000,10,288.11047,281.04755,2.6386712,0.0017161164,1.1218965e+07,0.22264256,0.19598718,0.18132809,289.184,291.23804
Spain,2000,11,282.85986,279.12433,3.4027445,0.0029834406,6.90675e+06,0.32163903,0.30009985,0.2105135,283.49854,286.11026
Spain,2000,12,281.76132,278.55966,3.468476,0.004624445,5.158611e+06,0.35414556,0.3485909,0.28156978,281.96115,284.01334
Spain,2001,1,281.28418,278.31543,3.7742121,0.00402987,5.7884945e+06,0.37060562,0.36937612,0.33612707,281.04953,282.3794
Spain,2001,2,281.72787,276.87222,3.08191,0.0017783948,1.0308139e+07,0.33196086,0.33647254,0.3327457,281.32623,282.0999
Spain,2001,3,285.57437,280.95065,3.7828586,0.003511119,1.1815858e+07,0.33037725,0.33623436,0.32966962,284.37524,283.6638
Spain,2001,4,286.68918,278.0911,3.0470777,0.00046345167,1.8696002e+07,0.20656714,0.24347237,0.28097034,286.6499,285.69562
Spain,2001,5,289.63376,281.79688,2.3298614,0.0019185474,1.9504544e+07,0.24615116,0.24116614,0.25138283,288.97537,287.2265
Spain,2001,6,296.2838,282.0436,2.6326396,0.00025117397,2.4344722e+07,0.14162332,0.18476908,0.22120348,296.2726,293.43375
Spain,2001,7,296.6782,283.71722,2.8439944,0.00039264816,2.2166744e+07,0.13545105,0.16825926,0.20781267,297.4827,295.62524
Spain,2001,8,297.87558,285.41626,2.4558616,0.00023104463,2.0100128e+07,0.13156924,0.16550559,0.19859688,298.7469,297.33774
Spain,2001,9,293.68997,284.29266,2.3744748,0.0016030039,1.535302e+07,0.17397963,0.1771018,0.18706308,295.104,295.85086
Spain,2001,10,289.772,284.74103,2.7662575,0.002684331,1.0436735e+07,0.28918827,0.26989153,0.19443202,290.22144,291.6997
Spain,2001,11,281.66962,276.4724,2.8521774,0.0014261961,8.154634e+06,0.2850574,0.28268948,0.22550273,282.96555,286.38684
Spain,2001,12,278.61987,274.30057,2.4518843,0.0012147529,6.4902025e+06,0.28339207,0.28260797,0.23993228,278.99097,281.77817
Spain,2002,1,280.9037,277.51642,2.5474741,0.0014188562,7.0201105e+06,0.3239639,0.31821224,0.26561525,280.27975,281.15018
Spain,2002,2,282.28983,276.42166,2.5985096,0.00045781134,1.1031435e+07,0.25889522,0.2764659,0.26322085,281.46402,281.8058
Spain,2002,3,284.45575,278.54077,2.8513622,0.0024870872,1.3092271e+07,0.28761172,0.27956977,0.24991766,283.5833,282.97818
Spain,2002,4,286.25635,278.73187,2.5965755,0.0021562031,1.7764916e+07,0.27121177,0.2755046,0.24142374,285.85635,284.68985
Spain,2002,5,288.79443,279.78326,3.0552218,0.0014895882,2.0176356e+07,0.2106009,0.23326391,0.22374855,288.90253,287.52124
Spain,2002,6,295.31137,283.22668,2.8893661,0.0007705212,2.2604222e+07,0.15908763,0.18931618,0.20720294,295.34137,292.33698
Spain,2002,7,297.30588,283.85022,2.7379816,0.00023078918,2.3000332e+07,0.13370846,0.16762306,0.1943185,297.86417,295.55188
Spain,2002,8,296.17007,284.49316,2.4420216,0.0005831514,1.973056e+07,0.14325753,0.16289465,0.18816371,297.40695,296.5887
Spain,2002,9,292.52417,284.9658,2.3882458,0.0020673615,1.4429653e+07,0.20861442,0.2012657,0.18420132,293.59064,294.2571
Spain,2002,10,288.5951,283.82648,2.7992668,0.0019799948,1.0016734e+07,0.27495024,0.25583214,0.19559208,289.19077,290.79718
Spain,2002,11,284.15558,280.26245,3.0982416,0.003182091,6.7903315e+06,0.30263525,0.2921438,0.22038962,284.90677,287.25323
Spain,2002,12,282.4623,279.53873,3.1289227,0.003115109,5.4191655e+06,0.3490331,0.34262037,0.2757874,282.40582,284.13287
Spain,2003,1,279.50632,274.93552,3.5767334,0.0022498404,7.1183435e+06,0.34816262,0.34755024,0.30921444,279.62552,281.60608
Spain,2003,2,280.12537,276.13318,2.8526769,0.0028548276,8.766486e+06,0.32967025,0.3263676,0.30011573,279.80563,280.69092
Spain,2003,3,284.7465,278.8617,2.720004,0.0020118237,1.324466e+07,0.30058178,0.3068423,0.29751214,283.6982,283.0641
Spain,2003,4,285.9463,279.67523,3.0374947,0.0020564182,1.6250386e+07,0.3001893,0.3010649,0.27605057,285.38477,284.50928
Spain,2003,5,291.12662,281.3859,2.55343,0.0011267593,2.1152114e+07,0.21411788,0.2452477,0.24734889,290.45682,288.23853
Spain,2003,6,296.95453,284.9986,2.6024835,0.0004883221,2.2712148e+07,0.1499977,0.18127157,0.21950701,296.91797,293.79587
Spain,2003,7,297.9347,283.7646,2.5456214,0.00015764577,2.3267686e+07,0.12889048,0.1633919,0.20361719,298.41553,296.15836
Spain,2003,8,299.071,285.31885,2.3893788,0.00047266824,2.0025378e+07,0.1338011,0.15339069,0.19214946,300.0913,298.70465
Spain,2003,9,294.34854,284.0001,2.5419755,0.0011097908,1.5911971e+07,0.14198045,0.15991855,0.1802143,295.51382,295.88638
Spain,2003,10,287.60538,283.0436,2.9820015,0.004457845,9.496824e+06,0.3024074,0.26382917,0.18826659,288.9819,291.57004
Spain,2003,11,283.97388,280.6993,2.7414215,0.0025837761,6.947966e+06,0.34766033,0.3417699,0.2568256,284.57272,286.96637
Spain,2003,12,280.54315,277.38568,2.7885346,0.0020682607,5.9394905e+06,0.35140178,0.3490456,0.30414215,280.82596,283.21094
Spain,2004,1,281.30768,277.62494,2.7837725,0.00096883095,6.888894e+06,0.30482122,0.30955496,0.29659572,280.8687,282.10745
Spain,2004,2,281.3069,277.0268,2.513349,0.0022667816,9.870523e+06,0.3098353,0.31209606,0.2957088,281.27258,282.12967
Spain,2004,3,282.6913,277.33154,2.7371216,0.0024686472,1.2816677e+07,0.31573594,0.31513917,0.29492906,282.2128,282.1619
Spain,2004,4,285.12695,278.08755,2.9854465,0.0018653461,1.7746242e+07,0.29374415,0.30461392,0.28314856,284.55725,283.65
Spain,2004,5,287.8899,281.3867,2.6829042,0.0027477604,1.818192e+07,0.291024,0.28781638,0.25894585,287.3298,285.9799
Spain,2004,6,296.56976,284.7677,2.3978453,0.00033091818,2.3244006e+07,0.1597436,0.2039621,0.23158774,295.89957,292.43784
Spain,2004,7,297.824,284.23434,2.5256336,0.00026501587,2.3059638e+07,0.13080175,0.16582589,0.20973288,298.397,295.93924
Spain,2004,8,296.95294,285.4904,2.645993,0.0006345783,1.9481078e+07,0.14629725,0.16293964,0.19541234,297.83987,296.75476
Spain,2004,9,294.5886,283.76138,2.2190845,0.00055257254,1.6381683e+07,0.14275636,0.1615465,0.18026078,295.6412,295.7422
Spain,2004,10,288.97763,282.1414,2.884518,0.0026508637,1.0405317e+07,0.20138551,0.18755287,0.17928402,290.4891,292.54443
Spain,2004,11,282.35928,277.18106,2.3215642,0.0004645586,8.764005e+06,0.26124883,0.26629162,0.21489747,283.0154,286.07468
Spain,2004,12,280.0425,276.2479,2.8515654,0.0012393373,6.342039e+06,0.30266428,0.2964197,0.23394702,280.39474,282.89032
Spain,2005,1,278.13565,272.1916,2.359271,9.4185554e-05,8.807813e+06,0.2292469,0.24880317,0.23136435,277.99524,280.09174
Spain,2005,2,278.33582,271.48862,2.813755,0.0012009314,1.0703507e+07,0.20563124,0.20659646,0.20964518,278.28903,279.28934
Spain,2005,3,283.7196,276.34888,2.849405,0.0010703427,1.3090197e+07,0.21777047,0.20519812,0.193303,282.3872,281.2083
Spain,2005,4,286.72568,278.0716,3.0938053,0.00092263904,1.775409e+07,0.20779479,0.21259217,0.18862535,286.2429,284.7225
Spain,2005,5,291.49594,280.48532,2.751929,0.0009775877,2.0942258e+07,0.16952753,0.18386486,0.18310097,291.49744,288.96005
Spain,2005,6,296.95114,284.0702,2.624589,0.00035833972,2.3257352e+07,0.14598435,0.16857257,0.18180302,297.18158,293.9239
Spain,2005,7,298.40836,284.27652,2.773623,0.00014543193,2.3076746e+07,0.12662117,0.15923029,0.18120176,299.27048,296.87805
Spain,2005,8,297.86667,283.65033,2.6217055,0.00031576157,2.057708e+07,0.12760866,0.15248358,0.174272,298.70322,297.34195
Spain,2005,9,293.15717,281.8022,2.5367799,0.0008116552,1.6512064e+07,0.1557504,0.15796788,0.16458067,294.54498,295.39328
Spain,2005,10,288.94516,282.4462,2.5021322,0.0029565333,1.0830033e+07,0.23194632,0.21073757,0.16692863,290.0908,291.88632
Spain,2005,11,282.12433,277.64383,2.7023072,0.0015748569,7.837727e+06,0.30387652,0.29404467,0.21494181,283.45734,286.7529
Spain,2005,12,279.7508,275.5529,2.866267,0.0013561862,6.409579e+06,0.29750508,0.2939727,0.23664849,279.77338,282.2087
Spain,2006,1,278.53012,275.05582,2.3258772,0.001680599,6.8977955e+06,0.3196493,0.3083093,0.24444738,278.97467,280.83173
Spain,2006,2,279.79117,274.96686,2.726687,0.0018625191,1.0074239e+07,0.30693492,0.29844344,0.25101978,279.45032,280.22314
Spain,2006,3,284.14096,278.48575,3.2670693,0.0020636083,1.3173585e+07,0.30059227,0.29955715,0.25206307,282.9608,282.00928
Spain,2006,4,287.55673,280.30237,2.6948526,0.0015132121,1.7516906e+07,0.2546651,0.2540485,0.23876427,287.15234,285.6577
Spain,2006,5,291.98483,281.49338,2.6267254,0.00095631735,2.1092722e+07,0.18573008,0.21288109,0.21661264,291.82385,289.3147
Spain,2006,6,295.35107,283.87418,2.5120883,0.0011257206,2.2334142e+07,0.17720592,0.18555999,0.19564544,295.47327,293.0929
Spain,2006,7,299.2662,284.69705,2.4445968,0.0002671344,2.273919e+07,0.13466291,0.16466148,0.18406858,299.62192,296.84268
Spain,2006,8,297.4317,283.89505,2.7496696,0.0004901954,2.0588964e+07,0.13743336,0.15563416,0.17211679,298.5103,297.50336
Spain,2006,9,294.41736,284.26743,2.4475732,0.0013444083,1.5188528e+07,0.17526262,0.1658518,0.16267437,295.72507,296.3019
Spain,2006,10,290.37317,284.26382,3.0822563,0.003863614,1.0131326e+07,0.24685423,0.23685987,0.17912799,291.04388,292.4702
Spain,2006,11,285.53476,282.27216,2.7841868,0.0039101294,6.59756e+06,0.35126248,0.34294158,0.25841483,286.23187,288.6806
Spain,2006,12,279.7427,275.9204,2.556923,0.0010020358,6.6900735e+06,0.32048365,0.3230456,0.28503075,280.37662,283.42294
Spain,2007,1,279.6602,275.88272,2.224598,0.0010736091,7.2628405e+06,0.27809614,0.28147626,0.27138257,279.75943,281.4555
Spain,2007,2,282.65326,278.92984,3.1487403,0.002234212,8.3856375e+06,0.34509325,0.33633214,0.2834737,281.71338,281.84457
Spain,2007,3,283.1083,275.49234,3.212991,0.0009769679,1.460984e+07,0.24535547,0.2606972,0.2630765,282.93298,283.0129
Spain,2007,4,285.52072,280.07346,2.4356563,0.0028676544,1.6092359e+07,0.30435082,0.28824058,0.24461253,285.20276,284.19684
Spain,2007,5,289.51514,281.37067,2.9172988,0.002367905,2.0087958e+07,0.258405,0.26708856,0.23074268,289.25018,287.70377
Spain,2007,6,293.39255,283.64294,2.7257476,0.0009402752,2.1600438e+07,0.19306485,0.2211696,0.21490732,293.17096,290.90152
Spain,2007,7,297.41782,283.15836,2.741334,8.5343636e-05,2.338755e+07,0.12773766,0.17064299,0.19663782,297.7743,295.0329
Spain,2007,8,296.52472,284.04117,2.8155384,0.0008596829,1.9941942e+07,0.14564618,0.15794146,0.18142082,297.64667,296.57446
Spain,2007,9,293.60095,285.05444,2.2509599,0.0015052932,1.5308645e+07,0.18364273,0.172033,0.16834584,294.8016,295.13412
Spain,2007,10,288.31702,281.8435,2.281888,0.0013833421,1.1625062e+07,0.23054709,0.21999241,0.17290045,289.36304,291.22342
Spain,2007,11,282.52975,274.92166,2.4189181,0.0011868171,9.143797e+06,0.21314594,0.21700925,0.17647633,283.25735,286.24417
Spain,2007,12,279.75122,275.78268,2.4540012,0.0007252846,6.684543e+06,0.2587158,0.24924791,0.18987954,279.965,282.41174
Spain,2008,1,281.2207,277.55963,2.4840305,0.0013499635,7.3635145e+06,0.30234936,0.29275668,0.21248475,280.62485,281.67523
Spain,2008,2,282.64883,278.11685,2.7276235,0.0016858203,9.349501e+06,0.2728218,0.26297334,0.21448919,281.8844,282.00168
Spain,2008,3,283.65323,276.1373,3.3924453,0.00065863476,1.4516962e+07,0.23003821,0.23654957,0.20746243,283.42352,283.29477
Spain,2008,4,286.58435,278.76505,3.5184007,0.0037719011,1.7165198e+07,0.2738346,0.27062738,0.20824191,286.11316,285.01154
Spain,2008,5,288.19266,282.01346,2.579417,0.0028748375,1.737315e+07,0.26974812,0.26172632,0.21576717,288.47092,287.4684
Spain,2008,6,294.08447,283.58954,2.5033789,0.00085394044,2.2123114e+07,0.20706505,0.23655576,0.21605563,293.29996,290.39868
Spain,2008,7,297.01123,283.48843,2.6529157,0.00025803022,2.303928e+07,0.13566487,0.16845144,0.19473596,297.81088,295.4273
Spain,2008,8,297.32883,283.52936,2.581455,0.00014356205,2.0738524e+07,0.12246581,0.15247613,0.18018334,298.48053,296.95444
Spain,2008,9,292.5069,283.5863,2.4588253,0.0016407797,1.4882545e+07,0.18025188,0.16333103,0.17067237,293.99612,294.8384
Spain,2008,10,287.8819,281.8409,2.7642136,0.002728292,1.0541786e+07,0.25230926,0.2196147,0.16536465,288.96588,290.89566
Spain,2008,11,281.1476,276.42093,2.7722495,0.0012066978,8.155958e+06,0.2860474,0.28135148,0.19246496,282.14484,285.2473
Spain,2008,12,279.32968,275.72372,2.9361823,0.0018198729,5.8159095e+06,0.31827253,0.30299935,0.21265194,279.33865,281.55246
Spain,2009,1,279.0135,275.80798,3.1681674,0.002258161,6.06643e+06,0.33577076,0.32324046,0.24627525,278.98828,280.2751
Spain,2009,2,280.88196,275.64252,2.844616,0.0018454551,1.0409492e+07,0.3113417,0.31931114,0.27988166,280.29007,280.7438
Spain,2009,3,284.67047,276.35632,2.839625,0.0013078213,1.4824539e+07,0.23159403,0.24674007,0.24195889,284.00122,283.1591
Spain,2009,4,284.82892,277.09225,3.0091395,0.0014061622,1.7906532e+07,0.22580214,0.22403723,0.22269288,285.04218,284.3445
Spain,2009,5,291.1301,279.8065,2.7278454,0.0006705693,2.1867538e+07,0.17276128,0.1932001,0.20676465,290.8742,288.32806
Spain,2009,6,295.70166,283.06918,2.6998677,0.0005686522,2.2019584e+07,0.15182449,0.17360029,0.19796792,295.94342,293.07776
Spain,2009,7,298.03754,282.04776,2.8242383,0.00012685911,2.3620746e+07,0.12528157,0.15586032,0.18539882,298.82593,296.32297
Spain,2009,8,298.46124,283.96774,2.3603613,0.00028503963,2.0395338e+07,0.12463841,0.14686324,0.17077307,299.58728,297.86804
Spain,2009,9,293.43988,283.49338,2.4364207,0.0011698485,1.4981776e+07,0.15708876,0.15221314,0.16272517,295.331,296.2206
Spain,2009,10,290.46054,282.38846,2.400035,0.0013367482,1.1998407e+07,0.20350699,0.18509671,0.15328796,291.22574,292.64905
Spain,2009,11,284.89886,279.34,3.194381,0.0011273759,7.6961305e+06,0.2098535,0.21003793,0.16182905,286.1144,288.77628
Spain,2009,12,280.75555,277.56012,3.478171,0.0062664133,5.228128e+06,0.33096245,0.30627504,0.21285577,281.2837,283.84256
Spain,2010,1,279.6277,276.30765,3.2393167,0.003357877,5.8384345e+06,0.37203446,0.3717072,0.33194086,280.03403,281.9721
Spain,2010,2,280.53915,276.79385,3.6304214,0.00495522,7.764568e+06,0.37196735,0.3685647,0.33995578,280.1704,280.86633
Spain,2010,3,282.566,277.03647,3.1053097,0.0027557304,1.2058655e+07,0.3464516,0.34958023,0.34496143,282.11682,282.1203
Spain,2010,4,286.96237,280.2159,2.5963366,0.0021104848,1.7046798e+07,0.28777698,0.29476023,0.29904747,285.9386,284.50998
Spain,2010,5,288.75433,279.79852,2.9874508,0.0012435572,2.0736016e+07,0.2227893,0.24415499,0.26129195,288.6864,287.2554
Spain,2010,6,293.42853,283.6851,2.4544857,0.0014823028,2.1067312e+07,0.20009263,0.21344164,0.23241408,293.52667,291.26962
Spain,2010,7,299.0504,284.7205,2.4742422,0.00018811566,2.3243824e+07,0.13218522,0.17270987,0.2105496,299.32047,296.223
Spain,2010,8,298.48724,284.6966,2.4368052,0.00045044423,2.0130472e+07,0.13232093,0.15650369,0.19209845,299.46643,297.86484
Spain,2010,9,293.73123,283.86182,2.2293487,0.0010602644,1.5567671e+07,0.16834998,0.16069853,0.1799155,295.37622,296.16977
Spain,2010,10,287.48257,279.78726,2.6386795,0.00230734,1.1428731e+07,0.21890905,0.21056993,0.17458247,288.82965,291.0991
Spain,2010,11,282.18082,278.11923,2.9708588,0.0021396466,7.1555055e+06,0.29434496,0.2712286,0.18814415,283.30673,286.34622
Spain,2010,12,280.47214,276.64594,3.0630472,0.0041741305,5.819433e+06,0.35289118,0.34255373,0.26578864,280.6014,282.75113
Spain,2011,1,279.98828,276.48294,2.6238186,0.0016928605,6.6901145e+06,0.33921725,0.33738598,0.30733785,280.16537,281.6717
Spain,2011,2,281.34317,276.0717,2.8746223,0.001711394,1.0440478e+07,0.31365666,0.3139999,0.29445663,280.35318,280.6724
Spain,2011,3,283.1231,277.72614,3.0702055,0.0023007223,1.247881e+07,0.31421182,0.30717388,0.2847815,282.24188,282.04306
Spain,2011,4,288.8388,280.91757,2.6576974,0.0024220706,1.7738022e+07,0.24604724,0.25314638,0.2495624,288.19995,286.4332
Spain,2011,5,291.44696,283.37137,2.3782132,0.0020249435,1.963297e+07,0.25572905,0.25855336,0.2295742,290.79916,288.7751
Spain,2011,6,294.86832,283.18784,2.5744,0.00059884955,2.2789072e+07,0.17514847,0.19931404,0.20766602,294.87164,292.25323
Spain,2011,7,297.03622,283.4757,2.8185215,0.00016104153,2.2960658e+07,0.12806998,0.16276906,0.1943409,298.05048,295.99332
Spain,2011,8,297.75504,284.7249,2.5562842,0.000474126,2.0136564e+07,0.133727,0.15337574,0.18187137,298.95023,297.56512
Spain,2011,9,294.73315,282.82922,2.2587862,0.00050757953,1.6639611e+07,0.13763914,0.15270987,0.164549,295.9202,296.00308
Spain,2011,10,290.42996,280.0755,2.518135,0.0014670917,1.2380039e+07,0.15428965,0.15395679,0.16126758,291.865,293.6671
Spain,2011,11,284.2356,280.4797,2.7687523,0.0032441241,7.061837e+06,0.32766,0.3046492,0.19965385,285.21152,288.05383
Spain,2011,12,280.38452,276.31552,2.4731462,0.0005105802,6.6840825e+06,0.29037514,0.29005826,0.22887431,280.74863,283.51422
Spain,2012,1,279.52042,274.96194,2.2239513,0.0005129133,8.0825875e+06,0.2464103,0.24691838,0.22086199,279.4843,281.28226
Spain,2012,2,278.60986,268.6526,2.9405308,0.00026109559,1.2078545e+07,0.18991525,0.20448232,0.19986574,278.21375,279.40353
Spain,2012,3,284.27182,273.74747,2.7245877,0.00057820254,1.5711563e+07,0.15316457,0.15965877,0.17821403,284.03052,282.94046
Spain,2012,4,284.29605,277.83875,3.5888531,0.002527683,1.5827683e+07,0.24125268,0.20518662,0.18177505,284.9094,284.39667
Spain,2012,5,291.6159,280.68115,2.7967494,0.0012055124,2.1073198e+07,0.21564949,0.22887269,0.1880328,290.75372,288.0213
Spain,2012,6,296.03668,282.025,2.9017284,0.00034787314,2.306518e+07,0.1387181,0.16919288,0.17944796,296.46695,293.2947
Spain,2012,7,297.62317,281.47983,2.681132,0.00017263548,2.3671662e+07,0.1198437,0.15050656,0.1694835,298.69208,296.3185
Spain,2012,8,298.48828,282.377,2.6644893,0.00019352436,2.0856792e+07,0.12244677,0.14459127,0.16351466,299.66083,297.99863
Spain,2012,9,293.8416,282.03403,2.642504,0.0020434754,1.5341914e+07,0.15102534,0.15175845,0.15482616,295.64832,296.39496
Spain,2012,10,288.43408,282.28143,2.3556635,0.0026699747,1.092714e+07,0.26089358,0.25065723,0.15678498,289.58087,291.7238
Spain,2012,11,283.5477,280.14297,2.9506507,0.0041732923,6.5562835e+06,0.35885632,0.35125417,0.24944043,284.46494,287.0142
Spain,2012,12,280.79547,277.56827,2.6071148,0.0012806449,6.0001635e+06,0.32456222,0.3240618,0.2838821,281.0057,283.2105
Spain,2013,1,280.3753,276.72733,3.3426683,0.002176404,6.731862e+06,0.32962716,0.32636267,0.29416975,280.0809,281.58286
Spain,2013,2,279.96414,274.92905,3.305061,0.002027321,9.736272e+06,0.3140029,0.31409454,0.29578018,280.0327,281.10168
Spain,2013,3,282.7768,278.59894,3.9040384,0.005232174,1.0532234e+07,0.36461687,0.35843,0.31899467,281.91943,281.6233
Spain,2013,4,285.64127,278.96756,3.0293138,0.0018545014,1.7304802e+07,0.2913932,0.3072077,0.31642708,285.4378,284.4785
Spain,2013,5,287.89172,279.49203,2.7792978,0.0011687687,1.9926262e+07,0.22959559,0.24347216,0.2584026,287.81757,286.55356
Spain,2013,6,293.47955,281.52274,2.7321422,0.0004217795,2.2726816e+07,0.15649976,0.19091344,0.22546801,293.23117,290.40024
Spain,2013,7,298.41245,283.78,2.4013374,0.00019703593,2.3029008e+07,0.12615749,0.15870072,0.19990371,298.99692,296.0747
Spain,2013,8,298.21216,283.7106,2.4261932,0.0005580187,2.0551852e+07,0.12832403,0.150025,0.18549594,299.2495,297.51566
Spain,2013,9,294.57684,284.2632,2.4357347,0.0010491916,1.5762022e+07,0.14734955,0.15330347,0.17175819,295.92422,296.01703
Spain,2013,10,289.85004,283.552,2.3899243,0.0024067606,1.1132198e+07,0.23875119,0.21981052,0.1761842,290.92673,292.71213
Spain,2013,11,282.35736,276.69193,3.0767171,0.00063677854,8.155138e+06,0.23781973,0.2343312,0.191525,283.71338,287.15173
Spain,2013,12,279.70407,275.12704,2.7736053,0.0020900283,6.627572e+06,0.25213963,0.24037068,0.19251107,279.61563,282.12585
Spain,2014,1,281.39642,278.16885,3.481414,0.0027908802,5.7379045e+06,0.34095573,0.32802004,0.24387436,280.95663,282.11276
Spain,2014,2,281.12988,277.43192,3.8283703,0.0032904898,8.123092e+06,0.34633854,0.34036532,0.2838323,280.77844,281.5057
Spain,2014,3,283.7397,276.86203,3.2644613,0.0013506991,1.3917418e+07,0.26104146,0.27086732,0.26907045,283.154,282.8862
Spain,2014,4,288.2942,281.17136,2.7905793,0.001678167,1.7321458e+07,0.25792167,0.25951776,0.2497039,287.48898,285.84027
Spain,2014,5,290.6402,279.4889,2.9990926,0.0007144792,2.1691666e+07,0.16898032,0.19611637,0.22108212,291.14816,289.40637
Spain,2014,6,294.21637,282.5389,2.6683342,0.00066497666,2.242416e+07,0.1581094,0.17485248,0.20202926,294.50076,292.10388
Spain,2014,7,296.6839,283.93344,2.643309,0.00050935405,2.2573392e+07,0.14456894,0.16585453,0.18580763,297.3296,294.9647
Spain,2014,8,297.26566,283.99155,2.5834062,0.000118664335,2.0754374e+07,0.12118637,0.15193781,0.1810376,298.39874,296.93683
Spain,2014,9,294.07114,285.8163,2.2352889,0.0017406736,1.4637016e+07,0.18488419,0.16387907,0.16924965,295.48975,296.0529
Spain,2014,10,290.8852,283.96985,2.5164065,0.0020086016,1.1286655e+07,0.2451316,0.23605148,0.17780401,291.20926,292.39868
Spain,2014,11,284.67502,281.27148,3.0709574,0.004051755,6.850174e+06,0.3167642,0.2915883,0.20539609,285.64017,288.20682
Spain,2014,12,279.7539,275.9238,2.5075762,0.0009504693,6.9184375e+06,0.3275061,0.32482746,0.25472578,280.4571,283.5134
Spain,2015,1,279.05322,274.1902,2.8469071,0.0013437407,7.899667e+06,0.2889821,0.2876414,0.25732315,278.40735,280.22543
Spain,2015,2,279.86942,274.94482,3.7346737,0.0012729849,9.379677e+06,0.3080447,0.29967594,0.257839,279.5815,280.35788
Spain,2015,3,284.26596,276.63882,2.8401356,0.001594472,1.4235548e+07,0.24744281,0.25184184,0.23323305,283.46014,282.76547
Spain,2015,4,287.30948,279.79913,2.7906764,0.0015382903,1.7141486e+07,0.22765934,0.22767583,0.20917374,287.14294,285.74945
Spain,2015,5,292.57,280.0237,2.8625734,0.00037143572,2.2060532e+07,0.16343565,0.19858463,0.20373425,292.4118,289.78345
Spain,2015,6,295.9845,282.42468,2.428603,0.0009439877,2.2440532e+07,0.16013095,0.17026314,0.18722841,296.10538,293.31885
Spain,2015,7,300.33667,284.46182,2.5675492,0.0003176076,2.3108824e+07,0.122372344,0.1503875,0.17627753,301.09525,298.12628
Spain,2015,8,297.7885,285.0709,2.6017816,0.00041855403,1.9500266e+07,0.13075364,0.14331938,0.16640724,299.1027,298.14462
Spain,2015,9,292.9015,282.7295,2.480528,0.0010461365,1.5528245e+07,0.16004798,0.15628679,0.16020274,294.56784,295.56345
Spain,2015,10,289.10083,283.57455,2.5583026,0.002800342,9.871099e+06,0.2486415,0.20451562,0.16260052,290.18875,292.201
Spain,2015,11,284.77377,279.7584,2.3638234,0.0011937721,8.773773e+06,0.27065432,0.2726358,0.194849,285.38843,288.04803
Spain,2015,12,282.59457,278.23877,2.0557675,0.00056039944,6.588248e+06,0.22524889,0.23619899,0.19933343,282.5498,284.50467
Spain,2016,1,282.10254,279.09097,3.1239755,0.0025009054,5.9579775e+06,0.3126758,0.29467693,0.22785957,282.11148,283.45438
Spain,2016,2,281.5855,276.95193,3.98862,0.0021643094,9.235514e+06,0.30817914,0.2983705,0.24781854,281.57953,282.66605
Spain,2016,3,282.28445,276.03818,3.0287285,0.0012558051,1.3976552e+07,0.27339062,0.26902434,0.24038061,282.13367,282.21243
Spain,2016,4,285.55453,279.4598,3.030884,0.0032027178,1.5856713e+07,0.29687086,0.28796118,0.23657502,285.17368,284.39038
Spain,2016,5,288.9359,281.1903,2.9550111,0.002786718,1.8768706e+07,0.2696702,0.27660352,0.23959607,288.64758,287.1936
Spain,2016,6,295.38272,282.77426,2.7772691,0.00022346973,2.3421722e+07,0.14993438,0.19111925,0.21498337,295.20514,292.07227
Spain,2016,7,299.3855,284.5135,2.5800822,0.0002810887,2.2986386e+07,0.12988108,0.15752047,0.19123502,299.93445,296.86533
Spain,2016,8,298.86124,284.39194,2.565508,0.00018124921,2.0819862e+07,0.121406674,0.14501214,0.17749324,300.064,298.4143
Spain,2016,9,295.15286,282.62378,2.3834655,0.0004040616,1.6390535e+07,0.132702,0.13612317,0.16420932,296.77646,297.1524
Spain,2016,10,290.16595,282.84912,2.1690004,0.002184156,1.1043016e+07,0.21853448,0.18097205,0.1593964,291.51752,293.29352
Spain,2016,11,283.25632,279.05844,2.6640432,0.003363892,7.29233e+06,0.29694656,0.28109956,0.17688948,284.60492,287.81473
Spain,2016,12,281.2135,278.3036,2.319211,0.0019225496,6.261847e+06,0.3441217,0.3400141,0.2526731,281.7872,284.24252
Spain,2017,1,279.10544,274.3557,2.6614697,0.001050612,7.440778e+06,0.28719294,0.28503928,0.2601262,278.9368,280.909
Spain,2017,2,282.5503,277.9612,3.3272727,0.002287466,9.441264e+06,0.31861675,0.30867398,0.25496572,281.80234,281.95526
Spain,2017,3,284.45718,277.7161,3.038397,0.0017682501,1.4043418e+07,0.269837,0.26663858,0.23609726,283.90958,283.57816
Spain,2017,4,288.1248,277.57162,2.8776424,0.0010158573,1.8977588e+07,0.17507955,0.19726518,0.20608015,288.38632,286.72943
Spain,2017,5,292.00024,281.62405,2.6964328,0.0012041671,2.0579244e+07,0.20066449,0.20208143,0.1910263,291.66403,289.33237
Spain,2017,6,297.7226,283.5708,2.7373784,0.00051349914,2.2847246e+07,0.14441471,0.16694872,0.18023887,298.34433,295.23505
Spain,2017,7,298.59012,283.34958,2.6714337,0.0005691392,2.3062158e+07,0.13679928,0.16059582,0.17294349,299.23148,296.89673
Spain,2017,8,298.42554,283.5603,2.5128171,0.0008631774,2.0083996e+07,0.13173823,0.14637724,0.16209859,299.9751,298.77032
Spain,2017,9,294.0287,281.22073,2.4309247,0.000133964,1.6964852e+07,0.1298346,0.1470084,0.15039183,295.60358,296.21106
Spain,2017,10,291.5855,280.58023,2.2154622,0.0007833617,1.2522591e+07,0.15086241,0.14448535,0.14497219,292.84802,294.29535
Spain,2017,11,283.6686,276.24765,2.4242022,0.0010468176,8.820583e+06,0.187278,0.16637461,0.14415964,285.03723,288.50473
Spain,2017,12,280.14337,275.77246,3.033209,0.0014567886,6.43571e+06,0.26819393,0.23582494,0.15590683,280.3748,283.3833
Spain,2018,1,280.34918,276.6244,2.9029584,0.0016629645,7.083124e+06,0.30400395,0.2862368,0.18666287,280.57782,282.38788
Spain,2018,2,279.6023,273.61246,2.9037948,0.0019241453,9.860176e+06,0.26057985,0.2547759,0.19579479,279.77545,281.01346
Spain,2018,3,282.24615,277.5266,4.419588,0.005840867,1.1647494e+07,0.3584774,0.3465979,0.26136208,281.93045,282.0625
Spain,2018,4,285.89542,279.6525,3.243353,0.0027607817,1.6390597e+07,0.30600092,0.30959788,0.2760457,285.34317,284.1583
Spain,2018,5,289.00613,281.6789,2.3756063,0.0019217015,1.9316032e+07,0.24017544,0.24002536,0.24484815,289.13086,287.55057
Spain,2018,6,293.8036,284.61502,2.507868,0.0012610061,2.0723194e+07,0.21185635,0.2341937,0.22538686,293.59976,290.89893
Spain,2018,7,297.05832,284.23276,2.5242727,0.0001878466,2.3034978e+07,0.13957588,0.17435803,0.20253812,297.85742,295.4305
Spain,2018,8,299.03436,284.6197,2.3526835,0.00034338408,2.0363312e+07,0.12686257,0.15084822,0.18267703,300.0043,298.0088
Spain,2018,9,295.90094,285.8507,2.0497541,0.0009408372,1.5618569e+07,0.1593135,0.15538092,0.17008007,297.13754,296.9234
Spain,2018,10,288.48663,281.25632,2.6799195,0.0027831707,1.0847269e+07,0.22460923,0.18899034,0.16575065,290.53833,293.08264
Spain,2018,11,283.6172,280.5168,2.9087594,0.003123624,6.7236555e+06,0.34763008,0.32884085,0.21164346,284.46457,287.05197
Spain,2018,12,281.47934,277.90002,2.2329159,0.00057199004,6.965696e+06,0.3123931,0.3128979,0.2587519,281.66296,283.93872
Spain,2019,1,279.44473,274.20673,2.8884726,0.0007974982,7.62319e+06,0.25642177,0.25854582,0.24366122,278.82092,280.6812
Spain,2019,2,282.02496,274.94644,2.5372813,0.0005787543,1.1866509e+07,0.24295545,0.25187093,0.22562857,281.437,281.69907
Spain,2019,3,284.78906,275.34677,2.861387,0.0007428646,1.5580336e+07,0.17735575,0.19288373,0.20077166,284.69662,284.00385
Spain,2019,4,285.29395,278.9386,3.18603,0.0031793322,1.6152123e+07,0.2754106,0.23999953,0.19408652,285.41864,284.81598
Spain,2019,5,291.41003,279.61703,3.0317903,0.00035237925,2.2031606e+07,0.168945,0.20580624,0.19146754,291.44467,288.99646
Spain,2019,6,294.64157,280.72882,2.8940058,0.00025558812,2.3349068e+07,0.13428158,0.16303927,0.18316387,295.396,292.7124
Spain,2019,7,298.38718,284.51193,2.647275,0.00032955236,2.2430256e+07,0.13268274,0.1557952,0.17970376,299.4624,296.95712
Spain,2019,8,298.03888,284.16852,2.4282758,0.00047378198,2.023935e+07,0.13056447,0.14624055,0.16970065,299.32944,297.87036
Spain,2019,9,294.0132,284.1358,2.5611567,0.0014926876,1.5404173e+07,0.18093902,0.16850157,0.16232848,295.43307,296.0553
Spain,2019,10,289.6446,282.212,2.4684405,0.0013264349,1.1526294e+07,0.18875708,0.17760001,0.15892895,291.1246,292.8517
Spain,2019,11,283.25705,279.25354,3.925613,0.0025486606,6.3404025e+06,0.2869773,0.2556705,0.17540596,284.4817,287.31488
Spain,2019,12,282.22314,278.42407,3.246147,0.0033667837,5.911232e+06,0.33489946,0.32493532,0.22841348,282.5328,284.6408
Spain,2020,1,280.00113,276.2131,2.593418,0.0015592745,6.735071e+06,0.31397936,0.308968,0.2603298,279.865,281.5948
Spain,2020,2,283.91428,278.4092,2.2542045,0.00016463143,1.0743323e+07,0.26491424,0.28118655,0.25469297,283.4011,283.45255
Spain,2020,3,284.10535,278.2171,3.2433832,0.002828731,1.2721647e+07,0.26211247,0.25320315,0.22892216,284.50168,284.41672
Spain,2020,4,286.2573,281.51254,2.594079,0.003170521,1.4116184e+07,0.33873475,0.32506463,0.24310692,286.15048,285.36826
Spain,2020,5,291.79175,282.87216,2.5406442,0.0016347545,2.0442024e+07,0.24134533,0.25811544,0.23194204,291.3778,289.03094
Spain,2020,6,294.14267,282.39874,2.8832748,0.0005671978,2.2398278e+07,0.15946142,0.18823686,0.20585577,294.83212,292.62375
Spain,2020,7,299.83212,284.5856,2.472812,0.00027605466,2.3018116e+07,0.13053863,0.15949513,0.19196114,300.5678,297.56357
Spain,2020,8,297.8208,283.56,2.564736,0.00037499837,2.0623564e+07,0.13370332,0.15044881,0.18106626,299.6349,298.6335
Spain,2020,9,293.8892,282.58624,2.5648487,0.0010256734,1.5658074e+07,0.15818048,0.15243787,0.16512471,295.624,296.38983
Spain,2020,10,287.46527,279.5582,2.9075537,0.0019633805,1.1480588e+07,0.20521952,0.18918163,0.15767534,289.09717,291.45203
Spain,2020,11,284.98923,280.88748,2.3767364,0.0026657071,7.2843225e+06,0.2991368,0.27823552,0.18732531,285.803,288.04922
Spain,2020,12,280.7822,277.15662,3.2385218,0.0017097439,5.801536e+06,0.32684964,0.31314644,0.22049828,281.5744,284.14548
Spain,2021,1,278.77536,274.93875,3.279789,0.002478603,6.290637e+06,0.33216682,0.32095066,0.24563178,278.58508,280.2353
Spain,2021,2,283.19034,278.5675,3.2007518,0.002628948,9.424846e+06,0.3280447,0.3278454,0.27703482,282.78442,283.0145
Spain,2021,3,283.94876,276.24527,2.7796576,0.0007389767,1.5172571e+07,0.24577868,0.26167566,0.2502576,283.6852,283.32166
Spain,2021,4,286.33295,280.02072,2.500527,0.002577792,1.5500555e+07,0.25312898,0.22872096,0.21800262,286.89026,285.99515
Spain,2021,5,290.3082,280.5595,2.8241236,0.00090533664,2.0761516e+07,0.20669886,0.22517028,0.20714194,290.269,288.2798
Spain,2021,6,294.30533,283.1016,2.580233,0.0012908357,2.2064354e+07,0.18261965,0.18801329,0.1917327,295.03912,292.78452
Spain,2021,7,297.77853,282.98468,2.8208058,0.00012247563,2.3438614e+07,0.12875819,0.16332465,0.18663451,298.74637,296.07388
Spain,2021,8,298.34314,284.1749,2.478988,0.00033504964,2.0452022e+07,0.12843016,0.1476262,0.17864287,299.47964,297.86606
Spain,2021,9,293.66345,284.896,2.447078,0.0021098887,1.4767242e+07,0.2025106,0.17959382,0.16437016,295.08533,295.8937
Spain,2021,10,289.7059,281.67563,2.4232538,0.0020505427,1.1750932e+07,0.18148871,0.17607096,0.15135099,291.05194,292.55396
Spain,2021,11,281.9519,276.69116,2.893853,0.0012776852,8.2563905e+06,0.27089095,0.25521007,0.1664615,283.5906,286.99698
Spain,2021,12,282.31296,278.42215,3.1175728,0.0017641068,5.9938955e+06,0.28321016,0.26934385,0.17706704,282.1782,283.81265
Spain,2022,1,279.828,273.75244,2.539407,0.0002884286,8.3569985e+06,0.2637215,0.26739967,0.19981876,279.78613,281.97137
Spain,2022,2,282.62283,275.40997,2.3657665,0.0004868235,1.0748734e+07,0.17693295,0.19035326,0.17912032,282.2251,282.26758
Spain,2022,3,283.1773,278.5701,3.321545,0.0044324975,1.0626172e+07,0.32029516,0.28072178,0.19141242,283.30692,283.292
Spain,2022,4,285.19662,278.25586,3.1171865,0.0024004732,1.6641518e+07,0.30251706,0.295716,0.22203471,284.99658,284.37244
Spain,2022,5,292.71094,281.1218,2.706907,0.00055784837,2.183602e+07,0.1834705,0.21884868,0.20269142,292.4626,289.57913
Spain,2022,6,296.22388,282.2726,2.8377638,0.00036133017,2.275806e+07,0.13984275,0.1705824,0.19459595,296.91135,294.34958
Spain,2022,7,300.72852,283.2974,2.5607567,0.00019629001,2.3541954e+07,0.12271118,0.1505791,0.17976959,301.18222,297.88843
Spain,2022,8,299.06735,284.57462,2.5333781,0.00033101015,2.0574642e+07,0.12555414,0.13936564,0.17025523,300.67065,299.3635
Spain,2022,9,293.87662,283.7441,2.6109061,0.0013040134,1.5355045e+07,0.1674125,0.14927526,0.15927003,295.77975,296.84796
Spain,2022,10,291.68414,283.0005,2.5228117,0.0016506569,1.104515e+07,0.1950472,0.16817912,0.14992897,292.42123,293.64566
Spain,2022,11,285.20935,280.54492,3.004546,0.001794672,7.153698e+06,0.26124948,0.22919965,0.17011039,286.65778,289.59103
Spain,2022,12,283.50656,280.5917,2.8636618,0.004478434,5.2150365e+06,0.3431713,0.32774878,0.23987138,283.8121,285.79736
Spain,2023,1,279.66592,275.0891,3.083189,0.0011879444,7.534198e+06,0.3109228,0.31319728,0.27682298,280.4604,283.05933
Spain,2023,2,280.42926,273.43768,2.8008525,0.00049680815,1.1049819e+07,0.23247027,0.24081154,0.24206734,280.31485,281.23975
Spain,2023,3,285.47217,276.97552,2.8293054,0.0005821483,1.4869605e+07,0.19696072,0.2071276,0.21495089,284.68842,283.62256
Spain,2023,4,289.7548,276.30872,2.8221772,0.00024892602,2.0135666e+07,0.13945581,0.16806746,0.19713016,289.92432,287.89902
Spain,2023,5,290.50153,279.9108,2.7575376,0.0022823198,2.0011606e+07,0.18779284,0.17781202,0.190855,291.8831,290.72797
Spain,2023,6,295.47906,285.9039,2.2779014,0.0019069331,2.0705256e+07,0.23419672,0.24013424,0.1895367,295.26645,292.64642
Spain,2023,7,299.22607,284.19763,2.647274,0.00013655254,2.3523146e+07,0.13146001,0.16978885,0.18510255,300.20718,297.7597
Spain,2023,8,299.6261,283.1935,2.6788342,8.2264625e-05,2.1235108e+07,0.11719062,0.14795128,0.1751119,300.97977,299.37094
Spain,2023,9,293.83554,285.4868,2.31797,0.0021914653,1.4905629e+07,0.2113818,0.1903529,0.16093765,295.2133,296.16956
Spain,2023,10,291.0464,283.02652,3.0050247,0.0032387325,1.0588764e+07,0.22181137,0.2161148,0.16157818,292.6246,294.2029
Spain,2023,11,285.0196,280.56036,3.111258,0.001457841,7.4820095e+06,0.28047025,0.2823247,0.21467586,285.80273,288.36316
Spain,2023,12,280.616,276.68417,2.329317,0.0010219404,6.533078e+06,0.30046317,0.29607126,0.23740728,281.40546,284.34872
Spain,2024,1,282.18167,278.43866,2.5911627,0.00241111,6.7977635e+06,0.32295224,0.313069,0.2611747,281.8439,282.8423
Spain,2024,2,283.2249,278.1434,3.3625512,0.0021742207,9.594411e+06,0.31314385,0.31152654,0.27310836,282.9518,283.61362
Spain,2024,3,284.25842,278.88327,3.6189253,0.0043530054,1.2181021e+07,0.32259133,0.3151068,0.2754052,284.03546,283.88556
Spain,2024,4,287.50415,278.88837,2.7994034,0.0009077822,1.8967752e+07,0.2499791,0.27137485,0.2745713,287.4843,286.4915
Spain,2024,5,290.4077,279.77087,2.8044975,0.0005607673,2.1548978e+07,0.18180707,0.20390362,0.23194234,290.59195,288.59134
Spain,2024,6,294.32278,283.88156,2.6334245,0.0016230311,2.0999492e+07,0.17655234,0.17975762,0.20133935,295.31097,293.2085
Spain,2024,7,299.21957,284.30988,2.561324,0.00016490732,2.3342426e+07,0.13853873,0.16638961,0.18411346,299.64645,296.63977
Spain,2024,8,299.63177,285.71198,2.4380398,0.00029596942,2.0507158e+07,0.12537701,0.1467443,0.17751907,301.1374,299.45346
Spain,2024,9,293.14136,282.9829,2.6466687,0.00095522404,1.5507308e+07,0.16133048,0.15238105,0.16716371,295.21423,296.4127
Spain,2024,10,289.32098,284.54877,3.0796204,0.0042325086,9.198701e+06,0.27527753,0.24288777,0.17794527,290.62958,292.518
Spain,2024,11,285.99146,282.18234,2.6017563,0.0012518781,7.51053e+06,0.31493545,0.30750647,0.21819605,286.60764,288.6745
Spain,2024,12,280.68716,276.18472,2.423364,0.00029915743,7.0799435e+06,0.26213163,0.26617292,0.22452466,281.49268,284.31992
Syria,1985,1,280.82928,277.87552,2.4157963,0.0027560997,6.7225855e+06,0.33926293,0.33050427,0.27124226,281.0776,282.47214
Syria,1985,2,278.54132,273.6984,3.7811103,0.0032142447,9.672069e+06,0.3446083,0.35119957,0.3065543,279.97626,281.76678
Syria,1985,3,282.51398,274.12048,2.9842994,0.0014230728,1.4907165e+07,0.24581672,0.29547608,0.29785916,281.55313,281.00003
Syria,1985,4,289.19275,280.89597,3.2705941,0.0010167122,1.7760588e+07,0.2045203,0.2662463,0.28188038,288.82663,286.85703
Syria,1985,5,294.89285,284.56345,3.0917459,0.000625782,1.9974882e+07,0.13475716,0.21338086,0.25699112,295.01584,291.98358
Syria,1985,6,297.8426,286.1491,4.1160326,0.00010059357,2.2004516e+07,0.09287714,0.18310794,0.23017415,298.62244,295.82913
Syria,1985,7,299.6894,286.11026,4.152326,2.1133423e-05,2.2070574e+07,0.07923769,0.16631535,0.20453863,300.93542,298.4638
Syria,1985,8,302.0318,288.10635,3.2818964,2.6187896e-05,1.9929032e+07,0.0851072,0.16924506,0.20560852,303.4392,301.33136
Syria,1985,9,297.57465,285.95715,3.0412138,0.00018323898,1.6483752e+07,0.088762686,0.17054862,0.20487691,299.8194,300.00986
Syria,1985,10,290.38388,281.8371,2.5120718,0.0015723038,1.1901962e+07,0.1647585,0.20340724,0.20998053,292.9148,295.47177
Syria,1985,11,287.38528,281.48874,2.0971384,0.0013157463,8.581596e+06,0.18669523,0.2219055,0.21595255,288.35544,290.6234
Syria,1985,12,280.84534,276.18323,2.6120706,0.0016481495,7.1484875e+06,0.23990935,0.24650607,0.22592829,282.61792,285.9328
Syria,1986,1,280.1962,276.57544,2.9706573,0.0025443458,7.6140545e+06,0.3270231,0.312789,0.2601305,280.98114,283.25253
Syria,1986,2,282.5675,278.7179,2.7450576,0.0022667884,9.970826e+06,0.324781,0.3312019,0.28684184,282.36206,282.82697
Syria,1986,3,285.4526,277.90002,2.6556997,0.0012151337,1.4363695e+07,0.2065547,0.26805347,0.27567157,285.6326,285.07874
Syria,1986,4,290.48532,281.41034,2.686879,0.00097192766,1.7984154e+07,0.20024897,0.2549492,0.2678427,290.27936,288.50732
Syria,1986,5,291.49573,282.80975,3.2807238,0.001340847,1.8580812e+07,0.15653351,0.21919271,0.25161925,292.83386,291.19794
Syria,1986,6,297.31458,286.15674,4.001126,0.0003700447,2.113624e+07,0.11487834,0.19352551,0.23189726,298.21735,295.55692
Syria,1986,7,300.2835,288.68283,4.3241835,2.6454925e-05,2.1764316e+07,0.08929593,0.17806429,0.2158344,301.2744,298.68536
Syria,1986,8,300.7363,290.1727,3.5675576,5.2528383e-05,1.947332e+07,0.08713348,0.17706178,0.21278219,302.596,300.82156
Syria,1986,9,298.91266,287.44104,2.6530824,9.162903e-05,1.6389002e+07,0.09431019,0.18123709,0.21800926,301.0054,300.6843
Syria,1986,10,292.4842,284.961,2.2311447,0.001434803,1.1355976e+07,0.17264578,0.21232346,0.21731023,294.3225,296.17206
Syria,1986,11,283.70566,277.8299,2.419046,0.0014335823,8.942223e+06,0.20102295,0.23886476,0.23623253,286.21475,290.15424
Syria,1986,12,280.1723,275.0666,2.8819375,0.0021867752,7.4554625e+06,0.21565709,0.24492615,0.24844238,281.17953,284.2981
Syria,1987,1,280.8054,276.78134,2.9618604,0.0032629203,7.5900775e+06,0.29631647,0.30808222,0.2894167,281.24133,283.04535
Syria,1987,2,283.02954,277.45477,3.1906726,0.0018406677,1.1014216e+07,0.2581918,0.29694265,0.29725343,283.20636,283.6599
Syria,1987,3,281.40643,276.1078,3.121462,0.004128418,1.3070802e+07,0.31542286,0.3142745,0.30809972,282.0603,282.78317
Syria,1987,4,287.8257,279.3518,3.2310946,0.00097463606,1.764967e+07,0.19718437,0.2697683,0.2923551,287.9645,286.34064
Syria,1987,5,293.6927,281.88144,2.9909654,0.00027921677,2.034137e+07,0.12795655,0.21822391,0.26311353,294.0355,291.22382
Syria,1987,6,297.438,284.93094,3.7920783,0.00013809204,2.202409e+07,0.09267287,0.18076459,0.22949453,298.42224,295.55548
Syria,1987,7,301.21692,287.92035,3.7228754,8.9645386e-05,2.1524214e+07,0.08406022,0.16902667,0.2108775,302.35272,299.26883
Syria,1987,8,300.6664,287.95798,3.4326296,0.00010545731,1.9800284e+07,0.08818259,0.17067073,0.2139703,302.75464,301.47693
Syria,1987,9,298.16864,285.12473,2.850809,5.60379e-05,1.6885414e+07,0.088605955,0.17001028,0.21331596,300.1023,299.96292
Syria,1987,10,291.24203,281.21954,2.2960267,0.0023464202,1.1719926e+07,0.1903705,0.20213182,0.2162838,293.56152,295.9749
Syria,1987,11,284.60526,279.40817,2.3824291,0.0016719437,9.115796e+06,0.27759314,0.3036774,0.24877033,285.73767,288.86386
Syria,1987,12,281.69275,277.9206,2.6971078,0.0026561737,5.9191655e+06,0.298593,0.3028036,0.26701096,283.09293,285.91617
Syria,1988,1,279.81836,276.75165,2.6692007,0.0027775,6.7543705e+06,0.3614498,0.34998906,0.2983786,280.3331,282.25003
Syria,1988,2,281.08875,277.09827,2.9030497,0.003051014,9.340488e+06,0.36337677,0.36745244,0.32826114,281.39185,282.40695
Syria,1988,3,283.1827,278.66946,3.6474152,0.003935604,1.2506797e+07,0.35594895,0.37030587,0.3473173,283.20337,283.1303
Syria,1988,4,288.43292,281.66562,2.776126,0.002039585,1.7337048e+07,0.2671763,0.3191188,0.33169696,287.9192,286.41122
Syria,1988,5,294.22693,282.7913,3.5088987,0.0008099556,2.0533806e+07,0.15200269,0.24874258,0.29935277,294.08585,291.3722
Syria,1988,6,297.594,286.04544,3.874978,0.00044956207,2.1109002e+07,0.11409711,0.20282045,0.25451148,298.3636,295.62723
Syria,1988,7,301.72037,287.71,3.8848426,4.8789978e-05,2.177385e+07,0.0911257,0.18484165,0.23254901,302.8032,299.7726
Syria,1988,8,300.80624,289.2953,4.040851,9.6302036e-05,1.9403238e+07,0.08988475,0.17682882,0.2192389,302.775,301.3152
Syria,1988,9,298.005,285.87128,2.906884,0.00012582779,1.6559452e+07,0.09480196,0.18123476,0.21744229,299.9689,299.9153
Syria,1988,10,291.2409,284.6398,2.5855176,0.0022255324,1.1349929e+07,0.19181925,0.22077692,0.21820165,293.82208,296.07297
Syria,1988,11,282.97708,277.90753,2.4871016,0.0019603348,8.3374645e+06,0.26480916,0.28210106,0.24322885,285.038,288.7566
Syria,1988,12,280.8798,277.6232,2.6752443,0.0027978325,6.4681575e+06,0.3144488,0.31223294,0.2740538,282.43796,285.3199
Syria,1989,1,277.48093,272.1577,2.707037,0.0010108757,8.893988e+06,0.3310467,0.33875614,0.3039635,278.28836,280.88596
Syria,1989,2,279.7455,272.7941,2.7235978,0.0005432701,1.1900273e+07,0.24512324,0.28950933,0.2942431,278.90573,279.7631
Syria,1989,3,285.4584,279.13513,3.2573202,0.002017851,1.3952e+07,0.23120524,0.27674443,0.2771552,285.2682,284.32062
Syria,1989,4,293.32178,280.22607,2.6252265,0.00014476776,1.954051e+07,0.13472006,0.23233873,0.26481482,292.07602,288.89865
Syria,1989,5,295.23264,282.0273,3.317412,0.00034845353,2.1118208e+07,0.11308901,0.20215246,0.2507067,296.00757,293.63028
Syria,1989,6,297.4418,284.78427,4.1225452,0.00012920379,2.217557e+07,0.08876315,0.17722772,0.2244753,298.687,296.2855
Syria,1989,7,300.93387,287.80255,4.2478414,1.2092591e-05,2.2035026e+07,0.08158144,0.16920204,0.20630708,302.12985,299.61066
Syria,1989,8,300.0192,289.38974,3.8795483,3.452301e-05,1.9744006e+07,0.08067646,0.1660764,0.19794817,302.0886,300.727
Syria,1989,9,297.35815,286.1993,3.118071,0.00018026352,1.6384641e+07,0.089423396,0.16317254,0.19383673,299.5448,299.76788
Syria,1989,10,291.33453,283.92014,2.5062673,0.0017002487,1.1786813e+07,0.16979998,0.20690496,0.20309721,293.425,295.60602
Syria,1989,11,286.0559,280.41858,2.5782068,0.0020644187,8.630339e+06,0.22028771,0.23507594,0.21079072,287.55884,290.4485
Syria,1989,12,281.0424,277.4748,2.031076,0.0019688893,6.7398245e+06,0.2834669,0.2862841,0.24229327,282.26794,285.34042
Syria,1990,1,277.5958,272.27054,2.625401,0.001132145,8.566692e+06,0.28616798,0.29217738,0.2567244,278.4251,281.4677
Syria,1990,2,280.5961,275.78973,3.0106037,0.0026250745,1.0345134e+07,0.29327646,0.3020774,0.26988667,280.438,281.25375
Syria,1990,3,284.8994,275.78967,3.0091789,0.0005226326,1.5412338e+07,0.19300252,0.26254982,0.26756424,284.6744,283.74646
Syria,1990,4,289.13342,278.9561,3.1499884,0.0008077049,1.7790608e+07,0.16094078,0.22286999,0.24629934,289.353,287.38116
Syria,1990,5,294.00018,280.76047,3.2217069,0.00040229797,2.1078836e+07,0.1187841,0.19772434,0.23058441,294.40634,291.63925
Syria,1990,6,297.89664,284.27502,3.8916714,0.00023635864,2.2145158e+07,0.095262125,0.17750074,0.2131304,299.20227,296.4953
Syria,1990,7,300.35983,288.85388,4.618419,6.412506e-05,2.1478302e+07,0.078532495,0.16483225,0.197025,301.72772,299.31393
Syria,1990,8,300.1006,287.92465,3.9158475,3.58963e-05,2.0281692e+07,0.07998132,0.16508844,0.19087136,301.87286,300.44284
Syria,1990,9,297.31958,286.88513,2.8974438,0.00020404816,1.6609679e+07,0.09153394,0.16758853,0.18934023,299.59338,299.5534
Syria,1990,10,293.59793,282.53006,2.5993464,0.00037513732,1.2438067e+07,0.10838209,0.17358671,0.19639991,295.43582,296.92392
Syria,1990,11,287.68427,280.02875,2.465054,0.0011372948,9.461888e+06,0.16578871,0.21139492,0.20682964,289.21005,291.88342
Syria,1990,12,282.2137,276.53903,2.4195678,0.0010517311,7.875118e+06,0.19641353,0.2259556,0.21605745,283.99625,287.47754
Syria,1991,1,279.47513,275.20267,2.3446062,0.0015418816,8.057011e+06,0.25211945,0.24916817,0.22577631,280.26978,282.92258
Syria,1991,2,280.4336,274.2121,2.8245678,0.0018066693,1.0300303e+07,0.2618809,0.2733297,0.23894575,280.51825,281.53052
Syria,1991,3,285.5913,279.4582,2.9574237,0.0024999047,1.3202319e+07,0.26811126,0.2868762,0.25091276,285.24625,284.4986
Syria,1991,4,289.84488,280.37738,3.329025,0.001386013,1.7633434e+07,0.19582532,0.27287212,0.25385144,289.63138,287.97513
Syria,1991,5,292.52444,282.55884,3.8406157,0.0010732269,1.9224904e+07,0.15733965,0.22747327,0.23901524,293.41644,291.75287
Syria,1991,6,298.33655,286.16556,3.7890992,4.573822e-05,2.215573e+07,0.09907754,0.19141899,0.21748759,298.70868,295.42743
Syria,1991,7,299.43958,288.85187,4.7908325,7.12204e-05,2.14125e+07,0.08688957,0.17351793,0.20192389,300.98352,298.84613
Syria,1991,8,299.90244,289.9124,4.401442,5.4111482e-05,1.9635426e+07,0.08502699,0.16947412,0.1969777,301.5343,300.12997
Syria,1991,9,297.61044,285.85638,2.8743186,0.00014240266,1.6727041e+07,0.0926715,0.17302859,0.19654948,299.27264,299.13876
Syria,1991,10,293.1769,284.72925,2.4410594,0.001581688,1.1782492e+07,0.16135713,0.1982341,0.200563,294.66656,296.31232
Syria,1991,11,286.51935,280.04898,2.0851066,0.0014206505,8.658826e+06,0.1887171,0.22976744,0.2070655,288.08606,290.93692
Syria,1991,12,279.8303,275.90942,2.7367632,0.0035118866,6.411443e+06,0.30975568,0.29245672,0.23679766,281.29214,284.94894
Syria,1992,1,276.56406,271.68237,2.6413946,0.0017590332,7.6484045e+06,0.31964314,0.31536698,0.27160367,277.88266,281.037
Syria,1992,2,276.9323,272.7213,3.2269132,0.0040666675,8.789755e+06,0.35869926,0.34548375,0.2930864,277.76807,279.25732
Syria,1992,3,281.76065,274.90518,2.9590738,0.0012562942,1.3933055e+07,0.29314038,0.32378772,0.2973445,281.08932,280.7655
Syria,1992,4,288.64194,279.16345,3.08671,0.00031175613,1.7697162e+07,0.16192973,0.25130063,0.27558044,288.1398,285.99863
Syria,1992,5,292.57,283.0992,2.921029,0.0015044785,1.907495e+07,0.17338887,0.23725937,0.26011348,292.68073,290.08942
Syria,1992,6,296.6616,285.88153,3.7137072,0.00053518295,2.0874932e+07,0.1179301,0.20159593,0.23867923,297.42505,294.63748
Syria,1992,7,298.91418,287.07034,4.2600465,0.00014221191,2.1303224e+07,0.09468415,0.17930734,0.21926942,299.8586,297.49103
Syria,1992,8,300.64868,288.4894,3.6894894,5.584717e-05,1.9715814e+07,0.08377003,0.16693085,0.20695637,301.68195,299.5832
Syria,1992,9,297.0419,284.6121,2.7450228,0.00017944336,1.6474744e+07,0.09253174,0.16895142,0.20890537,299.20657,299.3952
Syria,1992,10,293.87027,282.11703,2.3267202,0.0001620102,1.2913285e+07,0.1005561,0.1724234,0.21229608,294.80942,295.81497
Syria,1992,11,284.94098,276.51398,2.968773,0.0018267345,8.632561e+06,0.17942554,0.1987225,0.21747282,287.37256,291.02347
Syria,1992,12,278.58112,275.2409,2.498362,0.0019719219,6.1837105e+06,0.31792322,0.28968027,0.2480411,280.47806,284.21796
Syria,1993,1,278.739,274.44354,2.6467993,0.0021047974,7.782692e+06,0.32053635,0.3232436,0.27154574,278.86673,280.79865
Syria,1993,2,278.83063,273.9365,2.650031,0.0021704293,1.0456054e+07,0.33471924,0.339877,0.2929081,279.28308,280.4345
Syria,1993,3,283.44012,276.7205,3.0138102,0.002004814,1.4674746e+07,0.27210832,0.31065854,0.2973514,282.89108,282.4641
Syria,1993,4,288.94287,279.69608,3.1225915,0.0010409164,1.7507962e+07,0.18051407,0.25449586,0.28007945,288.64288,286.78415
Syria,1993,5,291.6511,284.59778,3.0005598,0.0021909333,1.8120596e+07,0.22305399,0.266391,0.26651263,291.68787,289.5239
Syria,1993,6,297.80753,285.0481,3.5779693,0.00026376723,2.1705406e+07,0.1111976,0.20637685,0.24274735,298.14005,295.01172
Syria,1993,7,300.5297,287.27063,4.1558466,1.9283294e-05,2.1913144e+07,0.08694587,0.18193701,0.22102077,301.3272,298.64774
Syria,1993,8,300.99927,288.7035,3.8003297,5.5370332e-05,1.9819724e+07,0.087056495,0.17527921,0.21538985,302.32788,300.50143
Syria,1993,9,297.72833,285.684,2.9137287,2.8400422e-05,1.6939546e+07,0.090022564,0.17558236,0.21438079,299.74,299.74405
Syria,1993,10,294.62296,282.087,2.348008,0.00014970779,1.2792602e+07,0.099519126,0.18007158,0.21939836,295.75275,296.91196
Syria,1993,11,283.51276,277.45465,2.696855,0.0018534278,8.586926e+06,0.22864105,0.2389189,0.22248964,285.70392,289.80536
Syria,1993,12,282.56714,279.09628,2.3581924,0.0008972168,6.853852e+06,0.23701769,0.25338596,0.23040465,283.1667,285.5125
Syria,1994,1,282.07983,278.73734,2.5837471,0.0029485035,7.4654155e+06,0.3044798,0.2891687,0.25260672,282.55795,284.41333
Syria,1994,2,281.62418,276.8941,2.8983216,0.0036541556,1.0312443e+07,0.32642707,0.32781237,0.29374254,281.78986,282.94788
Syria,1994,3,285.0661,279.42673,2.5784702,0.0016769886,1.3841261e+07,0.2685907,0.30532077,0.2993235,284.76636,284.3626
Syria,1994,4,291.50433,281.28223,3.163964,0.00061000825,1.844119e+07,0.17844437,0.25624838,0.27959037,291.1267,288.99326
Syria,1994,5,295.0519,283.69058,3.0772064,0.00079916,2.0328418e+07,0.1545652,0.2271196,0.26111957,294.99054,292.34152
Syria,1994,6,298.25992,284.79977,4.3156605,8.831024e-05,2.2518364e+07,0.0908916,0.18278258,0.23081087,299.3931,297.0493
Syria,1994,7,299.85794,288.9552,5.1939282,0.00016090393,2.144893e+07,0.08771567,0.17282869,0.21476963,301.24948,299.22345
Syria,1994,8,300.70352,288.68716,4.040555,6.99234e-05,2.0056198e+07,0.087463684,0.16787153,0.20434088,302.23816,300.64185
Syria,1994,9,300.21698,287.53894,2.6047192,0.00034851074,1.6086655e+07,0.1022748,0.17550497,0.20972504,301.51587,301.00546
Syria,1994,10,295.17197,285.2572,2.2727482,0.00093372347,1.1729618e+07,0.14827481,0.19150037,0.21156636,296.74118,298.15942
Syria,1994,11,285.42062,280.99933,2.7274725,0.0035448647,7.629947e+06,0.28129426,0.25993076,0.21514192,287.59656,291.35333
Syria,1994,12,278.88168,275.45526,2.7245092,0.002683468,6.5669425e+06,0.35500768,0.34791875,0.27094,280.49893,284.29422
Syria,1995,1,281.27805,278.08856,2.4475596,0.0015605354,6.9186355e+06,0.32656482,0.33521938,0.29581928,281.8098,283.42966
Syria,1995,2,282.76062,278.06763,2.28908,0.001330471,1.0806175e+07,0.28764012,0.31741756,0.3009768,282.51434,283.2388
Syria,1995,3,285.18802,278.5674,2.8918662,0.0011677169,1.430811e+07,0.21114062,0.2742652,0.28637126,285.4723,285.16403
Syria,1995,4,288.34692,280.19327,2.9367738,0.0017731857,1.714518e+07,0.20918742,0.2632348,0.2778903,288.24347,286.90457
Syria,1995,5,294.90167,282.93384,2.8489034,0.0006493378,2.0688834e+07,0.142301,0.22962947,0.2651697,294.90585,291.8881
Syria,1995,6,298.8396,287.14645,4.0816555,0.00040737152,2.1454162e+07,0.107956104,0.18663302,0.23388213,299.52078,296.82602
Syria,1995,7,299.9794,288.79794,4.5655074,0.00021865845,2.113497e+07,0.09358562,0.16969968,0.21053475,301.25943,299.11316
Syria,1995,8,300.76074,289.64136,4.099732,7.2135925e-05,1.9859036e+07,0.08166964,0.1578443,0.19888334,302.36557,300.79657
Syria,1995,9,297.73016,286.736,3.298835,0.00023200989,1.6399515e+07,0.08836219,0.15507257,0.19129203,299.66138,299.81604
Syria,1995,10,292.2959,280.34692,2.3791144,0.0007501984,1.2945812e+07,0.124092855,0.17061512,0.1945212,294.03067,295.89447
Syria,1995,11,283.59485,277.3251,2.746335,0.0026206588,8.911391e+06,0.23666468,0.23269528,0.20939179,285.59732,289.78638
Syria,1995,12,280.28238,276.20236,2.2539742,0.0009996796,7.301806e+06,0.25270537,0.2569397,0.23076746,281.06485,284.04492
Syria,1996,1,280.17227,276.93567,2.7634683,0.0028693771,6.8521215e+06,0.3344626,0.30943608,0.25495765,280.888,282.88797
Syria,1996,2,282.042,277.50162,2.665803,0.002144661,1.0500895e+07,0.3185447,0.3244997,0.27795592,281.968,282.60397
Syria,1996,3,283.88745,279.95148,2.8693342,0.0041685677,1.193071e+07,0.33899957,0.33909658,0.29757476,284.01398,283.93222
Syria,1996,4,287.3556,280.69464,3.2349033,0.0017123031,1.6807824e+07,0.25820252,0.31064785,0.30065486,287.18512,286.0175
Syria,1996,5,295.5123,284.5527,3.18447,0.00033248903,2.0962576e+07,0.13907014,0.23530106,0.2735357,295.21432,291.9995
Syria,1996,6,298.625,285.1437,3.660192,0.00013414383,2.2258136e+07,0.10212837,0.19571386,0.24342212,299.0264,296.06964
Syria,1996,7,301.5871,289.26242,4.150445,4.268646e-05,2.1645e+07,0.08821569,0.18057387,0.2249912,302.59326,299.93713
Syria,1996,8,300.83606,289.49313,3.7495368,5.9566497e-05,1.9992546e+07,0.08748117,0.17383985,0.2120832,302.6262,301.1361
Syria,1996,9,297.15875,287.5785,3.3634493,0.00043935777,1.5993786e+07,0.10891168,0.1795663,0.20654868,299.36273,299.681
Syria,1996,10,291.3712,283.58044,2.5314803,0.0021170045,1.1592084e+07,0.16254967,0.19900589,0.20689377,293.8429,296.1125
Syria,1996,11,286.84045,279.69666,2.5673504,0.00074344635,8.768087e+06,0.20047092,0.22434357,0.21851517,287.63077,290.1816
Syria,1996,12,284.2109,281.10074,2.5501182,0.0029306603,6.192046e+06,0.31935048,0.3029656,0.23783356,285.00748,287.41483
Syria,1997,1,280.47253,276.25958,2.6746237,0.0017510605,8.3088845e+06,0.3112046,0.3160464,0.2657161,281.44034,284.23874
Syria,1997,2,279.25858,274.0256,2.4847062,0.0019206428,1.0740705e+07,0.32005566,0.32797155,0.28272352,279.40338,280.91446
Syria,1997,3,281.8877,275.17114,3.218062,0.0021294213,1.4410545e+07,0.28057885,0.3069063,0.28270447,282.25235,282.6095
Syria,1997,4,286.58456,279.18954,3.5758572,0.0019327163,1.6486702e+07,0.23535001,0.29252055,0.28635368,286.40146,284.89618
Syria,1997,5,295.222,283.70294,3.084001,0.0006267166,2.080514e+07,0.139922,0.22874567,0.2638681,295.05157,291.698
Syria,1997,6,298.4112,286.46356,3.9115512,0.0001745987,2.1508428e+07,0.09379878,0.18301015,0.22838324,299.07358,296.0196
Syria,1997,7,300.7828,287.95447,4.4937606,4.3144228e-05,2.1773788e+07,0.08534774,0.16877425,0.20760508,301.9078,299.4068
Syria,1997,8,298.8164,289.42914,4.6695695,0.00016706466,1.9341328e+07,0.08775197,0.16312987,0.19648145,300.6608,299.68448
Syria,1997,9,296.52554,284.49347,2.786461,0.00060411455,1.6288019e+07,0.09914681,0.16744731,0.1957224,298.5742,298.7403
Syria,1997,10,293.04117,284.89297,2.3394825,0.0016907501,1.1115136e+07,0.18110323,0.20938429,0.20051166,294.32062,295.77066
Syria,1997,11,286.62997,281.2731,2.4500651,0.0013836861,8.470021e+06,0.22174864,0.24533992,0.20907722,287.76746,290.60538
Syria,1997,12,282.28375,278.79355,2.6196434,0.0020469285,6.2089525e+06,0.26868176,0.26013783,0.22067092,283.44916,286.47275
Syria,1998,1,279.73517,275.9006,2.9066532,0.0022970962,7.2670875e+06,0.32907313,0.3033253,0.23923193,280.38556,282.62082
Syria,1998,2,281.22723,274.51575,2.8991036,0.0013228416,1.0884736e+07,0.2820499,0.3049014,0.25661615,281.1157,282.2368
Syria,1998,3,283.93857,277.83945,3.3897789,0.002787838,1.3293203e+07,0.23894203,0.27021798,0.24979638,284.23734,284.14218
Syria,1998,4,290.3403,282.16327,2.9717515,0.0018198395,1.7489638e+07,0.22168963,0.271296,0.259684,289.68784,287.7507
Syria,1998,5,294.2473,285.21594,3.1854398,0.0011603928,1.889301e+07,0.17809363,0.24958065,0.25618073,294.20908,291.70105
Syria,1998,6,298.96884,287.68774,3.8013253,9.033203e-05,2.204418e+07,0.10680216,0.19763204,0.23061274,299.342,296.18085
Syria,1998,7,301.728,290.33075,4.351644,0.00014041901,2.1468144e+07,0.08964426,0.17570269,0.21321896,302.50436,299.78894
Syria,1998,8,302.89645,290.71774,3.2690208,4.486084e-05,1.9984532e+07,0.08672504,0.17091814,0.21066412,304.2166,302.31778
Syria,1998,9,298.6364,288.15863,2.9585526,0.00025892258,1.6082543e+07,0.09232743,0.16978613,0.2056222,300.55698,300.79352
Syria,1998,10,294.0917,281.85928,2.3838522,0.00030639648,1.3125955e+07,0.10681029,0.17675924,0.20628615,295.58685,297.24445
Syria,1998,11,289.69507,282.74374,2.2100728,0.0011287689,8.714486e+06,0.14967935,0.19767787,0.20977077,290.91583,293.16464
Syria,1998,12,283.46075,279.08527,2.3201125,0.0025222779,6.837033e+06,0.24297005,0.24453956,0.22858846,284.97247,288.3057
Syria,1999,1,281.81985,277.71094,2.4441943,0.0013932704,8.1050165e+06,0.30359873,0.2956646,0.25325578,282.29456,284.73624
Syria,1999,2,283.05267,277.36084,3.059165,0.00195364,1.0275579e+07,0.27025568,0.3015802,0.2625694,282.93707,284.09552
Syria,1999,3,285.59433,277.59256,3.1029062,0.0020313072,1.4429789e+07,0.21037994,0.26071048,0.255617,285.6378,285.5338
Syria,1999,4,289.67242,281.234,3.1311636,0.00088981626,1.7960402e+07,0.2070301,0.26318637,0.25986558,289.4531,287.85535
Syria,1999,5,296.04007,283.1661,3.288256,0.00012350082,2.1452272e+07,0.113638915,0.20737667,0.2434537,296.34177,293.5443
Syria,1999,6,298.56787,287.83185,4.0992103,0.00035980224,2.1188552e+07,0.09487146,0.17475416,0.21033224,299.64557,297.152
Syria,1999,7,301.29224,290.55646,4.6502852,0.00010234833,2.112129e+07,0.08252369,0.15718965,0.18534428,302.5251,300.00882
Syria,1999,8,301.53906,291.06638,3.6002,0.00012765884,1.9439934e+07,0.08430424,0.15398844,0.17716074,303.42712,301.6756
Syria,1999,9,298.16302,286.70135,3.1355424,0.00021522521,1.6406289e+07,0.09553791,0.16081633,0.17870596,300.12607,300.386
Syria,1999,10,293.96057,285.13016,2.3243406,0.0007245064,1.2129638e+07,0.12050538,0.16385919,0.17985229,295.90253,297.61026
Syria,1999,11,286.80975,277.22845,2.300054,0.0004052353,9.469107e+06,0.1308235,0.17042194,0.17944175,288.6234,292.00986
Syria,1999,12,282.94592,276.67722,2.4452226,0.0008878517,7.972224e+06,0.17488283,0.18824972,0.18356904,283.52542,286.7431
Syria,2000,1,279.42776,274.9436,2.8945498,0.0032021618,7.762509e+06,0.29166856,0.26583096,0.20666611,280.69858,283.79825
Syria,2000,2,280.5977,274.88983,2.7416534,0.0017508983,1.078935e+07,0.2924786,0.2967381,0.23172332,280.6021,282.0919
Syria,2000,3,283.87875,276.59335,3.0469818,0.0013284779,1.4440518e+07,0.22610268,0.2746296,0.23500472,283.66736,283.37936
Syria,2000,4,290.85815,282.21674,3.281087,0.001579342,1.6982564e+07,0.17424501,0.23363149,0.22375947,290.78708,288.713
Syria,2000,5,294.16376,283.9111,3.3980994,0.00047945022,2.072661e+07,0.14031827,0.20930134,0.21411937,294.50073,291.96307
Syria,2000,6,299.6408,285.50708,3.7917328,6.7558285e-05,2.2759444e+07,0.09524668,0.17815252,0.1961371,300.0481,296.79846
Syria,2000,7,303.27438,288.88083,4.023496,7.896423e-06,2.2327604e+07,0.0757363,0.16047953,0.1821683,303.69684,300.6459
Syria,2000,8,301.35516,289.84665,3.502364,9.853363e-05,1.9570622e+07,0.07588627,0.15244304,0.17663518,303.41837,301.96228
Syria,2000,9,298.05606,287.88217,3.0411558,0.00044826508,1.6174629e+07,0.09011701,0.1503588,0.1722592,300.04376,300.2694
Syria,2000,10,292.21033,284.10712,2.3082721,0.001232109,1.1760471e+07,0.16173314,0.16940723,0.17568181,293.98172,296.42136
Syria,2000,11,287.2681,278.4491,2.2131822,0.000984497,9.538586e+06,0.14659522,0.1830304,0.17861108,287.92532,290.96902
Syria,2000,12,281.84784,278.57684,2.5677378,0.0021411134,6.4967525e+06,0.29818198,0.25920904,0.18355112,282.79678,286.256
Syria,2001,1,281.48865,277.93427,2.2243104,0.0010219383,7.9433115e+06,0.3009132,0.29462597,0.2132941,281.8332,284.01297
Syria,2001,2,282.66904,277.7464,2.8391404,0.00302248,1.033684e+07,0.28580225,0.29416606,0.22405949,282.17377,283.0488
Syria,2001,3,288.51443,281.36755,2.7172,0.0014073371,1.4728704e+07,0.24141912,0.281857,0.23333807,287.27225,286.1216
Syria,2001,4,291.02237,282.23178,3.2012882,0.0013474845,1.6949054e+07,0.19704078,0.24921279,0.22651695,290.6581,289.1538
Syria,2001,5,293.99365,283.3126,3.1621554,0.0019358635,1.9490136e+07,0.18659611,0.23885897,0.2224985,293.9418,291.88135
Syria,2001,6,299.6572,285.76804,4.020114,5.460739e-05,2.2622152e+07,0.08917716,0.17753115,0.1979734,300.1216,297.20724
Syria,2001,7,301.69437,290.21475,4.6624284,4.123688e-05,2.1581988e+07,0.06692626,0.1447452,0.16890907,302.50574,299.80344
Syria,2001,8,301.48157,291.51855,3.8171375,0.00013980866,1.9273104e+07,0.064584985,0.12737459,0.15307313,303.22647,301.50272
Syria,2001,9,298.5874,289.33948,3.006315,0.00028450013,1.6112147e+07,0.07557124,0.12004263,0.15184523,300.50162,300.31247
Syria,2001,10,293.74426,284.287,2.3264053,0.00074026105,1.2275666e+07,0.11698718,0.11683878,0.14802095,295.64835,297.74637
Syria,2001,11,285.383,278.27084,2.618863,0.0015644454,8.711188e+06,0.185959,0.15284775,0.15335348,287.17584,291.88712
Syria,2001,12,282.55753,279.1967,2.682932,0.0037060357,5.9924785e+06,0.3203699,0.27527437,0.19510591,283.3675,286.77777
Syria,2002,1,278.9685,274.19055,2.7308743,0.0024022101,8.560753e+06,0.32086933,0.29967287,0.23448345,279.38144,282.70547
Syria,2002,2,283.64066,276.48154,2.7895966,0.0015308571,1.1634104e+07,0.24401292,0.27134863,0.2246879,282.71188,283.26343
Syria,2002,3,286.64127,277.87622,2.9837186,0.0024284744,1.3928083e+07,0.22219172,0.25474775,0.21900538,286.219,285.859
Syria,2002,4,288.6628,282.2098,3.2631898,0.0016114998,1.6271744e+07,0.23076214,0.26959798,0.23080751,288.52982,287.33905
Syria,2002,5,293.49753,284.0184,3.4058104,0.00083587645,2.014759e+07,0.155685,0.21686637,0.21496153,293.80194,291.30576
Syria,2002,6,298.7718,286.51117,3.815242,0.00014810562,2.19452e+07,0.09902457,0.17531584,0.18850166,299.32788,296.12177
Syria,2002,7,301.7981,289.72195,4.078737,0.00014434815,2.1233536e+07,0.0807172,0.14883353,0.16613463,302.64716,299.6383
Syria,2002,8,300.6661,289.96472,4.2797003,0.00015073776,1.9521024e+07,0.08229209,0.14162184,0.15646218,302.40356,300.879
Syria,2002,9,298.1059,287.8055,3.094122,0.00020244598,1.6188804e+07,0.09395023,0.14623672,0.15808499,299.65146,299.47653
Syria,2002,10,294.6032,283.87164,2.0942276,0.00042196273,1.2227471e+07,0.116457656,0.15095924,0.16511685,295.99377,297.41986
Syria,2002,11,287.8025,279.98044,2.4360328,0.0011053467,9.423841e+06,0.1669744,0.17195436,0.17078276,288.9169,292.19897
Syria,2002,12,279.77475,275.40427,2.8097067,0.0025349618,6.4086475e+06,0.25815818,0.24074127,0.18738857,281.68198,285.9213
Syria,2003,1,282.0046,278.57004,2.6130383,0.0027526855,7.0087835e+06,0.3415903,0.32768124,0.22696638,281.97345,283.73062
Syria,2003,2,280.03284,276.0347,3.2403507,0.0044794083,9.037834e+06,0.36606342,0.3585584,0.2629784,280.8875,282.6913
Syria,2003,3,282.94443,277.60403,3.1429162,0.0036236001,1.3235983e+07,0.34247953,0.35242558,0.29267108,282.7405,283.02817
Syria,2003,4,288.9767,281.53137,3.1831064,0.0012688637,1.7053016e+07,0.2174864,0.2890875,0.28953895,288.31805,286.66904
Syria,2003,5,296.57455,281.75516,2.9957497,0.0005485535,2.1010678e+07,0.12791958,0.2250066,0.2624355,295.83716,292.62057
Syria,2003,6,298.7715,286.65063,3.822115,0.00017032624,2.1731758e+07,0.10888073,0.19528592,0.23440057,299.06805,296.189
Syria,2003,7,301.21692,289.454,4.5865073,6.219864e-05,2.177684e+07,0.07478381,0.16150388,0.20477207,302.1021,299.6468
Syria,2003,8,301.8062,290.35342,3.8562539,1.247406e-05,2.0111842e+07,0.06622099,0.1505151,0.18927126,303.16882,301.32202
Syria,2003,9,297.5585,286.73785,3.4989774,0.00021873474,1.6709358e+07,0.082958214,0.15183604,0.18345828,299.5891,299.8578
Syria,2003,10,294.06598,284.9761,2.6310236,0.00091623305,1.2261816e+07,0.11056331,0.15711066,0.18177626,295.8988,297.35663
Syria,2003,11,286.21716,279.604,2.3697479,0.0009813881,8.892703e+06,0.19061327,0.20526166,0.1860118,287.4958,291.1193
Syria,2003,12,281.52945,277.37466,2.8767278,0.0023117256,6.7645595e+06,0.2590612,0.24542384,0.2017055,282.54858,286.00266
Syria,2004,1,280.56464,277.5666,2.8420398,0.0043335245,6.5805055e+06,0.3516448,0.32807338,0.25014573,281.09692,283.25772
Syria,2004,2,281.0388,277.19067,3.1002946,0.0027736663,9.411466e+06,0.3655312,0.36421117,0.2943701,281.18027,282.4767
Syria,2004,3,286.6511,277.23627,2.7817636,0.00029376984,1.5450692e+07,0.2025705,0.28259906,0.28468952,285.86603,284.89487
Syria,2004,4,289.32968,278.3074,3.0261471,0.0012944412,1.8192328e+07,0.16504104,0.22972265,0.25861987,289.54642,288.21033
Syria,2004,5,293.35184,283.2591,3.8031957,0.0007358742,2.04518e+07,0.14025536,0.21277004,0.23437631,293.79608,291.5507
Syria,2004,6,298.27298,286.0057,4.09248,8.514404e-05,2.211689e+07,0.090621926,0.18093334,0.21409468,299.058,296.1212
Syria,2004,7,301.54764,287.8893,3.9806695,2.7236938e-05,2.1963244e+07,0.08083968,0.17012674,0.20327143,302.66272,299.94986
Syria,2004,8,300.27945,290.1081,4.114792,5.722046e-05,1.9714622e+07,0.07967239,0.16572945,0.19515692,302.07202,300.68564
Syria,2004,9,298.13922,285.70587,2.7052286,2.2964477e-05,1.6980554e+07,0.08181895,0.16767575,0.19439295,300.094,299.9575
Syria,2004,10,294.8301,283.45755,2.4273596,0.00027204514,1.2369664e+07,0.10023328,0.17198433,0.20004404,296.41016,297.6201
Syria,2004,11,286.56653,280.73407,2.8946846,0.0032129097,8.220119e+06,0.22436102,0.2233053,0.19759342,288.7991,292.4953
Syria,2004,12,279.71838,274.7652,2.3872194,0.0012216854,7.2302695e+06,0.2988024,0.29416737,0.22880638,280.43723,284.12265
Syria,2005,1,280.6406,275.72708,2.9067428,0.0021345902,8.1779765e+06,0.29895023,0.30594093,0.24502409,280.74597,282.7427
Syria,2005,2,281.1903,275.65366,2.989432,0.0018661689,1.0607508e+07,0.28503114,0.31080297,0.2681165,281.15048,282.09366
Syria,2005,3,285.7967,277.4711,3.0495973,0.0015328408,1.4583936e+07,0.20942736,0.2692817,0.25675148,285.56836,284.93387
Syria,2005,4,289.94553,280.30118,3.2345705,0.0011628723,1.7810278e+07,0.17016575,0.23923777,0.25256374,290.08255,288.27866
Syria,2005,5,293.88284,282.89096,3.3163693,0.00051639555,2.0628782e+07,0.129303,0.20953083,0.23724698,294.61505,292.19617
Syria,2005,6,297.50513,285.9782,3.8354363,0.0002624321,2.1784894e+07,0.10550794,0.18832293,0.22008419,298.3814,295.788
Syria,2005,7,301.13702,290.0261,4.5868363,6.538391e-05,2.1628994e+07,0.08246116,0.16943543,0.20280524,301.94748,299.2999
Syria,2005,8,300.87112,290.53958,4.213021,0.00011081695,1.962519e+07,0.08673381,0.1678947,0.19784468,302.37396,300.8751
Syria,2005,9,297.43512,287.37515,3.2510653,0.00030897142,1.6159206e+07,0.09546873,0.16957705,0.19584431,299.6039,299.78186
Syria,2005,10,291.56134,281.30334,2.3822737,0.0010048866,1.2426342e+07,0.14253311,0.19693236,0.20437294,293.63712,295.84094
Syria,2005,11,284.96796,278.65054,2.4485164,0.0012427903,8.643497e+06,0.21460696,0.24170072,0.21486196,286.07285,289.27197
Syria,2005,12,282.9627,277.86493,2.4231958,0.0014097691,7.079291e+06,0.21211842,0.24344656,0.22338633,283.96515,286.74066
Syria,2006,1,279.60266,275.48166,2.8124437,0.0024645424,7.657477e+06,0.30329642,0.2889551,0.24339518,280.20517,282.58786
Syria,2006,2,282.34714,277.27698,2.8212903,0.0021032523,1.0193946e+07,0.31134495,0.31891897,0.27070308,281.7657,282.38245
Syria,2006,3,285.91193,279.47293,3.156577,0.0016177368,1.3798931e+07,0.21332803,0.2710758,0.26549724,285.80228,285.09607
Syria,2006,4,289.95398,282.47302,3.3844395,0.0016595459,1.6748954e+07,0.21392752,0.26110822,0.2607934,289.84454,288.26785
Syria,2006,5,294.83704,282.87756,2.998335,0.00019922256,2.1153638e+07,0.119472116,0.20774883,0.23774582,295.2287,292.29236
Syria,2006,6,299.17792,285.94446,3.8378217,6.3343046e-05,2.2342164e+07,0.08263377,0.17624244,0.21433592,300.26288,297.4634
Syria,2006,7,300.43335,289.6781,4.621349,0.00017108917,2.1158482e+07,0.085071094,0.16184261,0.19128044,301.74384,299.4519
Syria,2006,8,301.42252,290.47842,3.9114988,6.977082e-05,1.9638488e+07,0.076515414,0.15088104,0.17990924,302.9613,301.12967
Syria,2006,9,298.09464,286.4776,2.9691257,0.00038845063,1.6333763e+07,0.08694452,0.14874215,0.17676027,300.27454,300.3975
Syria,2006,10,292.761,285.3096,2.3962264,0.0020931053,1.1321344e+07,0.15653779,0.17380387,0.17877117,295.0578,297.05084
Syria,2006,11,284.87216,276.6618,2.2729385,0.0013375282,9.171005e+06,0.22116604,0.2510295,0.20248978,286.04456,289.85043
Syria,2006,12,280.03622,270.6713,2.367999,0.00051891326,8.525537e+06,0.14437835,0.19522144,0.19389135,281.08325,284.9782
Syria,2007,1,279.05157,274.1106,2.5184045,0.0017013932,8.635643e+06,0.24195932,0.22278295,0.1970518,278.7942,281.36838
Syria,2007,2,282.4491,278.2547,2.5711215,0.0026418017,9.747553e+06,0.30032346,0.28026477,0.22197576,281.8779,282.32312
Syria,2007,3,285.27405,278.23135,3.0780137,0.001415062,1.4265837e+07,0.2343812,0.26579288,0.23087281,285.0584,284.6279
Syria,2007,4,287.46,279.70767,3.214667,0.0016953659,1.7130036e+07,0.20264135,0.23968397,0.22648169,287.941,286.78387
Syria,2007,5,295.77673,286.49448,2.7825582,0.0018556404,1.8948542e+07,0.19425549,0.23594633,0.21572024,295.0966,292.0573
Syria,2007,6,299.13602,285.69766,3.9689224,7.644654e-05,2.226947e+07,0.099923745,0.19542278,0.19951782,299.5387,296.27542
Syria,2007,7,302.08896,287.92703,4.1606846,5.6762696e-05,2.1544198e+07,0.08423349,0.17398992,0.18566777,302.91138,299.99316
Syria,2007,8,301.13416,291.03052,4.106096,0.0001030159,1.9244918e+07,0.08478573,0.16693224,0.18047649,302.9972,301.54877
Syria,2007,9,298.62418,286.50546,2.9345002,4.4498443e-05,1.6827966e+07,0.08388092,0.16012087,0.17739525,300.79657,300.7607
Syria,2007,10,294.6352,282.92508,2.5504801,0.000397377,1.2569528e+07,0.101575114,0.15978254,0.1797001,296.4054,297.82523
Syria,2007,11,286.85593,279.44946,2.6256304,0.0014211654,8.542838e+06,0.18238871,0.19066973,0.17904174,288.653,292.35355
Syria,2007,12,280.9035,275.36035,2.34791,0.002139244,7.4846105e+06,0.24808086,0.24761683,0.20316967,282.03757,286.03674
Syria,2008,1,277.22302,269.24054,2.7568302,0.0015165329,9.064161e+06,0.20178284,0.23767525,0.21187897,277.60577,280.79358
Syria,2008,2,280.9558,273.90985,3.0054016,0.0015211296,1.1365868e+07,0.23734024,0.25504673,0.22496572,280.5551,281.5153
Syria,2008,3,288.61496,277.76508,3.3104386,0.00093040464,1.4961553e+07,0.16779843,0.21792112,0.2172249,287.59058,285.83163
Syria,2008,4,291.99677,279.90497,3.516027,0.00028516768,1.8450472e+07,0.13498385,0.18995535,0.20480883,291.8486,289.5349
Syria,2008,5,293.5788,282.33972,3.4184322,0.00050254824,2.0549724e+07,0.11806829,0.16839491,0.19210285,294.5384,292.3038
Syria,2008,6,299.6661,284.5504,4.091094,0.00012281418,2.2347514e+07,0.084048346,0.14767417,0.1713522,300.1461,296.63638
Syria,2008,7,301.52014,288.47617,4.299501,2.5787354e-05,2.1920466e+07,0.06976686,0.13475713,0.15515842,302.7944,299.97186
Syria,2008,8,302.21957,290.748,3.8689206,0.00015602112,1.9205848e+07,0.07636386,0.13286497,0.14953595,303.43912,301.09045
Syria,2008,9,298.17038,288.77942,3.0192218,0.0009498596,1.5336442e+07,0.10423708,0.13839869,0.1531186,300.63483,300.70795
Syria,2008,10,293.01727,284.86234,2.3517597,0.00088703155,1.1922842e+07,0.15418103,0.16734879,0.15419048,294.62463,296.5834
Syria,2008,11,287.72876,279.5468,2.2469425,0.00084640505,9.190799e+06,0.14913571,0.1725683,0.15787187,288.9399,292.11728
Syria,2008,12,280.70355,274.2462,2.4016678,0.0013384057,7.5899085e+06,0.20996347,0.19697313,0.16739142,281.8632,286.54892
Syria,2009,1,280.28824,274.41046,2.4737966,0.0012649345,7.8585295e+06,0.22269304,0.21648496,0.18094869,280.3791,283.03088
Syria,2009,2,282.85437,278.2721,3.0163755,0.0028166866,9.728067e+06,0.24973282,0.23694938,0.19773993,283.15802,284.30634
Syria,2009,3,284.47675,278.46313,3.384258,0.0018847275,1.3481592e+07,0.24342811,0.24776445,0.21319534,284.541,284.79486
Syria,2009,4,289.43567,280.2679,3.082537,0.0012286949,1.790999e+07,0.18319267,0.22271924,0.21270804,289.5662,287.80484
Syria,2009,5,294.14282,281.88132,3.2497556,0.00048469543,2.061632e+07,0.13506818,0.19143118,0.20182894,294.66284,291.81818
Syria,2009,6,299.7059,285.35803,3.5346396,0.00012384415,2.2107894e+07,0.09113744,0.15645431,0.17902808,300.36975,296.77634
Syria,2009,7,301.1189,289.27722,4.7249045,0.00016698838,2.0994176e+07,0.08370778,0.14343908,0.15967734,302.1377,299.34702
Syria,2009,8,300.98944,288.10825,3.607626,5.5885313e-05,1.993154e+07,0.07740483,0.14026195,0.15113737,302.7976,300.9219
Syria,2009,9,296.9498,286.58655,3.025993,0.0006390381,1.5546877e+07,0.1070051,0.14777341,0.1464401,299.2199,299.6261
Syria,2009,10,294.95093,283.11877,2.3943245,0.0008496475,1.2167844e+07,0.12451525,0.15262894,0.14823991,295.89355,296.9141
Syria,2009,11,286.25464,280.74445,2.4558554,0.0012646675,8.644925e+06,0.20434774,0.21338515,0.16287506,287.67548,291.51352
Syria,2009,12,284.29922,280.42673,2.7605655,0.0022745132,6.177782e+06,0.25062934,0.2283828,0.17617226,284.7797,287.5006
Syria,2010,1,282.9864,278.62915,3.0686047,0.0033210563,7.270062e+06,0.28578323,0.27775133,0.2301137,283.72247,286.2406
Syria,2010,2,283.59485,278.21927,3.06983,0.0020183753,9.784033e+06,0.26700994,0.29079187,0.24948522,283.5442,284.37985
Syria,2010,3,287.61288,279.37524,2.962637,0.0008126068,1.4094598e+07,0.22490664,0.26875028,0.24365564,287.20374,286.85742
Syria,2010,4,290.81003,280.3607,3.1326394,0.0009632492,1.8111482e+07,0.15491135,0.21851608,0.2195496,291.21936,289.65082
Syria,2010,5,295.28226,283.2153,3.544332,0.00032899858,2.0694768e+07,0.11559671,0.18633747,0.19660486,296.0323,293.64233
Syria,2010,6,298.92053,286.27997,4.06743,0.00027668,2.1479962e+07,0.09092431,0.16035606,0.1731635,300.27814,297.68768
Syria,2010,7,301.69482,289.6057,4.4207172,4.6863555e-05,2.1493478e+07,0.072747275,0.1440129,0.15047851,302.72922,300.04874
Syria,2010,8,303.77908,289.57983,3.3210328,4.245758e-05,1.9846794e+07,0.064235784,0.13218261,0.13752608,305.42615,302.89215
Syria,2010,9,299.77414,289.05435,3.1463299,0.00017990112,1.6215407e+07,0.06681128,0.13023588,0.12906429,302.0901,301.88144
Syria,2010,10,294.63052,285.49335,2.747717,0.00073543546,1.1836227e+07,0.10633168,0.14062509,0.12850526,296.9296,298.72827
Syria,2010,11,289.27243,275.3551,2.095783,1.4648437e-05,1.0289449e+07,0.10872973,0.14681235,0.1302801,290.24484,293.66333
Syria,2010,12,283.86444,276.87988,2.518569,0.0020352174,7.356964e+06,0.19692348,0.19265626,0.14129004,284.95462,289.00638
Syria,2011,1,281.4891,276.5559,2.5099435,0.0018062782,7.997568e+06,0.2359782,0.22485973,0.16020967,282.19742,285.10352
Syria,2011,2,282.3482,276.8103,2.7844748,0.0021987534,1.0214077e+07,0.25741923,0.24668568,0.17770255,282.51514,284.13214
Syria,2011,3,285.69742,277.14243,2.7365546,0.0012442208,1.5067515e+07,0.20389718,0.23846346,0.19202913,285.90833,285.90723
Syria,2011,4,289.06577,280.94827,3.1852689,0.002619686,1.6180157e+07,0.20054293,0.22043248,0.18922277,289.56964,288.5631
Syria,2011,5,293.29462,284.019,3.0842876,0.001205635,1.9376528e+07,0.17311218,0.20547457,0.1847846,293.68536,291.48712
Syria,2011,6,298.10303,287.2582,4.1133122,0.00045244218,2.1411722e+07,0.11303026,0.16849266,0.15965629,298.9216,295.86145
Syria,2011,7,301.5574,288.94733,4.1176414,2.8190612e-05,2.1694914e+07,0.07451335,0.14053881,0.13613988,302.4629,299.1669
Syria,2011,8,301.16287,290.1234,4.042227,0.00010080337,1.9587672e+07,0.07061164,0.12991594,0.1227201,303.1309,301.00372
Syria,2011,9,298.6068,288.35062,3.1496832,0.00058208464,1.5994408e+07,0.08364465,0.13096099,0.11344573,300.74884,300.32703
Syria,2011,10,292.02304,281.861,2.595547,0.00065071107,1.2460631e+07,0.13423847,0.1563056,0.112153284,294.0733,296.47034
Syria,2011,11,283.2014,276.23044,2.2356422,0.0018375206,8.832527e+06,0.23019005,0.20382494,0.11982835,284.81583,289.62103
Syria,2011,12,280.58954,274.81894,2.3157477,0.0015843963,7.9273985e+06,0.22745107,0.22441258,0.13400942,280.644,284.3486
Syria,2012,1,280.04565,276.51678,2.8574927,0.0036825943,6.834314e+06,0.30019143,0.27050042,0.16893129,280.60495,283.09802
Syria,2012,2,280.22382,274.2049,3.3750207,0.0032580376,1.0763197e+07,0.30646557,0.29930693,0.20759705,280.27835,281.95908
Syria,2012,3,283.22888,274.22522,3.1196718,0.0015679741,1.4827683e+07,0.23372608,0.2680555,0.21315423,283.1979,283.06143
Syria,2012,4,291.44302,280.17325,2.9958684,0.00042503356,1.8666256e+07,0.14684054,0.2099276,0.19300732,291.03143,288.26553
Syria,2012,5,294.1791,284.42834,3.6824121,0.0008381844,1.9562512e+07,0.14138052,0.19249083,0.1809011,294.9951,292.5271
Syria,2012,6,300.27698,286.2932,3.522764,0.00028785705,2.1956798e+07,0.0956,0.1619049,0.15984228,300.78525,296.90717
Syria,2012,7,302.60327,288.34412,3.7336328,9.2163085e-05,2.1443916e+07,0.079622805,0.14574018,0.14141543,303.82382,300.39005
Syria,2012,8,301.9157,289.28412,3.9931402,4.6691894e-05,1.9706316e+07,0.07474846,0.1380671,0.12624116,303.6449,301.72778
Syria,2012,9,299.258,287.3401,2.9850192,8.440018e-05,1.6591686e+07,0.07601153,0.13919747,0.11646738,301.2879,300.9078
Syria,2012,10,294.33694,285.38876,2.3255029,0.0016130257,1.1246131e+07,0.16149196,0.16833685,0.11686734,295.83038,297.7636
Syria,2012,11,288.35028,283.09802,2.1434536,0.0020094109,8.619581e+06,0.23389825,0.21674931,0.12287602,289.43967,292.65698
Syria,2012,12,283.0584,279.44064,2.5508213,0.003769951,6.5847295e+06,0.3212568,0.30821466,0.17465742,283.79135,287.2365
Syria,2013,1,280.978,276.9319,2.8104317,0.0021847724,7.9676365e+06,0.29657668,0.3028671,0.22208379,281.36047,283.71704
Syria,2013,2,284.25247,279.80374,3.0416355,0.0022976685,1.0179169e+07,0.29731262,0.30751953,0.23332512,283.90686,284.65225
Syria,2013,3,286.9401,276.66006,3.6108625,0.0009835244,1.4689772e+07,0.19228254,0.25960788,0.22781105,286.64157,286.21707
Syria,2013,4,290.7319,279.9865,3.2020211,0.0013470459,1.7777192e+07,0.1712184,0.22686122,0.21346644,291.018,289.4646
Syria,2013,5,296.21854,284.1453,3.0253155,0.00097394944,1.9892276e+07,0.14310256,0.20331024,0.19609913,296.74423,293.9796
Syria,2013,6,298.86728,285.71103,4.4314814,6.141663e-05,2.237139e+07,0.0853063,0.16347772,0.16604157,299.8618,297.11862
Syria,2013,7,301.10654,288.06396,4.7141547,3.7612914e-05,2.1890166e+07,0.06958343,0.14292769,0.13750763,302.46094,300.02063
Syria,2013,8,301.62793,288.97437,3.9691412,2.5520325e-05,2.005567e+07,0.06433738,0.13737293,0.12183788,303.2725,301.39462
Syria,2013,9,297.75192,286.30737,3.105766,0.00047863007,1.6049495e+07,0.084221646,0.14264323,0.11546258,300.11438,300.3986
Syria,2013,10,291.94446,276.58765,2.6443386,0.00041446686,1.3243863e+07,0.10766363,0.1575636,0.114660196,293.5431,295.91675
Syria,2013,11,289.33316,281.1666,2.4400303,0.00041955948,9.101399e+06,0.11238571,0.15107512,0.114930525,290.397,292.67422
Syria,2013,12,280.09048,273.80164,2.864838,0.0023713876,6.922506e+06,0.23303303,0.20890409,0.1215415,281.373,286.1798
Syria,2014,1,282.66562,278.38916,2.4583445,0.00091108325,7.6707995e+06,0.23952287,0.23744203,0.12946032,282.25412,283.9758
Syria,2014,2,283.79523,273.9272,2.6080081,0.00070278166,1.2088545e+07,0.16276354,0.21524568,0.1341715,283.42792,284.25455
Syria,2014,3,287.64413,278.323,3.030124,0.0020066833,1.4640356e+07,0.21040165,0.2310752,0.13979918,287.43332,286.9697
Syria,2014,4,291.74094,279.57224,3.1562893,0.00047634126,1.843346e+07,0.12204587,0.18900824,0.13493617,292.20392,290.05118
Syria,2014,5,295.14813,282.96564,3.504616,0.00051990506,2.003861e+07,0.10591874,0.163356,0.122924425,296.24374,293.76343
Syria,2014,6,298.772,285.26413,4.1823945,0.00034841537,2.15194e+07,0.09208164,0.14332077,0.11127999,299.86508,296.70352
Syria,2014,7,301.09894,290.15106,5.0023117,0.000104084014,2.1160254e+07,0.0680473,0.12433453,0.101180956,302.51807,299.78094
Syria,2014,8,301.9708,290.8239,3.952541,0.00013694764,1.9252454e+07,0.0648983,0.11210466,0.092665836,303.42484,300.76297
Syria,2014,9,298.05234,289.21744,3.5548162,0.0011425209,1.5297937e+07,0.08564735,0.11409645,0.085274555,300.4408,300.38025
Syria,2014,10,292.95667,284.94556,2.3331106,0.0019995116,1.1882711e+07,0.18412195,0.17392483,0.08870158,294.16144,296.3625
Syria,2014,11,286.07678,277.85565,2.4675095,0.0014563751,8.97559e+06,0.1890857,0.19946423,0.09602706,287.22372,290.97382
Syria,2014,12,284.32706,281.19275,2.4746304,0.002075119,6.2899915e+06,0.300836,0.26475585,0.1185295,284.69962,287.57202
Syria,2015,1,280.45566,276.34558,2.8878007,0.0026235771,8.12309e+06,0.2967502,0.28897375,0.20814577,281.17407,284.41837
Syria,2015,2,282.53815,277.57755,3.00738,0.0031809234,9.865871e+06,0.27811137,0.28578734,0.22369383,282.8678,284.3759
Syria,2015,3,286.45975,277.87292,3.3601663,0.0023152733,1.3733123e+07,0.22808592,0.2609782,0.22909287,286.17102,285.85876
Syria,2015,4,289.20267,279.0832,3.368164,0.0011920929,1.7865774e+07,0.19290027,0.23112439,0.21293919,289.15628,288.0252
Syria,2015,5,295.22806,282.47638,3.2929764,0.0005312729,2.0543514e+07,0.11717491,0.17520435,0.1829853,295.83304,292.7171
Syria,2015,6,297.50204,286.7312,4.4501686,0.0002648926,2.1449984e+07,0.09326777,0.14475805,0.156732,298.74518,295.9552
Syria,2015,7,301.49844,288.58923,4.081969,3.902435e-05,2.1760696e+07,0.07397917,0.12905379,0.13842006,302.44534,298.83322
Syria,2015,8,302.2304,289.5536,3.848336,0.0001268959,1.9594506e+07,0.07267978,0.124289304,0.12934911,303.8109,301.29578
Syria,2015,9,301.07327,287.42114,2.5753238,0.0001812935,1.6521708e+07,0.07507127,0.12129885,0.12271332,302.75702,301.42313
Syria,2015,10,295.20844,286.2427,2.1107426,0.0015345002,1.1497344e+07,0.1369806,0.13718274,0.114634894,297.21982,298.6794
Syria,2015,11,288.11624,278.2367,2.618461,0.00072532654,9.561492e+06,0.1382284,0.16673598,0.115367845,289.20807,293.00494
Syria,2015,12,282.5038,274.20462,2.4879813,0.00071943284,8.071798e+06,0.15666234,0.1728378,0.1174911,283.53995,287.96893
Syria,2016,1,280.09552,275.10593,2.8944144,0.002319107,7.6182425e+06,0.2667262,0.23119597,0.13489184,280.8587,284.71118
Syria,2016,2,285.83447,277.7996,2.4840055,0.0010270119,1.1279642e+07,0.19077194,0.2191091,0.14750208,284.8778,284.9887
Syria,2016,3,287.61478,277.3032,3.6358783,0.0017225647,1.4604977e+07,0.16876207,0.2029515,0.14590742,288.02502,287.87555
Syria,2016,4,293.2554,277.8074,2.8948734,0.0003718567,1.9347532e+07,0.11902105,0.16595498,0.13862686,293.39667,290.8069
Syria,2016,5,294.63263,283.26028,3.7395856,0.0008400154,1.9722664e+07,0.11650343,0.1477767,0.12898637,296.12155,293.88086
Syria,2016,6,300.42355,285.70895,3.9143937,0.00017517089,2.1879306e+07,0.08958639,0.12873293,0.11655417,301.06653,296.91034
Syria,2016,7,302.16342,289.50702,4.179646,3.704071e-05,2.1668172e+07,0.073231064,0.11809597,0.10718749,303.5345,300.2077
Syria,2016,8,302.5321,290.79797,3.73504,8.0509184e-05,1.947328e+07,0.06948302,0.11156763,0.098132305,304.3647,301.61853
Syria,2016,9,298.14764,286.5821,3.3248324,0.00052553177,1.6156498e+07,0.086058445,0.11364117,0.09085783,300.5492,300.66855
Syria,2016,10,294.8081,282.7301,2.3971786,0.0004571533,1.2809185e+07,0.07940655,0.11518077,0.08612358,296.39368,297.78912
Syria,2016,11,286.27997,273.86356,2.582308,0.0010502052,9.782349e+06,0.13695367,0.15548229,0.08700276,288.09067,292.8329
Syria,2016,12,280.29736,275.7713,2.8547487,0.0035198021,6.4629045e+06,0.27322417,0.22379142,0.10485168,281.55347,286.48077
Syria,2017,1,279.67957,274.66156,2.752385,0.00201828,8.2052505e+06,0.2833304,0.26884878,0.16111496,280.48016,283.85016
Syria,2017,2,281.8326,271.19388,2.4991348,0.00049414637,1.2412687e+07,0.19106436,0.22470462,0.1611816,281.37912,282.7875
Syria,2017,3,286.3016,278.82822,2.9692,0.001880722,1.3765914e+07,0.201593,0.20840637,0.14887275,286.32703,285.8305
Syria,2017,4,290.66296,278.67743,3.1579053,0.0013485717,1.8145076e+07,0.16182654,0.19597039,0.14252277,290.76065,288.74384
Syria,2017,5,294.78458,282.39774,3.4256454,0.0009309959,2.024254e+07,0.12276298,0.16613382,0.13108166,295.87915,293.05035
Syria,2017,6,299.3806,286.3028,3.8096986,0.00015518189,2.2217094e+07,0.09251187,0.14605622,0.119118586,300.2884,296.43793
Syria,2017,7,303.37894,287.8514,3.8217573,7.019043e-06,2.223382e+07,0.07375315,0.13206352,0.10974827,304.50024,300.51007
Syria,2017,8,301.99313,290.36887,3.5142753,5.07164e-05,1.9852144e+07,0.07005917,0.12750182,0.098886214,304.1482,301.73642
Syria,2017,9,299.95117,287.5736,2.929072,0.00010047913,1.655598e+07,0.06875536,0.12945746,0.0934358,302.09686,301.26935
Syria,2017,10,293.62766,281.4374,2.4719713,0.0006647301,1.2329508e+07,0.0957352,0.1358127,0.08711666,295.6078,297.65338
Syria,2017,11,287.81183,279.98163,2.474986,0.0009993362,8.807342e+06,0.14925258,0.16282566,0.09044198,289.44125,293.0858
Syria,2017,12,283.91122,277.41974,2.4702768,0.0011916352,7.716828e+06,0.18828478,0.1846943,0.09888883,284.6698,288.48535
Syria,2018,1,282.3797,278.17767,2.7525668,0.0032586956,7.4686155e+06,0.2942382,0.24921824,0.12610781,282.8281,285.98456
Syria,2018,2,284.7669,279.4655,2.5106752,0.0023248864,9.777044e+06,0.28111896,0.27669916,0.15783785,284.33527,285.49194
Syria,2018,3,288.96536,280.01965,3.1609921,0.0007131386,1.4732251e+07,0.19192061,0.25665903,0.16751532,288.6405,287.7662
Syria,2018,4,292.0621,278.7331,2.7123878,0.0015042305,1.8244824e+07,0.16468267,0.20955713,0.1531773,292.5846,291.02737
Syria,2018,5,296.51605,284.36816,2.8451703,0.0015987968,1.9000832e+07,0.15643091,0.19407825,0.14129305,296.89355,294.26993
Syria,2018,6,298.8236,288.05002,4.08685,0.0006650353,2.0829758e+07,0.116001226,0.16530968,0.122364976,300.19772,297.65405
Syria,2018,7,301.34143,289.88623,4.7615404,9.578705e-05,2.1418562e+07,0.078443654,0.14665644,0.1082714,302.765,300.14716
Syria,2018,8,301.6293,290.7925,4.4037824,7.867813e-05,1.9644944e+07,0.07349,0.14079122,0.0975506,303.2625,301.34784
Syria,2018,9,299.9113,287.86978,3.080231,0.00015510559,1.6296746e+07,0.07830496,0.1420218,0.09324061,301.9727,301.3496
Syria,2018,10,294.39185,283.7565,2.4904995,0.001399641,1.2162217e+07,0.13418305,0.15730332,0.09322673,296.411,298.62332
Syria,2018,11,287.11325,282.55878,2.4332132,0.0027972413,7.5225345e+06,0.27194178,0.23049727,0.100158185,288.0951,291.71848
Syria,2018,12,283.75583,280.8912,2.7661202,0.004174385,5.6895385e+06,0.3532042,0.32976556,0.1661965,284.7507,287.98004
Syria,2019,1,281.02942,276.74158,3.295457,0.0034246063,7.8804275e+06,0.34374276,0.3448454,0.24498287,281.45538,284.11646
Syria,2019,2,282.7836,278.44098,2.9893415,0.0034914017,9.860803e+06,0.3347194,0.33668754,0.2607811,282.93546,284.08505
Syria,2019,3,285.05344,279.28036,3.0372427,0.0030316925,1.2908893e+07,0.294052,0.3198808,0.26762584,284.8984,285.0604
Syria,2019,4,288.22522,281.29144,2.8027616,0.0022930526,1.664129e+07,0.28360015,0.3136456,0.26886928,287.9961,287.06555
Syria,2019,5,296.97742,281.3762,3.1814978,0.0001666069,2.1246464e+07,0.11424994,0.21097134,0.22576773,296.39938,292.7372
Syria,2019,6,300.26474,287.53125,3.6981614,0.0003194809,2.1282508e+07,0.08991796,0.16391149,0.18416372,301.43338,298.1993
Syria,2019,7,301.24014,288.99075,4.4054933,0.0001953125,2.1521254e+07,0.08147304,0.14763087,0.1564153,302.58395,300.13138
Syria,2019,8,301.8454,290.427,4.0262294,7.158279e-05,1.9720832e+07,0.07031409,0.13829753,0.14367488,303.54822,301.4964
Syria,2019,9,298.93536,287.81952,3.1277487,0.00013038635,1.647541e+07,0.0735346,0.13797817,0.13402638,301.2752,301.11826
Syria,2019,10,295.22256,285.46155,2.4365396,0.0007777214,1.2225802e+07,0.10755103,0.14239894,0.13120098,297.22247,298.70084
Syria,2019,11,288.60065,276.95816,2.4899962,0.00062591553,9.495685e+06,0.122425646,0.15994585,0.13330927,289.85074,293.29385
Syria,2019,12,283.16464,279.59152,2.4991844,0.0035557174,6.22442e+06,0.2757391,0.24180046,0.15071124,284.27524,288.1464
Syria,2020,1,280.94348,276.5579,2.8531675,0.0027356911,7.453916e+06,0.3368472,0.31149992,0.2126171,281.50183,284.44482
Syria,2020,2,281.51364,275.9893,3.0176115,0.0020135879,9.681495e+06,0.29137877,0.30570757,0.22795822,281.42685,282.9233
Syria,2020,3,286.9451,280.44034,3.2953458,0.0024486352,1.3388575e+07,0.2490568,0.27668318,0.22099726,286.58313,286.14545
Syria,2020,4,290.31183,281.18463,2.9755847,0.0011968231,1.7487898e+07,0.18831909,0.2478254,0.21853851,290.5243,288.81442
Syria,2020,5,295.6406,281.87723,3.4821122,0.0008371925,2.0533402e+07,0.13738757,0.1949893,0.19442004,295.95468,293.26218
Syria,2020,6,298.23074,285.51505,4.1222124,0.00016788482,2.2087076e+07,0.091724545,0.15661483,0.16534851,299.22687,296.40094
Syria,2020,7,302.67184,289.45813,3.753064,1.8997192e-05,2.1665368e+07,0.07230553,0.13807131,0.1470792,303.69067,300.16025
Syria,2020,8,301.86365,288.9203,4.127632,7.408142e-05,1.9877038e+07,0.06642929,0.13066733,0.12967528,303.4177,301.52768
Syria,2020,9,301.79843,287.79602,2.9465692,7.350922e-05,1.6578147e+07,0.068772264,0.1297727,0.12431692,303.3332,302.13104
Syria,2020,10,296.49353,282.1017,2.3449564,3.326416e-05,1.2948163e+07,0.067123584,0.12658468,0.113788515,298.2272,299.43436
Syria,2020,11,287.26852,281.73074,2.2736776,0.002146492,8.598083e+06,0.21573704,0.19216883,0.115786426,289.138,293.52048
Syria,2020,12,283.5735,278.4603,2.6360373,0.0012980843,7.511045e+06,0.24440527,0.23030579,0.12390585,284.23624,287.9842
Syria,2021,1,282.64984,275.51797,3.0750844,0.0031232452,8.150359e+06,0.23270881,0.24520822,0.13742618,282.90015,285.5449
Syria,2021,2,284.00778,276.47302,2.5492246,0.00079944613,1.1887171e+07,0.24358179,0.2676394,0.16693853,283.91608,285.07516
Syria,2021,3,285.66425,277.54654,3.388791,0.0020438957,1.4180003e+07,0.20057555,0.23437406,0.1647788,286.08527,286.17883
Syria,2021,4,291.1769,279.51575,3.140251,0.0007304382,1.8327188e+07,0.15839411,0.21545812,0.16827574,291.08072,288.92545
Syria,2021,5,297.0601,282.40402,3.616142,4.5547484e-05,2.2002366e+07,0.087469466,0.16606313,0.15005659,298.08575,294.8995
Syria,2021,6,298.43106,286.16724,4.028698,7.997513e-05,2.238168e+07,0.07315177,0.14545453,0.12873648,299.95694,297.1739
Syria,2021,7,302.7133,289.2833,4.2199583,3.2444e-05,2.176704e+07,0.066029504,0.13918711,0.116322234,304.1527,300.80548
Syria,2021,8,302.64163,289.3612,3.605073,0.00012716293,1.9653032e+07,0.07291895,0.13585348,0.1063617,304.59653,302.40613
Syria,2021,9,298.24475,287.26712,3.37561,0.0003627968,1.6187137e+07,0.081978455,0.13817921,0.09711525,300.71106,301.00974
Syria,2021,10,293.9852,281.28827,2.432992,0.00025842668,1.2732739e+07,0.091727324,0.14244157,0.09351181,295.93393,297.74738
Syria,2021,11,288.8218,278.81647,2.2108474,0.00051330565,9.265925e+06,0.121193536,0.14666972,0.09298549,290.10355,293.4046
Syria,2021,12,283.24243,276.8562,2.9007385,0.0018253517,7.2487425e+06,0.19132496,0.19041155,0.100704454,284.75882,288.8944
Syria,2022,1,280.61987,274.8297,2.974544,0.0027666283,7.6116735e+06,0.24029902,0.23139247,0.12400265,281.79477,285.09842
Syria,2022,2,283.74576,277.9791,2.734638,0.001374588,1.0416558e+07,0.24407603,0.25348967,0.15137078,283.4222,284.31454
Syria,2022,3,282.05292,274.94623,3.1689615,0.0027845001,1.3461204e+07,0.2712854,0.2650879,0.16676322,282.9029,284.3347
Syria,2022,4,292.60034,277.71286,3.2371476,0.00024211884,1.9029786e+07,0.12667015,0.20156957,0.15757903,292.21777,289.09003
Syria,2022,5,294.96295,281.77856,3.4710636,0.00059265137,2.0658764e+07,0.11921115,0.1745472,0.14224802,295.91977,293.28317
Syria,2022,6,299.0737,286.85913,3.865677,0.00045063018,2.1631038e+07,0.09352913,0.15084326,0.124293774,300.5927,297.43546
Syria,2022,7,301.79843,287.73764,4.1761603,1.3599396e-05,2.2241894e+07,0.07795301,0.14165647,0.1094719,303.2377,299.91382
Syria,2022,8,301.6475,290.37512,3.8917234,5.7029723e-05,1.963646e+07,0.073460914,0.14080912,0.10397353,303.62057,301.54245
Syria,2022,9,299.34158,287.43817,3.124446,0.00021039962,1.6551594e+07,0.07956142,0.13681859,0.09944344,301.7291,301.3568
Syria,2022,10,294.77814,284.28638,2.3621137,0.00043100357,1.2227589e+07,0.093652226,0.13020022,0.08659175,296.9256,298.4021
Syria,2022,11,288.00845,282.23553,2.3728635,0.0019282913,8.367319e+06,0.1951462,0.16258742,0.08365876,289.5704,293.4805
Syria,2022,12,283.8831,280.13162,2.164852,0.0012138939,7.3410815e+06,0.24525413,0.22123913,0.094620936,284.737,288.5686
Syria,2023,1,281.68073,277.31308,2.535452,0.0014239311,8.562806e+06,0.2673966,0.25254866,0.10890996,282.10254,284.98788
Syria,2023,2,281.05115,273.68268,2.6153226,0.0021976756,1.1599964e+07,0.2747125,0.2851747,0.1438873,281.2479,283.2556
Syria,2023,3,286.99805,279.6273,3.2591696,0.0024072456,1.3597647e+07,0.22777426,0.25263935,0.14649488,287.2485,286.85803
Syria,2023,4,289.88327,280.2848,3.2794857,0.0013110351,1.720168e+07,0.17312913,0.23482908,0.15182075,290.31046,288.81393
Syria,2023,5,294.72668,280.78867,3.2400515,0.0006804085,2.0229878e+07,0.12040188,0.18268116,0.13717376,295.69882,293.00616
Syria,2023,6,298.48544,286.36414,3.9844286,0.00025167465,2.133012e+07,0.093989976,0.15345834,0.119795054,299.77936,296.66962
Syria,2023,7,302.69485,287.02438,4.0667815,3.2081603e-05,2.2031406e+07,0.07157054,0.13693112,0.10474178,303.94995,300.2697
Syria,2023,8,302.97223,291.1005,3.9592068,0.00019325256,1.941973e+07,0.0707597,0.13172792,0.0954664,304.88043,302.44974
Syria,2023,9,299.43768,287.39328,3.151938,0.00022586822,1.6447636e+07,0.07794912,0.13220076,0.085460685,301.79645,301.31818
Syria,2023,10,295.2489,285.11743,2.3433213,0.0010098076,1.1753754e+07,0.12761799,0.15987496,0.08515202,296.9714,298.45877
Syria,2023,11,289.43027,282.13318,2.549938,0.0020837784,8.819466e+06,0.18527073,0.17958134,0.09022216,291.1959,294.7617
Syria,2023,12,284.9375,280.2121,2.5383463,0.0015647316,7.4184395e+06,0.25470895,0.24243478,0.110451266,285.317,288.78735
Syria,2024,1,283.26834,279.61212,2.4918509,0.003966465,6.815744e+06,0.3002422,0.28255507,0.14252664,284.00427,286.6249
Syria,2024,2,283.86505,278.54678,2.3456442,0.0016796112,1.0500746e+07,0.30619034,0.3115218,0.18759896,283.93204,285.4215
Syria,2024,3,286.61688,278.61313,3.1619523,0.0023061752,1.43238e+07,0.21854135,0.26168174,0.1893968,286.5183,286.45343
Syria,2024,4,293.56042,282.32642,2.7607114,0.0009934998,1.7966838e+07,0.15739721,0.2171159,0.17571233,293.686,291.03082
Syria,2024,5,294.66684,283.7983,3.8774645,0.0012961387,1.9122406e+07,0.14764321,0.19753306,0.15977071,296.0224,294.18466
Syria,2024,6,302.7743,286.85928,3.482597,0.00012496948,2.2064414e+07,0.08689435,0.1518082,0.1355352,303.47903,299.1914
Syria,2024,7,302.9085,290.77087,4.7237535,0.00015153884,2.0960604e+07,0.07592235,0.13105732,0.11293432,304.56375,301.5942
Syria,2024,8,302.34833,291.41235,4.4027376,0.00016616822,1.9102664e+07,0.06998053,0.12376553,0.09791341,304.53577,302.56287
Syria,2024,9,298.8777,288.93835,3.385177,0.0005100632,1.5410171e+07,0.08898099,0.12911181,0.086341985,301.29425,301.3429
Syria,2024,10,293.33694,279.22546,2.4240117,0.00016000748,1.2927555e+07,0.08564514,0.13450304,0.08544397,295.98978,298.38782
Syria,2024,11,286.95416,279.56458,2.3247643,0.0011254788,8.591969e+06,0.13958715,0.14686556,0.08670428,288.9538,293.03296
Syria,2024,12,282.68042,275.51456,2.4510458,0.0015335274,7.114286e+06,0.16377985,0.17795753,0.092258155,283.65195,287.59778
Tunisia,1985,1,281.45016,276.6025,3.5505834,0.0013960571,7.7254e+06,0.284317,0.2888585,0.2334086,281.27167,282.9365
Tunisia,1985,2,285.66632,278.91025,3.1638737,0.000980896,1.0828501e+07,0.20718203,0.24810651,0.23379311,284.92596,284.919
Tunisia,1985,3,284.3107,278.84744,3.1375904,0.0020669098,1.3012525e+07,0.24756464,0.26032478,0.24198313,284.44897,284.64133
Tunisia,1985,4,288.95187,280.82306,3.6164715,0.0011178589,1.7061962e+07,0.19419219,0.22915673,0.2355237,288.38745,287.12164
Tunisia,1985,5,291.72433,284.06094,3.0694478,0.0013117829,1.785715e+07,0.19030263,0.22617622,0.22917816,291.33325,289.83875
Tunisia,1985,6,297.68008,286.30438,3.0401387,0.00019094849,2.0745834e+07,0.1152218,0.1744918,0.21309362,297.13724,294.51843
Tunisia,1985,7,300.81787,287.7063,2.5378213,0.00013494873,2.0536492e+07,0.10803869,0.16119358,0.19985966,300.5078,298.0921
Tunisia,1985,8,299.5744,287.46323,2.7013693,5.7769776e-05,1.8501124e+07,0.09856181,0.15591359,0.1892371,300.5186,299.51083
Tunisia,1985,9,296.01114,287.6394,2.2217796,0.00086874387,1.4736025e+07,0.13761193,0.16779087,0.18344441,297.16458,297.54214
Tunisia,1985,10,291.6104,285.12326,2.3325987,0.000794754,1.129037e+07,0.15564847,0.17569043,0.17956237,292.7325,294.32758
Tunisia,1985,11,288.6154,281.58517,2.9343383,0.0005752029,8.489783e+06,0.1555075,0.18467906,0.17763102,289.4103,291.41147
Tunisia,1985,12,284.4377,278.8373,2.9875295,0.00052498624,7.037911e+06,0.17538704,0.19931401,0.18668903,284.66144,286.81094
Tunisia,1986,1,282.778,276.7252,3.8329918,0.0010305939,7.8859835e+06,0.1989945,0.21716703,0.19535689,283.11053,284.91547
Tunisia,1986,2,283.7291,276.24368,3.777245,0.0007473755,1.0903724e+07,0.1857209,0.21760191,0.20312001,283.38318,283.9143
Tunisia,1986,3,285.17487,279.48386,3.2775533,0.0028497926,1.283605e+07,0.26017228,0.2608043,0.21504548,285.2738,285.50198
Tunisia,1986,4,288.38913,280.55585,3.6376562,0.0007884674,1.7429754e+07,0.17154148,0.21907865,0.21635959,288.42188,287.4085
Tunisia,1986,5,293.80624,284.58624,2.8127725,0.0007506561,1.9263426e+07,0.1568736,0.19072556,0.20588295,293.1411,290.92014
Tunisia,1986,6,296.05008,286.19516,2.6910424,0.00051338196,1.9891078e+07,0.13787052,0.17886047,0.20097849,295.87485,293.90134
Tunisia,1986,7,298.93054,288.04108,2.779043,0.0005788727,1.9683708e+07,0.12712832,0.16624136,0.1928297,299.01837,297.17178
Tunisia,1986,8,300.91687,289.42892,2.5023596,0.0002487793,1.826007e+07,0.10974906,0.15952085,0.18637557,301.06662,299.45322
Tunisia,1986,9,296.83783,288.28046,2.7225366,0.0010853576,1.4293256e+07,0.12697642,0.1583799,0.17860329,298.00726,298.28427
Tunisia,1986,10,292.7154,287.3938,2.869475,0.0015828552,1.0458784e+07,0.21072854,0.20947888,0.17821531,293.58783,295.1872
Tunisia,1986,11,286.65414,282.27805,3.1443164,0.0015839996,7.7454705e+06,0.22775352,0.23395628,0.18712172,287.63763,290.02457
Tunisia,1986,12,282.83908,278.7934,3.178294,0.0017257538,6.52954e+06,0.28685346,0.27419358,0.21053761,283.40744,286.01556
Tunisia,1987,1,282.1138,276.10342,3.611133,0.0010743408,7.8031995e+06,0.2519711,0.26397666,0.2252146,281.7633,283.2713
Tunisia,1987,2,283.60022,277.9617,3.8757281,0.002152893,9.476858e+06,0.2430882,0.2589743,0.2301036,283.3549,284.07776
Tunisia,1987,3,283.99515,278.4155,3.380055,0.0014987793,1.2121444e+07,0.24589872,0.2659589,0.24054846,284.1747,284.218
Tunisia,1987,4,288.4657,281.14404,2.9969919,0.0011822357,1.7418354e+07,0.21178864,0.24171643,0.23710325,287.96088,286.69537
Tunisia,1987,5,290.55386,283.2874,3.1693451,0.0012164459,1.7407628e+07,0.17909743,0.2142131,0.23474792,290.60455,289.3596
Tunisia,1987,6,296.97162,285.82114,2.9076366,0.00012390137,2.0291502e+07,0.12406286,0.18180871,0.21508835,296.37076,293.81012
Tunisia,1987,7,300.6654,288.38306,2.862477,0.00034857178,1.9782696e+07,0.11145776,0.16031072,0.1983309,300.12592,297.56567
Tunisia,1987,8,301.6526,288.58035,2.5609112,0.00020863343,1.825008e+07,0.1057339,0.15282768,0.18504108,301.53714,299.8163
Tunisia,1987,9,298.7589,287.41818,2.350127,0.0005288696,1.5485552e+07,0.11556884,0.15597335,0.17767754,299.3759,299.1014
Tunisia,1987,10,294.62726,285.91367,2.7295618,0.0011667786,1.137995e+07,0.16349992,0.18769391,0.17159566,295.0423,296.2582
Tunisia,1987,11,287.31754,279.89682,3.6361003,0.0009638062,8.2947275e+06,0.16809012,0.18560727,0.16863197,288.8647,291.86182
Tunisia,1987,12,286.03055,280.1891,2.6669092,0.0005480042,6.8987865e+06,0.16982077,0.19616187,0.17482145,286.30902,288.177
Tunisia,1988,1,284.38754,277.30978,3.6756234,0.0006842804,8.323883e+06,0.18319121,0.20547505,0.18175511,284.1526,285.72955
Tunisia,1988,2,283.64157,276.84485,3.2984674,0.0006385193,1.0875625e+07,0.16484441,0.19881296,0.1865915,284.55588,285.7351
Tunisia,1988,3,285.9793,276.88614,4.1758537,0.0010245667,1.457948e+07,0.1776454,0.20964731,0.19154914,285.74603,285.4616
Tunisia,1988,4,289.32504,281.33212,2.986052,0.0009800873,1.720118e+07,0.15449926,0.18558608,0.19205187,289.68292,288.76712
Tunisia,1988,5,294.44904,283.99548,2.9637263,0.00069132994,1.8323428e+07,0.14864343,0.18555528,0.19185008,293.84534,291.90707
Tunisia,1988,6,296.68954,287.24622,3.127813,0.001195343,1.9280396e+07,0.1593603,0.19317791,0.18922788,296.54828,294.67706
Tunisia,1988,7,301.34393,287.03418,2.754909,0.00020195007,2.0580016e+07,0.105380155,0.16043414,0.17888127,301.01315,298.6428
Tunisia,1988,8,300.68698,289.15878,2.5811782,0.00016319274,1.8290516e+07,0.1068345,0.15749967,0.18024641,301.1776,300.01562
Tunisia,1988,9,295.8438,286.9203,2.680099,0.0010154113,1.4522866e+07,0.14139993,0.16349126,0.17693752,297.15027,297.9618
Tunisia,1988,10,294.09613,286.59818,2.7053773,0.00031199647,1.1510755e+07,0.13021623,0.16636367,0.17021456,294.8525,295.79602
Tunisia,1988,11,287.68976,282.7032,2.8232636,0.0014684143,7.585247e+06,0.19103321,0.1881133,0.1769928,289.03485,291.64444
Tunisia,1988,12,282.6219,278.57938,3.3495784,0.00148349,6.5303225e+06,0.2727023,0.25827834,0.19173092,283.26926,285.9444
Tunisia,1989,1,282.15698,278.1035,2.3846004,0.0006692734,7.6880445e+06,0.22391327,0.24182773,0.20399678,282.31927,284.0054
Tunisia,1989,2,283.44534,277.49472,2.8944635,0.0009071884,1.0907861e+07,0.21851587,0.23490465,0.20846127,283.00775,283.54968
Tunisia,1989,3,286.88205,279.77072,3.6706877,0.0006348648,1.4917826e+07,0.17237248,0.21269864,0.20789534,286.5573,286.03027
Tunisia,1989,4,288.7939,279.77444,3.7046878,0.0010193482,1.7816118e+07,0.15566714,0.18899971,0.20426545,289.26074,288.3686
Tunisia,1989,5,291.84723,283.2867,3.299235,0.00045625304,1.8887704e+07,0.14674236,0.18968818,0.20649625,291.59506,290.0863
Tunisia,1989,6,295.74185,286.16495,2.624614,0.000599823,1.923799e+07,0.14517716,0.18210684,0.20794772,295.55716,293.51517
Tunisia,1989,7,299.8223,288.17157,2.4805014,0.0002989807,1.9839262e+07,0.11759163,0.16791588,0.2006565,299.74612,297.5294
Tunisia,1989,8,300.5905,290.15375,2.3459222,0.0004880066,1.7635536e+07,0.122511744,0.16260476,0.19529058,300.8893,299.56372
Tunisia,1989,9,297.1028,289.57468,2.7403424,0.00096113584,1.4334461e+07,0.14062953,0.17073433,0.19543049,298.0539,298.18588
Tunisia,1989,10,291.31146,286.36023,2.680722,0.0015974122,1.0703344e+07,0.20608534,0.21663262,0.19764397,292.3276,293.9756
Tunisia,1989,11,288.59375,282.0163,2.5830514,0.00061392214,8.603574e+06,0.16989206,0.20843118,0.2005296,289.10495,290.92154
Tunisia,1989,12,286.62988,280.9262,2.667779,0.0009658432,7.158006e+06,0.19633716,0.22492544,0.20533705,286.62592,288.4359
Tunisia,1990,1,283.2455,280.0737,3.2820642,0.003936943,6.6707335e+06,0.29808724,0.2888032,0.23548308,283.58417,285.37604
Tunisia,1990,2,286.07288,280.23422,2.8354175,0.00015589905,1.1287761e+07,0.23626046,0.27441013,0.27156672,285.178,285.47745
Tunisia,1990,3,286.07886,280.54416,2.7244055,0.0017504273,1.2782898e+07,0.2201927,0.24125104,0.25404218,286.33524,286.52545
Tunisia,1990,4,287.91125,281.76025,3.3900573,0.0015426636,1.5460827e+07,0.21625419,0.2389336,0.2460157,287.85477,287.3301
Tunisia,1990,5,292.00763,285.7646,2.8409142,0.0017955169,1.6955842e+07,0.22852391,0.2422017,0.24136224,291.2851,289.8333
Tunisia,1990,6,298.04303,286.94437,2.6775994,0.0002488556,2.0150996e+07,0.13756686,0.19652687,0.22509913,296.9943,294.41718
Tunisia,1990,7,299.38443,287.70947,2.614325,0.00014976501,2.0177916e+07,0.11179797,0.17038013,0.21721436,299.62656,297.74802
Tunisia,1990,8,298.21628,290.0536,2.2505572,0.00071253965,1.749826e+07,0.14188479,0.18042445,0.21834916,299.0699,298.33197
Tunisia,1990,9,298.96887,288.79425,2.4964283,0.0003630371,1.5272397e+07,0.12407245,0.16783223,0.20971142,299.27533,298.7215
Tunisia,1990,10,295.05118,287.14633,2.6523013,0.0005769195,1.1407282e+07,0.14172462,0.17429204,0.20808639,295.66702,296.62735
Tunisia,1990,11,287.4633,282.28085,3.3342774,0.002330307,7.735341e+06,0.245723,0.23564646,0.21397135,288.7805,291.53552
Tunisia,1990,12,281.83493,276.80133,3.4545443,0.0021834106,7.0070925e+06,0.25324655,0.26857385,0.2316719,282.50922,285.30295
Tunisia,1991,1,282.05435,278.2476,2.7115989,0.0014937286,7.7993695e+06,0.2741943,0.28303072,0.25145268,282.11487,283.8205
Tunisia,1991,2,282.4182,277.92007,3.1057498,0.0018290252,9.794621e+06,0.29351437,0.303488,0.26879105,282.13882,282.99258
Tunisia,1991,3,286.7395,280.8304,3.8456416,0.0025363006,1.2641359e+07,0.25965175,0.28673622,0.2709478,285.92664,285.34995
Tunisia,1991,4,286.14474,280.09573,3.3107588,0.001223114,1.6447021e+07,0.23197208,0.26678035,0.27175578,286.58282,286.269
Tunisia,1991,5,289.361,281.1523,3.323578,0.00057547,1.876262e+07,0.16699712,0.21346407,0.25268507,289.24838,288.0096
Tunisia,1991,6,295.91498,285.50012,3.0661557,0.0004847412,2.000787e+07,0.14198926,0.18816467,0.23479329,295.2036,292.73486
Tunisia,1991,7,299.73016,287.09003,2.479946,0.00010751343,2.0580192e+07,0.10858705,0.16758052,0.21982855,299.3808,296.85263
Tunisia,1991,8,299.98972,288.49084,2.561633,9.262085e-05,1.8410234e+07,0.10557323,0.16099928,0.20625702,300.26144,298.72763
Tunisia,1991,9,297.49844,290.05988,2.4566667,0.0011846466,1.4087302e+07,0.15858181,0.16841409,0.19023728,298.18558,298.14313
Tunisia,1991,10,292.38382,285.86703,2.7642715,0.0014986267,1.0460422e+07,0.18220069,0.18865572,0.1881152,293.48166,295.10507
Tunisia,1991,11,286.63107,280.5226,2.9975526,0.0010034638,8.648606e+06,0.19894949,0.21945094,0.19251734,287.5124,290.00153
Tunisia,1991,12,282.31808,277.24792,3.5800972,0.00066682434,6.8378215e+06,0.21737307,0.23649164,0.20841432,283.06677,285.51477
Tunisia,1992,1,281.22745,276.8386,2.4048862,0.0013034515,7.7166345e+06,0.2139229,0.23035412,0.2180621,281.4023,283.15015
Tunisia,1992,2,282.61746,278.06747,2.92211,0.002020134,9.494245e+06,0.27136645,0.28227282,0.23242159,282.3542,283.09988
Tunisia,1992,3,285.06226,279.62595,3.7288394,0.0011264953,1.2766126e+07,0.2610606,0.28604966,0.25156936,284.51144,284.32123
Tunisia,1992,4,287.61197,279.9804,3.5829346,0.0018852844,1.6911102e+07,0.2127478,0.24432048,0.24718016,287.3468,286.1595
Tunisia,1992,5,291.46353,283.8127,3.0297287,0.0014005585,1.7747256e+07,0.19775328,0.22936095,0.24412227,290.64273,289.13956
Tunisia,1992,6,295.33057,285.07407,3.2711725,0.00023362732,1.9934834e+07,0.13340169,0.189735,0.22775003,295.14587,293.12042
Tunisia,1992,7,297.8828,287.75095,2.622132,0.000387146,1.9756762e+07,0.12586406,0.17196013,0.21499316,297.68832,295.6888
Tunisia,1992,8,300.09222,288.76328,2.1839216,8.5571286e-05,1.840336e+07,0.10679828,0.16237673,0.20792504,300.18753,298.47308
Tunisia,1992,9,297.12857,288.56122,2.34336,0.00055221556,1.5056819e+07,0.11847189,0.16139296,0.19943216,298.03098,297.9134
Tunisia,1992,10,293.04425,284.77667,2.8666885,0.00096038816,1.1415892e+07,0.16875799,0.18045282,0.19015229,293.57953,294.87408
Tunisia,1992,11,288.1743,283.315,2.9836388,0.0034912338,7.9125545e+06,0.278319,0.28393054,0.22619615,288.53387,290.7928
Tunisia,1992,12,283.63113,279.0887,3.20792,0.0017433777,6.8228015e+06,0.24631454,0.25742814,0.22958162,284.016,286.40833
Tunisia,1993,1,281.78073,277.43625,2.700185,0.00045030212,8.432087e+06,0.25271037,0.27587274,0.24887392,281.7315,283.47684
Tunisia,1993,2,281.82288,277.67435,3.59544,0.001423462,9.184289e+06,0.23819292,0.25019142,0.25013962,282.22836,283.31876
Tunisia,1993,3,284.2225,278.53946,3.3138669,0.0014171295,1.3337854e+07,0.24173385,0.25843695,0.2507201,283.85983,283.6193
Tunisia,1993,4,288.67822,280.56207,3.1701798,0.0002824402,1.8320904e+07,0.15511565,0.21029525,0.24079628,288.3532,286.93823
Tunisia,1993,5,293.14536,284.1086,3.027042,0.0010013428,1.9103526e+07,0.16525233,0.20079464,0.23274204,292.23328,290.1746
Tunisia,1993,6,297.5432,286.7376,3.1220179,6.1386105e-05,2.0778102e+07,0.113916315,0.17653178,0.22584534,297.2003,294.79996
Tunisia,1993,7,299.65045,287.04333,3.0929208,4.042053e-05,2.0440204e+07,0.108110264,0.16695446,0.21691442,299.5917,297.75906
Tunisia,1993,8,300.73685,287.71646,2.512764,0.00022431946,1.8458042e+07,0.1091258,0.15881535,0.2030505,300.88434,299.42633
Tunisia,1993,9,297.11737,287.96936,2.9950762,0.0009493103,1.4736517e+07,0.13963076,0.16440047,0.19364674,297.89557,298.22516
Tunisia,1993,10,293.69934,285.6308,2.9748836,0.0009097748,1.1135345e+07,0.1558545,0.17519695,0.18535134,294.21533,295.3198
Tunisia,1993,11,287.4525,282.02698,2.932175,0.0007321625,8.2381905e+06,0.18170074,0.19406791,0.18419352,288.60037,291.1599
Tunisia,1993,12,284.02713,279.07977,2.9005089,0.0010591889,6.865973e+06,0.20864035,0.21971837,0.18794161,284.27676,286.59995
Tunisia,1994,1,283.8603,278.68817,4.0280848,0.0012520675,7.4567025e+06,0.22386016,0.23353547,0.19737627,283.72928,285.20416
Tunisia,1994,2,284.07623,276.99893,3.7994378,0.001363533,1.0882736e+07,0.2139673,0.23507936,0.20729578,283.41833,284.07605
Tunisia,1994,3,286.82852,279.85168,2.9567363,0.00036064148,1.4905369e+07,0.16097735,0.20339327,0.20899336,286.6514,286.19003
Tunisia,1994,4,287.47006,279.10242,3.7621882,0.0010796814,1.7084612e+07,0.15749109,0.18093537,0.20187546,287.86768,287.41013
Tunisia,1994,5,295.2651,283.0509,3.0409048,0.00042936706,2.021879e+07,0.13533399,0.17006072,0.19289361,293.8778,291.2096
Tunisia,1994,6,297.54514,285.40527,3.0560164,0.00035757446,2.0845118e+07,0.11901932,0.16153543,0.18848573,297.71606,295.71567
Tunisia,1994,7,300.75705,286.8445,2.5127363,7.032776e-05,2.082055e+07,0.10296059,0.15849109,0.1874388,300.795,298.6617
Tunisia,1994,8,302.73395,287.72415,2.526595,6.121826e-05,1.8806674e+07,0.10295607,0.15431708,0.18433513,302.46606,300.80096
Tunisia,1994,9,298.45663,288.80954,2.9649851,0.00073190307,1.4319087e+07,0.12171795,0.1537752,0.17295752,299.22543,299.45535
Tunisia,1994,10,292.6497,287.18756,2.5292828,0.0016739502,1.0132673e+07,0.20673838,0.20441543,0.17182574,293.63504,295.45038
Tunisia,1994,11,289.0155,282.9346,2.635563,0.0003168335,8.736051e+06,0.1536352,0.19324103,0.1727552,289.86368,291.98138
Tunisia,1994,12,284.53955,278.9561,2.9101846,0.0004334259,7.408222e+06,0.15815762,0.19313562,0.18015811,285.19592,287.75842
Tunisia,1995,1,282.43365,276.2657,3.7878203,0.0012457428,8.2472795e+06,0.19737674,0.21801014,0.19178921,282.58188,284.3718
Tunisia,1995,2,286.08224,279.0843,3.1711895,0.00016728973,1.1273007e+07,0.14121906,0.19052589,0.1910456,285.75046,285.8695
Tunisia,1995,3,285.31305,277.3885,3.6933627,0.0009918365,1.4014512e+07,0.17574719,0.19804373,0.19431584,285.73895,286.10397
Tunisia,1995,4,287.8189,279.58545,3.3714974,0.00066366576,1.7249542e+07,0.13883182,0.1722362,0.19117738,287.86176,287.24078
Tunisia,1995,5,293.93036,282.15286,3.0607333,0.00013189697,2.0019838e+07,0.117243126,0.16194427,0.18825853,293.22427,291.023
Tunisia,1995,6,297.1659,287.21304,2.6872041,0.0008076782,1.950758e+07,0.14361958,0.18064079,0.19833311,296.7149,294.6563
Tunisia,1995,7,300.3264,288.62842,2.6591082,9.5336916e-05,2.0714524e+07,0.10440618,0.15951604,0.19092137,300.27078,298.07968
Tunisia,1995,8,300.23645,290.23227,2.7330718,0.00051072694,1.7133314e+07,0.11859956,0.15345065,0.18237668,300.7613,299.7829
Tunisia,1995,9,296.5508,289.26776,2.815253,0.0028159486,1.3546236e+07,0.1940608,0.18723388,0.17469394,297.38852,297.92468
Tunisia,1995,10,291.87405,286.98062,2.3557374,0.0014883423,1.0716312e+07,0.2388485,0.24554206,0.17657459,292.2118,293.7101
Tunisia,1995,11,287.40652,280.29794,3.1960347,0.0012996215,8.432763e+06,0.18097128,0.2111378,0.1757519,287.9665,290.1949
Tunisia,1995,12,285.69107,281.4757,3.0801082,0.0012284699,6.8419625e+06,0.25965685,0.25115326,0.1880319,285.36325,287.04578
Tunisia,1996,1,284.67087,279.95398,3.010522,0.0016204224,7.5897855e+06,0.26373032,0.25661466,0.19309546,284.38318,285.86557
Tunisia,1996,2,282.71906,277.785,3.9642544,0.0028705138,9.532236e+06,0.2792215,0.27992094,0.21535122,282.709,284.03336
Tunisia,1996,3,285.68338,280.30453,3.025395,0.0016351624,1.3059277e+07,0.26958084,0.28474298,0.23918328,284.81177,284.45642
Tunisia,1996,4,287.9133,281.66708,3.265395,0.0015695648,1.5739548e+07,0.20631826,0.22906345,0.22711931,287.72943,287.07672
Tunisia,1996,5,292.69418,284.26334,2.9592967,0.0010874786,1.894441e+07,0.17956415,0.21920024,0.22324884,292.00577,290.30035
Tunisia,1996,6,295.78494,286.41556,2.73149,0.0010054169,1.925625e+07,0.14625938,0.17661771,0.2000383,295.30655,293.43002
Tunisia,1996,7,299.663,286.43127,2.917645,0.00017939758,2.0434022e+07,0.10961889,0.15772136,0.19066149,298.981,296.62872
Tunisia,1996,8,300.89587,290.39444,2.6816278,0.00058683776,1.7560276e+07,0.114306904,0.15238258,0.18354784,301.02728,299.4394
Tunisia,1996,9,295.5305,287.30588,3.0009031,0.0012649994,1.4248914e+07,0.16701803,0.1787176,0.17390154,296.32867,297.0745
Tunisia,1996,10,291.02887,283.43103,3.1557949,0.00077308656,1.1266695e+07,0.14873393,0.17164817,0.16533585,291.89078,293.41345
Tunisia,1996,11,288.3073,279.57504,3.290982,0.0002782898,8.577413e+06,0.12160427,0.16458625,0.16683215,288.8696,290.7334
Tunisia,1996,12,285.43915,277.8796,3.5520387,0.00046186827,7.7084015e+06,0.15638074,0.17802364,0.17325611,285.3606,287.37283
Tunisia,1997,1,284.40393,278.7862,3.1188076,0.0013119965,7.8945565e+06,0.19224371,0.19505598,0.17796281,284.27637,285.61322
Tunisia,1997,2,284.98654,278.99307,2.8734064,0.0006524353,1.1188859e+07,0.2027973,0.22259137,0.18632765,284.55838,285.12994
Tunisia,1997,3,285.483,278.0227,3.193865,0.000555542,1.442911e+07,0.15318716,0.18513376,0.18310903,285.7224,285.90063
Tunisia,1997,4,287.5972,280.32434,3.5931633,0.0014859315,1.536974e+07,0.18408127,0.18951108,0.18245901,287.2838,286.81436
Tunisia,1997,5,294.06683,283.31107,3.2316062,0.0004798584,1.9575418e+07,0.13287109,0.16900444,0.1742295,293.10654,290.75668
Tunisia,1997,6,299.64438,287.4061,2.9804363,0.00035247803,2.0169782e+07,0.12222829,0.1667005,0.18311602,298.9407,296.26038
Tunisia,1997,7,300.4932,288.72327,2.9984434,0.00019226075,2.0244976e+07,0.110265,0.15964235,0.18406628,300.30994,298.3282
Tunisia,1997,8,299.9634,290.00348,2.4166298,0.0007115021,1.7465384e+07,0.13034025,0.15891142,0.18212801,300.3141,299.45578
Tunisia,1997,9,295.94397,290.28738,2.3344073,0.0031106109,1.3096111e+07,0.22580768,0.22433847,0.18010208,296.40536,297.04474
Tunisia,1997,10,292.90933,286.77084,2.664496,0.0016181946,1.0972873e+07,0.20200254,0.21291913,0.17758848,293.58917,294.89926
Tunisia,1997,11,287.66855,282.38312,3.176504,0.0016068268,8.1008805e+06,0.24011679,0.25133613,0.19223292,288.02933,290.29413
Tunisia,1997,12,284.70828,279.12122,3.4525068,0.0012575989,6.9119305e+06,0.22773822,0.25045705,0.2129038,284.8315,286.94464
Tunisia,1998,1,283.22595,278.49487,3.0132778,0.00082849123,8.167293e+06,0.22353591,0.24769258,0.22477059,283.1479,284.74368
Tunisia,1998,2,284.2968,278.4167,2.6766071,0.0006331787,1.1008123e+07,0.19133349,0.22518918,0.22395884,284.15155,284.76157
Tunisia,1998,3,285.66245,278.1193,3.4088485,0.0008530426,1.4062642e+07,0.17557696,0.20619261,0.21730109,285.46478,285.40668
Tunisia,1998,4,290.01727,281.65756,3.316809,0.0015736847,1.700807e+07,0.18076375,0.19775078,0.20680943,289.5111,288.31415
Tunisia,1998,5,292.38336,284.0393,3.0893803,0.00079830934,1.817892e+07,0.16573253,0.19959724,0.19679615,291.79434,290.22238
Tunisia,1998,6,298.87762,284.64163,2.976683,0.00030700685,2.0333814e+07,0.11403082,0.15724255,0.18171708,297.74045,294.93417
Tunisia,1998,7,301.15857,286.47888,2.9138937,1.361084e-05,2.1255996e+07,0.09644338,0.14589594,0.17532241,301.20236,298.9257
Tunisia,1998,8,300.32443,289.23074,2.6205158,0.00052246096,1.7873368e+07,0.11687269,0.14839983,0.17303693,300.70303,299.5469
Tunisia,1998,9,297.94208,288.92966,2.8546789,0.0009337311,1.43326e+07,0.12685685,0.14695114,0.16875532,298.71213,298.87772
Tunisia,1998,10,291.59024,285.12714,2.9703681,0.0016349793,1.0678534e+07,0.20241565,0.20008883,0.17049639,292.56754,294.54034
Tunisia,1998,11,286.30627,279.51007,3.010434,0.0014701538,8.285618e+06,0.17756827,0.19301885,0.17035201,287.44183,290.19708
Tunisia,1998,12,282.85938,277.43307,3.2730095,0.0007593231,7.467299e+06,0.20560451,0.22332743,0.18362159,283.1356,285.61755
Tunisia,1999,1,283.27612,278.8031,3.4266546,0.0035829772,7.0358875e+06,0.28487742,0.28196958,0.20775396,283.13428,284.4664
Tunisia,1999,2,282.09277,276.7831,3.7346964,0.000681015,9.921962e+06,0.25361207,0.28383675,0.24572325,281.62042,282.60522
Tunisia,1999,3,285.7978,279.75162,3.5274804,0.000873291,1.4095224e+07,0.1830102,0.22374965,0.23426066,285.65186,285.37982
Tunisia,1999,4,289.4558,280.54468,3.2181056,0.0003653717,1.791205e+07,0.15576716,0.19958232,0.22463846,288.74393,287.26697
Tunisia,1999,5,295.87634,284.94174,2.8638186,0.00029283142,1.9204448e+07,0.12194764,0.17450714,0.2167205,294.8739,292.4548
Tunisia,1999,6,299.4427,286.6763,3.055967,0.00040551758,2.0128362e+07,0.117638305,0.15929167,0.19917335,298.83636,296.36746
Tunisia,1999,7,300.30502,288.29053,2.9197571,0.00026150513,2.0232536e+07,0.1069011,0.15088886,0.18409748,300.54495,298.6986
Tunisia,1999,8,303.21143,289.86514,2.503581,0.0002285614,1.791499e+07,0.105816916,0.1496289,0.17924495,302.90176,301.0001
Tunisia,1999,9,298.66037,289.82535,2.6012845,0.00055070495,1.5041393e+07,0.120711446,0.14921089,0.17237015,299.64935,299.81354
Tunisia,1999,10,294.88016,285.89798,2.5257862,0.00077355956,1.1284599e+07,0.14403206,0.15860261,0.16523312,295.47427,296.69833
Tunisia,1999,11,287.64465,282.20322,3.1029105,0.0025475922,7.9777835e+06,0.19046277,0.18953998,0.1669229,289.28854,292.3296
Tunisia,1999,12,283.68735,278.67853,3.690258,0.0013447113,6.9473445e+06,0.2677206,0.27522516,0.19309446,283.98212,286.7609
Tunisia,2000,1,281.09326,276.58496,2.5187314,0.00041596984,8.390115e+06,0.23598051,0.25418088,0.20660867,281.30643,283.52115
Tunisia,2000,2,283.96973,277.39825,3.3178902,0.00050941465,1.0985718e+07,0.1877901,0.2236926,0.20534092,283.59222,284.2501
Tunisia,2000,3,286.88028,279.5295,2.9134862,0.00064244843,1.4525388e+07,0.15962625,0.19529997,0.2009371,286.42307,285.8332
Tunisia,2000,4,290.41626,281.33594,3.7472572,0.0008457947,1.8140966e+07,0.16019097,0.18432182,0.1910522,289.94,288.66235
Tunisia,2000,5,294.8648,287.0247,2.6132543,0.0018376922,1.8058548e+07,0.16773579,0.18459786,0.19034775,294.19327,292.26865
Tunisia,2000,6,297.2023,287.05176,2.8662314,0.00044869995,2.0317402e+07,0.13591227,0.1772952,0.17573223,296.809,294.71344
Tunisia,2000,7,300.996,286.20297,3.0941913,3.5858153e-05,2.1143228e+07,0.09706061,0.15133417,0.16918091,300.87372,298.6913
Tunisia,2000,8,301.14377,286.77292,2.5304408,0.00016912841,1.8754256e+07,0.098211005,0.14297359,0.16059895,301.09393,299.56183
Tunisia,2000,9,297.47223,287.2322,2.8015463,0.0007923431,1.5135628e+07,0.11607297,0.13680342,0.15361121,298.66565,299.0956
Tunisia,2000,10,292.06918,284.9989,3.2653255,0.0014934387,1.0528874e+07,0.18954942,0.17949407,0.15835641,292.98837,294.86304
Tunisia,2000,11,288.54202,281.62247,2.998128,0.0005546417,8.692855e+06,0.17072886,0.19535746,0.1598433,288.9047,291.13727
Tunisia,2000,12,285.285,278.8032,3.2887774,0.0006271362,7.49287e+06,0.17131515,0.19936931,0.17166978,285.44324,287.62927
Tunisia,2001,1,284.01895,277.42526,3.3277414,0.0010544739,8.368136e+06,0.2016623,0.22249351,0.18876775,283.88605,285.51514
Tunisia,2001,2,283.8795,276.78217,3.746803,0.0010547333,1.0654114e+07,0.20407256,0.22920465,0.20321585,283.73566,284.71094
Tunisia,2001,3,289.8683,279.35376,3.318298,0.00046177674,1.4942979e+07,0.14394055,0.1887635,0.19490133,288.93936,287.71466
Tunisia,2001,4,288.8493,279.9855,3.5503597,0.0007531586,1.7609876e+07,0.15296373,0.17395265,0.18486875,289.08615,288.6152
Tunisia,2001,5,293.3825,284.2995,3.0597396,0.0014447479,1.809687e+07,0.17281787,0.19027928,0.18316455,292.74536,291.19156
Tunisia,2001,6,298.3049,284.52264,3.05649,5.4504395e-05,2.1614206e+07,0.09975376,0.1565022,0.17356978,297.99533,295.52014
Tunisia,2001,7,301.3077,287.91098,2.9406757,0.00017718507,2.0423188e+07,0.10243766,0.14927347,0.16998671,301.07272,298.83197
Tunisia,2001,8,300.81168,288.53458,2.5271971,0.0001812439,1.8320016e+07,0.09932241,0.1472012,0.16636492,301.25854,300.03644
Tunisia,2001,9,297.04767,289.68198,2.6658914,0.0011433106,1.4440721e+07,0.14357941,0.15564035,0.16001777,298.13748,298.51538
Tunisia,2001,10,295.57764,288.14594,2.2067442,0.0004072876,1.1904737e+07,0.14569484,0.17066729,0.1552351,296.16687,297.00037
Tunisia,2001,11,288.145,281.95975,3.144281,0.000910141,8.122323e+06,0.16928305,0.17310105,0.15724443,289.31207,292.10788
Tunisia,2001,12,283.28232,278.03903,3.2345314,0.00077407836,6.727811e+06,0.18660745,0.19547187,0.16304865,284.07098,286.99768
Tunisia,2002,1,282.21234,276.51407,2.694194,0.00035783387,8.40131e+06,0.17710973,0.20127125,0.17117085,282.20108,284.0635
Tunisia,2002,2,284.89062,277.86145,3.2537143,0.00043572998,1.0959241e+07,0.15261647,0.18807575,0.17461948,284.52536,285.0041
Tunisia,2002,3,287.4628,278.69937,3.4262686,0.00091574097,1.3749552e+07,0.15333939,0.17640287,0.17332259,287.24396,286.93704
Tunisia,2002,4,289.42645,280.9673,3.3651707,0.0012064514,1.7216844e+07,0.17728956,0.18293826,0.17252783,288.82947,287.93625
Tunisia,2002,5,293.29303,283.60794,3.2778373,0.0010182343,1.917444e+07,0.15741147,0.17885844,0.169729,292.7659,290.98758
Tunisia,2002,6,298.53445,285.4868,2.6938753,0.00030841064,2.112242e+07,0.11485082,0.15545516,0.16710393,297.87088,295.16803
Tunisia,2002,7,300.49063,288.56772,2.907172,0.0005322876,1.9794322e+07,0.120453075,0.15938489,0.17024058,300.5718,298.69333
Tunisia,2002,8,299.97272,290.24088,2.6409924,0.00086943054,1.6984728e+07,0.13552788,0.1574041,0.16378348,300.3187,299.3097
Tunisia,2002,9,296.562,288.5975,2.663111,0.000889801,1.3756797e+07,0.14214925,0.1554389,0.1548862,297.37012,297.8499
Tunisia,2002,10,293.38696,284.70755,2.8613496,0.0006650543,1.192074e+07,0.13835797,0.16058365,0.14545985,293.759,294.84375
Tunisia,2002,11,288.52158,282.07678,3.8318846,0.0022421265,7.815037e+06,0.21700723,0.20542234,0.1518231,288.88922,291.2155
Tunisia,2002,12,285.14478,280.22345,3.4711583,0.001158371,6.9523415e+06,0.23448493,0.23561504,0.17441207,284.98166,287.24536
Tunisia,2003,1,283.55594,278.55408,4.0712876,0.00354776,7.104557e+06,0.27725258,0.27938604,0.20487276,283.6135,285.45926
Tunisia,2003,2,282.11447,277.55487,3.6005192,0.0022665404,9.253933e+06,0.2787364,0.2897534,0.23869741,281.99268,283.21036
Tunisia,2003,3,285.30386,279.5454,2.7446597,0.0010089417,1.3609798e+07,0.23140067,0.2600478,0.23224686,284.78796,284.76004
Tunisia,2003,4,289.12476,283.4378,3.4443862,0.0021682587,1.6073957e+07,0.24414323,0.2656706,0.22919613,288.14993,286.93286
Tunisia,2003,5,293.4742,284.76587,3.410427,0.0007693787,1.8349142e+07,0.15317579,0.19960089,0.21840443,292.96854,291.37912
Tunisia,2003,6,299.54172,286.82962,2.7035513,0.00032652283,2.0935234e+07,0.12171947,0.16430955,0.19135007,298.13583,295.05176
Tunisia,2003,7,303.13245,288.6277,2.6274297,0.00017428589,2.04655e+07,0.10292845,0.14865945,0.1794769,302.5623,299.87454
Tunisia,2003,8,302.4019,288.55692,2.5156689,0.00019198608,1.8327872e+07,0.09688943,0.13897361,0.16554098,302.3196,300.81058
Tunisia,2003,9,296.88635,290.2744,2.6864588,0.0026255492,1.3456477e+07,0.19699903,0.18761432,0.16425347,297.99573,299.0022
Tunisia,2003,10,294.70575,287.57928,2.8313134,0.0014588776,1.0149097e+07,0.18613209,0.2027559,0.1633938,295.01483,296.11554
Tunisia,2003,11,288.37277,283.39914,2.9015837,0.0010296631,8.259764e+06,0.21756855,0.22335584,0.17215452,288.97525,291.50784
Tunisia,2003,12,283.35544,278.94116,3.682329,0.0036451875,6.6202215e+06,0.2832856,0.28627145,0.20940186,283.85495,286.7752
Tunisia,2004,1,283.3607,278.64352,3.491365,0.001045845,7.844643e+06,0.2544167,0.2778078,0.24301136,282.89694,284.3577
Tunisia,2004,2,284.9253,278.4628,2.8100364,0.00036990357,1.1001143e+07,0.19804947,0.23869693,0.23770705,284.26926,284.6456
Tunisia,2004,3,285.94446,280.727,3.2843592,0.0019818572,1.3211672e+07,0.21986692,0.22956759,0.22880034,285.68787,285.57428
Tunisia,2004,4,288.44785,282.64465,3.3210182,0.0018736725,1.591638e+07,0.23647134,0.24672252,0.2293749,288.0206,287.4938
Tunisia,2004,5,291.2612,283.604,3.323686,0.0007673187,1.8118492e+07,0.1762735,0.21370825,0.21934855,290.8213,289.57114
Tunisia,2004,6,296.87103,286.63168,2.8567443,0.0017217254,1.9724084e+07,0.15835655,0.19653966,0.20074455,295.74002,293.30615
Tunisia,2004,7,300.32642,287.92432,2.8209705,0.00013510132,2.0683182e+07,0.1031505,0.15798327,0.18204717,300.1972,297.86032
Tunisia,2004,8,301.3893,289.87213,2.51082,0.00071310427,1.79743e+07,0.116884515,0.14786044,0.1720801,301.32883,299.69363
Tunisia,2004,9,296.68637,287.48483,2.7283237,0.0009425354,1.4694618e+07,0.14583926,0.1577547,0.1595858,297.61166,298.22043
Tunisia,2004,10,295.32803,285.72244,2.3203752,0.00068797305,1.1590582e+07,0.13371094,0.15431066,0.15253614,295.3894,295.75345
Tunisia,2004,11,286.86826,282.1625,3.0205731,0.0023718718,7.6839975e+06,0.2455961,0.2360872,0.16793846,287.8931,291.0188
Tunisia,2004,12,284.42825,279.98267,3.3646457,0.0018838806,6.277255e+06,0.25060785,0.2560834,0.1928568,284.87958,287.2298
Tunisia,2005,1,281.52295,276.37595,3.6575265,0.0011284333,8.207692e+06,0.24038759,0.259355,0.21348114,281.83582,283.91724
Tunisia,2005,2,281.44373,275.77502,3.8626304,0.0022301637,9.785254e+06,0.2567915,0.2735933,0.23336765,281.26294,282.3838
Tunisia,2005,3,286.20572,279.012,3.024517,0.0007647095,1.3498766e+07,0.20191346,0.24241391,0.23243581,285.16516,284.3705
Tunisia,2005,4,289.13828,281.28296,3.6774566,0.0015625,1.631248e+07,0.18905829,0.22034533,0.22168386,288.56146,287.45178
Tunisia,2005,5,294.7511,283.05023,3.0729456,0.00020730591,2.0062248e+07,0.11626009,0.16874819,0.20306106,293.94977,291.71707
Tunisia,2005,6,298.08304,287.06976,2.5922995,0.00077520753,1.950165e+07,0.13191962,0.16179015,0.19323184,297.3977,295.0201
Tunisia,2005,7,301.58948,288.1327,2.7392824,0.00012272644,2.0551496e+07,0.10264417,0.15007402,0.18077524,301.18936,298.6791
Tunisia,2005,8,299.9465,288.94223,2.8740451,0.0010268554,1.7455834e+07,0.12539485,0.15278712,0.1746875,300.6115,299.9055
Tunisia,2005,9,296.833,288.87485,2.5959628,0.00071942137,1.419301e+07,0.1470077,0.15981938,0.16142547,297.48553,297.8428
Tunisia,2005,10,293.49655,288.18912,2.3005035,0.0014913788,1.0729857e+07,0.18585026,0.19243698,0.16095729,293.71994,294.87003
Tunisia,2005,11,288.23895,281.84433,2.7768848,0.0011128997,8.450548e+06,0.16777667,0.1836891,0.16575827,289.30353,291.8742
Tunisia,2005,12,282.85446,278.60764,3.0683758,0.0022082902,6.694527e+06,0.2752792,0.2594835,0.18401042,283.16696,285.93655
Tunisia,2006,1,281.3638,277.35312,3.2180321,0.0026850433,7.596491e+06,0.2903523,0.2893318,0.21360394,281.32156,283.16452
Tunisia,2006,2,283.25305,278.19644,3.1834192,0.0012083588,1.0184757e+07,0.2741584,0.28947482,0.24283901,282.63174,283.4224
Tunisia,2006,3,286.9001,279.08533,3.7338812,0.0005772247,1.4464941e+07,0.19101305,0.2392712,0.23545945,285.68604,284.87643
Tunisia,2006,4,291.2099,281.87576,3.4435885,0.0006950989,1.7368068e+07,0.13751946,0.18264869,0.21916193,290.78613,289.35464
Tunisia,2006,5,295.04126,285.2894,2.8910017,0.0010330506,1.8204688e+07,0.16786012,0.19476238,0.21129325,293.80936,291.6358
Tunisia,2006,6,298.29065,284.3274,3.0700858,0.00035752868,2.0476592e+07,0.122143276,0.16929623,0.2004342,297.20834,294.89557
Tunisia,2006,7,301.006,288.79285,2.4132218,0.00023117065,2.0244664e+07,0.11021321,0.15693828,0.1916857,300.97226,299.03683
Tunisia,2006,8,300.2422,289.656,2.86538,0.0005536194,1.8039854e+07,0.11736551,0.15331365,0.18089981,300.54865,299.58905
Tunisia,2006,9,296.60294,288.1039,2.6713793,0.0008739929,1.4983518e+07,0.13609295,0.1581339,0.17460094,297.51282,298.0227
Tunisia,2006,10,294.6161,286.11536,2.7272215,0.00085211184,1.1588956e+07,0.14768976,0.17037426,0.17158131,294.80002,295.6931
Tunisia,2006,11,288.7085,282.6031,2.6645284,0.0006656952,7.9976775e+06,0.14807425,0.1658607,0.16792452,289.44232,291.88043
Tunisia,2006,12,284.68628,280.93472,2.4507298,0.0017506714,6.7307805e+06,0.24038234,0.22326279,0.18122146,285.19882,287.82953
Tunisia,2007,1,284.61328,279.29486,2.7216303,0.00035604858,8.512504e+06,0.19860388,0.2328433,0.20125948,283.99686,285.3527
Tunisia,2007,2,285.40582,279.60153,3.535888,0.0013203659,1.0181087e+07,0.21121737,0.23079899,0.20645256,285.04364,285.7242
Tunisia,2007,3,285.70267,279.90857,3.3895805,0.0030205382,1.3028045e+07,0.2550314,0.27065474,0.2259646,285.3778,285.79834
Tunisia,2007,4,288.72598,283.9866,3.2549899,0.002174408,1.4981661e+07,0.24347635,0.2580415,0.2355241,288.01874,287.22885
Tunisia,2007,5,293.6576,284.24844,3.2642546,0.0007741242,1.8761584e+07,0.17668559,0.22540148,0.22253396,292.47238,290.6405
Tunisia,2007,6,298.74225,286.7985,3.0219197,0.0007324676,2.0142466e+07,0.13713035,0.17659406,0.1988899,297.5231,294.85837
Tunisia,2007,7,300.53882,286.5513,2.8863535,5.1818846e-05,2.1282956e+07,0.0996766,0.15512934,0.18800327,300.41458,298.42007
Tunisia,2007,8,301.04297,289.23508,2.6756942,0.00020217896,1.818257e+07,0.1030438,0.14713202,0.17671765,301.16626,299.67175
Tunisia,2007,9,297.23016,288.8666,2.6474705,0.0006512756,1.4645617e+07,0.12480133,0.14593132,0.17382279,298.2509,298.6996
Tunisia,2007,10,292.84042,286.77475,3.0042973,0.0015802154,1.0524901e+07,0.17909586,0.1846314,0.17524616,293.76602,295.36313
Tunisia,2007,11,287.01743,280.13525,3.032,0.0005679779,8.623763e+06,0.18573749,0.21265917,0.18664351,287.7309,290.25726
Tunisia,2007,12,283.66812,278.47745,3.4781,0.0018172226,6.868484e+06,0.19253157,0.21322012,0.19517963,284.17004,286.64563
Tunisia,2008,1,283.55313,278.75858,2.9056687,0.0003278656,8.341197e+06,0.23371233,0.25280932,0.21324448,283.1009,284.66583
Tunisia,2008,2,284.12466,278.24307,2.665833,0.00056118774,1.08491e+07,0.17734818,0.21268968,0.20840941,283.7882,284.30307
Tunisia,2008,3,286.47717,279.15237,3.4653277,0.0015733337,1.4012298e+07,0.18838021,0.20814225,0.20271662,286.16672,285.96725
Tunisia,2008,4,290.40533,280.33682,3.5012789,0.00051792146,1.8130214e+07,0.16312668,0.19852628,0.19631176,289.4513,288.1714
Tunisia,2008,5,294.0327,285.02502,3.3986814,0.001276764,1.8563244e+07,0.15714492,0.18785809,0.19011137,293.36234,291.509
Tunisia,2008,6,297.14996,286.70392,3.0622766,0.00061436463,2.0439016e+07,0.13045901,0.16646466,0.18241297,296.6321,294.5188
Tunisia,2008,7,301.74786,289.13556,2.7350054,0.00017715454,2.0500546e+07,0.10545387,0.15388834,0.17917685,301.31192,298.90536
Tunisia,2008,8,301.1598,289.8654,2.3985813,0.00029585266,1.8436252e+07,0.10498734,0.14747126,0.1727882,301.52646,300.22336
Tunisia,2008,9,297.6,288.4702,2.4942203,0.0023441925,1.3335854e+07,0.162082,0.16190998,0.16547109,298.4289,298.94733
Tunisia,2008,10,292.9643,287.8197,2.5228622,0.0011595458,1.0364441e+07,0.22002839,0.22641174,0.16390175,293.1498,294.4914
Tunisia,2008,11,287.2442,280.8131,3.1784804,0.00069102476,8.473952e+06,0.18745157,0.20627321,0.1643494,287.8918,290.55927
Tunisia,2008,12,283.21823,277.9647,3.2772288,0.00079748535,7.1474995e+06,0.19165649,0.2079373,0.16971399,283.6259,286.22
Tunisia,2009,1,283.36417,279.59692,3.352278,0.0032847978,7.0717155e+06,0.2902299,0.28008988,0.19764647,283.09338,284.62354
Tunisia,2009,2,282.79907,276.56284,3.9817905,0.0013502579,1.0340266e+07,0.25182566,0.2807141,0.2322466,282.54672,283.7199
Tunisia,2009,3,285.76926,278.81998,3.6786804,0.001070572,1.4443321e+07,0.20133708,0.24005419,0.23471485,285.09042,284.61987
Tunisia,2009,4,287.82202,282.06567,3.3702064,0.0037051393,1.5537684e+07,0.26505136,0.2699079,0.24112876,287.18912,286.6791
Tunisia,2009,5,293.40317,284.61273,3.135809,0.0010066071,1.9097034e+07,0.17732225,0.21992238,0.22983478,292.02686,289.98236
Tunisia,2009,6,298.2993,285.40305,2.8505518,8.499146e-05,2.1344096e+07,0.105000965,0.1621627,0.20075561,297.7404,295.16525
Tunisia,2009,7,302.1293,288.0437,2.538759,0.000117248535,2.0733178e+07,0.10178881,0.1500731,0.18655103,301.60962,298.90363
Tunisia,2009,8,301.46387,289.74606,2.4323995,0.0005024719,1.776452e+07,0.112290695,0.14597179,0.17931697,301.672,300.41104
Tunisia,2009,9,296.50916,289.91983,2.649202,0.0026774444,1.3338862e+07,0.18581653,0.17961177,0.17267857,297.25882,298.1111
Tunisia,2009,10,291.83572,285.87253,3.0829012,0.0014844055,1.066179e+07,0.20781483,0.24132949,0.17906152,292.232,293.9491
Tunisia,2009,11,288.05237,280.25403,2.87105,0.00050598144,8.994726e+06,0.17065962,0.21371302,0.18636633,288.28928,290.31696
Tunisia,2009,12,286.27737,278.86032,3.8713686,0.00060780335,7.2917445e+06,0.16902882,0.20218101,0.19115596,285.89972,287.50766
Tunisia,2010,1,284.2669,277.90222,3.7865798,0.0010690155,7.7347265e+06,0.1831715,0.20053415,0.19563441,284.6031,286.48132
Tunisia,2010,2,285.6957,277.89957,3.5949903,0.00087373354,1.0718212e+07,0.2043067,0.22444932,0.20701456,284.77515,285.21863
Tunisia,2010,3,287.4748,279.74503,3.2808018,0.0015170593,1.3708566e+07,0.2029115,0.22931157,0.20683646,287.0647,286.9125
Tunisia,2010,4,290.11572,283.67422,2.9298449,0.0013155518,1.5763354e+07,0.17939134,0.2039112,0.20185372,290.0564,289.24637
Tunisia,2010,5,292.68475,283.08646,3.5614579,0.0010669403,1.8268734e+07,0.15043211,0.17941764,0.18976071,292.40332,291.19577
Tunisia,2010,6,297.25116,286.75742,3.0766172,0.0002692566,2.0287112e+07,0.12366952,0.16330767,0.1789722,296.8842,294.72644
Tunisia,2010,7,301.13245,289.08862,2.6588159,0.00016174317,2.0399784e+07,0.1043201,0.14842296,0.17502595,300.89926,298.50284
Tunisia,2010,8,300.99207,289.1951,2.6396956,0.00015762329,1.8244854e+07,0.102965415,0.14181766,0.168599,301.22537,299.76517
Tunisia,2010,9,296.72714,288.52203,3.001635,0.0016431274,1.3727259e+07,0.14511131,0.14367546,0.15985249,297.6586,298.36343
Tunisia,2010,10,292.63614,285.01675,2.9903777,0.0014155273,1.1198919e+07,0.19385213,0.18635346,0.15159212,293.14597,295.00354
Tunisia,2010,11,287.99722,281.92435,3.3299387,0.0016072083,8.0712375e+06,0.22675252,0.23727763,0.15892111,287.9336,290.09875
Tunisia,2010,12,284.77588,276.97342,3.4355633,0.0005387268,7.4267975e+06,0.17527324,0.20776555,0.16404016,285.11948,287.43958
Tunisia,2011,1,283.65515,278.34442,2.5142744,0.001263443,7.7854065e+06,0.19084641,0.20549485,0.17334674,283.48526,284.9993
Tunisia,2011,2,282.91443,277.67798,3.600567,0.0020198363,1.0103775e+07,0.24420582,0.25042948,0.19107784,282.9708,284.1365
Tunisia,2011,3,285.4206,280.23587,3.239104,0.0016450272,1.2841541e+07,0.24847855,0.25733948,0.20783821,284.74124,284.64474
Tunisia,2011,4,290.20386,282.4489,3.3323982,0.001310791,1.724735e+07,0.17718641,0.20447744,0.19298176,289.4885,288.163
Tunisia,2011,5,292.4915,284.6476,3.2213132,0.0020389862,1.7550708e+07,0.19901188,0.21702485,0.18981698,291.88898,290.5107
Tunisia,2011,6,296.9896,287.15738,2.7822313,0.0006889801,2.0313056e+07,0.15276764,0.19659,0.18180439,296.22525,293.8519
Tunisia,2011,7,301.12393,288.45984,2.8474863,0.0003452301,2.0225474e+07,0.11010649,0.15853904,0.17716004,300.9235,298.59415
Tunisia,2011,8,300.79544,288.1701,2.5386496,0.00017257691,1.8944738e+07,0.10123083,0.1468697,0.16782081,300.892,299.40112
Tunisia,2011,9,298.24927,289.22293,2.7216713,0.00055747986,1.4747365e+07,0.11442428,0.14195041,0.15973583,299.15707,299.18823
Tunisia,2011,10,292.08615,285.7243,3.018471,0.0018673706,1.0536436e+07,0.16747116,0.15661356,0.15076335,292.95703,294.77426
Tunisia,2011,11,288.53494,283.90967,3.0297132,0.0019502717,7.5602e+06,0.2255291,0.23552209,0.17274508,289.00296,291.13278
Tunisia,2011,12,284.45026,279.5045,3.4508972,0.0010657196,6.8181935e+06,0.21428673,0.2341643,0.18596832,284.79688,287.3442
Tunisia,2012,1,283.00122,277.9546,3.5673282,0.0014912873,7.445684e+06,0.2155134,0.23613429,0.20157926,283.0922,284.8198
Tunisia,2012,2,280.858,275.85416,3.6286256,0.0020735168,9.81384e+06,0.2711444,0.27013484,0.2206253,280.9354,282.49994
Tunisia,2012,3,285.9488,280.2893,3.1869822,0.0022384187,1.3633827e+07,0.24194288,0.26875886,0.23327576,285.022,284.59378
Tunisia,2012,4,289.5616,282.17822,3.5303528,0.0014028167,1.7205408e+07,0.20311265,0.23001622,0.22442105,288.75238,287.5131
Tunisia,2012,5,293.46863,283.63113,2.9915907,0.00030177308,1.9704078e+07,0.12748227,0.17934993,0.20768647,292.98288,291.0671
Tunisia,2012,6,300.1533,287.15753,2.8156726,0.00014572144,2.1019176e+07,0.108891554,0.15740657,0.19299781,298.9853,295.8782
Tunisia,2012,7,302.37238,288.99426,2.79276,0.00017526245,2.0455642e+07,0.10266407,0.15010555,0.18339834,302.12665,299.76718
Tunisia,2012,8,302.7297,288.57285,2.5529897,0.00028001404,1.8788028e+07,0.098117694,0.14241533,0.17119128,302.83377,301.29718
Tunisia,2012,9,297.66498,288.6845,2.7210283,0.0015683747,1.4251358e+07,0.17146108,0.18723656,0.16439566,297.8357,298.29062
Tunisia,2012,10,294.54846,287.53238,2.6665757,0.0015177613,1.0864964e+07,0.1710331,0.18890992,0.16366257,295.5296,297.0094
Tunisia,2012,11,289.99335,284.16467,2.9817376,0.0006547699,8.511201e+06,0.18735965,0.2104191,0.17241208,290.6256,292.75415
Tunisia,2012,12,284.59985,278.0209,3.4502647,0.00044226839,7.43807e+06,0.16904211,0.20703466,0.18217646,284.9576,287.47626
Tunisia,2013,1,283.75974,277.6373,3.9369955,0.0009886627,7.9067135e+06,0.1895135,0.20780624,0.18828538,283.92368,285.78043
Tunisia,2013,2,282.72534,276.05798,4.014341,0.001149292,1.0277683e+07,0.2031468,0.2227102,0.1978042,283.02142,284.35004
Tunisia,2013,3,287.87482,279.6446,3.7746732,0.00096313475,1.385581e+07,0.19197008,0.21589062,0.20139277,286.90152,286.17957
Tunisia,2013,4,290.27573,281.45905,3.537875,0.00143544,1.7234518e+07,0.17444971,0.18751897,0.18722706,289.9624,288.92
Tunisia,2013,5,293.06256,283.66864,3.5358355,0.00054911803,1.9103326e+07,0.14161818,0.1771067,0.18525262,293.1171,291.68185
Tunisia,2013,6,296.4868,284.55695,3.38648,6.7810055e-05,2.135726e+07,0.10562949,0.15207815,0.17478956,296.4061,294.3539
Tunisia,2013,7,300.54587,289.14108,2.6344132,0.00030697632,1.9997278e+07,0.110874414,0.15103644,0.17636627,300.21844,297.81192
Tunisia,2013,8,300.01508,289.28333,2.7720065,0.00079782103,1.7916518e+07,0.11380529,0.14565942,0.1643169,300.5138,299.41592
Tunisia,2013,9,297.29742,290.68488,2.599658,0.0014151917,1.3742738e+07,0.17819704,0.1870304,0.16981842,297.67764,297.9586
Tunisia,2013,10,295.75146,288.22424,2.5098097,0.0013634949,1.1464262e+07,0.1677802,0.19104937,0.1614124,295.8415,296.50604
Tunisia,2013,11,287.433,281.07565,3.6075473,0.0013829346,8.2996305e+06,0.18524492,0.1966892,0.16301376,288.70706,291.70294
Tunisia,2013,12,283.96014,279.51443,2.9204454,0.0011886902,6.6010235e+06,0.20633785,0.21751395,0.17117332,284.23895,286.5732
Tunisia,2014,1,284.0901,277.98956,3.4168518,0.0010945587,8.142504e+06,0.21427523,0.23234385,0.18117975,283.692,285.1932
Tunisia,2014,2,285.1131,278.5726,3.3535109,0.0010680542,1.0593542e+07,0.22685765,0.2360389,0.19329682,284.5577,285.19504
Tunisia,2014,3,285.0948,280.06372,3.759992,0.0028127136,1.2457176e+07,0.26329023,0.26756755,0.21196713,284.81143,285.1409
Tunisia,2014,4,290.06506,281.2324,3.425306,0.0007598114,1.7526748e+07,0.17267394,0.21128815,0.2076521,289.26248,288.0133
Tunisia,2014,5,293.05853,283.67618,3.3700037,0.0009221039,1.924973e+07,0.14360833,0.17160241,0.18598695,292.86172,291.16013
Tunisia,2014,6,298.00165,285.74896,3.1742384,0.0005524292,2.0231668e+07,0.1306767,0.1615948,0.1714542,297.25027,294.7043
Tunisia,2014,7,300.4395,287.72052,2.987489,0.00010710144,2.0631466e+07,0.1025526,0.1521983,0.17235988,300.4466,298.26993
Tunisia,2014,8,301.41257,288.99637,2.709682,0.00013220214,1.8619618e+07,0.098008156,0.14622033,0.16758463,301.6736,300.09418
Tunisia,2014,9,299.3945,289.02954,2.5787792,0.0005074463,1.4806769e+07,0.11911876,0.14227946,0.16111751,299.94644,299.72806
Tunisia,2014,10,294.59314,285.84583,2.6772733,0.0013075562,1.1525464e+07,0.1545389,0.17056566,0.1517136,295.3244,296.77713
Tunisia,2014,11,289.98965,282.68488,2.926165,0.0013418198,8.400347e+06,0.18205687,0.18683851,0.14672497,289.94363,291.99136
Tunisia,2014,12,284.36917,278.79214,3.829566,0.0014997101,6.9668045e+06,0.1822647,0.19296773,0.14987475,285.478,288.46954
Tunisia,2015,1,283.15866,276.99136,3.7774398,0.0012677612,7.9577335e+06,0.20952114,0.21500033,0.1588855,283.13803,285.4174
Tunisia,2015,2,282.47443,276.54843,3.8704264,0.0027861786,9.398366e+06,0.23924042,0.2357781,0.17585869,282.88205,284.4118
Tunisia,2015,3,285.6606,280.07864,4.0076537,0.0019259034,1.3396417e+07,0.26115048,0.27394366,0.1966329,284.93936,285.0058
Tunisia,2015,4,289.74725,280.49353,3.086974,0.00010960388,1.878131e+07,0.14761601,0.21145141,0.18767306,289.3805,287.9762
Tunisia,2015,5,294.92188,282.30505,3.5967827,0.00046429443,1.989929e+07,0.119876534,0.16377449,0.174234,294.57626,292.6689
Tunisia,2015,6,297.61496,285.84906,3.132693,0.00018672181,2.1278692e+07,0.112953946,0.15626235,0.16667028,297.43152,295.02945
Tunisia,2015,7,301.51425,288.0023,2.4635649,8.737182e-05,2.1078466e+07,0.09765581,0.1478909,0.15996653,301.43658,298.84564
Tunisia,2015,8,300.92233,290.3799,2.4826639,0.0007281952,1.7635742e+07,0.12458041,0.14565356,0.15394798,301.60974,300.47464
Tunisia,2015,9,297.98138,288.6617,2.767331,0.0009055023,1.465999e+07,0.13464434,0.15775278,0.1518591,298.92697,299.21005
Tunisia,2015,10,293.9657,286.3118,2.9249048,0.0010520325,1.1050283e+07,0.16070294,0.16411382,0.14437994,294.82233,296.10373
Tunisia,2015,11,288.26334,282.87064,3.1099555,0.0013569946,8.033759e+06,0.18008268,0.18548179,0.14546598,289.47073,292.12076
Tunisia,2015,12,284.36508,279.48026,2.0400913,0.0002048645,7.538942e+06,0.17973757,0.20828645,0.15917112,284.7049,287.25757
Tunisia,2016,1,284.58536,278.28372,3.017816,0.0008039093,8.366899e+06,0.19614337,0.20981984,0.16675419,284.40463,286.04047
Tunisia,2016,2,285.92886,277.86917,3.497233,0.0006220398,1.0876031e+07,0.17512788,0.20477964,0.17351396,285.56934,285.97842
Tunisia,2016,3,286.4277,277.7828,3.6459603,0.0013549958,1.4203605e+07,0.18727167,0.20744596,0.1762588,286.11096,286.0737
Tunisia,2016,4,291.1191,282.31195,3.5055065,0.0011737365,1.74993e+07,0.16882096,0.20082453,0.17703319,290.83923,289.49176
Tunisia,2016,5,293.5457,283.628,3.472857,0.0010911865,1.9131446e+07,0.15845026,0.17968549,0.1715816,293.37134,291.65628
Tunisia,2016,6,298.09042,285.97604,3.154697,0.00045600891,2.0210394e+07,0.12081229,0.15788159,0.16188636,297.97815,295.74393
Tunisia,2016,7,300.71152,286.9119,2.8764985,6.192017e-05,2.0919046e+07,0.09934887,0.1476592,0.15506291,301.09134,298.9394
Tunisia,2016,8,299.88965,288.23724,2.7916305,0.00011402893,1.8403636e+07,0.09756264,0.14379041,0.14925487,300.8304,299.70047
Tunisia,2016,9,296.79407,288.9097,2.6797397,0.0016605988,1.37442e+07,0.15111363,0.15231976,0.14401378,298.12747,298.72928
Tunisia,2016,10,294.57925,287.5133,2.5714169,0.0008043823,1.1335725e+07,0.17932884,0.18796274,0.14151956,294.98068,295.90088
Tunisia,2016,11,288.5407,282.31232,2.887842,0.0011798096,8.47745e+06,0.18744886,0.19055559,0.14344165,289.56918,292.10016
Tunisia,2016,12,285.27563,281.72305,2.8489466,0.0020738372,6.10091e+06,0.2738633,0.25521904,0.15821554,285.6668,288.00955
Tunisia,2017,1,281.363,276.2992,3.46937,0.001100708,7.7825475e+06,0.24755225,0.26036572,0.18305099,281.665,284.1128
Tunisia,2017,2,284.88083,279.19382,3.360977,0.0012232361,1.0714874e+07,0.21494703,0.2422742,0.19686,284.3229,284.64102
Tunisia,2017,3,287.19427,279.53745,3.4796762,0.00039235686,1.4622962e+07,0.15928292,0.19805115,0.19215134,287.01056,286.62
Tunisia,2017,4,289.09167,280.71457,3.2882588,0.0012342682,1.728637e+07,0.17092505,0.19025025,0.18283242,288.96338,288.03464
Tunisia,2017,5,294.7682,283.53845,3.098482,0.00014831543,2.0033404e+07,0.118210174,0.16740419,0.17593384,294.6257,292.38126
Tunisia,2017,6,299.25922,286.38824,2.7250612,0.0006743164,2.0782756e+07,0.12054812,0.16054857,0.16559462,298.80777,296.044
Tunisia,2017,7,301.79483,286.78775,3.1452432,0.00012602234,2.071113e+07,0.09981964,0.1456072,0.15316083,301.88187,299.62033
Tunisia,2017,8,302.21762,286.9487,2.5274825,9.465027e-05,1.880601e+07,0.09873535,0.14244214,0.14912345,302.7844,301.32953
Tunisia,2017,9,296.95197,286.3758,2.8998816,0.0005446777,1.5030468e+07,0.116797134,0.14080173,0.1419034,298.55585,299.28198
Tunisia,2017,10,291.9117,285.20093,2.739948,0.0017051392,1.0978554e+07,0.18071426,0.18243328,0.1369935,292.9289,294.902
Tunisia,2017,11,287.06042,280.01007,3.4307916,0.001471466,8.200966e+06,0.18828256,0.18640828,0.13754848,287.91757,290.7015
Tunisia,2017,12,283.08295,277.12445,3.4990869,0.000746048,6.9741445e+06,0.1862514,0.20283984,0.1469654,283.6877,286.31418
Tunisia,2018,1,284.93304,277.64935,3.5633292,0.00025534822,8.661889e+06,0.15944734,0.1910335,0.15341611,284.73785,285.88623
Tunisia,2018,2,283.20593,277.5126,3.433077,0.0016989746,9.669788e+06,0.20918065,0.20224582,0.16239102,283.47476,284.71927
Tunisia,2018,3,287.36047,278.76825,3.9223807,0.0014981384,1.3553101e+07,0.19842835,0.20978858,0.1667343,286.69952,286.3553
Tunisia,2018,4,290.163,282.04776,3.2714703,0.00096154783,1.7423876e+07,0.17011851,0.1966127,0.16584842,289.9297,288.53146
Tunisia,2018,5,292.57916,284.92825,3.1204863,0.0015287017,1.8166902e+07,0.17512624,0.19510771,0.1654459,292.55984,290.97247
Tunisia,2018,6,297.3107,286.25433,3.1888351,0.0003227997,2.006179e+07,0.11459608,0.15861154,0.15755202,297.33026,295.10626
Tunisia,2018,7,302.5986,287.69736,2.7084029,9.960937e-05,2.061271e+07,0.10227653,0.14965793,0.15542367,302.48825,299.51288
Tunisia,2018,8,298.80954,291.03006,2.177035,0.0019475556,1.653647e+07,0.17236647,0.16924085,0.1482002,299.7047,299.28293
Tunisia,2018,9,298.0291,289.83957,2.5998194,0.0010461884,1.3917629e+07,0.15318462,0.16973898,0.14667071,298.87946,298.86758
Tunisia,2018,10,292.35156,286.0655,3.0856442,0.0021592102,1.0864411e+07,0.21029697,0.21003944,0.15023349,293.2318,294.8656
Tunisia,2018,11,287.8152,282.29675,3.0572069,0.0009973602,8.1949735e+06,0.20397554,0.21705498,0.15867268,288.51346,290.81796
Tunisia,2018,12,284.71188,279.24014,3.141353,0.0007131195,7.596593e+06,0.18971103,0.2161051,0.16768603,285.1216,287.45654
Tunisia,2019,1,282.26093,276.633,3.9972284,0.0013048401,7.9558e+06,0.20695415,0.22415388,0.17927672,282.70602,284.63275
Tunisia,2019,2,282.90604,276.52475,3.7977622,0.0010387115,1.0889613e+07,0.20885673,0.23204724,0.19488673,283.01187,284.02228
Tunisia,2019,3,286.01718,278.40262,3.4348,0.002290039,1.4086829e+07,0.20517872,0.22214718,0.18951061,285.73328,285.48355
Tunisia,2019,4,288.57172,281.7953,3.4884665,0.0014883118,1.7235792e+07,0.22096267,0.2485147,0.20456225,288.1698,287.05695
Tunisia,2019,5,291.29388,282.76077,3.4120634,0.0015163422,1.8059366e+07,0.16967025,0.19258474,0.19240306,291.46582,290.2157
Tunisia,2019,6,299.8131,285.67075,2.9415705,0.00011732483,2.0650742e+07,0.120659284,0.17265354,0.17860667,298.46024,295.02945
Tunisia,2019,7,302.11267,287.61597,2.7569106,0.00013206482,2.0658466e+07,0.10085905,0.1436396,0.16340272,302.23236,299.6714
Tunisia,2019,8,301.94617,289.8901,2.5884736,0.0011958618,1.755109e+07,0.119117886,0.14826453,0.15814272,302.6145,301.1723
Tunisia,2019,9,297.6075,291.1078,2.5106926,0.0014980927,1.4343583e+07,0.19628267,0.21249467,0.1596106,298.20386,298.5065
Tunisia,2019,10,293.45996,287.01602,3.0885415,0.0011436157,1.1049275e+07,0.16465199,0.1775386,0.15956074,294.54663,296.11075
Tunisia,2019,11,286.96176,280.57272,3.4858768,0.001637558,8.499421e+06,0.2307217,0.21966618,0.16163485,287.75412,290.63245
Tunisia,2019,12,285.8511,279.83615,3.8792546,0.00093237305,7.2237385e+06,0.1992779,0.22317913,0.17310017,285.9236,287.8396
Tunisia,2020,1,283.4363,278.69876,2.8698392,0.00054911803,8.2588715e+06,0.20387077,0.21817598,0.18104431,283.47012,285.17194
Tunisia,2020,2,285.81143,277.22415,2.8745236,8.285522e-05,1.1809333e+07,0.13848734,0.18488522,0.17740776,285.62833,285.97803
Tunisia,2020,3,286.2457,279.9766,3.8621914,0.0024668274,1.2543686e+07,0.20910878,0.19938254,0.17522518,286.51712,286.7985
Tunisia,2020,4,289.88974,283.82437,2.7629738,0.0018175964,1.6134328e+07,0.22561568,0.24539024,0.18419836,289.25256,288.0275
Tunisia,2020,5,295.19226,284.07968,3.2935858,0.00031669615,1.9503984e+07,0.1366156,0.18927611,0.18024041,294.8194,292.78394
Tunisia,2020,6,297.68918,286.40698,3.1300893,0.00051547243,2.0544824e+07,0.12640192,0.16157985,0.16918842,297.66223,295.36984
Tunisia,2020,7,300.91125,287.59256,2.678524,0.00019503784,2.0744204e+07,0.105870135,0.15228155,0.16331594,301.1445,298.94455
Tunisia,2020,8,302.20422,288.49326,2.7656837,0.00014242553,1.835402e+07,0.10199445,0.14694206,0.15290028,302.66104,301.02353
Tunisia,2020,9,296.8285,289.61035,2.6214788,0.002517395,1.3439181e+07,0.20514265,0.20130503,0.14965034,297.5148,298.44113
Tunisia,2020,10,291.99606,283.8455,2.8395407,0.00046603393,1.1626172e+07,0.13531569,0.16657372,0.14467876,293.33994,295.1389
Tunisia,2020,11,289.1445,283.04712,3.023984,0.0011801911,8.2924175e+06,0.15830532,0.16637327,0.14385387,289.93817,291.94897
Tunisia,2020,12,284.54654,279.24374,3.5411065,0.0013878479,7.3622815e+06,0.22495763,0.22321968,0.15803064,285.07883,287.70343
Tunisia,2021,1,284.6653,276.31042,3.9166722,0.0005461578,8.519979e+06,0.17924109,0.21045224,0.168781,284.14337,285.42972
Tunisia,2021,2,286.02524,277.25485,3.3091538,0.00047718812,1.1249631e+07,0.16860506,0.19662312,0.16994408,285.90604,286.51114
Tunisia,2021,3,285.768,279.07782,3.2824593,0.0013387756,1.3770879e+07,0.18372242,0.19892487,0.17129377,285.98297,286.22552
Tunisia,2021,4,289.4482,281.45538,3.3343475,0.0012042847,1.6860972e+07,0.17443,0.1992443,0.17129128,289.25226,288.20682
Tunisia,2021,5,294.6368,284.02066,3.0617347,0.0006882324,1.9203458e+07,0.14402099,0.18039757,0.16696803,294.41684,292.2421
Tunisia,2021,6,300.00113,287.02588,2.9543984,0.000379364,1.9527282e+07,0.11919703,0.15801147,0.16248,299.33118,296.4451
Tunisia,2021,7,302.58496,287.0164,2.972596,6.202698e-05,2.0901388e+07,0.0998247,0.14879732,0.15779506,302.5594,300.1946
Tunisia,2021,8,303.2341,288.90518,2.627521,0.00029223633,1.8431312e+07,0.10545004,0.14387679,0.1489161,303.6317,302.083
Tunisia,2021,9,299.91138,290.06546,2.7382534,0.00034562682,1.4537439e+07,0.1192728,0.14806283,0.14627348,300.71048,300.6254
Tunisia,2021,10,292.38705,285.09644,3.056802,0.0016777802,1.0532467e+07,0.15461911,0.16226506,0.1419406,293.79984,296.20978
Tunisia,2021,11,287.85007,280.45322,2.8646414,0.0007848816,8.55416e+06,0.1682284,0.18380673,0.14706908,289.07587,291.86685
Tunisia,2021,12,284.23367,277.9913,3.4926648,0.0006810608,7.558988e+06,0.17883103,0.19637594,0.15205449,284.4952,286.9699
Tunisia,2022,1,282.22824,276.16068,3.079007,0.0010003967,8.261853e+06,0.19649377,0.2082409,0.16061716,282.8667,285.29315
Tunisia,2022,2,284.605,277.1913,3.4998174,0.0006265869,1.0644652e+07,0.14824997,0.18691762,0.16232853,284.56662,284.97482
Tunisia,2022,3,285.58325,280.50076,3.4140341,0.001797554,1.2450556e+07,0.23008995,0.22154537,0.16673759,285.28247,285.43893
Tunisia,2022,4,288.95505,280.70547,3.8382776,0.000525177,1.674505e+07,0.1686591,0.20966908,0.17900135,288.8389,287.9042
Tunisia,2022,5,294.75616,283.35733,3.2290895,0.0008440094,1.9223466e+07,0.14630853,0.17721191,0.17440943,293.73312,291.4607
Tunisia,2022,6,301.44226,285.45535,2.9351032,0.00010488892,2.1309976e+07,0.10527294,0.15227965,0.16296285,300.71606,297.40054
Tunisia,2022,7,302.57953,288.0373,2.5323048,0.00010766602,2.0776866e+07,0.10040745,0.14772683,0.15962298,302.80463,300.4589
Tunisia,2022,8,301.9777,289.30176,2.7451315,0.00029656984,1.797652e+07,0.103518546,0.14331533,0.1489478,302.667,301.4907
Tunisia,2022,9,299.83023,289.6805,2.6623363,0.0011010895,1.4445541e+07,0.14338116,0.15418951,0.14730793,300.58307,300.8126
Tunisia,2022,10,294.8021,284.8055,2.3296483,0.00027270507,1.2148638e+07,0.12428609,0.15692982,0.14008562,295.69064,296.93637
Tunisia,2022,11,289.42932,280.95673,3.4274378,0.000817749,8.802861e+06,0.13464694,0.15493181,0.14173084,290.6902,293.24185
Tunisia,2022,12,287.4321,279.38916,2.7654996,0.00014135742,7.869993e+06,0.14793697,0.17424332,0.14689596,287.55643,289.6986
Tunisia,2023,1,282.95386,275.2838,3.3134482,0.0004254761,8.617021e+06,0.14203222,0.17009355,0.1510671,283.9256,286.56573
Tunisia,2023,2,284.0986,276.76797,2.918175,0.0009975968,1.046494e+07,0.18067236,0.19138478,0.15430963,284.085,284.90518
Tunisia,2023,3,288.14368,278.0704,3.4316447,0.00019793701,1.533019e+07,0.123935245,0.16167441,0.14921084,287.92822,287.39047
Tunisia,2023,4,290.13947,279.52884,3.291795,0.0007429199,1.7912614e+07,0.12896414,0.14821683,0.14285424,290.32275,289.18152
Tunisia,2023,5,291.98267,285.2085,3.4858787,0.0029580994,1.6122085e+07,0.19975615,0.18988465,0.14665906,292.36475,291.56726
Tunisia,2023,6,297.75974,288.38052,2.8431203,0.0013329468,1.8986094e+07,0.18547815,0.21864682,0.15741377,296.9052,294.41318
Tunisia,2023,7,304.91675,287.70688,2.7639773,0.00017262268,2.065818e+07,0.10484995,0.15630175,0.15353167,304.07425,300.6954
Tunisia,2023,8,301.16214,288.713,2.8508496,0.00031634522,1.8492072e+07,0.10210995,0.14640214,0.14560525,302.28928,301.3453
Tunisia,2023,9,298.89386,287.70294,2.8819013,7.287598e-05,1.5405515e+07,0.10589106,0.14618635,0.14103377,299.92316,300.01364
Tunisia,2023,10,296.09503,284.2956,2.478951,0.00010580444,1.2163523e+07,0.09466931,0.135457,0.13171524,296.95163,297.70383
Tunisia,2023,11,290.22067,281.72314,3.2270434,0.0008168335,8.778392e+06,0.13211872,0.14452605,0.12948146,291.53485,294.29855
Tunisia,2023,12,285.58105,280.03574,3.4916356,0.0021300507,6.702625e+06,0.22825626,0.21636581,0.13808626,286.0976,288.93497
Tunisia,2024,1,285.3936,277.7045,3.3997107,0.00054379273,8.282718e+06,0.1886085,0.22720139,0.15622288,285.12683,286.67627
Tunisia,2024,2,285.67868,278.8108,3.4682722,0.0013591766,9.822806e+06,0.18881653,0.20886022,0.16394411,285.7843,286.7505
Tunisia,2024,3,288.65765,279.56555,3.264461,0.00031834413,1.5399024e+07,0.17455244,0.21033521,0.1759651,288.15912,287.6318
Tunisia,2024,4,289.83353,281.1473,3.551669,0.0010785522,1.7449914e+07,0.15787815,0.18189672,0.17849168,290.3792,289.98428
Tunisia,2024,5,294.80746,284.47424,3.0391421,0.0004989166,1.9581816e+07,0.14554921,0.17830442,0.1750843,294.39948,292.41403
Tunisia,2024,6,299.6754,286.82864,3.084102,0.00016351318,2.0602724e+07,0.11222767,0.16316581,0.17483528,299.49,296.95746
Tunisia,2024,7,302.55096,288.30072,2.93112,4.309082e-05,2.099204e+07,0.10139128,0.153285,0.16949725,302.74054,300.4728
Tunisia,2024,8,301.85867,289.8573,2.5601506,0.00025427245,1.8177486e+07,0.10815845,0.14774346,0.15961087,302.7019,301.60443
Tunisia,2024,9,297.7537,289.62878,2.721547,0.0011498719,1.3633201e+07,0.15333474,0.15845197,0.15879874,298.92633,299.5682
Tunisia,2024,10,295.13675,288.94168,2.9782243,0.001273941,1.0396201e+07,0.17232375,0.17464821,0.15229219,295.836,296.97342
Tunisia,2024,11,289.86008,284.18036,2.3974957,0.0007937546,8.918442e+06,0.18882947,0.20463786,0.15639813,290.78952,293.12012
Tunisia,2024,12,284.28445,278.92126,3.5757658,0.0009245148,6.964613e+06,0.18816309,0.20979248,0.1664749,285.22943,288.12314
Turkiye,1985,1,276.94247,273.62598,2.5617988,0.0035816368,5.4692785e+06,0.3319444,0.30815348,0.2461765,277.4203,278.77765
Turkiye,1985,2,271.6642,267.48157,3.0293515,0.0032458506,6.956216e+06,0.3350077,0.32795218,0.275921,276.0711,277.6894
Turkiye,1985,3,277.2363,272.36624,2.083559,0.0018607415,1.1610628e+07,0.32973364,0.32211792,0.28364146,277.47513,277.2567
Turkiye,1985,4,284.9994,278.03427,2.4612343,0.0016481437,1.7180066e+07,0.29338524,0.29591593,0.28471473,283.9308,282.19257
Turkiye,1985,5,290.10526,282.42212,2.107051,0.0018545652,1.943016e+07,0.2352328,0.23566888,0.25130084,289.436,286.89236
Turkiye,1985,6,292.94357,283.09296,2.370263,0.00068068755,2.2255036e+07,0.18221259,0.201951,0.22708477,293.0465,290.49396
Turkiye,1985,7,294.31702,282.3914,2.827479,0.0002832739,2.2384518e+07,0.13354252,0.15745078,0.20076336,295.01474,292.85892
Turkiye,1985,8,296.91724,284.67807,2.4476645,0.00026618555,2.0320956e+07,0.12266066,0.13867833,0.18378079,297.6965,295.59692
Turkiye,1985,9,291.83395,280.64526,2.3693373,0.00026623072,1.6439751e+07,0.11650897,0.12870984,0.17326337,293.46194,293.91174
Turkiye,1985,10,284.37894,277.41656,2.2623732,0.002509604,1.0717158e+07,0.21983284,0.1877449,0.17832977,286.29733,289.27435
Turkiye,1985,11,282.87955,278.66837,2.2197423,0.0028151663,7.2526715e+06,0.30368397,0.29010952,0.21108615,282.83893,284.74768
Turkiye,1985,12,276.71606,273.31433,2.1156511,0.0017627226,5.4774985e+06,0.31505582,0.30571675,0.24126077,278.16656,280.90225
Turkiye,1986,1,276.75278,273.1759,2.4658926,0.0033753396,5.950381e+06,0.3520783,0.3434397,0.2815228,277.65982,279.15186
Turkiye,1986,2,277.48938,273.8317,2.5652676,0.0031776503,8.038705e+06,0.35110638,0.34663746,0.31056282,278.05072,278.65424
Turkiye,1986,3,280.21347,274.19424,2.0739062,0.0006964784,1.4237422e+07,0.29306492,0.30283076,0.3036223,279.90244,279.6385
Turkiye,1986,4,286.1135,277.6191,2.224874,0.0010871134,1.8730692e+07,0.22669768,0.23747276,0.2690016,285.5975,283.82898
Turkiye,1986,5,286.42523,279.89227,2.312965,0.002270041,1.8510928e+07,0.24564421,0.2319578,0.2497455,286.91772,285.56998
Turkiye,1986,6,292.52704,283.91824,2.201524,0.0014399805,2.1034358e+07,0.21059445,0.21471849,0.23243906,292.55548,290.10983
Turkiye,1986,7,296.47614,285.1248,2.528424,0.00017390502,2.2453466e+07,0.13194528,0.1603957,0.2059958,296.93655,294.03146
Turkiye,1986,8,297.4493,285.77585,2.4846196,0.00025187543,2.012298e+07,0.121401966,0.13989879,0.18910435,297.90335,295.8094
Turkiye,1986,9,293.11545,284.076,2.1677573,0.0008898685,1.5343305e+07,0.15812588,0.14104563,0.17939284,294.63806,294.89764
Turkiye,1986,10,286.21463,278.83514,2.2749026,0.0011787816,1.1192689e+07,0.18641335,0.15480788,0.17768335,287.55927,290.00055
Turkiye,1986,11,278.05328,273.14868,2.10759,0.0014186609,7.6462705e+06,0.2630674,0.22534347,0.18905069,279.81012,284.17178
Turkiye,1986,12,275.58844,271.25464,2.42186,0.0032919408,5.7222225e+06,0.26819795,0.24674709,0.19951382,276.48944,279.2814
Turkiye,1987,1,276.0785,272.411,2.8170524,0.0038789022,5.33646e+06,0.3430977,0.33184332,0.25844696,277.20065,278.5903
Turkiye,1987,2,277.82016,273.1376,2.2826865,0.0018828191,9.562841e+06,0.33541864,0.3311028,0.2850998,278.0307,278.6951
Turkiye,1987,3,274.6398,270.04453,2.4966822,0.0034930555,1.0306549e+07,0.33090866,0.32707715,0.2955256,276.5027,277.16907
Turkiye,1987,4,282.2302,276.08502,2.6729763,0.0025691031,1.5934936e+07,0.3114348,0.3070272,0.2904458,281.8191,280.73108
Turkiye,1987,5,288.03296,280.27954,2.1839826,0.001485556,1.93903e+07,0.25472215,0.26587582,0.2702979,287.06052,284.5967
Turkiye,1987,6,292.57446,283.47964,2.3727157,0.0010511047,2.177057e+07,0.19326927,0.2111413,0.23923787,292.29947,289.4677
Turkiye,1987,7,296.49243,285.19653,2.6244042,0.00076016877,2.2031466e+07,0.15255539,0.16889717,0.20552142,296.69144,293.61887
Turkiye,1987,8,295.18155,283.53357,2.4899197,0.00043331448,2.0142548e+07,0.13318866,0.14738199,0.18843791,296.56116,295.36615
Turkiye,1987,9,292.87018,280.7054,2.2701635,0.0001313862,1.7096538e+07,0.117306165,0.13637117,0.18129683,293.842,293.74524
Turkiye,1987,10,285.63232,278.25928,2.3575363,0.001532133,1.0628599e+07,0.18116084,0.14989758,0.18283568,287.67615,290.18658
Turkiye,1987,11,280.2242,275.70798,2.091766,0.002583175,7.3097385e+06,0.3044087,0.27296254,0.2032484,281.0411,284.00085
Turkiye,1987,12,276.8214,273.176,2.30489,0.0031931426,4.9844775e+06,0.3290997,0.31368506,0.24216211,278.53104,281.1777
Turkiye,1988,1,275.7183,271.63135,2.1956272,0.0014854531,6.323692e+06,0.31611463,0.31013086,0.26779446,276.50723,278.18423
Turkiye,1988,2,276.25787,271.78952,2.4173005,0.0027278524,8.3184045e+06,0.33065403,0.32169297,0.27715045,277.06976,278.00708
Turkiye,1988,3,278.19244,273.3858,2.6605616,0.0038536924,1.1570099e+07,0.3511106,0.3430738,0.29888016,278.53455,278.4682
Turkiye,1988,4,284.06796,278.1488,2.0928848,0.0026190632,1.6123602e+07,0.3162596,0.3137678,0.29187262,283.40878,281.93665
Turkiye,1988,5,288.87982,280.86108,2.1709223,0.0016168193,1.9844654e+07,0.24780922,0.2581882,0.26707906,288.23044,286.00085
Turkiye,1988,6,292.63446,283.8817,2.1883209,0.0013643868,2.123016e+07,0.2141816,0.22125612,0.23898886,292.4406,289.96777
Turkiye,1988,7,296.7333,285.43533,2.7906163,0.0004406402,2.2012996e+07,0.14287488,0.17027421,0.21045084,296.97064,294.11905
Turkiye,1988,8,296.20456,284.24744,2.645482,0.00018507054,2.0429326e+07,0.12720531,0.14761339,0.18617253,297.30685,295.77234
Turkiye,1988,9,292.00037,281.06757,2.2850015,0.00033553274,1.6363215e+07,0.13178727,0.14502802,0.18651943,293.3065,293.75436
Turkiye,1988,10,285.55536,279.71945,2.2843263,0.0023958758,1.0065697e+07,0.22114153,0.18628544,0.18400036,287.31027,289.75992
Turkiye,1988,11,277.52057,273.4742,2.477466,0.004012532,6.4039375e+06,0.3380871,0.32085633,0.23154956,279.72403,282.9856
Turkiye,1988,12,277.03485,273.75363,2.3569016,0.0025354838,5.2814485e+06,0.33929452,0.3333046,0.2808455,278.50204,280.71884
Turkiye,1989,1,271.58673,266.90903,2.3022745,0.0010442508,6.710623e+06,0.3078942,0.3075062,0.28730255,274.74112,276.97925
Turkiye,1989,2,274.88684,269.0503,2.576611,0.0008716734,9.963802e+06,0.29712227,0.29263657,0.28124234,274.71243,275.73953
Turkiye,1989,3,281.30795,275.42157,2.2791202,0.0016703769,1.3585912e+07,0.30033934,0.29593295,0.2765875,280.27557,279.25482
Turkiye,1989,4,288.42493,278.43845,2.2733839,0.0007580481,1.8975486e+07,0.20812081,0.2253392,0.24842615,286.7269,283.93982
Turkiye,1989,5,288.97815,279.80524,2.3854895,0.0017663479,1.9682576e+07,0.21217714,0.20729527,0.2313933,289.1254,287.36716
Turkiye,1989,6,292.66058,282.66882,2.21044,0.00090314966,2.1919634e+07,0.17823556,0.18942545,0.21492825,292.78094,290.11508
Turkiye,1989,7,296.03757,284.64993,2.8210585,0.000269413,2.2090812e+07,0.12620965,0.14639145,0.185528,296.8822,294.22986
Turkiye,1989,8,296.65906,284.96402,2.4639506,0.00030229468,2.012961e+07,0.11874237,0.13410124,0.17484652,297.63797,295.66534
Turkiye,1989,9,292.14493,281.95413,2.2944005,0.00049681665,1.5923261e+07,0.12490513,0.12713668,0.16582169,293.7345,294.21185
Turkiye,1989,10,285.38153,279.3422,2.2934985,0.002212399,1.0720052e+07,0.24248445,0.19747753,0.17866847,286.7578,289.50153
Turkiye,1989,11,280.64645,276.2119,2.3093421,0.0039416915,7.0084495e+06,0.2872412,0.25354186,0.19621913,281.88715,284.82318
Turkiye,1989,12,275.55225,272.09787,2.1984167,0.0022839634,5.505053e+06,0.33728698,0.32903376,0.25560233,277.3813,280.02954
Turkiye,1990,1,272.20734,267.4266,2.118018,0.0008436479,6.625369e+06,0.32418227,0.32091248,0.28117886,274.89685,277.2714
Turkiye,1990,2,275.8935,271.33157,2.6780078,0.0025923327,8.994745e+06,0.32550025,0.32105666,0.28924865,276.00803,276.82254
Turkiye,1990,3,280.3092,272.65375,2.2998328,0.000803571,1.517975e+07,0.27623492,0.28729454,0.28353176,279.3478,278.57153
Turkiye,1990,4,284.09616,277.41788,2.472304,0.0023066294,1.6703266e+07,0.2660414,0.25584224,0.25794145,283.81003,282.30423
Turkiye,1990,5,287.80862,280.363,2.2270603,0.0020558985,1.9218382e+07,0.26254946,0.26488307,0.25746766,287.19638,285.0684
Turkiye,1990,6,292.44604,282.4892,2.5312073,0.0010109701,2.203806e+07,0.18567178,0.20446935,0.23477648,292.59647,290.20355
Turkiye,1990,7,296.37418,285.8243,2.8015769,0.0004150993,2.190825e+07,0.13884743,0.16389458,0.20815757,296.82532,294.04706
Turkiye,1990,8,295.09003,283.6286,2.6653774,0.00026028784,2.0442122e+07,0.13141498,0.14853312,0.19049534,296.21445,294.85684
Turkiye,1990,9,291.24976,281.71707,2.1442456,0.0010935557,1.6170664e+07,0.1702399,0.15888096,0.18950894,292.62372,293.13113
Turkiye,1990,10,287.1223,279.21164,2.1993632,0.0011658844,1.1714266e+07,0.19443575,0.17319477,0.1951244,287.98444,289.90225
Turkiye,1990,11,282.88007,277.59668,2.1722834,0.001452712,7.992844e+06,0.26139075,0.23372328,0.20323509,283.12988,285.51178
Turkiye,1990,12,277.84372,273.8448,2.215298,0.0029090743,5.9721635e+06,0.3231644,0.30325818,0.23407127,279.1319,281.89395
Turkiye,1991,1,274.2446,270.40564,2.0867357,0.0015524387,6.442331e+06,0.31313556,0.3072825,0.26341143,276.14035,278.2887
Turkiye,1991,2,273.822,269.77075,2.3436668,0.0022271432,7.143382e+06,0.3300548,0.31985465,0.2753503,276.04453,276.97214
Turkiye,1991,3,280.60974,275.31757,2.267002,0.0015653459,1.2784714e+07,0.321903,0.32286438,0.29223916,279.97983,279.2026
Turkiye,1991,4,284.08844,278.35358,2.3236787,0.0032270558,1.5574444e+07,0.31894764,0.3156964,0.29147726,283.69495,282.48297
Turkiye,1991,5,287.16516,280.25192,2.5079231,0.0027712947,1.8339178e+07,0.28228012,0.28150898,0.27638593,287.22073,285.8457
Turkiye,1991,6,293.24103,284.4107,2.2399483,0.0009704891,2.1362946e+07,0.20808852,0.22867349,0.2513272,292.56558,289.4691
Turkiye,1991,7,296.15884,285.525,2.566713,0.0006271814,2.1814092e+07,0.14978637,0.16674316,0.20558912,296.85034,294.05917
Turkiye,1991,8,296.0602,285.36548,2.6045034,0.00040044784,1.9660006e+07,0.1255807,0.14144605,0.18133399,297.56726,296.01996
Turkiye,1991,9,291.9126,281.577,2.16985,0.00050022226,1.5833888e+07,0.15053423,0.1488522,0.17656024,293.08432,293.454
Turkiye,1991,10,287.39655,280.3926,2.0344577,0.0021853396,1.0749547e+07,0.21933012,0.18712328,0.19022396,288.6761,290.7053
Turkiye,1991,11,281.0633,276.4405,1.99898,0.0015625176,7.681972e+06,0.27776265,0.24711637,0.20171946,281.7702,284.86514
Turkiye,1991,12,273.5215,270.2509,2.5761611,0.0041962587,4.2186295e+06,0.3183968,0.3018248,0.22785237,277.03854,280.01624
Turkiye,1992,1,271.44186,267.2415,2.1867661,0.0006841559,6.047015e+06,0.3043128,0.30116853,0.25252137,275.7302,277.8751
Turkiye,1992,2,270.67157,265.9919,2.4926207,0.0015270899,7.520278e+06,0.30116498,0.29520863,0.26165077,274.41132,275.89783
Turkiye,1992,3,276.88272,271.58344,2.457476,0.00213546,1.1791134e+07,0.31379217,0.30681983,0.27039585,276.80914,276.65048
Turkiye,1992,4,283.86368,276.40247,2.2819502,0.0017532525,1.7340998e+07,0.29387552,0.29461786,0.2742589,282.6159,280.9244
Turkiye,1992,5,287.66348,279.38153,2.3516753,0.0016100331,1.949032e+07,0.22978708,0.23419178,0.24513644,287.31714,284.96213
Turkiye,1992,6,292.1899,284.11667,2.1616197,0.0021961036,2.0269294e+07,0.21837223,0.21469377,0.22614624,292.26093,289.49005
Turkiye,1992,7,293.87018,284.20297,2.5304022,0.000973059,2.0726758e+07,0.18524541,0.19438767,0.20915166,294.35233,292.1341
Turkiye,1992,8,296.11877,284.8593,2.5633063,0.0002501814,2.0310878e+07,0.13725011,0.15713058,0.1898175,296.53033,294.3782
Turkiye,1992,9,290.72116,280.02237,2.464462,0.00030334873,1.6374482e+07,0.13196068,0.14475243,0.18123685,292.49445,293.23196
Turkiye,1992,10,288.91742,279.95248,2.3216183,0.0009466272,1.1836217e+07,0.17726776,0.16297907,0.19229475,288.91132,289.96225
Turkiye,1992,11,279.79868,274.15753,2.471016,0.0027291637,7.3476505e+06,0.26305333,0.22886871,0.20700435,281.50104,285.137
Turkiye,1992,12,273.19357,269.923,2.3589952,0.002711611,4.508928e+06,0.32753912,0.31535485,0.24754344,277.30673,280.04135
Turkiye,1993,1,271.90652,267.99957,2.4015617,0.001959703,5.4642055e+06,0.3196672,0.3109915,0.26445162,275.12537,277.1193
Turkiye,1993,2,273.15836,268.73895,2.9704876,0.0024788757,7.6662555e+06,0.33171713,0.32642603,0.2814956,275.45956,276.4134
Turkiye,1993,3,278.37238,272.0761,2.4267223,0.0018783406,1.3369208e+07,0.3231095,0.3260116,0.30170304,277.73672,277.52423
Turkiye,1993,4,283.65854,276.07037,2.50884,0.0018713324,1.6872184e+07,0.2776794,0.27991104,0.28061828,282.94073,281.41394
Turkiye,1993,5,287.58264,282.1062,1.9586518,0.0032941443,1.7746264e+07,0.29885173,0.28254908,0.26193392,287.01245,284.8245
Turkiye,1993,6,292.67847,282.72733,2.297837,0.0011087869,2.1972622e+07,0.20222588,0.21727262,0.23824644,292.38126,289.63043
Turkiye,1993,7,295.44766,283.19385,2.7276678,0.00017993576,2.282254e+07,0.13081425,0.161992,0.20577489,295.92923,293.18008
Turkiye,1993,8,296.25436,284.15237,2.6081352,0.00039637464,1.9879778e+07,0.12467451,0.13931637,0.17740934,296.9146,294.94333
Turkiye,1993,9,292.33987,280.39975,2.3340325,0.00032227166,1.6777085e+07,0.12350797,0.1343746,0.17283654,293.6675,293.88626
Turkiye,1993,10,288.84888,277.72845,1.9303658,0.0003174355,1.2578107e+07,0.13256463,0.13612589,0.18253724,289.54626,291.03143
Turkiye,1993,11,278.90698,273.2414,2.2886007,0.0025432562,7.4401005e+06,0.23446713,0.19475098,0.19100039,280.88837,285.15912
Turkiye,1993,12,278.39096,274.8826,2.218982,0.0017983236,5.775513e+06,0.30821964,0.28361607,0.21909396,278.70743,280.8728
Turkiye,1994,1,277.75082,274.1255,2.133667,0.0027288035,6.4581315e+06,0.3332512,0.3204648,0.25146726,278.04462,279.8026
Turkiye,1994,2,276.01263,271.96405,2.3123307,0.0025628617,7.983484e+06,0.34152102,0.3332996,0.2759636,277.1991,278.27045
Turkiye,1994,3,279.85916,274.08774,2.4898124,0.0018748748,1.3090797e+07,0.3179765,0.31754977,0.28568345,279.43457,279.2758
Turkiye,1994,4,286.6033,278.39597,2.4418304,0.0015699763,1.8143594e+07,0.26021773,0.26500243,0.2647862,285.65915,283.75696
Turkiye,1994,5,289.7118,280.99683,2.200768,0.001671884,2.0330518e+07,0.23893496,0.24979407,0.24719375,288.9882,286.60657
Turkiye,1994,6,293.073,281.4766,2.8844178,0.0006269204,2.2831012e+07,0.151408,0.17251219,0.21112067,293.61664,291.28033
Turkiye,1994,7,296.4043,284.30417,2.7742858,0.0005062153,2.2046574e+07,0.12539198,0.13864937,0.17843734,297.16748,294.37927
Turkiye,1994,8,296.34442,283.93475,2.6169517,0.00026205715,1.9956214e+07,0.1255526,0.13073789,0.16340636,297.16586,295.47943
Turkiye,1994,9,295.52264,283.4672,2.1251414,0.00030517578,1.6699703e+07,0.12384548,0.12491666,0.1593596,296.1405,295.46588
Turkiye,1994,10,289.43112,282.11865,1.9649904,0.0019562445,1.0903598e+07,0.20492703,0.16382375,0.17136867,290.6403,292.5165
Turkiye,1994,11,279.6949,275.09583,2.5486364,0.0034177403,6.9217615e+06,0.2915544,0.25774086,0.20108372,281.83878,286.0305
Turkiye,1994,12,274.5599,271.4716,2.3663735,0.0027600238,4.360779e+06,0.32136238,0.3080833,0.24151151,277.6361,280.36423
Turkiye,1995,1,276.4699,273.03738,2.5273287,0.0028109476,5.862133e+06,0.34187752,0.3327432,0.27465978,277.61,279.48163
Turkiye,1995,2,278.19122,273.19006,2.2095885,0.001122225,1.0038314e+07,0.31911138,0.317321,0.28165093,277.51477,278.2962
Turkiye,1995,3,280.01508,274.4403,2.7453897,0.0031882199,1.2545587e+07,0.32203555,0.31314206,0.27659258,279.7752,279.76248
Turkiye,1995,4,282.88153,276.77237,2.2697997,0.002536643,1.608268e+07,0.32096505,0.31869936,0.28370687,282.43106,281.363
Turkiye,1995,5,289.5091,281.03064,2.2931955,0.0013515975,2.0474182e+07,0.2338887,0.25362733,0.26159722,288.69904,286.08527
Turkiye,1995,6,294.43594,284.56708,2.1552522,0.0013550131,2.1890732e+07,0.18525122,0.19055156,0.22434466,294.417,291.6124
Turkiye,1995,7,294.88568,285.346,2.691074,0.0012605115,2.0633028e+07,0.17885022,0.17397366,0.19141595,295.55008,293.5893
Turkiye,1995,8,296.0874,285.1843,2.401821,0.0004930823,1.9781964e+07,0.13719828,0.14805554,0.17283319,297.18716,295.44333
Turkiye,1995,9,292.5256,282.53287,2.2365036,0.0008745771,1.5962348e+07,0.15008375,0.1429902,0.16664183,293.98706,294.3169
Turkiye,1995,10,285.49332,277.67514,2.331907,0.0013891446,1.1838845e+07,0.20094578,0.17427965,0.1627306,286.77917,289.33334
Turkiye,1995,11,277.86816,273.21722,2.4648204,0.003863257,6.986325e+06,0.3036647,0.26840985,0.1894564,280.26566,284.0539
Turkiye,1995,12,276.78043,273.09888,2.4201398,0.0016053978,5.371855e+06,0.31008613,0.2991505,0.22701986,277.60538,279.6182
Turkiye,1996,1,274.85822,271.25378,2.1186097,0.002132461,5.7587805e+06,0.32084727,0.31195772,0.25311705,276.63763,278.62885
Turkiye,1996,2,277.53085,273.24356,2.4809322,0.002967551,8.772087e+06,0.33823207,0.3304144,0.27714238,277.70273,278.20966
Turkiye,1996,3,277.5311,273.60336,2.3981366,0.0037724897,1.0607557e+07,0.3497162,0.34095684,0.29479128,278.2525,278.4316
Turkiye,1996,4,282.0551,276.04608,2.2202225,0.0026713195,1.6131166e+07,0.3335859,0.33292818,0.30277002,281.72653,280.74667
Turkiye,1996,5,290.7766,282.43695,2.1099,0.0016801683,2.0581374e+07,0.21995811,0.2299685,0.26192924,289.99844,286.98627
Turkiye,1996,6,293.1278,281.64224,2.5869384,0.0005647283,2.2820292e+07,0.17485724,0.1909018,0.22327095,292.94937,290.2307
Turkiye,1996,7,297.13202,285.1285,2.6827986,0.00035980876,2.2220794e+07,0.13099721,0.1473144,0.19230598,297.75522,294.88284
Turkiye,1996,8,296.20227,285.21432,2.353893,0.00045212696,1.9537512e+07,0.13228092,0.13442639,0.17074639,297.3448,295.6331
Turkiye,1996,9,291.15958,282.66965,2.3619046,0.0018340688,1.4957999e+07,0.19670552,0.16160269,0.16705881,292.60114,293.40704
Turkiye,1996,10,285.45657,279.33493,2.0181055,0.0021357662,1.0634392e+07,0.24802077,0.21082278,0.1733701,286.96582,289.51627
Turkiye,1996,11,282.2886,276.17844,2.04547,0.0009363526,8.542644e+06,0.23614648,0.22976072,0.18487763,281.9911,284.2757
Turkiye,1996,12,280.12137,276.82053,2.4697318,0.0033241548,4.9302425e+06,0.3171571,0.28591636,0.20583673,280.54517,282.54327
Turkiye,1997,1,276.47665,271.97336,2.3027797,0.0013255747,7.434483e+06,0.32091725,0.31320575,0.24306934,277.4644,279.77142
Turkiye,1997,2,274.38153,269.3848,2.422176,0.0018809193,8.715825e+06,0.31559548,0.30651498,0.25916737,275.70612,277.04135
Turkiye,1997,3,276.70428,270.3729,2.5933526,0.0021458024,1.2983999e+07,0.29893985,0.2910289,0.25824246,277.45364,277.9337
Turkiye,1997,4,280.6419,275.04016,2.7676487,0.0035630602,1.4500929e+07,0.32737583,0.31575832,0.27159196,280.6465,279.59772
Turkiye,1997,5,290.0998,281.7354,2.1484017,0.0015698433,2.0477394e+07,0.2384045,0.2497831,0.2526812,289.06848,286.06573
Turkiye,1997,6,293.14493,284.54306,2.188116,0.0018263415,2.0716608e+07,0.21618044,0.21536262,0.22197233,292.65674,289.8296
Turkiye,1997,7,295.9634,284.3002,2.6125698,0.0003862155,2.2001934e+07,0.13743375,0.16161619,0.19465035,296.48596,293.87836
Turkiye,1997,8,294.33444,285.0791,2.4170618,0.0012613422,1.8411496e+07,0.16934834,0.16084453,0.1769083,295.5711,294.35785
Turkiye,1997,9,289.9731,279.95322,2.3835173,0.0007754677,1.6060896e+07,0.15810435,0.16009647,0.17582676,291.61972,292.42966
Turkiye,1997,10,286.52982,280.63608,2.4028323,0.002997707,1.0048251e+07,0.2622055,0.2271883,0.18543164,287.2235,288.97214
Turkiye,1997,11,281.62125,276.73203,1.8516595,0.0015469852,8.0727105e+06,0.28975934,0.28160244,0.20885508,281.54837,283.99838
Turkiye,1997,12,277.6184,274.04767,2.456153,0.003280238,5.3880225e+06,0.3351066,0.32060966,0.24612752,278.6029,281.04755
Turkiye,1998,1,275.21777,271.28833,2.1203701,0.0017817246,6.381515e+06,0.31875896,0.31266215,0.26607823,276.56668,278.3231
Turkiye,1998,2,276.6835,271.208,2.3795316,0.0017677282,9.718991e+06,0.32336992,0.31981185,0.27933216,276.85455,277.7447
Turkiye,1998,3,277.56967,271.9641,2.7393792,0.0031789904,1.164435e+07,0.30182105,0.2953724,0.26972935,278.0693,278.34247
Turkiye,1998,4,286.0598,279.01273,2.335441,0.0021155332,1.7051658e+07,0.28417936,0.28397474,0.2710142,284.56677,282.54013
Turkiye,1998,5,288.7816,283.20584,2.1870325,0.0033874863,1.7271206e+07,0.30844036,0.30437368,0.26943386,288.04425,286.0309
Turkiye,1998,6,293.59485,285.65854,2.2787428,0.0010681353,2.153155e+07,0.2193571,0.23935519,0.25480044,292.93723,290.2169
Turkiye,1998,7,297.31064,286.1959,2.7094448,0.0003942038,2.2869866e+07,0.14386582,0.17692362,0.22143589,297.23102,294.3232
Turkiye,1998,8,297.8628,286.37628,2.6785247,8.762259e-05,2.089066e+07,0.12103963,0.15548962,0.20402665,298.4342,296.68387
Turkiye,1998,9,292.59497,283.53192,2.2782683,0.00093810435,1.5835543e+07,0.14785504,0.15615945,0.20147227,294.09116,294.76437
Turkiye,1998,10,288.2219,279.9575,2.2614746,0.0014355559,1.194627e+07,0.196435,0.18423201,0.20693193,288.9096,290.80798
Turkiye,1998,11,283.18033,278.96478,2.1697724,0.0023161862,7.428612e+06,0.27722827,0.24919727,0.22139871,283.86035,286.4109
Turkiye,1998,12,277.83026,274.84525,2.2941024,0.0036166066,4.950528e+06,0.3444334,0.32992163,0.2702055,279.36087,282.13037
Turkiye,1999,1,277.09277,273.4522,2.2638693,0.0021710685,6.3945095e+06,0.32853973,0.32468647,0.29213345,277.7607,279.54617
Turkiye,1999,2,277.10138,272.7337,2.7771773,0.0039449115,8.3298585e+06,0.35314956,0.34844774,0.31162536,277.786,278.80643
Turkiye,1999,3,280.20044,274.48874,2.256624,0.0025402596,1.3025004e+07,0.32339162,0.3212906,0.30617186,279.68298,279.67242
Turkiye,1999,4,285.15475,278.45514,2.1300874,0.001607526,1.7863942e+07,0.3015295,0.30976275,0.3044271,284.131,282.57336
Turkiye,1999,5,290.08365,281.01654,2.3753057,0.00085101125,2.082948e+07,0.19422637,0.21776205,0.26195967,289.59225,287.3534
Turkiye,1999,6,293.46268,285.60184,2.3891828,0.0017983688,2.0164668e+07,0.20171557,0.19321813,0.22318412,293.29272,290.84372
Turkiye,1999,7,297.09552,287.14798,2.4124172,0.000684171,2.1488268e+07,0.15616514,0.16573729,0.19783172,297.44382,294.6278
Turkiye,1999,8,296.8478,286.96887,2.3416963,0.0009826259,1.9169946e+07,0.15923908,0.15596558,0.18631758,297.9262,296.5542
Turkiye,1999,9,292.5063,283.44174,1.9654832,0.00080920523,1.5826649e+07,0.17877689,0.17457244,0.18539222,293.42596,293.88327
Turkiye,1999,10,287.9596,281.0618,2.003334,0.0010858536,1.1060898e+07,0.20197591,0.18372819,0.19720091,289.01672,290.95325
Turkiye,1999,11,281.37894,275.172,2.3098571,0.0013088628,8.1706205e+06,0.23104835,0.21071756,0.20169155,282.13278,285.3781
Turkiye,1999,12,279.13516,274.13913,2.3381,0.0014945909,6.4353335e+06,0.2719525,0.25184554,0.215363,278.449,280.7821
Turkiye,2000,1,271.53976,267.79865,2.4642117,0.0030465703,4.933554e+06,0.2936911,0.28206638,0.24736738,276.31348,278.8364
Turkiye,2000,2,274.2738,270.01443,2.425393,0.0026481214,7.868624e+06,0.325109,0.31171465,0.2690481,276.07712,277.26868
Turkiye,2000,3,277.82712,271.97205,2.4916368,0.0021468715,1.2944243e+07,0.32465962,0.32239175,0.28959614,277.68143,277.62735
Turkiye,2000,4,285.9567,279.76526,2.3402038,0.0032368107,1.5748023e+07,0.29492897,0.2858147,0.27631292,284.71207,282.72562
Turkiye,2000,5,288.55936,281.75632,2.111007,0.0021077031,1.939106e+07,0.27296662,0.27702543,0.26920584,287.8701,285.82764
Turkiye,2000,6,293.1564,283.63516,2.6286745,0.0009710563,2.2197494e+07,0.19816422,0.2222052,0.24092951,292.5412,289.9508
Turkiye,2000,7,298.3037,285.34863,2.4980536,0.00012873599,2.356404e+07,0.12666067,0.1668343,0.22003311,297.92587,294.78998
Turkiye,2000,8,296.1411,285.89993,2.798911,0.0005972712,1.9358762e+07,0.13724181,0.15012476,0.19691865,297.19867,296.0797
Turkiye,2000,9,292.44604,283.1074,2.2054644,0.00064686226,1.5681845e+07,0.1534564,0.15489788,0.19697647,293.4553,293.9457
Turkiye,2000,10,286.21625,279.54752,2.122514,0.0013636639,1.1055489e+07,0.20721431,0.17943317,0.20337066,287.39493,289.85767
Turkiye,2000,11,282.62064,276.0115,1.8256919,0.0010154699,8.819513e+06,0.21173085,0.19801676,0.20845531,282.02975,284.96646
Turkiye,2000,12,277.19666,273.194,2.1922922,0.0016281805,5.7581495e+06,0.26980913,0.2365641,0.21441932,278.0057,280.9183
Turkiye,2001,1,277.543,273.2591,2.0194225,0.00084284233,7.155516e+06,0.2869944,0.27315086,0.23425211,277.62415,279.40244
Turkiye,2001,2,277.731,272.72574,2.5815496,0.0022038636,9.106637e+06,0.29078907,0.27415222,0.24298793,277.44873,278.30377
Turkiye,2001,3,284.46942,277.15274,2.6025286,0.0013707863,1.4333762e+07,0.2781196,0.27019984,0.24394372,282.80447,281.477
Turkiye,2001,4,285.47684,278.18405,2.5895805,0.0022420783,1.6891236e+07,0.269963,0.2541628,0.23439586,285.04453,283.88455
Turkiye,2001,5,288.51138,281.03607,2.4208374,0.0027807814,1.9036658e+07,0.2652099,0.2625295,0.2336191,288.02573,286.3361
Turkiye,2001,6,294.43777,282.7297,2.5816798,0.0002943616,2.3469684e+07,0.14698587,0.18289642,0.21371585,294.2177,291.26944
Turkiye,2001,7,298.26535,286.66483,2.6193254,0.0002992128,2.242586e+07,0.124297805,0.14745165,0.18723938,298.3143,295.1142
Turkiye,2001,8,297.5285,287.02036,2.5630658,0.00062731444,1.958527e+07,0.13390261,0.13584748,0.17012723,298.58865,297.015
Turkiye,2001,9,293.63983,283.4844,2.165051,0.000589175,1.6404659e+07,0.13884266,0.13495067,0.17469755,294.74207,294.9573
Turkiye,2001,10,287.34592,278.39532,2.2303517,0.00035634544,1.2322751e+07,0.13574393,0.13204384,0.18248639,288.86694,291.53046
Turkiye,2001,11,280.7215,276.065,2.5835283,0.0042969803,6.874162e+06,0.27067685,0.21515858,0.19927289,282.02383,285.80447
Turkiye,2001,12,276.56378,273.5137,2.8310993,0.0062784646,4.0154328e+06,0.35671827,0.34183118,0.27102807,278.582,281.12158
Turkiye,2002,1,271.74374,268.10196,2.2705762,0.0024048982,5.3575315e+06,0.33680993,0.33533844,0.30575916,276.5662,278.69055
Turkiye,2002,2,278.61734,272.89395,2.1883423,0.001261814,1.0172178e+07,0.32278672,0.32044026,0.30082688,277.43085,278.2009
Turkiye,2002,3,281.63422,275.11716,2.4204757,0.0023168062,1.3254157e+07,0.2924319,0.28976616,0.2822147,280.8831,280.5837
Turkiye,2002,4,283.59857,278.41275,2.1462216,0.0031897796,1.5342548e+07,0.33497432,0.32816577,0.29575783,283.00473,281.9059
Turkiye,2002,5,288.87164,280.86642,2.2591083,0.0012149811,2.0995412e+07,0.23205456,0.24788031,0.2701673,288.1788,285.9339
Turkiye,2002,6,293.67188,283.9243,2.6443615,0.00069199613,2.1709348e+07,0.1746332,0.19704618,0.23818727,293.07465,290.37143
Turkiye,2002,7,297.38504,286.8471,2.3349538,0.0009744669,2.1834986e+07,0.16014297,0.16642909,0.2092429,297.34363,294.52808
Turkiye,2002,8,295.8526,285.87378,2.3701377,0.0006757109,1.9245298e+07,0.14698096,0.1545586,0.2005158,296.78143,295.63605
Turkiye,2002,9,292.00925,284.34775,1.9385879,0.0014538915,1.5185473e+07,0.19452232,0.174744,0.20113009,292.87662,293.27856
Turkiye,2002,10,287.57782,280.2489,1.9987239,0.00095890195,1.1711891e+07,0.2145802,0.19738488,0.21853194,288.39978,290.3781
Turkiye,2002,11,282.23236,276.54156,1.9816219,0.0016974801,8.550443e+06,0.2601763,0.23638053,0.23220715,282.08887,285.235
Turkiye,2002,12,273.9941,269.95654,2.3361895,0.0023401587,4.9308935e+06,0.30206805,0.28421763,0.25557852,276.89218,280.04105
Turkiye,2003,1,278.83844,275.01804,2.5224104,0.0023453964,5.97349e+06,0.33322424,0.32152107,0.27927184,278.38693,279.40607
Turkiye,2003,2,273.28415,269.15063,2.8264842,0.004047793,6.8984515e+06,0.3360504,0.3327338,0.30022317,276.47293,278.05157
Turkiye,2003,3,276.46008,271.0301,2.5272496,0.0020667326,1.1812149e+07,0.32575032,0.3233733,0.30278102,276.8994,277.41483
Turkiye,2003,4,283.06284,276.84018,2.4926496,0.003072736,1.5460177e+07,0.321773,0.3126453,0.29151902,281.9769,280.51868
Turkiye,2003,5,290.9357,281.18933,2.0928323,0.0015073626,2.1074748e+07,0.20571728,0.2226762,0.25645116,289.74377,286.59933
Turkiye,2003,6,294.18408,282.8798,2.498283,0.00040629288,2.3797914e+07,0.17078118,0.19449635,0.22508667,293.657,290.41232
Turkiye,2003,7,296.51685,284.19876,2.6958218,0.00014786219,2.2710914e+07,0.11197297,0.14402619,0.19663289,296.85718,294.15808
Turkiye,2003,8,297.02502,284.60965,2.5894535,0.00013487214,2.086531e+07,0.10789834,0.13174637,0.17852612,297.3673,295.34424
Turkiye,2003,9,291.60376,282.2966,2.399703,0.0008813005,1.5712298e+07,0.1585118,0.14473599,0.1761171,292.8369,293.48685
Turkiye,2003,10,288.2157,280.11072,2.5603607,0.0017570872,1.1387675e+07,0.17719187,0.15110734,0.17446747,289.1562,290.83246
Turkiye,2003,11,281.443,276.40054,1.9656922,0.0009874394,8.168892e+06,0.26240435,0.23352687,0.19253811,281.8261,285.20816
Turkiye,2003,12,276.5517,273.0723,2.3252106,0.0029392417,5.3707915e+06,0.3038836,0.28080145,0.21686,277.9361,280.73465
Turkiye,2004,1,274.65747,271.47147,2.63245,0.004943559,5.0399715e+06,0.3460734,0.335947,0.2705252,276.67584,278.44357
Turkiye,2004,2,275.98566,271.2971,2.7692723,0.002024638,8.264456e+06,0.333375,0.33107004,0.29826644,277.19208,277.95575
Turkiye,2004,3,280.61548,272.75574,2.5692253,0.0012709517,1.4279524e+07,0.29082245,0.29994142,0.29202142,279.9304,279.47205
Turkiye,2004,4,284.31247,276.0502,2.455894,0.0019530071,1.7293134e+07,0.24866872,0.2415353,0.25540528,283.78036,282.563
Turkiye,2004,5,288.4943,280.3542,2.4146051,0.001368864,2.0252528e+07,0.22648498,0.22840251,0.23275854,288.24292,286.16208
Turkiye,2004,6,293.11374,283.58377,2.3794882,0.0010475611,2.1585832e+07,0.18411225,0.18817133,0.21480791,292.9764,290.2102
Turkiye,2004,7,296.20352,283.44275,2.78863,0.00034784016,2.2894584e+07,0.13318412,0.15018505,0.18789619,296.53714,293.78607
Turkiye,2004,8,295.9606,285.2866,2.3378556,0.00055532705,1.9498482e+07,0.13750762,0.1403764,0.1773022,297.0538,295.4131
Turkiye,2004,9,292.5725,280.42615,2.449803,0.00012750123,1.6936996e+07,0.11893116,0.13353546,0.17055467,293.57486,293.6702
Turkiye,2004,10,288.56598,279.68558,2.0564706,0.0004776327,1.1980412e+07,0.14317812,0.13839859,0.17740315,289.51846,291.14737
Turkiye,2004,11,281.1238,275.31732,2.3705018,0.002721533,7.4367165e+06,0.20845044,0.16948095,0.17990929,283.5056,287.0865
Turkiye,2004,12,276.459,272.06836,2.1173294,0.0014099497,5.8938825e+06,0.28080168,0.24734785,0.20317782,277.75894,280.94894
Turkiye,2005,1,276.76883,272.50488,2.3924723,0.0025356668,6.4959805e+06,0.29656237,0.27770904,0.22599812,277.24506,279.04343
Turkiye,2005,2,276.1693,271.17853,2.8629522,0.0030622582,8.734031e+06,0.32318476,0.31340227,0.25640315,277.00693,278.14963
Turkiye,2005,3,279.9304,273.85468,2.5614989,0.0027679668,1.2790599e+07,0.319941,0.31970105,0.2838435,279.51608,279.43024
Turkiye,2005,4,284.65088,276.63235,2.595432,0.0019347818,1.6896118e+07,0.2596316,0.25524223,0.2551572,284.07617,282.56696
Turkiye,2005,5,289.1546,280.59933,2.22535,0.0018174347,1.9529184e+07,0.22256418,0.21942076,0.22700413,288.91025,286.58786
Turkiye,2005,6,292.60706,282.57355,2.404383,0.0008930131,2.2292062e+07,0.19232982,0.20477296,0.20681998,292.76535,290.26538
Turkiye,2005,7,297.2433,285.7338,2.5084379,0.00076003827,2.2153672e+07,0.1457602,0.15846427,0.18323533,297.52505,294.34433
Turkiye,2005,8,297.4077,285.82886,2.5333169,0.0003023298,2.0120924e+07,0.12278043,0.13517055,0.16675167,298.50793,296.44995
Turkiye,2005,9,292.0587,282.3452,2.204617,0.000757368,1.5728928e+07,0.14284126,0.13088913,0.1599388,293.68686,294.32172
Turkiye,2005,10,285.23148,278.2006,2.2727616,0.0012722417,1.1240881e+07,0.20722486,0.16667148,0.16565454,286.70474,289.74622
Turkiye,2005,11,280.13522,275.39752,2.3064353,0.0030215413,6.941941e+06,0.28650436,0.25295964,0.18367092,280.76816,283.8692
Turkiye,2005,12,277.69305,273.38953,2.354369,0.0016857461,5.9834165e+06,0.29604232,0.2874862,0.21471496,278.65646,281.27057
Turkiye,2006,1,273.3821,269.58844,2.3775022,0.0023473187,5.9036205e+06,0.31616896,0.3081007,0.24412212,275.89246,278.05466
Turkiye,2006,2,275.7938,272.0199,2.3723168,0.0029526134,7.6354735e+06,0.3398693,0.33024794,0.2719568,276.32178,277.0567
Turkiye,2006,3,280.6708,275.12427,2.5985036,0.0027875875,1.2872483e+07,0.32933933,0.32553825,0.28911275,279.9078,279.4003
Turkiye,2006,4,285.4734,277.9171,2.496372,0.0016756334,1.6991944e+07,0.2639154,0.2637935,0.26501065,284.80267,283.16846
Turkiye,2006,5,289.14508,280.57214,2.1999307,0.0012202916,2.0406824e+07,0.22672562,0.23000549,0.23584685,288.56793,286.08597
Turkiye,2006,6,294.17514,283.36853,2.5078883,0.0009625937,2.2171966e+07,0.15390816,0.16677046,0.20452234,294.51263,291.4969
Turkiye,2006,7,295.81412,284.3156,2.8917718,0.00036330224,2.1864594e+07,0.14031285,0.14580445,0.17616734,296.5953,293.98114
Turkiye,2006,8,298.8948,284.9024,2.4029486,0.00018955783,2.0716202e+07,0.108482674,0.12235078,0.15896635,299.6428,296.87933
Turkiye,2006,9,292.21207,282.59756,2.3053975,0.0015021575,1.5339434e+07,0.16018851,0.12677163,0.14713831,294.02847,294.80038
Turkiye,2006,10,287.62985,281.96317,2.0842376,0.0028018751,1.0175769e+07,0.25018874,0.2047714,0.15767232,288.72217,290.85242
Turkiye,2006,11,279.7278,275.01898,2.1242619,0.0015735676,8.110061e+06,0.3038367,0.29131076,0.20041704,280.40698,284.1164
Turkiye,2006,12,275.4383,270.15472,1.9687989,0.0004442491,6.9773985e+06,0.2519861,0.25112185,0.20624225,276.2111,279.46494
Turkiye,2007,1,275.66626,270.75394,2.4248075,0.0018369148,7.335232e+06,0.2966266,0.285786,0.22745568,275.48706,277.23538
Turkiye,2007,2,276.39294,272.29886,2.2244358,0.001873443,8.653546e+06,0.30987912,0.30096415,0.24711737,276.7668,277.50787
Turkiye,2007,3,280.4229,274.23325,2.6376147,0.002035442,1.3375733e+07,0.2954673,0.28667384,0.2500713,279.64908,279.24683
Turkiye,2007,4,282.61227,274.4784,2.435905,0.0012801623,1.7900198e+07,0.25780946,0.25573474,0.23458123,282.3571,281.23782
Turkiye,2007,5,291.59448,281.4327,2.3268957,0.0014639352,2.0542058e+07,0.2003947,0.1974904,0.20480709,290.625,287.1729
Turkiye,2007,6,295.07828,283.41992,2.43609,0.001016534,2.2225548e+07,0.17187385,0.17049415,0.18050385,294.98746,291.53366
Turkiye,2007,7,298.12396,282.77527,2.8761206,0.00014691353,2.3226316e+07,0.11226286,0.12856838,0.15699638,298.5261,295.10074
Turkiye,2007,8,298.11374,285.31204,2.5279188,0.00040836082,2.015037e+07,0.11172476,0.113840565,0.14044811,299.31537,297.02615
Turkiye,2007,9,293.17114,280.27374,2.2911143,0.00030166475,1.680741e+07,0.12130212,0.110707864,0.13248593,294.84906,295.20105
Turkiye,2007,10,288.25507,279.96594,2.139668,0.0015323414,1.1548807e+07,0.18064374,0.13613147,0.14002815,289.3596,291.59866
Turkiye,2007,11,281.1026,276.401,2.447373,0.0032549582,7.390007e+06,0.30151075,0.2594473,0.17124407,282.1806,285.91446
Turkiye,2007,12,275.99423,272.30447,2.1075113,0.002864362,6.0427815e+06,0.3339077,0.3242168,0.2296352,277.50647,280.6283
Turkiye,2008,1,272.00836,266.9435,2.2364814,0.0012752984,7.160004e+06,0.30712122,0.30455855,0.26291287,274.2777,276.77954
Turkiye,2008,2,273.9795,269.00015,2.2930627,0.0015219061,8.849295e+06,0.30738196,0.3054549,0.2806984,275.10974,276.17776
Turkiye,2008,3,282.95248,275.74335,2.9065886,0.0021059262,1.3196509e+07,0.2915205,0.28491732,0.2668475,281.06116,279.76923
Turkiye,2008,4,286.52487,278.06418,2.5889049,0.0015882517,1.7333474e+07,0.25908375,0.26306957,0.25130975,285.41144,283.4929
Turkiye,2008,5,288.59845,279.12567,2.2034152,0.0011412294,2.061938e+07,0.20701881,0.20590985,0.2219369,288.49594,286.38724
Turkiye,2008,6,294.45737,282.29614,2.6671305,0.00058486086,2.2858844e+07,0.14962108,0.15898922,0.19222353,294.44687,291.1542
Turkiye,2008,7,297.0877,283.13434,2.7674425,0.0002049145,2.3119262e+07,0.11259036,0.12731203,0.16116574,298.0606,295.02075
Turkiye,2008,8,298.20166,285.02576,2.7166386,0.0001903559,2.0341362e+07,0.10636969,0.11613808,0.1437798,298.98074,296.56555
Turkiye,2008,9,292.7672,283.07175,2.2709541,0.0017868167,1.5076809e+07,0.1534739,0.12587264,0.14133056,294.81534,295.46896
Turkiye,2008,10,287.01862,280.58212,2.1633003,0.00097455224,1.1320174e+07,0.22625823,0.1916592,0.14957847,287.77487,290.12918
Turkiye,2008,11,282.76437,277.72516,2.1379836,0.0019573413,8.0860355e+06,0.2423821,0.2099832,0.1613079,283.3333,286.2007
Turkiye,2008,12,276.45895,271.9819,2.1307333,0.0019763042,5.895412e+06,0.30074883,0.27900854,0.1939027,278.0891,281.44717
Turkiye,2009,1,276.27414,272.63977,2.3520582,0.003513572,5.9736555e+06,0.3361714,0.32257107,0.23948051,276.70874,278.39566
Turkiye,2009,2,277.66406,274.14117,2.6408305,0.0044716345,7.603628e+06,0.35266295,0.34601146,0.28916076,278.2185,279.21652
Turkiye,2009,3,279.0648,273.92444,2.7004645,0.0031466784,1.2395259e+07,0.34641227,0.34268898,0.31018525,278.92563,279.10193
Turkiye,2009,4,284.0038,277.615,2.1546037,0.002387782,1.7184576e+07,0.31295705,0.31084839,0.29883727,283.4114,282.13953
Turkiye,2009,5,288.6416,280.59384,2.2198806,0.0019381874,2.0161576e+07,0.25878406,0.2666997,0.26841092,287.86172,285.73508
Turkiye,2009,6,294.32733,282.88736,2.4336324,0.0007355565,2.2747174e+07,0.15944374,0.17675835,0.2190454,294.16513,291.033
Turkiye,2009,7,296.50488,285.3161,2.743402,0.0007797241,2.1268312e+07,0.1501351,0.15291512,0.18634292,297.0229,294.4855
Turkiye,2009,8,295.70367,282.41187,2.6661892,0.00015513772,2.0749682e+07,0.11949363,0.13402872,0.16385302,296.96835,295.5193
Turkiye,2009,9,291.4409,281.99335,2.2127593,0.0012355027,1.5155057e+07,0.17006879,0.14635427,0.15629368,293.1029,293.86917
Turkiye,2009,10,289.3278,280.30457,2.155564,0.0011971073,1.156252e+07,0.17382519,0.15163474,0.15822569,289.80786,290.98166
Turkiye,2009,11,281.37982,277.03784,2.0450084,0.0024810012,7.689272e+06,0.29999393,0.2700721,0.1861423,282.1151,285.6262
Turkiye,2009,12,279.66998,276.24826,2.417445,0.0034978893,5.3894225e+06,0.33385772,0.3141407,0.22436135,279.5277,281.58752
Turkiye,2010,1,277.41406,273.86612,2.6002734,0.0037412818,5.827348e+06,0.35265297,0.34498158,0.28968224,278.19836,280.2115
Turkiye,2010,2,279.57922,275.1276,2.8458104,0.0037395728,8.263385e+06,0.3527959,0.34944317,0.3207359,279.26398,279.57385
Turkiye,2010,3,281.79694,275.25797,2.504625,0.0018253904,1.3791294e+07,0.3242545,0.32845998,0.31978253,281.27625,281.1246
Turkiye,2010,4,284.8777,277.8702,2.245894,0.002080837,1.7201246e+07,0.27923873,0.27615348,0.2808345,284.4904,283.3571
Turkiye,2010,5,290.1808,280.5832,2.1303053,0.0011487509,2.0943218e+07,0.20365258,0.21116047,0.2414615,289.87582,287.55698
Turkiye,2010,6,293.67877,285.2654,2.2346313,0.0023146353,2.0412146e+07,0.21199591,0.19512974,0.20863341,294.05228,291.6861
Turkiye,2010,7,297.66986,287.03195,2.4763875,0.000363764,2.168365e+07,0.148302,0.16438994,0.18547612,298.00436,295.00735
Turkiye,2010,8,299.47742,285.5239,2.4009142,0.00011561294,2.0637682e+07,0.11456378,0.13236271,0.16669543,300.5544,298.29788
Turkiye,2010,9,294.32565,283.36603,2.3459516,0.00064870686,1.5998603e+07,0.12911217,0.1229846,0.15135202,296.11447,296.33127
Turkiye,2010,10,286.5731,280.86737,2.2760904,0.0034779499,9.907637e+06,0.25296894,0.20496942,0.16171665,288.50153,291.38025
Turkiye,2010,11,284.70676,277.29065,2.1560366,0.00065571134,9.092023e+06,0.24789783,0.24721554,0.19528048,284.28146,286.61508
Turkiye,2010,12,279.98334,275.74445,2.4509568,0.0034923202,5.691985e+06,0.30016544,0.28096235,0.21551086,280.95886,283.6239
Turkiye,2011,1,275.7756,272.43118,2.057608,0.0022951402,6.3902035e+06,0.3191268,0.30929452,0.25239867,277.09268,279.58313
Turkiye,2011,2,276.49716,272.17474,2.1917298,0.0019650937,8.93482e+06,0.32570478,0.31605458,0.27111834,276.99405,278.12866
Turkiye,2011,3,279.40308,274.0057,2.3289952,0.0022005483,1.2643263e+07,0.32347757,0.32215688,0.2857896,279.42865,279.42795
Turkiye,2011,4,282.9663,277.6994,2.50493,0.0029460706,1.5129799e+07,0.31489444,0.30498064,0.2795443,282.90152,282.00513
Turkiye,2011,5,287.68314,281.61072,2.133404,0.0027673997,1.8414524e+07,0.2958923,0.28871816,0.26676083,287.2552,285.30313
Turkiye,2011,6,292.50476,284.12326,2.2490852,0.0016420415,2.1134148e+07,0.22947809,0.23247929,0.23298684,292.5603,290.10312
Turkiye,2011,7,297.3043,285.48004,2.453367,0.00024649219,2.2572958e+07,0.1361709,0.16255066,0.19692822,297.56934,294.2096
Turkiye,2011,8,296.13538,283.9194,2.7543077,0.00028867973,2.0207646e+07,0.12351921,0.13953072,0.16853599,297.73315,296.30118
Turkiye,2011,9,293.03482,280.99796,2.445767,0.0005987243,1.6776579e+07,0.13029645,0.12983535,0.15175202,294.75766,294.9573
Turkiye,2011,10,285.09525,277.28384,2.3529215,0.0022794297,1.1296735e+07,0.22545063,0.19648686,0.15793987,286.94604,289.79858
Turkiye,2011,11,277.41672,271.07996,2.2030199,0.00072875276,8.288752e+06,0.21849203,0.20563063,0.16662318,278.92978,282.9088
Turkiye,2011,12,276.78244,271.98337,2.228099,0.0025192185,6.225707e+06,0.28350803,0.2603759,0.18902357,276.65616,279.11197
Turkiye,2012,1,273.36414,270.24417,2.453015,0.00443963,5.144172e+06,0.33129424,0.31814238,0.24268134,275.89197,277.65323
Turkiye,2012,2,272.87292,268.85455,2.410568,0.00345399,7.4787225e+06,0.3334492,0.32648107,0.2798426,275.36664,276.48453
Turkiye,2012,3,277.50342,271.56708,2.4459481,0.0018344051,1.2554557e+07,0.32169443,0.32147744,0.2943429,277.64078,277.47137
Turkiye,2012,4,286.27896,277.45905,2.5814729,0.0017237299,1.804135e+07,0.26102656,0.26077703,0.2647312,284.67148,282.19632
Turkiye,2012,5,289.02188,282.26987,2.14407,0.002735143,1.8725708e+07,0.2479538,0.22686154,0.23124522,289.27734,287.0094
Turkiye,2012,6,295.12408,283.7673,2.5336902,0.00059278385,2.3299156e+07,0.17456909,0.19200157,0.21249145,294.93393,291.39853
Turkiye,2012,7,298.19235,284.83875,2.7550402,0.00031195438,2.2368264e+07,0.12743533,0.14637555,0.1813535,298.67322,295.39914
Turkiye,2012,8,296.55057,283.20963,2.789426,0.00042260822,2.0102568e+07,0.12829709,0.13145731,0.15614522,298.16757,296.91086
Turkiye,2012,9,293.95508,281.2151,2.2615244,0.00016933492,1.6943664e+07,0.11729108,0.12237502,0.14478806,295.45795,295.39224
Turkiye,2012,10,289.1636,281.40622,1.9765393,0.0013463597,1.1462482e+07,0.1822255,0.14082806,0.15011416,290.57477,292.43777
Turkiye,2012,11,283.15155,278.84726,2.1540701,0.0021038381,7.467829e+06,0.26555532,0.23135202,0.16635457,284.3462,287.4757
Turkiye,2012,12,278.0256,274.88693,2.2772136,0.0043337294,5.271606e+06,0.34065902,0.31987286,0.22043186,279.31158,282.12863
Turkiye,2013,1,276.3817,272.81247,2.526386,0.0029018577,6.166759e+06,0.3356126,0.3279477,0.27065513,277.63626,279.53665
Turkiye,2013,2,279.01984,274.5823,2.420784,0.002709986,9.251609e+06,0.3370275,0.33093286,0.28837,278.97614,279.71103
Turkiye,2013,3,281.40155,274.52164,2.7577221,0.00206405,1.3145735e+07,0.31617606,0.3122444,0.28521052,280.77274,280.55423
Turkiye,2013,4,285.40118,277.9468,2.3205953,0.0020878615,1.6997786e+07,0.29336295,0.29100975,0.26926878,284.83118,283.53952
Turkiye,2013,5,291.27557,281.23434,2.250766,0.001342264,2.0683698e+07,0.20441426,0.21614426,0.2319285,291.03534,288.42184
Turkiye,2013,6,294.01874,282.47867,2.5582058,0.00082652195,2.263776e+07,0.15702626,0.16897196,0.19849071,294.68787,291.93835
Turkiye,2013,7,296.1317,283.14526,3.021998,0.00027338328,2.2283372e+07,0.12588878,0.14274856,0.16897668,297.5708,295.40604
Turkiye,2013,8,296.79453,283.16562,2.7811282,0.00018206646,2.058812e+07,0.11564364,0.13235097,0.14942475,298.226,296.53577
Turkiye,2013,9,291.7824,279.86432,2.3034513,0.00045671212,1.6217537e+07,0.13350771,0.13006267,0.14312615,293.88766,294.75858
Turkiye,2013,10,285.11786,275.21765,2.338266,0.0017907971,1.2179372e+07,0.21155918,0.17925303,0.1419465,286.4499,289.33926
Turkiye,2013,11,282.64023,276.33682,2.030694,0.0016125002,8.2616655e+06,0.20748705,0.1856238,0.14692679,283.23404,285.82544
Turkiye,2013,12,274.04944,268.26187,2.31166,0.0009993603,6.2587405e+06,0.27114588,0.24705522,0.16976398,275.98315,279.84726
Turkiye,2014,1,277.93118,273.9975,2.047737,0.0018972096,7.034923e+06,0.2913068,0.27055994,0.1925158,277.18805,278.47052
Turkiye,2014,2,279.09814,272.54803,2.084159,0.0009320535,1.0637852e+07,0.28437015,0.2747734,0.20999788,278.19528,278.78714
Turkiye,2014,3,281.55045,274.59152,2.613846,0.00249425,1.3691361e+07,0.2915862,0.28136867,0.21779689,281.14023,280.69693
Turkiye,2014,4,285.92844,277.36383,2.4140003,0.0017935226,1.7528198e+07,0.222852,0.21258269,0.19734532,285.6394,283.71713
Turkiye,2014,5,289.2514,281.23328,2.3548672,0.0022880428,1.9030076e+07,0.2394853,0.22388308,0.19203018,289.36203,287.22772
Turkiye,2014,6,292.98257,283.37253,2.3475156,0.0021691397,2.126102e+07,0.22222397,0.2143371,0.1817997,293.2506,290.6812
Turkiye,2014,7,297.34308,285.05957,2.590927,0.0003813819,2.2245788e+07,0.13146268,0.15039697,0.16099663,298.37708,295.2703
Turkiye,2014,8,297.96664,285.65134,2.4607325,0.0005106926,1.9796766e+07,0.13225281,0.13683006,0.14415373,299.31857,297.21808
Turkiye,2014,9,292.32495,283.85992,2.2263827,0.0022180332,1.4762751e+07,0.18739413,0.15159182,0.13548194,294.6511,295.58032
Turkiye,2014,10,287.1609,280.97275,2.1578104,0.0020024802,1.1136549e+07,0.23469877,0.21125284,0.14246729,288.23114,290.2992
Turkiye,2014,11,281.27637,275.98648,2.0545256,0.0018768474,7.5177155e+06,0.2754641,0.25377694,0.16197516,282.1196,285.3249
Turkiye,2014,12,280.08395,276.90433,2.2768388,0.0033590794,5.4197155e+06,0.33055076,0.31126344,0.20223594,280.20428,282.34503
Turkiye,2015,1,275.32306,271.76514,2.526712,0.0031830084,5.7935365e+06,0.34122628,0.335698,0.2784621,277.6653,279.6029
Turkiye,2015,2,277.2392,272.81406,2.9107683,0.0036345343,7.8856975e+06,0.33687952,0.3309807,0.29540646,278.25476,279.2596
Turkiye,2015,3,280.59186,275.32065,2.3405998,0.0035080058,1.2041521e+07,0.33749872,0.32995254,0.29552874,280.382,280.2065
Turkiye,2015,4,282.8909,275.16376,2.7115738,0.0018741658,1.7325578e+07,0.30451646,0.30946052,0.2929958,282.55157,281.8
Turkiye,2015,5,289.90427,281.1068,2.232782,0.0019472449,2.0023434e+07,0.21499555,0.21261613,0.2361511,289.60776,287.05148
Turkiye,2015,6,292.0639,285.47522,2.1341379,0.002857394,1.9604264e+07,0.25717998,0.23853052,0.20954722,292.30154,290.22162
Turkiye,2015,7,296.7242,284.76624,2.6277928,0.00020129555,2.2482112e+07,0.14894201,0.17672811,0.18994859,296.93665,293.91174
Turkiye,2015,8,297.43982,286.54388,2.451192,0.00062924187,1.9391796e+07,0.14229041,0.14653008,0.16927859,298.87012,297.13586
Turkiye,2015,9,295.4526,283.92746,2.066529,0.0010684666,1.6010481e+07,0.14118943,0.1384674,0.15734255,296.76297,296.2641
Turkiye,2015,10,288.48132,281.72482,2.1459491,0.001953898,1.0527404e+07,0.2206569,0.17944814,0.15327555,290.02542,292.2768
Turkiye,2015,11,282.94547,275.17,2.268933,0.0011106868,8.773426e+06,0.2014993,0.19125798,0.15976356,283.4104,286.35333
Turkiye,2015,12,275.57993,270.2888,2.0346627,0.00036078252,7.1282895e+06,0.23802093,0.21735744,0.17022617,276.81778,280.88458
Turkiye,2016,1,275.0656,270.81284,2.7306206,0.003968914,5.6290445e+06,0.32124442,0.29809302,0.20916215,276.41168,278.4831
Turkiye,2016,2,280.9815,275.46344,2.49007,0.0019366993,9.426246e+06,0.314687,0.30386302,0.23893589,279.48438,279.36786
Turkiye,2016,3,281.84552,274.24197,2.6705987,0.002630294,1.3482642e+07,0.30153215,0.28674164,0.2379269,281.4589,281.36868
Turkiye,2016,4,287.77695,276.8542,2.374038,0.0010144284,1.8943664e+07,0.21457233,0.21708916,0.21454135,286.8918,284.73706
Turkiye,2016,5,288.92657,281.38516,2.381506,0.0028968886,1.8820714e+07,0.24833392,0.21633333,0.19431922,289.13806,287.47925
Turkiye,2016,6,295.09885,284.12756,2.6225042,0.0010188957,2.2119614e+07,0.17689745,0.1844064,0.17949782,295.00494,291.61435
Turkiye,2016,7,297.60867,284.62668,2.7528656,0.00024170123,2.2436306e+07,0.13291614,0.14415705,0.15716746,298.6227,295.83875
Turkiye,2016,8,297.98526,286.44257,2.57518,0.0005310937,1.93683e+07,0.12984544,0.12991194,0.14143203,299.4389,297.5543
Turkiye,2016,9,292.398,281.66586,2.3350754,0.00094838644,1.5845032e+07,0.15562911,0.13163874,0.12962192,294.5224,295.5543
Turkiye,2016,10,287.81802,278.495,2.1184103,0.0004672502,1.1811713e+07,0.14998049,0.13587733,0.12805407,289.34964,291.39557
Turkiye,2016,11,280.97458,272.5804,2.2348218,0.0016183075,8.533633e+06,0.18695594,0.14706054,0.13045397,281.63828,286.01694
Turkiye,2016,12,273.79135,269.19666,2.4378738,0.0029607245,5.3961315e+06,0.26800433,0.23238033,0.15153463,276.17432,279.89053
Turkiye,2017,1,272.73346,269.04083,2.5285718,0.0033038266,5.2716125e+06,0.30897102,0.28959867,0.19461569,276.33807,278.37955
Turkiye,2017,2,276.53235,270.7464,2.4143872,0.00063556747,9.608486e+06,0.29310507,0.28528577,0.22009134,276.6125,277.42606
Turkiye,2017,3,281.20978,274.48868,2.3854566,0.002463239,1.3226155e+07,0.2927062,0.2769591,0.22428265,280.67172,280.09982
Turkiye,2017,4,284.48795,275.31897,2.3085754,0.0020687706,1.7734836e+07,0.25815484,0.24124916,0.2103828,284.13382,282.73288
Turkiye,2017,5,288.85742,280.8983,2.4302106,0.002554236,1.8927832e+07,0.23708221,0.21845311,0.19251278,289.0404,286.9152
Turkiye,2017,6,293.8167,284.75455,2.2014883,0.0015497911,2.1371034e+07,0.21744631,0.21350792,0.18312894,293.52258,290.46274
Turkiye,2017,7,297.8786,284.18652,2.7689912,0.0003570607,2.2996954e+07,0.1309052,0.15613529,0.16664301,298.77466,295.59674
Turkiye,2017,8,297.19577,286.5175,2.595955,0.00072587415,1.9340958e+07,0.14019595,0.1395976,0.14654653,298.74338,297.02814
Turkiye,2017,9,294.7996,280.71082,2.1409605,0.00040216447,1.6837596e+07,0.12848054,0.12968178,0.1368118,296.16867,295.93253
Turkiye,2017,10,286.52524,277.4737,2.2744243,0.0014742374,1.1719114e+07,0.18937747,0.14995623,0.13217334,288.15546,290.9742
Turkiye,2017,11,281.0642,275.73618,2.0633562,0.0019526106,8.1073645e+06,0.25950348,0.21702424,0.14296897,281.93753,285.45547
Turkiye,2017,12,279.0875,274.87762,2.413137,0.002453021,6.178515e+06,0.30779043,0.281701,0.17143653,279.34396,281.90958
Turkiye,2018,1,276.8443,273.0311,2.4767988,0.0028462962,6.312943e+06,0.33439365,0.3205749,0.22269903,277.70587,279.73367
Turkiye,2018,2,280.18066,275.56757,2.4254591,0.002448323,8.872079e+06,0.31898743,0.30776477,0.24572268,279.46268,279.81628
Turkiye,2018,3,283.64078,276.77637,2.7844217,0.0025118175,1.3389422e+07,0.31537643,0.3088988,0.25873762,282.70215,282.005
Turkiye,2018,4,287.53757,277.1074,2.2249045,0.0006581407,1.9614256e+07,0.22436893,0.23944513,0.23379605,286.96704,285.12366
Turkiye,2018,5,290.96277,283.10034,2.0319924,0.0026573758,1.9104914e+07,0.23206364,0.21507847,0.20999981,291.26035,289.18198
Turkiye,2018,6,294.12216,285.3423,2.1708496,0.0018178036,2.1289648e+07,0.21810912,0.20586391,0.19317478,294.62497,292.34027
Turkiye,2018,7,297.33084,286.00955,2.532023,0.0005048752,2.1734022e+07,0.14342105,0.16248013,0.17149244,298.3506,295.80054
Turkiye,2018,8,297.4332,285.29385,2.679199,0.00030882232,2.0104022e+07,0.13146172,0.14511345,0.15626617,298.80188,297.21103
Turkiye,2018,9,293.64,282.38254,2.4738138,0.00074495515,1.5776252e+07,0.13797414,0.13419905,0.13987194,295.53033,296.07248
Turkiye,2018,10,288.1384,280.53253,2.090465,0.0015579901,1.156788e+07,0.20377484,0.16111627,0.1374759,289.74307,292.03125
Turkiye,2018,11,282.5922,277.07648,2.235528,0.0020886974,7.5423165e+06,0.2311702,0.20493634,0.14391172,283.49536,286.45398
Turkiye,2018,12,277.4195,274.3395,2.267644,0.003977216,4.9655035e+06,0.34090385,0.3192413,0.19854105,279.39993,282.40085
Turkiye,2019,1,275.92496,272.46854,2.6930642,0.0049452805,4.9626815e+06,0.34798628,0.33740848,0.2597912,277.8599,279.57437
Turkiye,2019,2,278.13373,273.38052,2.3740945,0.0022299793,9.146981e+06,0.33753034,0.33272582,0.2814543,278.42944,279.55334
Turkiye,2019,3,280.6648,273.53955,2.580075,0.0016163675,1.3978597e+07,0.2873414,0.28697217,0.26789558,280.35342,280.30417
Turkiye,2019,4,283.87515,276.92776,2.3333428,0.002376072,1.6434343e+07,0.27505034,0.26096776,0.24445373,283.49246,282.33606
Turkiye,2019,5,290.92053,280.72565,2.3481646,0.001233919,2.0513248e+07,0.20989168,0.21215501,0.21890245,290.14447,287.28076
Turkiye,2019,6,294.96048,286.1699,2.309091,0.002107304,2.1083184e+07,0.20366322,0.18987247,0.19364044,295.31323,292.4964
Turkiye,2019,7,295.97928,284.62546,2.6051023,0.000689627,2.2066392e+07,0.15542358,0.16873567,0.17555365,296.7863,294.62598
Turkiye,2019,8,296.92847,285.378,2.811518,0.000538427,1.9755442e+07,0.13751581,0.14661637,0.16008304,298.07407,296.4557
Turkiye,2019,9,293.05832,282.1174,2.3994408,0.0004933131,1.6412233e+07,0.13864411,0.13834047,0.14931794,294.7942,295.186
Turkiye,2019,10,289.5943,280.8226,2.0366406,0.00075639423,1.2018373e+07,0.16422996,0.14249314,0.14382418,290.74796,292.24112
Turkiye,2019,11,283.84796,276.70486,1.9499072,0.0013090409,8.529287e+06,0.20592448,0.16030271,0.1502306,284.2787,287.5418
Turkiye,2019,12,278.38528,274.5888,2.2084944,0.0034186714,5.6092915e+06,0.3051356,0.2663708,0.17510274,279.21027,282.42593
Turkiye,2020,1,275.2972,270.8614,2.4628499,0.0025185158,6.20333e+06,0.31499833,0.3040065,0.220202,276.8545,279.21512
Turkiye,2020,2,277.51004,272.65436,2.7207458,0.003383689,8.3224575e+06,0.33826917,0.32671613,0.24667203,278.0441,278.86328
Turkiye,2020,3,281.70132,275.32,2.5715587,0.0021129358,1.275197e+07,0.29779482,0.2887234,0.24967398,281.2614,280.9305
Turkiye,2020,4,284.62534,276.39847,2.4288208,0.0016561258,1.7428342e+07,0.26365682,0.26087728,0.23607053,284.30316,283.0634
Turkiye,2020,5,289.89096,279.9363,2.479876,0.0020027612,2.0254892e+07,0.22695957,0.2215533,0.21077602,289.61786,287.42575
Turkiye,2020,6,293.41556,283.69775,2.253344,0.0014060673,2.1844976e+07,0.19479266,0.19068763,0.19167468,293.5076,290.79858
Turkiye,2020,7,298.02496,285.71097,2.7298138,0.00014277508,2.308459e+07,0.12899588,0.1533434,0.17497543,298.7225,295.5529
Turkiye,2020,8,297.2423,283.09494,2.6167107,0.00016195899,2.0957224e+07,0.11586599,0.13300629,0.1542768,298.57886,296.95334
Turkiye,2020,9,295.9513,284.04633,2.3885026,0.0003049976,1.6410206e+07,0.1183271,0.12232656,0.14232892,297.25443,296.74777
Turkiye,2020,10,290.6221,279.9654,1.9788468,0.0008663278,1.2111367e+07,0.15998337,0.12646224,0.13982575,291.72287,293.47058
Turkiye,2020,11,281.21082,274.9663,2.2402818,0.00093434233,8.3277715e+06,0.2134764,0.17014313,0.14349379,282.70126,287.2426
Turkiye,2020,12,279.69424,275.35175,2.1467302,0.0016626233,6.263637e+06,0.2542095,0.21428952,0.15349866,279.66806,282.55133
Turkiye,2021,1,277.7432,273.26163,2.6294239,0.0034893036,6.4757505e+06,0.29400045,0.2679451,0.17826024,278.67194,280.78262
Turkiye,2021,2,278.13184,271.88107,2.6043837,0.0014078617,9.871663e+06,0.2877539,0.28241074,0.2114748,278.956,280.11203
Turkiye,2021,3,278.843,272.7463,2.5863285,0.0032105672,1.2515782e+07,0.29291508,0.27316734,0.2138928,279.33823,279.82047
Turkiye,2021,4,285.17065,277.01935,2.7192607,0.0017219643,1.6511461e+07,0.27174866,0.26926968,0.22415261,284.20404,282.52274
Turkiye,2021,5,291.38745,279.9131,2.5671163,0.00094421033,2.1378738e+07,0.17029235,0.18241687,0.19437711,291.36703,288.53537
Turkiye,2021,6,292.62027,284.05533,2.2652776,0.0015661917,2.1111522e+07,0.20275648,0.18427515,0.1776867,293.16138,290.84116
Turkiye,2021,7,297.781,285.3049,2.8584464,0.00040693284,2.214533e+07,0.13466698,0.14973839,0.16173136,298.4734,295.41293
Turkiye,2021,8,297.60876,284.5571,2.5943253,0.0004460109,2.0205728e+07,0.12994625,0.13386118,0.14545274,298.76035,296.82745
Turkiye,2021,9,291.77655,282.19788,2.508838,0.00090753904,1.5467313e+07,0.1559729,0.1363178,0.13327664,293.94196,294.92624
Turkiye,2021,10,286.69208,277.8431,2.211777,0.00073334796,1.1922637e+07,0.1652495,0.15299085,0.13111703,288.18698,290.4746
Turkiye,2021,11,283.3638,277.26825,2.305559,0.0020017524,8.0437455e+06,0.23488566,0.19104952,0.1358321,283.46005,286.13895
Turkiye,2021,12,278.13977,274.00937,2.445695,0.0032969776,5.5968485e+06,0.31574443,0.2886735,0.1725684,279.63657,282.56525
Turkiye,2022,1,274.06128,270.08963,2.5837455,0.0033444895,5.60161e+06,0.32042587,0.30809483,0.21675877,277.08868,279.37503
Turkiye,2022,2,277.21393,272.96298,2.4303882,0.0031561777,8.114884e+06,0.3406765,0.32823768,0.2515912,277.67508,278.3714
Turkiye,2022,3,275.63864,269.72232,2.708672,0.0023779632,1.1967865e+07,0.32672724,0.32763842,0.28591526,277.39594,278.2276
Turkiye,2022,4,286.51672,275.89853,2.6168685,0.0010731472,1.830053e+07,0.21914123,0.22557087,0.24260913,285.15634,282.75348
Turkiye,2022,5,289.1075,279.94067,2.3815804,0.0013245733,2.0188224e+07,0.20703988,0.19942857,0.21516943,288.97455,286.74417
Turkiye,2022,6,293.73764,285.68393,2.5432718,0.0020402833,2.043025e+07,0.20330851,0.18926175,0.19689803,294.05005,291.56464
Turkiye,2022,7,296.01004,283.97305,2.9844043,0.0002646622,2.2968718e+07,0.14454247,0.16686204,0.17982426,296.60214,293.94626
Turkiye,2022,8,297.78366,287.20755,2.3812788,0.00064519333,1.942321e+07,0.1384144,0.14704125,0.16755098,298.98227,296.88974
Turkiye,2022,9,293.4221,281.61005,2.36127,0.00052361237,1.6352643e+07,0.14220785,0.1392684,0.15142106,295.09485,295.5271
Turkiye,2022,10,287.55255,279.7602,2.3229232,0.0010242262,1.1034688e+07,0.18632062,0.15233923,0.14031175,289.0773,291.25922
Turkiye,2022,11,283.32645,276.86874,2.2220573,0.0012757,8.385148e+06,0.19319232,0.16282234,0.13652,283.9379,286.74286
Turkiye,2022,12,279.95734,276.28296,1.9969603,0.0013653856,6.568077e+06,0.27765802,0.25245318,0.1621626,280.33694,283.12445
Turkiye,2023,1,277.62894,272.66113,2.07775,0.0015998213,7.7870895e+06,0.28086302,0.2731279,0.19371243,277.3929,279.52032
Turkiye,2023,2,275.46283,269.62244,2.527421,0.0012895848,9.191801e+06,0.27377507,0.26786587,0.2092919,276.8829,278.13635
Turkiye,2023,3,281.50964,276.0384,2.561884,0.0035443846,1.2002823e+07,0.3055513,0.28582743,0.21238685,281.55554,281.22253
Turkiye,2023,4,284.12064,277.76825,2.4635012,0.0031709557,1.6187449e+07,0.30888736,0.29565224,0.23079894,283.94662,282.93707
Turkiye,2023,5,288.31995,281.84045,2.1015043,0.003001296,1.7923236e+07,0.28220528,0.26627994,0.22260644,288.06134,286.11975
Turkiye,2023,6,292.774,285.84845,2.1871529,0.0026823722,1.9963402e+07,0.26977408,0.26486266,0.22250262,292.53473,290.0748
Turkiye,2023,7,297.3041,284.26846,2.7344139,0.00042028428,2.29604e+07,0.14484982,0.17046401,0.19089144,297.75494,294.70883
Turkiye,2023,8,299.09146,285.77313,2.482807,0.00023310812,2.0357204e+07,0.117964044,0.13596234,0.16377968,300.24475,297.76163
Turkiye,2023,9,293.78058,282.7764,2.3928738,0.00085546094,1.6192858e+07,0.14264582,0.12921187,0.14073737,295.69214,295.90826
Turkiye,2023,10,289.05664,280.6245,1.9986665,0.0008619986,1.166585e+07,0.18478324,0.15181601,0.13603874,290.15103,292.0075
Turkiye,2023,11,284.53836,279.09305,2.696556,0.0037731824,7.426321e+06,0.24988213,0.20429838,0.14328034,285.78464,288.75787
Turkiye,2023,12,280.53333,276.77814,2.1631944,0.0021816003,6.2213645e+06,0.32294485,0.30508164,0.20047078,280.86206,283.5236
Turkiye,2024,1,277.9408,274.15768,2.6525784,0.0029984724,6.2955885e+06,0.3369683,0.32404903,0.23991296,278.786,280.96356
Turkiye,2024,2,280.04645,274.4572,2.175676,0.001148121,9.967416e+06,0.30336463,0.29967263,0.25478736,279.35263,280.01724
Turkiye,2024,3,281.63748,275.10666,2.193386,0.0019997999,1.398466e+07,0.29017875,0.27739528,0.24251534,281.3898,281.24765
Turkiye,2024,4,288.84094,278.8764,2.6453717,0.0011374323,1.7897576e+07,0.20211862,0.20945035,0.21252458,288.06223,285.781
Turkiye,2024,5,288.85336,281.38568,2.3316395,0.002619756,1.8610728e+07,0.24630204,0.21843675,0.19385257,289.5187,288.12048
Turkiye,2024,6,297.55283,284.35138,2.5725296,0.00045781388,2.3311474e+07,0.15668269,0.16990004,0.17183979,297.52438,293.71487
Turkiye,2024,7,298.2845,286.8659,2.8807383,0.00084007415,2.134251e+07,0.14746657,0.14080197,0.15203439,299.45102,296.92517
Turkiye,2024,8,297.90576,285.46323,2.5444703,0.00054320536,1.9916152e+07,0.12832361,0.12709345,0.13399139,299.81448,298.13635
Turkiye,2024,9,293.77625,284.5142,2.0628867,0.0014084992,1.4959586e+07,0.16888429,0.13378724,0.120216504,295.69376,296.2841
Turkiye,2024,10,287.64127,278.23587,2.251124,0.00037810928,1.2143546e+07,0.15523925,0.13638602,0.11760613,289.52832,292.24167
Turkiye,2024,11,280.9989,275.1049,2.2843223,0.00197064,7.633201e+06,0.19834928,0.15502661,0.12044404,283.05435,286.83856
Turkiye,2024,12,278.63342,275.31342,2.280542,0.0033949954,5.3382805e+06,0.30466536,0.2641072,0.15266018,279.4599,282.41757
