Area Code,Area Code (M49),Area,Item Code,Item Code (CPC),Item,Element Code,Element,Year Code,Year,Unit,Value,Flag,Note,Country
4,'012,Algeria,260,'01450,Olives,5312,Area harvested,1961,1961,ha,0.0,A,,Algeria
4,'012,Algeria,260,'01450,Olives,5312,Area harvested,1962,1962,ha,0.0,A,,Algeria
4,'012,Algeria,260,'01450,Olives,5312,Area harvested,1963,1963,ha,0.0,A,,Algeria
4,'012,Algeria,260,'01450,Olives,5312,Area harvested,1964,1964,ha,0.0,A,,Algeria
4,'012,Algeria,260,'01450,Olives,5312,Area harvested,1965,1965,ha,0.0,A,,Algeria
4,'012,Algeria,260,'01450,Olives,5312,Area harvested,1966,1966,ha,0.0,A,,Algeria
4,'012,Algeria,260,'01450,Olives,5312,Area harvested,1967,1967,ha,0.0,A,,Algeria
4,'012,Algeria,260,'01450,Olives,5312,Area harvested,1968,1968,ha,0.0,A,,Algeria
4,'012,Algeria,260,'01450,Olives,5312,Area harvested,1969,1969,ha,97260.0,A,,Algeria
4,'012,Algeria,260,'01450,Olives,5312,Area harvested,1970,1970,ha,98840.0,A,,Algeria
4,'012,Algeria,260,'01450,Olives,5312,Area harvested,1971,1971,ha,125090.0,A,,Algeria
4,'012,Algeria,260,'01450,Olives,5312,Area harvested,1972,1972,ha,146300.0,A,,Algeria
4,'012,Algeria,260,'01450,Olives,5312,Area harvested,1973,1973,ha,151130.0,A,,Algeria
4,'012,Algeria,260,'01450,Olives,5312,Area harvested,1974,1974,ha,166220.0,A,,Algeria
4,'012,Algeria,260,'01450,Olives,5312,Area harvested,1975,1975,ha,175910.0,A,,Algeria
4,'012,Algeria,260,'01450,Olives,5312,Area harvested,1976,1976,ha,184080.0,A,,Algeria
4,'012,Algeria,260,'01450,Olives,5312,Area harvested,1977,1977,ha,167020.0,A,,Algeria
4,'012,Algeria,260,'01450,Olives,5312,Area harvested,1978,1978,ha,171220.0,A,,Algeria
4,'012,Algeria,260,'01450,Olives,5312,Area harvested,1979,1979,ha,182180.0,A,,Algeria
4,'012,Algeria,260,'01450,Olives,5312,Area harvested,1980,1980,ha,179540.0,A,,Algeria
4,'012,Algeria,260,'01450,Olives,5312,Area harvested,1981,1981,ha,176370.0,A,,Algeria
4,'012,Algeria,260,'01450,Olives,5312,Area harvested,1982,1982,ha,176880.0,A,,Algeria
4,'012,Algeria,260,'01450,Olives,5312,Area harvested,1983,1983,ha,184260.0,A,,Algeria
4,'012,Algeria,260,'01450,Olives,5312,Area harvested,1984,1984,ha,161260.0,A,,Algeria
4,'012,Algeria,260,'01450,Olives,5312,Area harvested,1985,1985,ha,162740.0,A,,Algeria
4,'012,Algeria,260,'01450,Olives,5312,Area harvested,1986,1986,ha,164630.0,A,,Algeria
4,'012,Algeria,260,'01450,Olives,5312,Area harvested,1987,1987,ha,161680.0,A,,Algeria
4,'012,Algeria,260,'01450,Olives,5312,Area harvested,1988,1988,ha,161150.0,A,,Algeria
4,'012,Algeria,260,'01450,Olives,5312,Area harvested,1989,1989,ha,161500.0,A,,Algeria
4,'012,Algeria,260,'01450,Olives,5312,Area harvested,1990,1990,ha,170170.0,A,,Algeria
4,'012,Algeria,260,'01450,Olives,5312,Area harvested,1991,1991,ha,164520.0,A,,Algeria
4,'012,Algeria,260,'01450,Olives,5312,Area harvested,1992,1992,ha,164290.0,A,,Algeria
4,'012,Algeria,260,'01450,Olives,5312,Area harvested,1993,1993,ha,161380.0,A,,Algeria
4,'012,Algeria,260,'01450,Olives,5312,Area harvested,1994,1994,ha,161260.0,A,,Algeria
4,'012,Algeria,260,'01450,Olives,5312,Area harvested,1995,1995,ha,160780.0,A,,Algeria
4,'012,Algeria,260,'01450,Olives,5312,Area harvested,1996,1996,ha,165040.0,A,,Algeria
4,'012,Algeria,260,'01450,Olives,5312,Area harvested,1997,1997,ha,162840.0,A,,Algeria
4,'012,Algeria,260,'01450,Olives,5312,Area harvested,1998,1998,ha,165260.0,A,,Algeria
4,'012,Algeria,260,'01450,Olives,5312,Area harvested,1999,1999,ha,165600.0,A,,Algeria
4,'012,Algeria,260,'01450,Olives,5312,Area harvested,2000,2000,ha,168080.0,A,,Algeria
4,'012,Algeria,260,'01450,Olives,5312,Area harvested,2001,2001,ha,177220.0,A,,Algeria
4,'012,Algeria,260,'01450,Olives,5312,Area harvested,2002,2002,ha,190550.0,A,,Algeria
4,'012,Algeria,260,'01450,Olives,5312,Area harvested,2003,2003,ha,209730.0,A,,Algeria
4,'012,Algeria,260,'01450,Olives,5312,Area harvested,2004,2004,ha,226337.0,A,,Algeria
4,'012,Algeria,260,'01450,Olives,5312,Area harvested,2005,2005,ha,239352.0,A,,Algeria
4,'012,Algeria,260,'01450,Olives,5312,Area harvested,2006,2006,ha,263352.0,A,,Algeria
4,'012,Algeria,260,'01450,Olives,5312,Area harvested,2007,2007,ha,276253.0,A,,Algeria
4,'012,Algeria,260,'01450,Olives,5312,Area harvested,2008,2008,ha,282460.0,A,,Algeria
4,'012,Algeria,260,'01450,Olives,5312,Area harvested,2009,2009,ha,288442.0,A,,Algeria
4,'012,Algeria,260,'01450,Olives,5312,Area harvested,2010,2010,ha,294200.0,A,,Algeria
4,'012,Algeria,260,'01450,Olives,5312,Area harvested,2011,2011,ha,311930.0,A,,Algeria
4,'012,Algeria,260,'01450,Olives,5312,Area harvested,2012,2012,ha,328884.0,A,,Algeria
4,'012,Algeria,260,'01450,Olives,5312,Area harvested,2013,2013,ha,348196.0,A,,Algeria
4,'012,Algeria,260,'01450,Olives,5312,Area harvested,2014,2014,ha,383443.0,A,,Algeria
4,'012,Algeria,260,'01450,Olives,5312,Area harvested,2015,2015,ha,406571.0,A,,Algeria
4,'012,Algeria,260,'01450,Olives,5312,Area harvested,2016,2016,ha,423683.0,A,,Algeria
4,'012,Algeria,260,'01450,Olives,5312,Area harvested,2017,2017,ha,432959.0,A,,Algeria
4,'012,Algeria,260,'01450,Olives,5312,Area harvested,2018,2018,ha,431009.0,A,,Algeria
4,'012,Algeria,260,'01450,Olives,5312,Area harvested,2019,2019,ha,431506.0,A,,Algeria
4,'012,Algeria,260,'01450,Olives,5312,Area harvested,2020,2020,ha,438828.0,A,,Algeria
4,'012,Algeria,260,'01450,Olives,5312,Area harvested,2021,2021,ha,440008.0,A,,Algeria
4,'012,Algeria,260,'01450,Olives,5312,Area harvested,2022,2022,ha,470759.0,I,,Algeria
4,'012,Algeria,260,'01450,Olives,5312,Area harvested,2023,2023,ha,486141.0,I,,Algeria
4,'012,Algeria,260,'01450,Olives,5312,Area harvested,2024,2024,ha,474116.0,I,,Algeria
4,'012,Algeria,260,'01450,Olives,5412,Yield,1969,1969,kg/ha,1222.5,A,,Algeria
4,'012,Algeria,260,'01450,Olives,5412,Yield,1970,1970,kg/ha,1391.9,A,,Algeria
4,'012,Algeria,260,'01450,Olives,5412,Yield,1971,1971,kg/ha,1341.7,A,,Algeria
4,'012,Algeria,260,'01450,Olives,5412,Yield,1972,1972,kg/ha,1172.6,A,,Algeria
4,'012,Algeria,260,'01450,Olives,5412,Yield,1973,1973,kg/ha,787.8,A,,Algeria
4,'012,Algeria,260,'01450,Olives,5412,Yield,1974,1974,kg/ha,1040.2,A,,Algeria
4,'012,Algeria,260,'01450,Olives,5412,Yield,1975,1975,kg/ha,1121.4,A,,Algeria
4,'012,Algeria,260,'01450,Olives,5412,Yield,1976,1976,kg/ha,1200.6,A,,Algeria
4,'012,Algeria,260,'01450,Olives,5412,Yield,1977,1977,kg/ha,696.7,A,,Algeria
4,'012,Algeria,260,'01450,Olives,5412,Yield,1978,1978,kg/ha,516.4,A,,Algeria
4,'012,Algeria,260,'01450,Olives,5412,Yield,1979,1979,kg/ha,861.3,A,,Algeria
4,'012,Algeria,260,'01450,Olives,5412,Yield,1980,1980,kg/ha,576.1,A,,Algeria
4,'012,Algeria,260,'01450,Olives,5412,Yield,1981,1981,kg/ha,1212.3,A,,Algeria
4,'012,Algeria,260,'01450,Olives,5412,Yield,1982,1982,kg/ha,810.0,A,,Algeria
4,'012,Algeria,260,'01450,Olives,5412,Yield,1983,1983,kg/ha,734.4,A,,Algeria
4,'012,Algeria,260,'01450,Olives,5412,Yield,1984,1984,kg/ha,632.7,A,,Algeria
4,'012,Algeria,260,'01450,Olives,5412,Yield,1985,1985,kg/ha,978.0,A,,Algeria
4,'012,Algeria,260,'01450,Olives,5412,Yield,1986,1986,kg/ha,1224.7,A,,Algeria
4,'012,Algeria,260,'01450,Olives,5412,Yield,1987,1987,kg/ha,1040.2,A,,Algeria
4,'012,Algeria,260,'01450,Olives,5412,Yield,1988,1988,kg/ha,886.7,A,,Algeria
4,'012,Algeria,260,'01450,Olives,5412,Yield,1989,1989,kg/ha,572.5,A,,Algeria
4,'012,Algeria,260,'01450,Olives,5412,Yield,1990,1990,kg/ha,1045.5,A,,Algeria
4,'012,Algeria,260,'01450,Olives,5412,Yield,1991,1991,kg/ha,533.3,A,,Algeria
4,'012,Algeria,260,'01450,Olives,5412,Yield,1992,1992,kg/ha,1616.2,A,,Algeria
4,'012,Algeria,260,'01450,Olives,5412,Yield,1993,1993,kg/ha,1276.9,A,,Algeria
4,'012,Algeria,260,'01450,Olives,5412,Yield,1994,1994,kg/ha,1056.4,A,,Algeria
4,'012,Algeria,260,'01450,Olives,5412,Yield,1995,1995,kg/ha,814.6,A,,Algeria
4,'012,Algeria,260,'01450,Olives,5412,Yield,1996,1996,kg/ha,1898.5,A,,Algeria
4,'012,Algeria,260,'01450,Olives,5412,Yield,1997,1997,kg/ha,1961.9,A,,Algeria
4,'012,Algeria,260,'01450,Olives,5412,Yield,1998,1998,kg/ha,750.7,A,,Algeria
4,'012,Algeria,260,'01450,Olives,5412,Yield,1999,1999,kg/ha,2194.3,A,,Algeria
4,'012,Algeria,260,'01450,Olives,5412,Yield,2000,2000,kg/ha,1291.7,A,,Algeria
4,'012,Algeria,260,'01450,Olives,5412,Yield,2001,2001,kg/ha,1130.5,A,,Algeria
4,'012,Algeria,260,'01450,Olives,5412,Yield,2002,2002,kg/ha,1007.2,A,,Algeria
4,'012,Algeria,260,'01450,Olives,5412,Yield,2003,2003,kg/ha,799.3,A,,Algeria
4,'012,Algeria,260,'01450,Olives,5412,Yield,2004,2004,kg/ha,2071.2,A,,Algeria
4,'012,Algeria,260,'01450,Olives,5412,Yield,2005,2005,kg/ha,1322.3,A,,Algeria
4,'012,Algeria,260,'01450,Olives,5412,Yield,2006,2006,kg/ha,1005.2,A,,Algeria
4,'012,Algeria,260,'01450,Olives,5412,Yield,2007,2007,kg/ha,756.4,A,,Algeria
4,'012,Algeria,260,'01450,Olives,5412,Yield,2008,2008,kg/ha,899.5,A,,Algeria
4,'012,Algeria,260,'01450,Olives,5412,Yield,2009,2009,kg/ha,1647.4,A,,Algeria
4,'012,Algeria,260,'01450,Olives,5412,Yield,2010,2010,kg/ha,1058.0,A,,Algeria
4,'012,Algeria,260,'01450,Olives,5412,Yield,2011,2011,kg/ha,1958.1,A,,Algeria
4,'012,Algeria,260,'01450,Olives,5412,Yield,2012,2012,kg/ha,1197.5,A,,Algeria
4,'012,Algeria,260,'01450,Olives,5412,Yield,2013,2013,kg/ha,1662.1,A,,Algeria
4,'012,Algeria,260,'01450,Olives,5412,Yield,2014,2014,kg/ha,1259.3,A,,Algeria
4,'012,Algeria,260,'01450,Olives,5412,Yield,2015,2015,kg/ha,1607.9,A,,Algeria
4,'012,Algeria,260,'01450,Olives,5412,Yield,2016,2016,kg/ha,1643.8,A,,Algeria
4,'012,Algeria,260,'01450,Olives,5412,Yield,2017,2017,kg/ha,1580.9,A,,Algeria
4,'012,Algeria,260,'01450,Olives,5412,Yield,2018,2018,kg/ha,1997.1,A,,Algeria
4,'012,Algeria,260,'01450,Olives,5412,Yield,2019,2019,kg/ha,2013.3,A,,Algeria
4,'012,Algeria,260,'01450,Olives,5412,Yield,2020,2020,kg/ha,2460.0,A,,Algeria
4,'012,Algeria,260,'01450,Olives,5412,Yield,2021,2021,kg/ha,1601.4,A,,Algeria
4,'012,Algeria,260,'01450,Olives,5412,Yield,2022,2022,kg/ha,1807.4,E,,Algeria
4,'012,Algeria,260,'01450,Olives,5412,Yield,2023,2023,kg/ha,1878.8,E,,Algeria
4,'012,Algeria,260,'01450,Olives,5412,Yield,2024,2024,kg/ha,1926.2,E,,Algeria
4,'012,Algeria,260,'01450,Olives,5510,Production,1961,1961,t,160000.0,A,,Algeria
4,'012,Algeria,260,'01450,Olives,5510,Production,1962,1962,t,143000.0,A,,Algeria
4,'012,Algeria,260,'01450,Olives,5510,Production,1963,1963,t,148300.0,A,,Algeria
4,'012,Algeria,260,'01450,Olives,5510,Production,1964,1964,t,148559.0,A,,Algeria
4,'012,Algeria,260,'01450,Olives,5510,Production,1965,1965,t,153169.0,A,,Algeria
4,'012,Algeria,260,'01450,Olives,5510,Production,1966,1966,t,143030.0,A,,Algeria
4,'012,Algeria,260,'01450,Olives,5510,Production,1967,1967,t,138189.0,A,,Algeria
4,'012,Algeria,260,'01450,Olives,5510,Production,1968,1968,t,171639.0,A,,Algeria
4,'012,Algeria,260,'01450,Olives,5510,Production,1969,1969,t,118902.0,A,,Algeria
4,'012,Algeria,260,'01450,Olives,5510,Production,1970,1970,t,137571.0,A,,Algeria
4,'012,Algeria,260,'01450,Olives,5510,Production,1971,1971,t,167836.0,A,,Algeria
4,'012,Algeria,260,'01450,Olives,5510,Production,1972,1972,t,171550.0,A,,Algeria
4,'012,Algeria,260,'01450,Olives,5510,Production,1973,1973,t,119061.0,A,,Algeria
4,'012,Algeria,260,'01450,Olives,5510,Production,1974,1974,t,172896.0,A,,Algeria
4,'012,Algeria,260,'01450,Olives,5510,Production,1975,1975,t,197267.0,A,,Algeria
4,'012,Algeria,260,'01450,Olives,5510,Production,1976,1976,t,221015.0,A,,Algeria
4,'012,Algeria,260,'01450,Olives,5510,Production,1977,1977,t,116363.0,A,,Algeria
4,'012,Algeria,260,'01450,Olives,5510,Production,1978,1978,t,88414.0,A,,Algeria
4,'012,Algeria,260,'01450,Olives,5510,Production,1979,1979,t,156920.0,A,,Algeria
4,'012,Algeria,260,'01450,Olives,5510,Production,1980,1980,t,103431.0,A,,Algeria
4,'012,Algeria,260,'01450,Olives,5510,Production,1981,1981,t,213812.0,A,,Algeria
4,'012,Algeria,260,'01450,Olives,5510,Production,1982,1982,t,143265.0,A,,Algeria
4,'012,Algeria,260,'01450,Olives,5510,Production,1983,1983,t,135317.0,A,,Algeria
4,'012,Algeria,260,'01450,Olives,5510,Production,1984,1984,t,102031.0,A,,Algeria
4,'012,Algeria,260,'01450,Olives,5510,Production,1985,1985,t,159155.0,A,,Algeria
4,'012,Algeria,260,'01450,Olives,5510,Production,1986,1986,t,201625.0,A,,Algeria
4,'012,Algeria,260,'01450,Olives,5510,Production,1987,1987,t,168172.0,A,,Algeria
4,'012,Algeria,260,'01450,Olives,5510,Production,1988,1988,t,142892.0,A,,Algeria
4,'012,Algeria,260,'01450,Olives,5510,Production,1989,1989,t,92453.0,A,,Algeria
4,'012,Algeria,260,'01450,Olives,5510,Production,1990,1990,t,177907.0,A,,Algeria
4,'012,Algeria,260,'01450,Olives,5510,Production,1991,1991,t,87736.0,A,,Algeria
4,'012,Algeria,260,'01450,Olives,5510,Production,1992,1992,t,265520.0,A,,Algeria
4,'012,Algeria,260,'01450,Olives,5510,Production,1993,1993,t,206073.0,A,,Algeria
4,'012,Algeria,260,'01450,Olives,5510,Production,1994,1994,t,170360.0,A,,Algeria
4,'012,Algeria,260,'01450,Olives,5510,Production,1995,1995,t,130964.0,A,,Algeria
4,'012,Algeria,260,'01450,Olives,5510,Production,1996,1996,t,313334.0,A,,Algeria
4,'012,Algeria,260,'01450,Olives,5510,Production,1997,1997,t,319474.0,A,,Algeria
4,'012,Algeria,260,'01450,Olives,5510,Production,1998,1998,t,124060.0,A,,Algeria
4,'012,Algeria,260,'01450,Olives,5510,Production,1999,1999,t,363381.0,A,,Algeria
4,'012,Algeria,260,'01450,Olives,5510,Production,2000,2000,t,217112.0,A,,Algeria
4,'012,Algeria,260,'01450,Olives,5510,Production,2001,2001,t,200339.0,A,,Algeria
4,'012,Algeria,260,'01450,Olives,5510,Production,2002,2002,t,191926.0,A,,Algeria
4,'012,Algeria,260,'01450,Olives,5510,Production,2003,2003,t,167627.0,A,,Algeria
4,'012,Algeria,260,'01450,Olives,5510,Production,2004,2004,t,468800.0,A,,Algeria
4,'012,Algeria,260,'01450,Olives,5510,Production,2005,2005,t,316489.0,A,,Algeria
4,'012,Algeria,260,'01450,Olives,5510,Production,2006,2006,t,264733.0,A,,Algeria
4,'012,Algeria,260,'01450,Olives,5510,Production,2007,2007,t,208952.0,A,,Algeria
4,'012,Algeria,260,'01450,Olives,5510,Production,2008,2008,t,254067.0,A,,Algeria
4,'012,Algeria,260,'01450,Olives,5510,Production,2009,2009,t,475182.0,A,,Algeria
4,'012,Algeria,260,'01450,Olives,5510,Production,2010,2010,t,311252.0,A,,Algeria
4,'012,Algeria,260,'01450,Olives,5510,Production,2011,2011,t,610776.0,A,,Algeria
4,'012,Algeria,260,'01450,Olives,5510,Production,2012,2012,t,393840.0,A,,Algeria
4,'012,Algeria,260,'01450,Olives,5510,Production,2013,2013,t,578740.0,A,,Algeria
4,'012,Algeria,260,'01450,Olives,5510,Production,2014,2014,t,482860.0,A,,Algeria
4,'012,Algeria,260,'01450,Olives,5510,Production,2015,2015,t,653725.0,A,,Algeria
4,'012,Algeria,260,'01450,Olives,5510,Production,2016,2016,t,696431.48,A,,Algeria
4,'012,Algeria,260,'01450,Olives,5510,Production,2017,2017,t,684460.56,A,,Algeria
4,'012,Algeria,260,'01450,Olives,5510,Production,2018,2018,t,860784.44,A,,Algeria
4,'012,Algeria,260,'01450,Olives,5510,Production,2019,2019,t,868754.0,A,,Algeria
4,'012,Algeria,260,'01450,Olives,5510,Production,2020,2020,t,1079508.0,A,,Algeria
4,'012,Algeria,260,'01450,Olives,5510,Production,2021,2021,t,704619.0,A,,Algeria
4,'012,Algeria,260,'01450,Olives,5510,Production,2022,2022,t,850868.13,I,,Algeria
4,'012,Algeria,260,'01450,Olives,5510,Production,2023,2023,t,913339.99,I,,Algeria
4,'012,Algeria,260,'01450,Olives,5510,Production,2024,2024,t,913242.78,I,,Algeria
59,'818,Egypt,260,'01450,Olives,5312,Area harvested,1961,1961,ha,2800.0,E,,Egypt
59,'818,Egypt,260,'01450,Olives,5312,Area harvested,1962,1962,ha,4000.0,E,,Egypt
59,'818,Egypt,260,'01450,Olives,5312,Area harvested,1963,1963,ha,2700.0,E,,Egypt
59,'818,Egypt,260,'01450,Olives,5312,Area harvested,1964,1964,ha,3500.0,E,,Egypt
59,'818,Egypt,260,'01450,Olives,5312,Area harvested,1965,1965,ha,3500.0,E,,Egypt
59,'818,Egypt,260,'01450,Olives,5312,Area harvested,1966,1966,ha,2300.0,E,,Egypt
59,'818,Egypt,260,'01450,Olives,5312,Area harvested,1967,1967,ha,3700.0,E,,Egypt
59,'818,Egypt,260,'01450,Olives,5312,Area harvested,1968,1968,ha,2500.0,E,,Egypt
59,'818,Egypt,260,'01450,Olives,5312,Area harvested,1969,1969,ha,2500.0,E,,Egypt
59,'818,Egypt,260,'01450,Olives,5312,Area harvested,1970,1970,ha,2300.0,E,,Egypt
59,'818,Egypt,260,'01450,Olives,5312,Area harvested,1971,1971,ha,2000.0,E,,Egypt
59,'818,Egypt,260,'01450,Olives,5312,Area harvested,1972,1972,ha,2500.0,E,,Egypt
59,'818,Egypt,260,'01450,Olives,5312,Area harvested,1973,1973,ha,2500.0,E,,Egypt
59,'818,Egypt,260,'01450,Olives,5312,Area harvested,1974,1974,ha,2500.0,E,,Egypt
59,'818,Egypt,260,'01450,Olives,5312,Area harvested,1975,1975,ha,2500.0,E,,Egypt
59,'818,Egypt,260,'01450,Olives,5312,Area harvested,1976,1976,ha,2700.0,E,,Egypt
59,'818,Egypt,260,'01450,Olives,5312,Area harvested,1977,1977,ha,1680.0,X,Unofficial figure,Egypt
59,'818,Egypt,260,'01450,Olives,5312,Area harvested,1978,1978,ha,1660.0,E,,Egypt
59,'818,Egypt,260,'01450,Olives,5312,Area harvested,1979,1979,ha,1699.0,A,,Egypt
59,'818,Egypt,260,'01450,Olives,5312,Area harvested,1980,1980,ha,2152.0,A,,Egypt
59,'818,Egypt,260,'01450,Olives,5312,Area harvested,1981,1981,ha,2226.0,A,,Egypt
59,'818,Egypt,260,'01450,Olives,5312,Area harvested,1982,1982,ha,2300.0,A,,Egypt
59,'818,Egypt,260,'01450,Olives,5312,Area harvested,1983,1983,ha,2500.0,A,,Egypt
59,'818,Egypt,260,'01450,Olives,5312,Area harvested,1984,1984,ha,2520.0,A,,Egypt
59,'818,Egypt,260,'01450,Olives,5312,Area harvested,1985,1985,ha,2520.0,A,,Egypt
59,'818,Egypt,260,'01450,Olives,5312,Area harvested,1986,1986,ha,7980.0,A,,Egypt
59,'818,Egypt,260,'01450,Olives,5312,Area harvested,1987,1987,ha,9660.0,A,,Egypt
59,'818,Egypt,260,'01450,Olives,5312,Area harvested,1988,1988,ha,9240.0,A,,Egypt
59,'818,Egypt,260,'01450,Olives,5312,Area harvested,1989,1989,ha,9660.0,A,,Egypt
59,'818,Egypt,260,'01450,Olives,5312,Area harvested,1990,1990,ha,9050.0,A,,Egypt
59,'818,Egypt,260,'01450,Olives,5312,Area harvested,1991,1991,ha,10700.0,A,,Egypt
59,'818,Egypt,260,'01450,Olives,5312,Area harvested,1992,1992,ha,22683.0,A,,Egypt
59,'818,Egypt,260,'01450,Olives,5312,Area harvested,1993,1993,ha,26805.0,A,,Egypt
59,'818,Egypt,260,'01450,Olives,5312,Area harvested,1994,1994,ha,20121.0,A,,Egypt
59,'818,Egypt,260,'01450,Olives,5312,Area harvested,1995,1995,ha,22076.0,A,,Egypt
59,'818,Egypt,260,'01450,Olives,5312,Area harvested,1996,1996,ha,23445.0,A,,Egypt
59,'818,Egypt,260,'01450,Olives,5312,Area harvested,1997,1997,ha,24000.0,E,,Egypt
59,'818,Egypt,260,'01450,Olives,5312,Area harvested,1998,1998,ha,25000.0,A,,Egypt
59,'818,Egypt,260,'01450,Olives,5312,Area harvested,1999,1999,ha,43669.0,A,,Egypt
59,'818,Egypt,260,'01450,Olives,5312,Area harvested,2000,2000,ha,45513.0,A,,Egypt
59,'818,Egypt,260,'01450,Olives,5312,Area harvested,2001,2001,ha,47519.0,A,,Egypt
59,'818,Egypt,260,'01450,Olives,5312,Area harvested,2002,2002,ha,49532.0,A,,Egypt
59,'818,Egypt,260,'01450,Olives,5312,Area harvested,2003,2003,ha,49873.0,A,,Egypt
59,'818,Egypt,260,'01450,Olives,5312,Area harvested,2004,2004,ha,49086.0,A,,Egypt
59,'818,Egypt,260,'01450,Olives,5312,Area harvested,2005,2005,ha,49000.0,E,,Egypt
59,'818,Egypt,260,'01450,Olives,5312,Area harvested,2006,2006,ha,49000.0,A,,Egypt
59,'818,Egypt,260,'01450,Olives,5312,Area harvested,2007,2007,ha,46540.0,A,,Egypt
59,'818,Egypt,260,'01450,Olives,5312,Area harvested,2008,2008,ha,46200.0,A,,Egypt
59,'818,Egypt,260,'01450,Olives,5312,Area harvested,2009,2009,ha,46274.0,A,,Egypt
59,'818,Egypt,260,'01450,Olives,5312,Area harvested,2010,2010,ha,50161.0,A,,Egypt
59,'818,Egypt,260,'01450,Olives,5312,Area harvested,2011,2011,ha,52668.0,A,,Egypt
59,'818,Egypt,260,'01450,Olives,5312,Area harvested,2012,2012,ha,57551.0,A,,Egypt
59,'818,Egypt,260,'01450,Olives,5312,Area harvested,2013,2013,ha,61711.0,A,,Egypt
59,'818,Egypt,260,'01450,Olives,5312,Area harvested,2014,2014,ha,60837.0,A,,Egypt
59,'818,Egypt,260,'01450,Olives,5312,Area harvested,2015,2015,ha,69707.0,A,,Egypt
59,'818,Egypt,260,'01450,Olives,5312,Area harvested,2016,2016,ha,78968.0,A,,Egypt
59,'818,Egypt,260,'01450,Olives,5312,Area harvested,2017,2017,ha,91826.0,A,,Egypt
59,'818,Egypt,260,'01450,Olives,5312,Area harvested,2018,2018,ha,89955.0,A,,Egypt
59,'818,Egypt,260,'01450,Olives,5312,Area harvested,2019,2019,ha,103000.0,A,,Egypt
59,'818,Egypt,260,'01450,Olives,5312,Area harvested,2020,2020,ha,101000.0,A,,Egypt
59,'818,Egypt,260,'01450,Olives,5312,Area harvested,2021,2021,ha,108360.0,A,,Egypt
59,'818,Egypt,260,'01450,Olives,5312,Area harvested,2022,2022,ha,112657.0,A,,Egypt
59,'818,Egypt,260,'01450,Olives,5312,Area harvested,2023,2023,ha,116687.0,A,,Egypt
59,'818,Egypt,260,'01450,Olives,5312,Area harvested,2024,2024,ha,117744.0,I,,Egypt
59,'818,Egypt,260,'01450,Olives,5412,Yield,1961,1961,kg/ha,3058.6,E,,Egypt
59,'818,Egypt,260,'01450,Olives,5412,Yield,1962,1962,kg/ha,2931.3,E,,Egypt
59,'818,Egypt,260,'01450,Olives,5412,Yield,1963,1963,kg/ha,2890.7,E,,Egypt
59,'818,Egypt,260,'01450,Olives,5412,Yield,1964,1964,kg/ha,2951.1,E,,Egypt
59,'818,Egypt,260,'01450,Olives,5412,Yield,1965,1965,kg/ha,2962.9,E,,Egypt
59,'818,Egypt,260,'01450,Olives,5412,Yield,1966,1966,kg/ha,3022.6,E,,Egypt
59,'818,Egypt,260,'01450,Olives,5412,Yield,1967,1967,kg/ha,2973.0,E,,Egypt
59,'818,Egypt,260,'01450,Olives,5412,Yield,1968,1968,kg/ha,3200.0,E,,Egypt
59,'818,Egypt,260,'01450,Olives,5412,Yield,1969,1969,kg/ha,3200.0,E,,Egypt
59,'818,Egypt,260,'01450,Olives,5412,Yield,1970,1970,kg/ha,3043.5,E,,Egypt
59,'818,Egypt,260,'01450,Olives,5412,Yield,1971,1971,kg/ha,2937.5,E,,Egypt
59,'818,Egypt,260,'01450,Olives,5412,Yield,1972,1972,kg/ha,3200.0,E,,Egypt
59,'818,Egypt,260,'01450,Olives,5412,Yield,1973,1973,kg/ha,3200.0,E,,Egypt
59,'818,Egypt,260,'01450,Olives,5412,Yield,1974,1974,kg/ha,3200.0,E,,Egypt
59,'818,Egypt,260,'01450,Olives,5412,Yield,1975,1975,kg/ha,3200.0,E,,Egypt
59,'818,Egypt,260,'01450,Olives,5412,Yield,1976,1976,kg/ha,2821.1,E,,Egypt
59,'818,Egypt,260,'01450,Olives,5412,Yield,1977,1977,kg/ha,3272.6,E,,Egypt
59,'818,Egypt,260,'01450,Olives,5412,Yield,1978,1978,kg/ha,3367.5,E,,Egypt
59,'818,Egypt,260,'01450,Olives,5412,Yield,1979,1979,kg/ha,3595.1,A,,Egypt
59,'818,Egypt,260,'01450,Olives,5412,Yield,1980,1980,kg/ha,1947.5,A,,Egypt
59,'818,Egypt,260,'01450,Olives,5412,Yield,1981,1981,kg/ha,2424.1,A,,Egypt
59,'818,Egypt,260,'01450,Olives,5412,Yield,1982,1982,kg/ha,3304.3,A,,Egypt
59,'818,Egypt,260,'01450,Olives,5412,Yield,1983,1983,kg/ha,3600.0,A,,Egypt
59,'818,Egypt,260,'01450,Olives,5412,Yield,1984,1984,kg/ha,3174.6,A,,Egypt
59,'818,Egypt,260,'01450,Olives,5412,Yield,1985,1985,kg/ha,3571.4,A,,Egypt
59,'818,Egypt,260,'01450,Olives,5412,Yield,1986,1986,kg/ha,3383.5,A,,Egypt
59,'818,Egypt,260,'01450,Olives,5412,Yield,1987,1987,kg/ha,3002.1,A,,Egypt
59,'818,Egypt,260,'01450,Olives,5412,Yield,1988,1988,kg/ha,3312.7,A,,Egypt
59,'818,Egypt,260,'01450,Olives,5412,Yield,1989,1989,kg/ha,3343.4,A,,Egypt
59,'818,Egypt,260,'01450,Olives,5412,Yield,1990,1990,kg/ha,4636.7,A,,Egypt
59,'818,Egypt,260,'01450,Olives,5412,Yield,1991,1991,kg/ha,4553.7,A,,Egypt
59,'818,Egypt,260,'01450,Olives,5412,Yield,1992,1992,kg/ha,4187.8,A,,Egypt
59,'818,Egypt,260,'01450,Olives,5412,Yield,1993,1993,kg/ha,4166.6,A,,Egypt
59,'818,Egypt,260,'01450,Olives,5412,Yield,1994,1994,kg/ha,6475.2,A,,Egypt
59,'818,Egypt,260,'01450,Olives,5412,Yield,1995,1995,kg/ha,9421.2,A,,Egypt
59,'818,Egypt,260,'01450,Olives,5412,Yield,1996,1996,kg/ha,8877.5,A,,Egypt
59,'818,Egypt,260,'01450,Olives,5412,Yield,1997,1997,kg/ha,8333.3,E,,Egypt
59,'818,Egypt,260,'01450,Olives,5412,Yield,1998,1998,kg/ha,8000.0,A,,Egypt
59,'818,Egypt,260,'01450,Olives,5412,Yield,1999,1999,kg/ha,6574.0,A,,Egypt
59,'818,Egypt,260,'01450,Olives,5412,Yield,2000,2000,kg/ha,6190.4,A,,Egypt
59,'818,Egypt,260,'01450,Olives,5412,Yield,2001,2001,kg/ha,6185.0,A,,Egypt
59,'818,Egypt,260,'01450,Olives,5412,Yield,2002,2002,kg/ha,6792.4,A,,Egypt
59,'818,Egypt,260,'01450,Olives,5412,Yield,2003,2003,kg/ha,4104.9,A,,Egypt
59,'818,Egypt,260,'01450,Olives,5412,Yield,2004,2004,kg/ha,6421.2,A,,Egypt
59,'818,Egypt,260,'01450,Olives,5412,Yield,2005,2005,kg/ha,6326.5,E,,Egypt
59,'818,Egypt,260,'01450,Olives,5412,Yield,2006,2006,kg/ha,10204.1,A,,Egypt
59,'818,Egypt,260,'01450,Olives,5412,Yield,2007,2007,kg/ha,10895.0,A,,Egypt
59,'818,Egypt,260,'01450,Olives,5412,Yield,2008,2008,kg/ha,10391.1,A,,Egypt
59,'818,Egypt,260,'01450,Olives,5412,Yield,2009,2009,kg/ha,9703.3,A,,Egypt
59,'818,Egypt,260,'01450,Olives,5412,Yield,2010,2010,kg/ha,7793.5,A,,Egypt
59,'818,Egypt,260,'01450,Olives,5412,Yield,2011,2011,kg/ha,8727.3,A,,Egypt
59,'818,Egypt,260,'01450,Olives,5412,Yield,2012,2012,kg/ha,9783.8,A,,Egypt
59,'818,Egypt,260,'01450,Olives,5412,Yield,2013,2013,kg/ha,8779.5,A,,Egypt
59,'818,Egypt,260,'01450,Olives,5412,Yield,2014,2014,kg/ha,9298.1,A,,Egypt
59,'818,Egypt,260,'01450,Olives,5412,Yield,2015,2015,kg/ha,10026.6,A,,Egypt
59,'818,Egypt,260,'01450,Olives,5412,Yield,2016,2016,kg/ha,11077.2,A,,Egypt
59,'818,Egypt,260,'01450,Olives,5412,Yield,2017,2017,kg/ha,11921.7,A,,Egypt
59,'818,Egypt,260,'01450,Olives,5412,Yield,2018,2018,kg/ha,12047.9,A,,Egypt
59,'818,Egypt,260,'01450,Olives,5412,Yield,2019,2019,kg/ha,9524.3,A,,Egypt
59,'818,Egypt,260,'01450,Olives,5412,Yield,2020,2020,kg/ha,9588.1,A,,Egypt
59,'818,Egypt,260,'01450,Olives,5412,Yield,2021,2021,kg/ha,9750.4,A,,Egypt
59,'818,Egypt,260,'01450,Olives,5412,Yield,2022,2022,kg/ha,8978.1,A,,Egypt
59,'818,Egypt,260,'01450,Olives,5412,Yield,2023,2023,kg/ha,10157.1,A,,Egypt
59,'818,Egypt,260,'01450,Olives,5412,Yield,2024,2024,kg/ha,10784.4,E,,Egypt
59,'818,Egypt,260,'01450,Olives,5510,Production,1961,1961,t,8564.0,A,,Egypt
59,'818,Egypt,260,'01450,Olives,5510,Production,1962,1962,t,11725.0,A,,Egypt
59,'818,Egypt,260,'01450,Olives,5510,Production,1963,1963,t,7805.0,A,,Egypt
59,'818,Egypt,260,'01450,Olives,5510,Production,1964,1964,t,10329.0,A,,Egypt
59,'818,Egypt,260,'01450,Olives,5510,Production,1965,1965,t,10370.0,A,,Egypt
59,'818,Egypt,260,'01450,Olives,5510,Production,1966,1966,t,6952.0,A,,Egypt
59,'818,Egypt,260,'01450,Olives,5510,Production,1967,1967,t,11000.0,A,,Egypt
59,'818,Egypt,260,'01450,Olives,5510,Production,1968,1968,t,8000.0,A,,Egypt
59,'818,Egypt,260,'01450,Olives,5510,Production,1969,1969,t,8000.0,A,,Egypt
59,'818,Egypt,260,'01450,Olives,5510,Production,1970,1970,t,7000.0,A,,Egypt
59,'818,Egypt,260,'01450,Olives,5510,Production,1971,1971,t,5875.0,A,,Egypt
59,'818,Egypt,260,'01450,Olives,5510,Production,1972,1972,t,8000.0,A,,Egypt
59,'818,Egypt,260,'01450,Olives,5510,Production,1973,1973,t,8000.0,A,,Egypt
59,'818,Egypt,260,'01450,Olives,5510,Production,1974,1974,t,8000.0,A,,Egypt
59,'818,Egypt,260,'01450,Olives,5510,Production,1975,1975,t,8000.0,A,,Egypt
59,'818,Egypt,260,'01450,Olives,5510,Production,1976,1976,t,7617.0,A,,Egypt
59,'818,Egypt,260,'01450,Olives,5510,Production,1977,1977,t,5498.0,A,,Egypt
59,'818,Egypt,260,'01450,Olives,5510,Production,1978,1978,t,5590.0,A,,Egypt
59,'818,Egypt,260,'01450,Olives,5510,Production,1979,1979,t,6108.0,A,,Egypt
59,'818,Egypt,260,'01450,Olives,5510,Production,1980,1980,t,4191.0,A,,Egypt
59,'818,Egypt,260,'01450,Olives,5510,Production,1981,1981,t,5396.0,A,,Egypt
59,'818,Egypt,260,'01450,Olives,5510,Production,1982,1982,t,7600.0,A,,Egypt
59,'818,Egypt,260,'01450,Olives,5510,Production,1983,1983,t,9000.0,A,,Egypt
59,'818,Egypt,260,'01450,Olives,5510,Production,1984,1984,t,8000.0,A,,Egypt
59,'818,Egypt,260,'01450,Olives,5510,Production,1985,1985,t,9000.0,A,,Egypt
59,'818,Egypt,260,'01450,Olives,5510,Production,1986,1986,t,27000.0,A,,Egypt
59,'818,Egypt,260,'01450,Olives,5510,Production,1987,1987,t,29000.0,A,,Egypt
59,'818,Egypt,260,'01450,Olives,5510,Production,1988,1988,t,30609.0,A,,Egypt
59,'818,Egypt,260,'01450,Olives,5510,Production,1989,1989,t,32297.0,A,,Egypt
59,'818,Egypt,260,'01450,Olives,5510,Production,1990,1990,t,41962.0,A,,Egypt
59,'818,Egypt,260,'01450,Olives,5510,Production,1991,1991,t,48725.0,A,,Egypt
59,'818,Egypt,260,'01450,Olives,5510,Production,1992,1992,t,94991.0,A,,Egypt
59,'818,Egypt,260,'01450,Olives,5510,Production,1993,1993,t,111687.0,A,,Egypt
59,'818,Egypt,260,'01450,Olives,5510,Production,1994,1994,t,130287.0,A,,Egypt
59,'818,Egypt,260,'01450,Olives,5510,Production,1995,1995,t,207982.0,A,,Egypt
59,'818,Egypt,260,'01450,Olives,5510,Production,1996,1996,t,208133.0,A,,Egypt
59,'818,Egypt,260,'01450,Olives,5510,Production,1997,1997,t,200000.0,E,,Egypt
59,'818,Egypt,260,'01450,Olives,5510,Production,1998,1998,t,200000.0,A,,Egypt
59,'818,Egypt,260,'01450,Olives,5510,Production,1999,1999,t,287080.0,A,,Egypt
59,'818,Egypt,260,'01450,Olives,5510,Production,2000,2000,t,281745.0,A,,Egypt
59,'818,Egypt,260,'01450,Olives,5510,Production,2001,2001,t,293903.0,A,,Egypt
59,'818,Egypt,260,'01450,Olives,5510,Production,2002,2002,t,336442.0,A,,Egypt
59,'818,Egypt,260,'01450,Olives,5510,Production,2003,2003,t,204722.0,A,,Egypt
59,'818,Egypt,260,'01450,Olives,5510,Production,2004,2004,t,315193.0,A,,Egypt
59,'818,Egypt,260,'01450,Olives,5510,Production,2005,2005,t,310000.0,E,,Egypt
59,'818,Egypt,260,'01450,Olives,5510,Production,2006,2006,t,500000.0,A,,Egypt
59,'818,Egypt,260,'01450,Olives,5510,Production,2007,2007,t,507053.0,A,,Egypt
59,'818,Egypt,260,'01450,Olives,5510,Production,2008,2008,t,480071.0,A,,Egypt
59,'818,Egypt,260,'01450,Olives,5510,Production,2009,2009,t,449009.0,A,,Egypt
59,'818,Egypt,260,'01450,Olives,5510,Production,2010,2010,t,390932.0,A,,Egypt
59,'818,Egypt,260,'01450,Olives,5510,Production,2011,2011,t,459650.0,A,,Egypt
59,'818,Egypt,260,'01450,Olives,5510,Production,2012,2012,t,563070.0,A,,Egypt
59,'818,Egypt,260,'01450,Olives,5510,Production,2013,2013,t,541790.0,A,,Egypt
59,'818,Egypt,260,'01450,Olives,5510,Production,2014,2014,t,565669.0,A,,Egypt
59,'818,Egypt,260,'01450,Olives,5510,Production,2015,2015,t,698927.0,A,,Egypt
59,'818,Egypt,260,'01450,Olives,5510,Production,2016,2016,t,874748.0,A,,Egypt
59,'818,Egypt,260,'01450,Olives,5510,Production,2017,2017,t,1094724.0,A,,Egypt
59,'818,Egypt,260,'01450,Olives,5510,Production,2018,2018,t,1083771.0,A,,Egypt
59,'818,Egypt,260,'01450,Olives,5510,Production,2019,2019,t,981000.0,A,,Egypt
59,'818,Egypt,260,'01450,Olives,5510,Production,2020,2020,t,968400.0,A,,Egypt
59,'818,Egypt,260,'01450,Olives,5510,Production,2021,2021,t,1056548.0,A,,Egypt
59,'818,Egypt,260,'01450,Olives,5510,Production,2022,2022,t,1011444.0,A,,Egypt
59,'818,Egypt,260,'01450,Olives,5510,Production,2023,2023,t,1185196.0,A,,Egypt
59,'818,Egypt,260,'01450,Olives,5510,Production,2024,2024,t,1269795.45,I,,Egypt
84,'300,Greece,260,'01450,Olives,5312,Area harvested,1961,1961,ha,,M,,Greece
84,'300,Greece,260,'01450,Olives,5312,Area harvested,1962,1962,ha,,M,,Greece
84,'300,Greece,260,'01450,Olives,5312,Area harvested,1963,1963,ha,,M,,Greece
84,'300,Greece,260,'01450,Olives,5312,Area harvested,1964,1964,ha,,M,,Greece
84,'300,Greece,260,'01450,Olives,5312,Area harvested,1965,1965,ha,,M,,Greece
84,'300,Greece,260,'01450,Olives,5312,Area harvested,1966,1966,ha,,M,,Greece
84,'300,Greece,260,'01450,Olives,5312,Area harvested,1967,1967,ha,,M,,Greece
84,'300,Greece,260,'01450,Olives,5312,Area harvested,1968,1968,ha,,M,,Greece
84,'300,Greece,260,'01450,Olives,5312,Area harvested,1969,1969,ha,,M,,Greece
84,'300,Greece,260,'01450,Olives,5312,Area harvested,1970,1970,ha,,M,,Greece
84,'300,Greece,260,'01450,Olives,5312,Area harvested,1971,1971,ha,,M,,Greece
84,'300,Greece,260,'01450,Olives,5312,Area harvested,1972,1972,ha,,M,,Greece
84,'300,Greece,260,'01450,Olives,5312,Area harvested,1973,1973,ha,,M,,Greece
84,'300,Greece,260,'01450,Olives,5312,Area harvested,1974,1974,ha,,M,,Greece
84,'300,Greece,260,'01450,Olives,5312,Area harvested,1975,1975,ha,,M,,Greece
84,'300,Greece,260,'01450,Olives,5312,Area harvested,1976,1976,ha,,M,,Greece
84,'300,Greece,260,'01450,Olives,5312,Area harvested,1977,1977,ha,,M,,Greece
84,'300,Greece,260,'01450,Olives,5312,Area harvested,1978,1978,ha,,M,,Greece
84,'300,Greece,260,'01450,Olives,5312,Area harvested,1979,1979,ha,,M,,Greece
84,'300,Greece,260,'01450,Olives,5312,Area harvested,1980,1980,ha,,M,,Greece
84,'300,Greece,260,'01450,Olives,5312,Area harvested,1981,1981,ha,,M,,Greece
84,'300,Greece,260,'01450,Olives,5312,Area harvested,1982,1982,ha,,M,,Greece
84,'300,Greece,260,'01450,Olives,5312,Area harvested,1983,1983,ha,,M,,Greece
84,'300,Greece,260,'01450,Olives,5312,Area harvested,1984,1984,ha,,M,,Greece
84,'300,Greece,260,'01450,Olives,5312,Area harvested,1985,1985,ha,718000.0,E,,Greece
84,'300,Greece,260,'01450,Olives,5312,Area harvested,1986,1986,ha,721000.0,E,,Greece
84,'300,Greece,260,'01450,Olives,5312,Area harvested,1987,1987,ha,726000.0,E,,Greece
84,'300,Greece,260,'01450,Olives,5312,Area harvested,1988,1988,ha,678000.0,A,,Greece
84,'300,Greece,260,'01450,Olives,5312,Area harvested,1989,1989,ha,684000.0,A,,Greece
84,'300,Greece,260,'01450,Olives,5312,Area harvested,1990,1990,ha,691000.0,A,,Greece
84,'300,Greece,260,'01450,Olives,5312,Area harvested,1991,1991,ha,705000.0,A,,Greece
84,'300,Greece,260,'01450,Olives,5312,Area harvested,1992,1992,ha,713000.0,A,,Greece
84,'300,Greece,260,'01450,Olives,5312,Area harvested,1993,1993,ha,718514.0,A,,Greece
84,'300,Greece,260,'01450,Olives,5312,Area harvested,1994,1994,ha,725718.0,A,,Greece
84,'300,Greece,260,'01450,Olives,5312,Area harvested,1995,1995,ha,729344.0,A,,Greece
84,'300,Greece,260,'01450,Olives,5312,Area harvested,1996,1996,ha,741568.0,A,,Greece
84,'300,Greece,260,'01450,Olives,5312,Area harvested,1997,1997,ha,749090.0,A,,Greece
84,'300,Greece,260,'01450,Olives,5312,Area harvested,1998,1998,ha,758138.0,A,,Greece
84,'300,Greece,260,'01450,Olives,5312,Area harvested,1999,1999,ha,771980.0,A,,Greece
84,'300,Greece,260,'01450,Olives,5312,Area harvested,2000,2000,ha,780357.0,A,,Greece
84,'300,Greece,260,'01450,Olives,5312,Area harvested,2001,2001,ha,787500.0,A,,Greece
84,'300,Greece,260,'01450,Olives,5312,Area harvested,2002,2002,ha,793449.0,A,,Greece
84,'300,Greece,260,'01450,Olives,5312,Area harvested,2003,2003,ha,790840.0,A,,Greece
84,'300,Greece,260,'01450,Olives,5312,Area harvested,2004,2004,ha,794160.0,A,,Greece
84,'300,Greece,260,'01450,Olives,5312,Area harvested,2005,2005,ha,797321.0,A,,Greece
84,'300,Greece,260,'01450,Olives,5312,Area harvested,2006,2006,ha,796972.0,A,,Greece
84,'300,Greece,260,'01450,Olives,5312,Area harvested,2007,2007,ha,795724.0,A,,Greece
84,'300,Greece,260,'01450,Olives,5312,Area harvested,2008,2008,ha,797906.0,A,,Greece
84,'300,Greece,260,'01450,Olives,5312,Area harvested,2009,2009,ha,801533.0,A,,Greece
84,'300,Greece,260,'01450,Olives,5312,Area harvested,2010,2010,ha,806451.0,A,,Greece
84,'300,Greece,260,'01450,Olives,5312,Area harvested,2011,2011,ha,807567.0,A,,Greece
84,'300,Greece,260,'01450,Olives,5312,Area harvested,2012,2012,ha,807696.0,A,,Greece
84,'300,Greece,260,'01450,Olives,5312,Area harvested,2013,2013,ha,796674.0,A,,Greece
84,'300,Greece,260,'01450,Olives,5312,Area harvested,2014,2014,ha,818285.0,A,,Greece
84,'300,Greece,260,'01450,Olives,5312,Area harvested,2015,2015,ha,821206.0,A,,Greece
84,'300,Greece,260,'01450,Olives,5312,Area harvested,2016,2016,ha,797820.0,A,,Greece
84,'300,Greece,260,'01450,Olives,5312,Area harvested,2017,2017,ha,792643.0,A,,Greece
84,'300,Greece,260,'01450,Olives,5312,Area harvested,2018,2018,ha,963120.0,A,,Greece
84,'300,Greece,260,'01450,Olives,5312,Area harvested,2019,2019,ha,903080.0,A,,Greece
84,'300,Greece,260,'01450,Olives,5312,Area harvested,2020,2020,ha,906020.0,A,,Greece
84,'300,Greece,260,'01450,Olives,5312,Area harvested,2021,2021,ha,826390.0,A,,Greece
84,'300,Greece,260,'01450,Olives,5312,Area harvested,2022,2022,ha,846660.0,A,,Greece
84,'300,Greece,260,'01450,Olives,5312,Area harvested,2023,2023,ha,840620.0,A,,Greece
84,'300,Greece,260,'01450,Olives,5312,Area harvested,2024,2024,ha,848400.0,A,,Greece
84,'300,Greece,260,'01450,Olives,5412,Yield,1985,1985,kg/ha,2656.0,E,,Greece
84,'300,Greece,260,'01450,Olives,5412,Yield,1986,1986,kg/ha,1854.0,E,,Greece
84,'300,Greece,260,'01450,Olives,5412,Yield,1987,1987,kg/ha,1890.2,E,,Greece
84,'300,Greece,260,'01450,Olives,5412,Yield,1988,1988,kg/ha,2364.9,A,,Greece
84,'300,Greece,260,'01450,Olives,5412,Yield,1989,1989,kg/ha,2407.5,A,,Greece
84,'300,Greece,260,'01450,Olives,5412,Yield,1990,1990,kg/ha,1452.6,A,,Greece
84,'300,Greece,260,'01450,Olives,5412,Yield,1991,1991,kg/ha,2880.9,A,,Greece
84,'300,Greece,260,'01450,Olives,5412,Yield,1992,1992,kg/ha,2590.5,A,,Greece
84,'300,Greece,260,'01450,Olives,5412,Yield,1993,1993,kg/ha,2339.6,A,,Greece
84,'300,Greece,260,'01450,Olives,5412,Yield,1994,1994,kg/ha,2758.3,A,,Greece
84,'300,Greece,260,'01450,Olives,5412,Yield,1995,1995,kg/ha,2963.9,A,,Greece
84,'300,Greece,260,'01450,Olives,5412,Yield,1996,1996,kg/ha,2874.6,A,,Greece
84,'300,Greece,260,'01450,Olives,5412,Yield,1997,1997,kg/ha,2786.3,A,,Greece
84,'300,Greece,260,'01450,Olives,5412,Yield,1998,1998,kg/ha,3202.1,A,,Greece
84,'300,Greece,260,'01450,Olives,5412,Yield,1999,1999,kg/ha,3128.4,A,,Greece
84,'300,Greece,260,'01450,Olives,5412,Yield,2000,2000,kg/ha,3206.1,A,,Greece
84,'300,Greece,260,'01450,Olives,5412,Yield,2001,2001,kg/ha,2984.0,A,,Greece
84,'300,Greece,260,'01450,Olives,5412,Yield,2002,2002,kg/ha,3608.2,A,,Greece
84,'300,Greece,260,'01450,Olives,5412,Yield,2003,2003,kg/ha,2785.5,A,,Greece
84,'300,Greece,260,'01450,Olives,5412,Yield,2004,2004,kg/ha,2775.3,A,,Greece
84,'300,Greece,260,'01450,Olives,5412,Yield,2005,2005,kg/ha,3297.2,A,,Greece
84,'300,Greece,260,'01450,Olives,5412,Yield,2006,2006,kg/ha,3043.0,A,,Greece
84,'300,Greece,260,'01450,Olives,5412,Yield,2007,2007,kg/ha,2906.8,A,,Greece
84,'300,Greece,260,'01450,Olives,5412,Yield,2008,2008,kg/ha,2872.5,A,,Greece
84,'300,Greece,260,'01450,Olives,5412,Yield,2009,2009,kg/ha,2995.0,A,,Greece
84,'300,Greece,260,'01450,Olives,5412,Yield,2010,2010,kg/ha,3173.9,A,,Greece
84,'300,Greece,260,'01450,Olives,5412,Yield,2011,2011,kg/ha,3084.6,A,,Greece
84,'300,Greece,260,'01450,Olives,5412,Yield,2012,2012,kg/ha,3422.1,A,,Greece
84,'300,Greece,260,'01450,Olives,5412,Yield,2013,2013,kg/ha,2199.2,A,,Greece
84,'300,Greece,260,'01450,Olives,5412,Yield,2014,2014,kg/ha,3168.1,A,,Greece
84,'300,Greece,260,'01450,Olives,5412,Yield,2015,2015,kg/ha,3541.0,A,,Greece
84,'300,Greece,260,'01450,Olives,5412,Yield,2016,2016,kg/ha,3453.7,A,,Greece
84,'300,Greece,260,'01450,Olives,5412,Yield,2017,2017,kg/ha,3580.1,A,,Greece
84,'300,Greece,260,'01450,Olives,5412,Yield,2018,2018,kg/ha,2870.5,A,,Greece
84,'300,Greece,260,'01450,Olives,5412,Yield,2019,2019,kg/ha,3587.8,A,,Greece
84,'300,Greece,260,'01450,Olives,5412,Yield,2020,2020,kg/ha,3367.9,A,,Greece
84,'300,Greece,260,'01450,Olives,5412,Yield,2021,2021,kg/ha,3684.8,A,,Greece
84,'300,Greece,260,'01450,Olives,5412,Yield,2022,2022,kg/ha,3790.1,A,,Greece
84,'300,Greece,260,'01450,Olives,5412,Yield,2023,2023,kg/ha,2972.7,A,,Greece
84,'300,Greece,260,'01450,Olives,5510,Production,1961,1961,t,1502500.0,A,,Greece
84,'300,Greece,260,'01450,Olives,5510,Production,1962,1962,t,469700.0,A,,Greece
84,'300,Greece,260,'01450,Olives,5510,Production,1963,1963,t,1254000.0,A,,Greece
84,'300,Greece,260,'01450,Olives,5510,Production,1964,1964,t,711900.0,A,,Greece
84,'300,Greece,260,'01450,Olives,5510,Production,1965,1965,t,969640.0,A,,Greece
84,'300,Greece,260,'01450,Olives,5510,Production,1966,1966,t,983080.0,A,,Greece
84,'300,Greece,260,'01450,Olives,5510,Production,1967,1967,t,1088490.0,A,,Greece
84,'300,Greece,260,'01450,Olives,5510,Production,1968,1968,t,830920.0,A,,Greece
84,'300,Greece,260,'01450,Olives,5510,Production,1969,1969,t,718900.0,A,,Greece
84,'300,Greece,260,'01450,Olives,5510,Production,1970,1970,t,992170.0,A,,Greece
84,'300,Greece,260,'01450,Olives,5510,Production,1971,1971,t,915450.0,A,,Greece
84,'300,Greece,260,'01450,Olives,5510,Production,1972,1972,t,1235320.0,A,,Greece
84,'300,Greece,260,'01450,Olives,5510,Production,1973,1973,t,1078660.0,A,,Greece
84,'300,Greece,260,'01450,Olives,5510,Production,1974,1974,t,1234960.0,A,,Greece
84,'300,Greece,260,'01450,Olives,5510,Production,1975,1975,t,1364880.0,A,,Greece
84,'300,Greece,260,'01450,Olives,5510,Production,1976,1976,t,1099240.0,A,,Greece
84,'300,Greece,260,'01450,Olives,5510,Production,1977,1977,t,1304120.0,A,,Greece
84,'300,Greece,260,'01450,Olives,5510,Production,1978,1978,t,1283250.0,A,,Greece
84,'300,Greece,260,'01450,Olives,5510,Production,1979,1979,t,1182380.0,A,,Greece
84,'300,Greece,260,'01450,Olives,5510,Production,1980,1980,t,1746370.0,A,,Greece
84,'300,Greece,260,'01450,Olives,5510,Production,1981,1981,t,1466990.0,A,,Greece
84,'300,Greece,260,'01450,Olives,5510,Production,1982,1982,t,1783230.0,A,,Greece
84,'300,Greece,260,'01450,Olives,5510,Production,1983,1983,t,1430530.0,A,,Greece
84,'300,Greece,260,'01450,Olives,5510,Production,1984,1984,t,1306623.0,A,,Greece
84,'300,Greece,260,'01450,Olives,5510,Production,1985,1985,t,1907000.0,A,,Greece
84,'300,Greece,260,'01450,Olives,5510,Production,1986,1986,t,1336761.0,A,,Greece
84,'300,Greece,260,'01450,Olives,5510,Production,1987,1987,t,1372315.0,A,,Greece
84,'300,Greece,260,'01450,Olives,5510,Production,1988,1988,t,1603430.0,A,,Greece
84,'300,Greece,260,'01450,Olives,5510,Production,1989,1989,t,1646725.0,A,,Greece
84,'300,Greece,260,'01450,Olives,5510,Production,1990,1990,t,1003724.0,A,,Greece
84,'300,Greece,260,'01450,Olives,5510,Production,1991,1991,t,2031000.0,A,,Greece
84,'300,Greece,260,'01450,Olives,5510,Production,1992,1992,t,1847000.0,A,,Greece
84,'300,Greece,260,'01450,Olives,5510,Production,1993,1993,t,1681065.92,A,,Greece
84,'300,Greece,260,'01450,Olives,5510,Production,1994,1994,t,2001782.49,A,,Greece
84,'300,Greece,260,'01450,Olives,5510,Production,1995,1995,t,2161730.87,A,,Greece
84,'300,Greece,260,'01450,Olives,5510,Production,1996,1996,t,2131711.22,A,,Greece
84,'300,Greece,260,'01450,Olives,5510,Production,1997,1997,t,2087160.79,A,,Greece
84,'300,Greece,260,'01450,Olives,5510,Production,1998,1998,t,2427612.57,A,,Greece
84,'300,Greece,260,'01450,Olives,5510,Production,1999,1999,t,2415049.29,A,,Greece
84,'300,Greece,260,'01450,Olives,5510,Production,2000,2000,t,2501916.4,A,,Greece
84,'300,Greece,260,'01450,Olives,5510,Production,2001,2001,t,2349933.77,A,,Greece
84,'300,Greece,260,'01450,Olives,5510,Production,2002,2002,t,2862958.42,A,,Greece
84,'300,Greece,260,'01450,Olives,5510,Production,2003,2003,t,2202856.49,A,,Greece
84,'300,Greece,260,'01450,Olives,5510,Production,2004,2004,t,2204020.0,A,,Greece
84,'300,Greece,260,'01450,Olives,5510,Production,2005,2005,t,2628910.54,A,,Greece
84,'300,Greece,260,'01450,Olives,5510,Production,2006,2006,t,2425149.0,A,,Greece
84,'300,Greece,260,'01450,Olives,5510,Production,2007,2007,t,2313016.63,A,,Greece
84,'300,Greece,260,'01450,Olives,5510,Production,2008,2008,t,2291979.69,A,,Greece
84,'300,Greece,260,'01450,Olives,5510,Production,2009,2009,t,2400580.2,A,,Greece
84,'300,Greece,260,'01450,Olives,5510,Production,2010,2010,t,2559567.11,A,,Greece
84,'300,Greece,260,'01450,Olives,5510,Production,2011,2011,t,2491025.8,A,,Greece
84,'300,Greece,260,'01450,Olives,5510,Production,2012,2012,t,2764017.32,A,,Greece
84,'300,Greece,260,'01450,Olives,5510,Production,2013,2013,t,1752074.83,A,,Greece
84,'300,Greece,260,'01450,Olives,5510,Production,2014,2014,t,2592375.17,A,,Greece
84,'300,Greece,260,'01450,Olives,5510,Production,2015,2015,t,2907865.78,A,,Greece
84,'300,Greece,260,'01450,Olives,5510,Production,2016,2016,t,2755431.0,A,,Greece
84,'300,Greece,260,'01450,Olives,5510,Production,2017,2017,t,2837778.0,A,,Greece
84,'300,Greece,260,'01450,Olives,5510,Production,2018,2018,t,2764628.38,A,,Greece
84,'300,Greece,260,'01450,Olives,5510,Production,2019,2019,t,3240063.0,A,,Greece
84,'300,Greece,260,'01450,Olives,5510,Production,2020,2020,t,3051400.0,A,,Greece
84,'300,Greece,260,'01450,Olives,5510,Production,2021,2021,t,3045100.0,A,,Greece
84,'300,Greece,260,'01450,Olives,5510,Production,2022,2022,t,3208908.0,A,,Greece
84,'300,Greece,260,'01450,Olives,5510,Production,2023,2023,t,2498942.0,A,,Greece
106,'380,Italy,260,'01450,Olives,5312,Area harvested,1961,1961,ha,1228800.0,X,Unofficial figure,Italy
106,'380,Italy,260,'01450,Olives,5312,Area harvested,1962,1962,ha,1248300.0,X,Unofficial figure,Italy
106,'380,Italy,260,'01450,Olives,5312,Area harvested,1963,1963,ha,1225300.0,X,Unofficial figure,Italy
106,'380,Italy,260,'01450,Olives,5312,Area harvested,1964,1964,ha,1234200.0,X,Unofficial figure,Italy
106,'380,Italy,260,'01450,Olives,5312,Area harvested,1965,1965,ha,1242700.0,X,Unofficial figure,Italy
106,'380,Italy,260,'01450,Olives,5312,Area harvested,1966,1966,ha,1262800.0,X,Unofficial figure,Italy
106,'380,Italy,260,'01450,Olives,5312,Area harvested,1967,1967,ha,1266100.0,X,Unofficial figure,Italy
106,'380,Italy,260,'01450,Olives,5312,Area harvested,1968,1968,ha,1269600.0,X,Unofficial figure,Italy
106,'380,Italy,260,'01450,Olives,5312,Area harvested,1969,1969,ha,1272200.0,X,Unofficial figure,Italy
106,'380,Italy,260,'01450,Olives,5312,Area harvested,1970,1970,ha,1305900.0,X,Unofficial figure,Italy
106,'380,Italy,260,'01450,Olives,5312,Area harvested,1971,1971,ha,1352700.0,X,Unofficial figure,Italy
106,'380,Italy,260,'01450,Olives,5312,Area harvested,1972,1972,ha,1345400.0,X,Unofficial figure,Italy
106,'380,Italy,260,'01450,Olives,5312,Area harvested,1973,1973,ha,1349400.0,X,Unofficial figure,Italy
106,'380,Italy,260,'01450,Olives,5312,Area harvested,1974,1974,ha,1389200.0,X,Unofficial figure,Italy
106,'380,Italy,260,'01450,Olives,5312,Area harvested,1975,1975,ha,1386800.0,X,Unofficial figure,Italy
106,'380,Italy,260,'01450,Olives,5312,Area harvested,1976,1976,ha,1385700.0,X,Unofficial figure,Italy
106,'380,Italy,260,'01450,Olives,5312,Area harvested,1977,1977,ha,1386300.0,X,Unofficial figure,Italy
106,'380,Italy,260,'01450,Olives,5312,Area harvested,1978,1978,ha,1385100.0,X,Unofficial figure,Italy
106,'380,Italy,260,'01450,Olives,5312,Area harvested,1979,1979,ha,1248200.0,X,Unofficial figure,Italy
106,'380,Italy,260,'01450,Olives,5312,Area harvested,1980,1980,ha,1246900.0,X,Unofficial figure,Italy
106,'380,Italy,260,'01450,Olives,5312,Area harvested,1981,1981,ha,1245000.0,X,Unofficial figure,Italy
106,'380,Italy,260,'01450,Olives,5312,Area harvested,1982,1982,ha,1242800.0,X,Unofficial figure,Italy
106,'380,Italy,260,'01450,Olives,5312,Area harvested,1983,1983,ha,1241126.0,A,,Italy
106,'380,Italy,260,'01450,Olives,5312,Area harvested,1984,1984,ha,1242704.0,A,,Italy
106,'380,Italy,260,'01450,Olives,5312,Area harvested,1985,1985,ha,1183467.0,A,,Italy
106,'380,Italy,260,'01450,Olives,5312,Area harvested,1986,1986,ha,1150949.0,A,,Italy
106,'380,Italy,260,'01450,Olives,5312,Area harvested,1987,1987,ha,1149676.0,A,,Italy
106,'380,Italy,260,'01450,Olives,5312,Area harvested,1988,1988,ha,1141145.0,A,,Italy
106,'380,Italy,260,'01450,Olives,5312,Area harvested,1989,1989,ha,1137672.0,A,,Italy
106,'380,Italy,260,'01450,Olives,5312,Area harvested,1990,1990,ha,1134133.0,A,,Italy
106,'380,Italy,260,'01450,Olives,5312,Area harvested,1991,1991,ha,1115322.0,A,,Italy
106,'380,Italy,260,'01450,Olives,5312,Area harvested,1992,1992,ha,1125435.0,A,,Italy
106,'380,Italy,260,'01450,Olives,5312,Area harvested,1993,1993,ha,1119210.0,A,,Italy
106,'380,Italy,260,'01450,Olives,5312,Area harvested,1994,1994,ha,1118740.0,A,,Italy
106,'380,Italy,260,'01450,Olives,5312,Area harvested,1995,1995,ha,1106662.0,A,,Italy
106,'380,Italy,260,'01450,Olives,5312,Area harvested,1996,1996,ha,1104120.0,A,,Italy
106,'380,Italy,260,'01450,Olives,5312,Area harvested,1997,1997,ha,1124320.0,A,,Italy
106,'380,Italy,260,'01450,Olives,5312,Area harvested,1998,1998,ha,1115100.0,A,,Italy
106,'380,Italy,260,'01450,Olives,5312,Area harvested,1999,1999,ha,1128266.0,A,,Italy
106,'380,Italy,260,'01450,Olives,5312,Area harvested,2000,2000,ha,1161600.0,A,,Italy
106,'380,Italy,260,'01450,Olives,5312,Area harvested,2001,2001,ha,1164558.0,A,,Italy
106,'380,Italy,260,'01450,Olives,5312,Area harvested,2002,2002,ha,1170362.0,A,,Italy
106,'380,Italy,260,'01450,Olives,5312,Area harvested,2003,2003,ha,1162713.0,A,,Italy
106,'380,Italy,260,'01450,Olives,5312,Area harvested,2004,2004,ha,1166000.0,A,,Italy
106,'380,Italy,260,'01450,Olives,5312,Area harvested,2005,2005,ha,1168600.0,A,,Italy
106,'380,Italy,260,'01450,Olives,5312,Area harvested,2006,2006,ha,1167862.0,A,,Italy
106,'380,Italy,260,'01450,Olives,5312,Area harvested,2007,2007,ha,1161311.0,A,,Italy
106,'380,Italy,260,'01450,Olives,5312,Area harvested,2008,2008,ha,1180500.0,A,,Italy
106,'380,Italy,260,'01450,Olives,5312,Area harvested,2009,2009,ha,1190000.0,A,,Italy
106,'380,Italy,260,'01450,Olives,5312,Area harvested,2010,2010,ha,1190800.0,A,,Italy
106,'380,Italy,260,'01450,Olives,5312,Area harvested,2011,2011,ha,1144422.0,A,,Italy
106,'380,Italy,260,'01450,Olives,5312,Area harvested,2012,2012,ha,1125382.0,A,,Italy
106,'380,Italy,260,'01450,Olives,5312,Area harvested,2013,2013,ha,1146863.0,A,,Italy
106,'380,Italy,260,'01450,Olives,5312,Area harvested,2014,2014,ha,1156784.0,A,,Italy
106,'380,Italy,260,'01450,Olives,5312,Area harvested,2015,2015,ha,1147877.0,A,,Italy
106,'380,Italy,260,'01450,Olives,5312,Area harvested,2016,2016,ha,1144947.0,A,,Italy
106,'380,Italy,260,'01450,Olives,5312,Area harvested,2017,2017,ha,1141893.0,A,,Italy
106,'380,Italy,260,'01450,Olives,5312,Area harvested,2018,2018,ha,1142120.0,A,,Italy
106,'380,Italy,260,'01450,Olives,5312,Area harvested,2019,2019,ha,1139470.0,A,,Italy
106,'380,Italy,260,'01450,Olives,5312,Area harvested,2020,2020,ha,1145520.0,A,,Italy
106,'380,Italy,260,'01450,Olives,5312,Area harvested,2021,2021,ha,1129000.0,A,,Italy
106,'380,Italy,260,'01450,Olives,5312,Area harvested,2022,2022,ha,1076520.0,A,,Italy
106,'380,Italy,260,'01450,Olives,5312,Area harvested,2023,2023,ha,1080060.0,A,,Italy
106,'380,Italy,260,'01450,Olives,5312,Area harvested,2024,2024,ha,1083010.0,A,,Italy
106,'380,Italy,260,'01450,Olives,5412,Yield,1961,1961,kg/ha,1831.1,E,,Italy
106,'380,Italy,260,'01450,Olives,5412,Yield,1962,1962,kg/ha,1394.7,E,,Italy
106,'380,Italy,260,'01450,Olives,5412,Yield,1963,1963,kg/ha,2334.9,E,,Italy
106,'380,Italy,260,'01450,Olives,5412,Yield,1964,1964,kg/ha,1521.6,E,,Italy
106,'380,Italy,260,'01450,Olives,5412,Yield,1965,1965,kg/ha,1796.1,E,,Italy
106,'380,Italy,260,'01450,Olives,5412,Yield,1966,1966,kg/ha,1432.1,E,,Italy
106,'380,Italy,260,'01450,Olives,5412,Yield,1967,1967,kg/ha,2142.2,E,,Italy
106,'380,Italy,260,'01450,Olives,5412,Yield,1968,1968,kg/ha,1522.4,E,,Italy
106,'380,Italy,260,'01450,Olives,5412,Yield,1969,1969,kg/ha,1896.6,E,,Italy
106,'380,Italy,260,'01450,Olives,5412,Yield,1970,1970,kg/ha,1623.8,E,,Italy
106,'380,Italy,260,'01450,Olives,5412,Yield,1971,1971,kg/ha,2259.1,E,,Italy
106,'380,Italy,260,'01450,Olives,5412,Yield,1972,1972,kg/ha,1322.4,E,,Italy
106,'380,Italy,260,'01450,Olives,5412,Yield,1973,1973,kg/ha,1997.8,E,,Italy
106,'380,Italy,260,'01450,Olives,5412,Yield,1974,1974,kg/ha,1610.3,E,,Italy
106,'380,Italy,260,'01450,Olives,5412,Yield,1975,1975,kg/ha,2327.7,E,,Italy
106,'380,Italy,260,'01450,Olives,5412,Yield,1976,1976,kg/ha,1203.8,E,,Italy
106,'380,Italy,260,'01450,Olives,5412,Yield,1977,1977,kg/ha,2495.5,E,,Italy
106,'380,Italy,260,'01450,Olives,5412,Yield,1978,1978,kg/ha,1666.4,E,,Italy
106,'380,Italy,260,'01450,Olives,5412,Yield,1979,1979,kg/ha,1898.7,E,,Italy
106,'380,Italy,260,'01450,Olives,5412,Yield,1980,1980,kg/ha,2799.6,E,,Italy
106,'380,Italy,260,'01450,Olives,5412,Yield,1981,1981,kg/ha,2428.9,E,,Italy
106,'380,Italy,260,'01450,Olives,5412,Yield,1982,1982,kg/ha,1715.2,E,,Italy
106,'380,Italy,260,'01450,Olives,5412,Yield,1983,1983,kg/ha,3388.9,A,,Italy
106,'380,Italy,260,'01450,Olives,5412,Yield,1984,1984,kg/ha,1484.3,A,,Italy
106,'380,Italy,260,'01450,Olives,5412,Yield,1985,1985,kg/ha,2862.7,A,,Italy
106,'380,Italy,260,'01450,Olives,5412,Yield,1986,1986,kg/ha,1581.7,A,,Italy
106,'380,Italy,260,'01450,Olives,5412,Yield,1987,1987,kg/ha,3007.3,A,,Italy
106,'380,Italy,260,'01450,Olives,5412,Yield,1988,1988,kg/ha,1943.8,A,,Italy
106,'380,Italy,260,'01450,Olives,5412,Yield,1989,1989,kg/ha,2686.0,A,,Italy
106,'380,Italy,260,'01450,Olives,5412,Yield,1990,1990,kg/ha,804.6,A,,Italy
106,'380,Italy,260,'01450,Olives,5412,Yield,1991,1991,kg/ha,3537.8,A,,Italy
106,'380,Italy,260,'01450,Olives,5412,Yield,1992,1992,kg/ha,2102.6,A,,Italy
106,'380,Italy,260,'01450,Olives,5412,Yield,1993,1993,kg/ha,2674.1,A,,Italy
106,'380,Italy,260,'01450,Olives,5412,Yield,1994,1994,kg/ha,2360.1,A,,Italy
106,'380,Italy,260,'01450,Olives,5412,Yield,1995,1995,kg/ha,2971.6,A,,Italy
106,'380,Italy,260,'01450,Olives,5412,Yield,1996,1996,kg/ha,1944.8,A,,Italy
106,'380,Italy,260,'01450,Olives,5412,Yield,1997,1997,kg/ha,3194.0,A,,Italy
106,'380,Italy,260,'01450,Olives,5412,Yield,1998,1998,kg/ha,2285.5,A,,Italy
106,'380,Italy,260,'01450,Olives,5412,Yield,1999,1999,kg/ha,3337.1,A,,Italy
106,'380,Italy,260,'01450,Olives,5412,Yield,2000,2000,kg/ha,2428.5,A,,Italy
106,'380,Italy,260,'01450,Olives,5412,Yield,2001,2001,kg/ha,2590.0,A,,Italy
106,'380,Italy,260,'01450,Olives,5412,Yield,2002,2002,kg/ha,2760.9,A,,Italy
106,'380,Italy,260,'01450,Olives,5412,Yield,2003,2003,kg/ha,3049.9,A,,Italy
106,'380,Italy,260,'01450,Olives,5412,Yield,2004,2004,kg/ha,3888.7,A,,Italy
106,'380,Italy,260,'01450,Olives,5412,Yield,2005,2005,kg/ha,3230.2,A,,Italy
106,'380,Italy,260,'01450,Olives,5412,Yield,2006,2006,kg/ha,2924.7,A,,Italy
106,'380,Italy,260,'01450,Olives,5412,Yield,2007,2007,kg/ha,2798.4,A,,Italy
106,'380,Italy,260,'01450,Olives,5412,Yield,2008,2008,kg/ha,2942.5,A,,Italy
106,'380,Italy,260,'01450,Olives,5412,Yield,2009,2009,kg/ha,2761.8,A,,Italy
106,'380,Italy,260,'01450,Olives,5412,Yield,2010,2010,kg/ha,2662.7,A,,Italy
106,'380,Italy,260,'01450,Olives,5412,Yield,2011,2011,kg/ha,2780.6,A,,Italy
106,'380,Italy,260,'01450,Olives,5412,Yield,2012,2012,kg/ha,2681.3,A,,Italy
106,'380,Italy,260,'01450,Olives,5412,Yield,2013,2013,kg/ha,2564.0,A,,Italy
106,'380,Italy,260,'01450,Olives,5412,Yield,2014,2014,kg/ha,1697.5,A,,Italy
106,'380,Italy,260,'01450,Olives,5412,Yield,2015,2015,kg/ha,2380.8,A,,Italy
106,'380,Italy,260,'01450,Olives,5412,Yield,2016,2016,kg/ha,1780.3,A,,Italy
106,'380,Italy,260,'01450,Olives,5412,Yield,2017,2017,kg/ha,2275.1,A,,Italy
106,'380,Italy,260,'01450,Olives,5412,Yield,2018,2018,kg/ha,1710.5,A,,Italy
106,'380,Italy,260,'01450,Olives,5412,Yield,2019,2019,kg/ha,1925.6,A,,Italy
106,'380,Italy,260,'01450,Olives,5412,Yield,2020,2020,kg/ha,1926.8,A,,Italy
106,'380,Italy,260,'01450,Olives,5412,Yield,2021,2021,kg/ha,2011.2,A,,Italy
106,'380,Italy,260,'01450,Olives,5412,Yield,2022,2022,kg/ha,2006.8,A,,Italy
106,'380,Italy,260,'01450,Olives,5412,Yield,2023,2023,kg/ha,2220.1,A,,Italy
106,'380,Italy,260,'01450,Olives,5412,Yield,2024,2024,kg/ha,2123.4,A,,Italy
106,'380,Italy,260,'01450,Olives,5510,Production,1961,1961,t,2250000.0,A,,Italy
106,'380,Italy,260,'01450,Olives,5510,Production,1962,1962,t,1741000.0,A,,Italy
106,'380,Italy,260,'01450,Olives,5510,Production,1963,1963,t,2861000.0,A,,Italy
106,'380,Italy,260,'01450,Olives,5510,Production,1964,1964,t,1878000.0,A,,Italy
106,'380,Italy,260,'01450,Olives,5510,Production,1965,1965,t,2232000.0,A,,Italy
106,'380,Italy,260,'01450,Olives,5510,Production,1966,1966,t,1808400.0,A,,Italy
106,'380,Italy,260,'01450,Olives,5510,Production,1967,1967,t,2712200.0,A,,Italy
106,'380,Italy,260,'01450,Olives,5510,Production,1968,1968,t,1932900.0,A,,Italy
106,'380,Italy,260,'01450,Olives,5510,Production,1969,1969,t,2412800.0,A,,Italy
106,'380,Italy,260,'01450,Olives,5510,Production,1970,1970,t,2120500.0,A,,Italy
106,'380,Italy,260,'01450,Olives,5510,Production,1971,1971,t,3055900.0,A,,Italy
106,'380,Italy,260,'01450,Olives,5510,Production,1972,1972,t,1779200.0,A,,Italy
106,'380,Italy,260,'01450,Olives,5510,Production,1973,1973,t,2695800.0,A,,Italy
106,'380,Italy,260,'01450,Olives,5510,Production,1974,1974,t,2237000.0,A,,Italy
106,'380,Italy,260,'01450,Olives,5510,Production,1975,1975,t,3228000.0,A,,Italy
106,'380,Italy,260,'01450,Olives,5510,Production,1976,1976,t,1668100.0,A,,Italy
106,'380,Italy,260,'01450,Olives,5510,Production,1977,1977,t,3459500.0,A,,Italy
106,'380,Italy,260,'01450,Olives,5510,Production,1978,1978,t,2308100.0,A,,Italy
106,'380,Italy,260,'01450,Olives,5510,Production,1979,1979,t,2370000.0,A,,Italy
106,'380,Italy,260,'01450,Olives,5510,Production,1980,1980,t,3490800.0,A,,Italy
106,'380,Italy,260,'01450,Olives,5510,Production,1981,1981,t,3024000.0,A,,Italy
106,'380,Italy,260,'01450,Olives,5510,Production,1982,1982,t,2131700.0,A,,Italy
106,'380,Italy,260,'01450,Olives,5510,Production,1983,1983,t,4206000.0,A,,Italy
106,'380,Italy,260,'01450,Olives,5510,Production,1984,1984,t,1844500.0,A,,Italy
106,'380,Italy,260,'01450,Olives,5510,Production,1985,1985,t,3387900.0,A,,Italy
106,'380,Italy,260,'01450,Olives,5510,Production,1986,1986,t,1820400.0,A,,Italy
106,'380,Italy,260,'01450,Olives,5510,Production,1987,1987,t,3457400.0,A,,Italy
106,'380,Italy,260,'01450,Olives,5510,Production,1988,1988,t,2218130.0,A,,Italy
106,'380,Italy,260,'01450,Olives,5510,Production,1989,1989,t,3055810.0,A,,Italy
106,'380,Italy,260,'01450,Olives,5510,Production,1990,1990,t,912540.0,A,,Italy
106,'380,Italy,260,'01450,Olives,5510,Production,1991,1991,t,3945830.0,A,,Italy
106,'380,Italy,260,'01450,Olives,5510,Production,1992,1992,t,2366366.0,A,,Italy
106,'380,Italy,260,'01450,Olives,5510,Production,1993,1993,t,2992866.0,A,,Italy
106,'380,Italy,260,'01450,Olives,5510,Production,1994,1994,t,2640328.0,A,,Italy
106,'380,Italy,260,'01450,Olives,5510,Production,1995,1995,t,3288580.0,A,,Italy
106,'380,Italy,260,'01450,Olives,5510,Production,1996,1996,t,2147340.0,A,,Italy
106,'380,Italy,260,'01450,Olives,5510,Production,1997,1997,t,3591085.0,A,,Italy
106,'380,Italy,260,'01450,Olives,5510,Production,1998,1998,t,2548510.0,A,,Italy
106,'380,Italy,260,'01450,Olives,5510,Production,1999,1999,t,3765100.0,A,,Italy
106,'380,Italy,260,'01450,Olives,5510,Production,2000,2000,t,2821000.0,A,,Italy
106,'380,Italy,260,'01450,Olives,5510,Production,2001,2001,t,3016200.0,A,,Italy
106,'380,Italy,260,'01450,Olives,5510,Production,2002,2002,t,3231300.0,A,,Italy
106,'380,Italy,260,'01450,Olives,5510,Production,2003,2003,t,3546130.0,A,,Italy
106,'380,Italy,260,'01450,Olives,5510,Production,2004,2004,t,4534231.0,A,,Italy
106,'380,Italy,260,'01450,Olives,5510,Production,2005,2005,t,3774812.0,A,,Italy
106,'380,Italy,260,'01450,Olives,5510,Production,2006,2006,t,3415683.0,A,,Italy
106,'380,Italy,260,'01450,Olives,5510,Production,2007,2007,t,3249800.0,A,,Italy
106,'380,Italy,260,'01450,Olives,5510,Production,2008,2008,t,3473600.0,A,,Italy
106,'380,Italy,260,'01450,Olives,5510,Production,2009,2009,t,3286600.0,A,,Italy
106,'380,Italy,260,'01450,Olives,5510,Production,2010,2010,t,3170700.0,A,,Italy
106,'380,Italy,260,'01450,Olives,5510,Production,2011,2011,t,3182204.0,A,,Italy
106,'380,Italy,260,'01450,Olives,5510,Production,2012,2012,t,3017537.1,A,,Italy
106,'380,Italy,260,'01450,Olives,5510,Production,2013,2013,t,2940545.2,A,,Italy
106,'380,Italy,260,'01450,Olives,5510,Production,2014,2014,t,1963676.0,A,,Italy
106,'380,Italy,260,'01450,Olives,5510,Production,2015,2015,t,2732893.9,A,,Italy
106,'380,Italy,260,'01450,Olives,5510,Production,2016,2016,t,2038303.0,A,,Italy
106,'380,Italy,260,'01450,Olives,5510,Production,2017,2017,t,2597974.0,A,,Italy
106,'380,Italy,260,'01450,Olives,5510,Production,2018,2018,t,1953540.0,A,,Italy
106,'380,Italy,260,'01450,Olives,5510,Production,2019,2019,t,2194110.0,A,,Italy
106,'380,Italy,260,'01450,Olives,5510,Production,2020,2020,t,2207150.0,A,,Italy
106,'380,Italy,260,'01450,Olives,5510,Production,2021,2021,t,2270630.0,A,,Italy
106,'380,Italy,260,'01450,Olives,5510,Production,2022,2022,t,2160400.0,A,,Italy
106,'380,Italy,260,'01450,Olives,5510,Production,2023,2023,t,2397880.0,A,,Italy
106,'380,Italy,260,'01450,Olives,5510,Production,2024,2024,t,2299660.0,A,,Italy
124,'434,Libya,260,'01450,Olives,5312,Area harvested,1961,1961,ha,,M,,Libya
124,'434,Libya,260,'01450,Olives,5312,Area harvested,1962,1962,ha,,M,,Libya
124,'434,Libya,260,'01450,Olives,5312,Area harvested,1963,1963,ha,,M,,Libya
124,'434,Libya,260,'01450,Olives,5312,Area harvested,1964,1964,ha,,M,,Libya
124,'434,Libya,260,'01450,Olives,5312,Area harvested,1965,1965,ha,,M,,Libya
124,'434,Libya,260,'01450,Olives,5312,Area harvested,1966,1966,ha,,M,,Libya
124,'434,Libya,260,'01450,Olives,5312,Area harvested,1967,1967,ha,,M,,Libya
124,'434,Libya,260,'01450,Olives,5312,Area harvested,1968,1968,ha,,M,,Libya
124,'434,Libya,260,'01450,Olives,5312,Area harvested,1969,1969,ha,,M,,Libya
124,'434,Libya,260,'01450,Olives,5312,Area harvested,1970,1970,ha,,M,,Libya
124,'434,Libya,260,'01450,Olives,5312,Area harvested,1971,1971,ha,,M,,Libya
124,'434,Libya,260,'01450,Olives,5312,Area harvested,1972,1972,ha,,M,,Libya
124,'434,Libya,260,'01450,Olives,5312,Area harvested,1973,1973,ha,,M,,Libya
124,'434,Libya,260,'01450,Olives,5312,Area harvested,1974,1974,ha,,M,,Libya
124,'434,Libya,260,'01450,Olives,5312,Area harvested,1975,1975,ha,,M,,Libya
124,'434,Libya,260,'01450,Olives,5312,Area harvested,1976,1976,ha,,M,,Libya
124,'434,Libya,260,'01450,Olives,5312,Area harvested,1977,1977,ha,,M,,Libya
124,'434,Libya,260,'01450,Olives,5312,Area harvested,1978,1978,ha,,M,,Libya
124,'434,Libya,260,'01450,Olives,5312,Area harvested,1979,1979,ha,,M,,Libya
124,'434,Libya,260,'01450,Olives,5312,Area harvested,1980,1980,ha,,M,,Libya
124,'434,Libya,260,'01450,Olives,5312,Area harvested,1981,1981,ha,,M,,Libya
124,'434,Libya,260,'01450,Olives,5312,Area harvested,1982,1982,ha,,M,,Libya
124,'434,Libya,260,'01450,Olives,5312,Area harvested,1983,1983,ha,,M,,Libya
124,'434,Libya,260,'01450,Olives,5312,Area harvested,1984,1984,ha,,M,,Libya
124,'434,Libya,260,'01450,Olives,5312,Area harvested,1985,1985,ha,62000.0,E,,Libya
124,'434,Libya,260,'01450,Olives,5312,Area harvested,1986,1986,ha,62000.0,E,,Libya
124,'434,Libya,260,'01450,Olives,5312,Area harvested,1987,1987,ha,60000.0,E,,Libya
124,'434,Libya,260,'01450,Olives,5312,Area harvested,1988,1988,ha,60000.0,E,,Libya
124,'434,Libya,260,'01450,Olives,5312,Area harvested,1989,1989,ha,60000.0,E,,Libya
124,'434,Libya,260,'01450,Olives,5312,Area harvested,1990,1990,ha,62247.0,E,,Libya
124,'434,Libya,260,'01450,Olives,5312,Area harvested,1991,1991,ha,65000.0,E,,Libya
124,'434,Libya,260,'01450,Olives,5312,Area harvested,1992,1992,ha,70000.0,E,,Libya
124,'434,Libya,260,'01450,Olives,5312,Area harvested,1993,1993,ha,80000.0,E,,Libya
124,'434,Libya,260,'01450,Olives,5312,Area harvested,1994,1994,ha,85000.0,E,,Libya
124,'434,Libya,260,'01450,Olives,5312,Area harvested,1995,1995,ha,90000.0,E,,Libya
124,'434,Libya,260,'01450,Olives,5312,Area harvested,1996,1996,ha,100000.0,E,,Libya
124,'434,Libya,260,'01450,Olives,5312,Area harvested,1997,1997,ha,105000.0,E,,Libya
124,'434,Libya,260,'01450,Olives,5312,Area harvested,1998,1998,ha,110000.0,E,,Libya
124,'434,Libya,260,'01450,Olives,5312,Area harvested,1999,1999,ha,160000.0,E,,Libya
124,'434,Libya,260,'01450,Olives,5312,Area harvested,2000,2000,ha,130000.0,A,,Libya
124,'434,Libya,260,'01450,Olives,5312,Area harvested,2001,2001,ha,100000.0,A,,Libya
124,'434,Libya,260,'01450,Olives,5312,Area harvested,2002,2002,ha,100000.0,A,,Libya
124,'434,Libya,260,'01450,Olives,5312,Area harvested,2003,2003,ha,135402.0,I,,Libya
124,'434,Libya,260,'01450,Olives,5312,Area harvested,2004,2004,ha,200000.0,A,,Libya
124,'434,Libya,260,'01450,Olives,5312,Area harvested,2005,2005,ha,195147.0,I,,Libya
124,'434,Libya,260,'01450,Olives,5312,Area harvested,2006,2006,ha,200000.0,X,Unofficial figure,Libya
124,'434,Libya,260,'01450,Olives,5312,Area harvested,2007,2007,ha,200000.0,X,Unofficial figure,Libya
124,'434,Libya,260,'01450,Olives,5312,Area harvested,2008,2008,ha,200000.0,X,Unofficial figure,Libya
124,'434,Libya,260,'01450,Olives,5312,Area harvested,2009,2009,ha,205150.0,X,Unofficial figure,Libya
124,'434,Libya,260,'01450,Olives,5312,Area harvested,2010,2010,ha,227602.0,I,,Libya
124,'434,Libya,260,'01450,Olives,5312,Area harvested,2011,2011,ha,234277.0,I,,Libya
124,'434,Libya,260,'01450,Olives,5312,Area harvested,2012,2012,ha,241106.0,I,,Libya
124,'434,Libya,260,'01450,Olives,5312,Area harvested,2013,2013,ha,251558.0,I,,Libya
124,'434,Libya,260,'01450,Olives,5312,Area harvested,2014,2014,ha,253467.0,I,,Libya
124,'434,Libya,260,'01450,Olives,5312,Area harvested,2015,2015,ha,224513.0,I,,Libya
124,'434,Libya,260,'01450,Olives,5312,Area harvested,2016,2016,ha,243179.0,E,,Libya
124,'434,Libya,260,'01450,Olives,5312,Area harvested,2017,2017,ha,245452.0,I,,Libya
124,'434,Libya,260,'01450,Olives,5312,Area harvested,2018,2018,ha,204510.0,A,,Libya
124,'434,Libya,260,'01450,Olives,5312,Area harvested,2019,2019,ha,205940.0,A,,Libya
124,'434,Libya,260,'01450,Olives,5312,Area harvested,2020,2020,ha,238760.0,A,,Libya
124,'434,Libya,260,'01450,Olives,5312,Area harvested,2021,2021,ha,235500.0,A,,Libya
124,'434,Libya,260,'01450,Olives,5312,Area harvested,2022,2022,ha,228473.0,I,,Libya
124,'434,Libya,260,'01450,Olives,5312,Area harvested,2023,2023,ha,207252.0,I,,Libya
124,'434,Libya,260,'01450,Olives,5312,Area harvested,2024,2024,ha,185238.0,I,,Libya
124,'434,Libya,260,'01450,Olives,5412,Yield,1985,1985,kg/ha,2064.5,E,,Libya
124,'434,Libya,260,'01450,Olives,5412,Yield,1986,1986,kg/ha,1935.5,E,,Libya
124,'434,Libya,260,'01450,Olives,5412,Yield,1987,1987,kg/ha,966.7,E,,Libya
124,'434,Libya,260,'01450,Olives,5412,Yield,1988,1988,kg/ha,1032.6,E,,Libya
124,'434,Libya,260,'01450,Olives,5412,Yield,1989,1989,kg/ha,1083.3,E,,Libya
124,'434,Libya,260,'01450,Olives,5412,Yield,1990,1990,kg/ha,1092.4,E,,Libya
124,'434,Libya,260,'01450,Olives,5412,Yield,1991,1991,kg/ha,1230.8,E,,Libya
124,'434,Libya,260,'01450,Olives,5412,Yield,1992,1992,kg/ha,1428.6,E,,Libya
124,'434,Libya,260,'01450,Olives,5412,Yield,1993,1993,kg/ha,1500.0,E,,Libya
124,'434,Libya,260,'01450,Olives,5412,Yield,1994,1994,kg/ha,1647.1,E,,Libya
124,'434,Libya,260,'01450,Olives,5412,Yield,1995,1995,kg/ha,1866.7,E,,Libya
124,'434,Libya,260,'01450,Olives,5412,Yield,1996,1996,kg/ha,1856.8,E,,Libya
124,'434,Libya,260,'01450,Olives,5412,Yield,1997,1997,kg/ha,1809.5,E,,Libya
124,'434,Libya,260,'01450,Olives,5412,Yield,1998,1998,kg/ha,1818.2,E,,Libya
124,'434,Libya,260,'01450,Olives,5412,Yield,1999,1999,kg/ha,1718.8,E,,Libya
124,'434,Libya,260,'01450,Olives,5412,Yield,2000,2000,kg/ha,1269.2,A,,Libya
124,'434,Libya,260,'01450,Olives,5412,Yield,2001,2001,kg/ha,1500.0,A,,Libya
124,'434,Libya,260,'01450,Olives,5412,Yield,2002,2002,kg/ha,1500.0,A,,Libya
124,'434,Libya,260,'01450,Olives,5412,Yield,2003,2003,kg/ha,1236.1,E,,Libya
124,'434,Libya,260,'01450,Olives,5412,Yield,2004,2004,kg/ha,900.0,E,,Libya
124,'434,Libya,260,'01450,Olives,5412,Yield,2005,2005,kg/ha,928.1,E,,Libya
124,'434,Libya,260,'01450,Olives,5412,Yield,2006,2006,kg/ha,900.0,X,,Libya
124,'434,Libya,260,'01450,Olives,5412,Yield,2007,2007,kg/ha,900.0,X,,Libya
124,'434,Libya,260,'01450,Olives,5412,Yield,2008,2008,kg/ha,900.0,X,,Libya
124,'434,Libya,260,'01450,Olives,5412,Yield,2009,2009,kg/ha,833.0,X,,Libya
124,'434,Libya,260,'01450,Olives,5412,Yield,2010,2010,kg/ha,778.3,E,,Libya
124,'434,Libya,260,'01450,Olives,5412,Yield,2011,2011,kg/ha,799.5,E,,Libya
124,'434,Libya,260,'01450,Olives,5412,Yield,2012,2012,kg/ha,767.1,E,,Libya
124,'434,Libya,260,'01450,Olives,5412,Yield,2013,2013,kg/ha,738.4,E,,Libya
124,'434,Libya,260,'01450,Olives,5412,Yield,2014,2014,kg/ha,712.8,E,,Libya
124,'434,Libya,260,'01450,Olives,5412,Yield,2015,2015,kg/ha,724.9,E,,Libya
124,'434,Libya,260,'01450,Olives,5412,Yield,2016,2016,kg/ha,725.4,E,,Libya
124,'434,Libya,260,'01450,Olives,5412,Yield,2017,2017,kg/ha,714.8,E,,Libya
124,'434,Libya,260,'01450,Olives,5412,Yield,2018,2018,kg/ha,692.8,A,,Libya
124,'434,Libya,260,'01450,Olives,5412,Yield,2019,2019,kg/ha,680.7,A,,Libya
124,'434,Libya,260,'01450,Olives,5412,Yield,2020,2020,kg/ha,722.6,A,,Libya
124,'434,Libya,260,'01450,Olives,5412,Yield,2021,2021,kg/ha,735.7,A,,Libya
124,'434,Libya,260,'01450,Olives,5412,Yield,2022,2022,kg/ha,736.7,E,,Libya
124,'434,Libya,260,'01450,Olives,5412,Yield,2023,2023,kg/ha,690.4,E,,Libya
124,'434,Libya,260,'01450,Olives,5412,Yield,2024,2024,kg/ha,695.8,E,,Libya
124,'434,Libya,260,'01450,Olives,5510,Production,1961,1961,t,35100.0,A,,Libya
124,'434,Libya,260,'01450,Olives,5510,Production,1962,1962,t,36700.0,A,,Libya
124,'434,Libya,260,'01450,Olives,5510,Production,1963,1963,t,32000.0,A,,Libya
124,'434,Libya,260,'01450,Olives,5510,Production,1964,1964,t,18600.0,A,,Libya
124,'434,Libya,260,'01450,Olives,5510,Production,1965,1965,t,101372.0,A,,Libya
124,'434,Libya,260,'01450,Olives,5510,Production,1966,1966,t,94988.0,A,,Libya
124,'434,Libya,260,'01450,Olives,5510,Production,1967,1967,t,134294.0,A,,Libya
124,'434,Libya,260,'01450,Olives,5510,Production,1968,1968,t,143109.0,A,,Libya
124,'434,Libya,260,'01450,Olives,5510,Production,1969,1969,t,33610.0,A,,Libya
124,'434,Libya,260,'01450,Olives,5510,Production,1970,1970,t,73254.0,A,,Libya
124,'434,Libya,260,'01450,Olives,5510,Production,1971,1971,t,6000.0,A,,Libya
124,'434,Libya,260,'01450,Olives,5510,Production,1972,1972,t,94533.0,A,,Libya
124,'434,Libya,260,'01450,Olives,5510,Production,1973,1973,t,149313.0,A,,Libya
124,'434,Libya,260,'01450,Olives,5510,Production,1974,1974,t,95000.0,A,,Libya
124,'434,Libya,260,'01450,Olives,5510,Production,1975,1975,t,150918.0,A,,Libya
124,'434,Libya,260,'01450,Olives,5510,Production,1976,1976,t,155096.0,A,,Libya
124,'434,Libya,260,'01450,Olives,5510,Production,1977,1977,t,42028.0,A,,Libya
124,'434,Libya,260,'01450,Olives,5510,Production,1978,1978,t,143400.0,A,,Libya
124,'434,Libya,260,'01450,Olives,5510,Production,1979,1979,t,100000.0,A,,Libya
124,'434,Libya,260,'01450,Olives,5510,Production,1980,1980,t,160983.0,A,,Libya
124,'434,Libya,260,'01450,Olives,5510,Production,1981,1981,t,154800.0,A,,Libya
124,'434,Libya,260,'01450,Olives,5510,Production,1982,1982,t,143000.0,A,,Libya
124,'434,Libya,260,'01450,Olives,5510,Production,1983,1983,t,144000.0,A,,Libya
124,'434,Libya,260,'01450,Olives,5510,Production,1984,1984,t,121600.0,A,,Libya
124,'434,Libya,260,'01450,Olives,5510,Production,1985,1985,t,128000.0,A,,Libya
124,'434,Libya,260,'01450,Olives,5510,Production,1986,1986,t,120000.0,X,Unofficial figure,Libya
124,'434,Libya,260,'01450,Olives,5510,Production,1987,1987,t,58002.0,A,,Libya
124,'434,Libya,260,'01450,Olives,5510,Production,1988,1988,t,61958.0,A,,Libya
124,'434,Libya,260,'01450,Olives,5510,Production,1989,1989,t,64998.0,A,,Libya
124,'434,Libya,260,'01450,Olives,5510,Production,1990,1990,t,67998.0,A,,Libya
124,'434,Libya,260,'01450,Olives,5510,Production,1991,1991,t,80000.0,E,,Libya
124,'434,Libya,260,'01450,Olives,5510,Production,1992,1992,t,100000.0,E,,Libya
124,'434,Libya,260,'01450,Olives,5510,Production,1993,1993,t,120000.0,E,,Libya
124,'434,Libya,260,'01450,Olives,5510,Production,1994,1994,t,140000.0,E,,Libya
124,'434,Libya,260,'01450,Olives,5510,Production,1995,1995,t,168000.0,X,Unofficial figure,Libya
124,'434,Libya,260,'01450,Olives,5510,Production,1996,1996,t,185680.0,X,Unofficial figure,Libya
124,'434,Libya,260,'01450,Olives,5510,Production,1997,1997,t,190000.0,E,,Libya
124,'434,Libya,260,'01450,Olives,5510,Production,1998,1998,t,200000.0,E,,Libya
124,'434,Libya,260,'01450,Olives,5510,Production,1999,1999,t,275000.0,A,,Libya
124,'434,Libya,260,'01450,Olives,5510,Production,2000,2000,t,165000.0,A,,Libya
124,'434,Libya,260,'01450,Olives,5510,Production,2001,2001,t,150000.0,A,,Libya
124,'434,Libya,260,'01450,Olives,5510,Production,2002,2002,t,150000.0,A,,Libya
124,'434,Libya,260,'01450,Olives,5510,Production,2003,2003,t,167375.99,I,,Libya
124,'434,Libya,260,'01450,Olives,5510,Production,2004,2004,t,180000.0,E,,Libya
124,'434,Libya,260,'01450,Olives,5510,Production,2005,2005,t,181118.26,I,,Libya
124,'434,Libya,260,'01450,Olives,5510,Production,2006,2006,t,180000.0,X,Unofficial figure,Libya
124,'434,Libya,260,'01450,Olives,5510,Production,2007,2007,t,180000.0,X,Unofficial figure,Libya
124,'434,Libya,260,'01450,Olives,5510,Production,2008,2008,t,180000.0,X,Unofficial figure,Libya
124,'434,Libya,260,'01450,Olives,5510,Production,2009,2009,t,170890.0,X,Unofficial figure,Libya
124,'434,Libya,260,'01450,Olives,5510,Production,2010,2010,t,177144.0,I,,Libya
124,'434,Libya,260,'01450,Olives,5510,Production,2011,2011,t,187310.39,I,,Libya
124,'434,Libya,260,'01450,Olives,5510,Production,2012,2012,t,184951.46,I,,Libya
124,'434,Libya,260,'01450,Olives,5510,Production,2013,2013,t,185762.17,I,,Libya
124,'434,Libya,260,'01450,Olives,5510,Production,2014,2014,t,180668.04,I,,Libya
124,'434,Libya,260,'01450,Olives,5510,Production,2015,2015,t,162743.91,I,,Libya
124,'434,Libya,260,'01450,Olives,5510,Production,2016,2016,t,176391.37,E,,Libya
124,'434,Libya,260,'01450,Olives,5510,Production,2017,2017,t,175437.38,I,,Libya
124,'434,Libya,260,'01450,Olives,5510,Production,2018,2018,t,141680.0,A,,Libya
124,'434,Libya,260,'01450,Olives,5510,Production,2019,2019,t,140180.0,A,,Libya
124,'434,Libya,260,'01450,Olives,5510,Production,2020,2020,t,172520.0,A,,Libya
124,'434,Libya,260,'01450,Olives,5510,Production,2021,2021,t,173260.0,A,,Libya
124,'434,Libya,260,'01450,Olives,5510,Production,2022,2022,t,168323.88,I,,Libya
124,'434,Libya,260,'01450,Olives,5510,Production,2023,2023,t,143083.59,I,,Libya
124,'434,Libya,260,'01450,Olives,5510,Production,2024,2024,t,128893.28,I,,Libya
143,'504,Morocco,260,'01450,Olives,5312,Area harvested,1961,1961,ha,155000.0,E,,Morocco
143,'504,Morocco,260,'01450,Olives,5312,Area harvested,1962,1962,ha,160000.0,E,,Morocco
143,'504,Morocco,260,'01450,Olives,5312,Area harvested,1963,1963,ha,230000.0,E,,Morocco
143,'504,Morocco,260,'01450,Olives,5312,Area harvested,1964,1964,ha,200000.0,E,,Morocco
143,'504,Morocco,260,'01450,Olives,5312,Area harvested,1965,1965,ha,300000.0,E,,Morocco
143,'504,Morocco,260,'01450,Olives,5312,Area harvested,1966,1966,ha,270000.0,E,,Morocco
143,'504,Morocco,260,'01450,Olives,5312,Area harvested,1967,1967,ha,170000.0,E,,Morocco
143,'504,Morocco,260,'01450,Olives,5312,Area harvested,1968,1968,ha,550000.0,E,,Morocco
143,'504,Morocco,260,'01450,Olives,5312,Area harvested,1969,1969,ha,350000.0,E,,Morocco
143,'504,Morocco,260,'01450,Olives,5312,Area harvested,1970,1970,ha,180000.0,E,,Morocco
143,'504,Morocco,260,'01450,Olives,5312,Area harvested,1971,1971,ha,560000.0,E,,Morocco
143,'504,Morocco,260,'01450,Olives,5312,Area harvested,1972,1972,ha,220000.0,E,,Morocco
143,'504,Morocco,260,'01450,Olives,5312,Area harvested,1973,1973,ha,280000.0,E,,Morocco
143,'504,Morocco,260,'01450,Olives,5312,Area harvested,1974,1974,ha,294700.0,A,,Morocco
143,'504,Morocco,260,'01450,Olives,5312,Area harvested,1975,1975,ha,314400.0,A,,Morocco
143,'504,Morocco,260,'01450,Olives,5312,Area harvested,1976,1976,ha,340000.0,E,,Morocco
143,'504,Morocco,260,'01450,Olives,5312,Area harvested,1977,1977,ha,200000.0,E,,Morocco
143,'504,Morocco,260,'01450,Olives,5312,Area harvested,1978,1978,ha,220000.0,E,,Morocco
143,'504,Morocco,260,'01450,Olives,5312,Area harvested,1979,1979,ha,430000.0,E,,Morocco
143,'504,Morocco,260,'01450,Olives,5312,Area harvested,1980,1980,ha,300000.0,E,,Morocco
143,'504,Morocco,260,'01450,Olives,5312,Area harvested,1981,1981,ha,242100.0,A,,Morocco
143,'504,Morocco,260,'01450,Olives,5312,Area harvested,1982,1982,ha,259700.0,A,,Morocco
143,'504,Morocco,260,'01450,Olives,5312,Area harvested,1983,1983,ha,281900.0,A,,Morocco
143,'504,Morocco,260,'01450,Olives,5312,Area harvested,1984,1984,ha,286600.0,A,,Morocco
143,'504,Morocco,260,'01450,Olives,5312,Area harvested,1985,1985,ha,293200.0,A,,Morocco
143,'504,Morocco,260,'01450,Olives,5312,Area harvested,1986,1986,ha,301500.0,A,,Morocco
143,'504,Morocco,260,'01450,Olives,5312,Area harvested,1987,1987,ha,274200.0,A,,Morocco
143,'504,Morocco,260,'01450,Olives,5312,Area harvested,1988,1988,ha,331900.0,A,,Morocco
143,'504,Morocco,260,'01450,Olives,5312,Area harvested,1989,1989,ha,360300.0,A,,Morocco
143,'504,Morocco,260,'01450,Olives,5312,Area harvested,1990,1990,ha,365000.0,A,,Morocco
143,'504,Morocco,260,'01450,Olives,5312,Area harvested,1991,1991,ha,360000.0,A,,Morocco
143,'504,Morocco,260,'01450,Olives,5312,Area harvested,1992,1992,ha,395000.0,A,,Morocco
143,'504,Morocco,260,'01450,Olives,5312,Area harvested,1993,1993,ha,412000.0,A,,Morocco
143,'504,Morocco,260,'01450,Olives,5312,Area harvested,1994,1994,ha,430000.0,A,,Morocco
143,'504,Morocco,260,'01450,Olives,5312,Area harvested,1995,1995,ha,415200.0,A,,Morocco
143,'504,Morocco,260,'01450,Olives,5312,Area harvested,1996,1996,ha,418800.0,A,,Morocco
143,'504,Morocco,260,'01450,Olives,5312,Area harvested,1997,1997,ha,426600.0,A,,Morocco
143,'504,Morocco,260,'01450,Olives,5312,Area harvested,1998,1998,ha,520000.0,A,,Morocco
143,'504,Morocco,260,'01450,Olives,5312,Area harvested,1999,1999,ha,520000.0,A,,Morocco
143,'504,Morocco,260,'01450,Olives,5312,Area harvested,2000,2000,ha,540000.0,A,,Morocco
143,'504,Morocco,260,'01450,Olives,5312,Area harvested,2001,2001,ha,550000.0,A,,Morocco
143,'504,Morocco,260,'01450,Olives,5312,Area harvested,2002,2002,ha,477300.0,A,,Morocco
143,'504,Morocco,260,'01450,Olives,5312,Area harvested,2003,2003,ha,481000.0,A,,Morocco
143,'504,Morocco,260,'01450,Olives,5312,Area harvested,2004,2004,ha,590000.0,A,,Morocco
143,'504,Morocco,260,'01450,Olives,5312,Area harvested,2005,2005,ha,600000.0,A,,Morocco
143,'504,Morocco,260,'01450,Olives,5312,Area harvested,2006,2006,ha,522800.0,A,,Morocco
143,'504,Morocco,260,'01450,Olives,5312,Area harvested,2007,2007,ha,530900.0,A,,Morocco
143,'504,Morocco,260,'01450,Olives,5312,Area harvested,2008,2008,ha,547600.0,A,,Morocco
143,'504,Morocco,260,'01450,Olives,5312,Area harvested,2009,2009,ha,665400.0,A,,Morocco
143,'504,Morocco,260,'01450,Olives,5312,Area harvested,2010,2010,ha,830481.0,A,,Morocco
143,'504,Morocco,260,'01450,Olives,5312,Area harvested,2011,2011,ha,900743.0,A,,Morocco
143,'504,Morocco,260,'01450,Olives,5312,Area harvested,2012,2012,ha,968123.0,A,,Morocco
143,'504,Morocco,260,'01450,Olives,5312,Area harvested,2013,2013,ha,922235.0,A,,Morocco
143,'504,Morocco,260,'01450,Olives,5312,Area harvested,2014,2014,ha,946818.0,A,,Morocco
143,'504,Morocco,260,'01450,Olives,5312,Area harvested,2015,2015,ha,1006491.0,A,,Morocco
143,'504,Morocco,260,'01450,Olives,5312,Area harvested,2016,2016,ha,1008365.0,A,,Morocco
143,'504,Morocco,260,'01450,Olives,5312,Area harvested,2017,2017,ha,1020569.0,A,,Morocco
143,'504,Morocco,260,'01450,Olives,5312,Area harvested,2018,2018,ha,1045186.0,A,,Morocco
143,'504,Morocco,260,'01450,Olives,5312,Area harvested,2019,2019,ha,1073493.0,A,,Morocco
143,'504,Morocco,260,'01450,Olives,5312,Area harvested,2020,2020,ha,1068895.0,A,,Morocco
143,'504,Morocco,260,'01450,Olives,5312,Area harvested,2021,2021,ha,1104083.0,A,,Morocco
143,'504,Morocco,260,'01450,Olives,5312,Area harvested,2022,2022,ha,1201308.0,A,,Morocco
143,'504,Morocco,260,'01450,Olives,5312,Area harvested,2023,2023,ha,1160032.0,A,,Morocco
143,'504,Morocco,260,'01450,Olives,5312,Area harvested,2024,2024,ha,1238815.0,A,,Morocco
143,'504,Morocco,260,'01450,Olives,5412,Yield,1961,1961,kg/ha,900.6,E,,Morocco
143,'504,Morocco,260,'01450,Olives,5412,Yield,1962,1962,kg/ha,906.3,E,,Morocco
143,'504,Morocco,260,'01450,Olives,5412,Yield,1963,1963,kg/ha,869.6,E,,Morocco
143,'504,Morocco,260,'01450,Olives,5412,Yield,1964,1964,kg/ha,885.0,E,,Morocco
143,'504,Morocco,260,'01450,Olives,5412,Yield,1965,1965,kg/ha,890.3,E,,Morocco
143,'504,Morocco,260,'01450,Olives,5412,Yield,1966,1966,kg/ha,888.9,E,,Morocco
143,'504,Morocco,260,'01450,Olives,5412,Yield,1967,1967,kg/ha,894.1,E,,Morocco
143,'504,Morocco,260,'01450,Olives,5412,Yield,1968,1968,kg/ha,892.7,E,,Morocco
143,'504,Morocco,260,'01450,Olives,5412,Yield,1969,1969,kg/ha,914.3,E,,Morocco
143,'504,Morocco,260,'01450,Olives,5412,Yield,1970,1970,kg/ha,888.9,E,,Morocco
143,'504,Morocco,260,'01450,Olives,5412,Yield,1971,1971,kg/ha,903.6,E,,Morocco
143,'504,Morocco,260,'01450,Olives,5412,Yield,1972,1972,kg/ha,886.4,E,,Morocco
143,'504,Morocco,260,'01450,Olives,5412,Yield,1973,1973,kg/ha,909.6,E,,Morocco
143,'504,Morocco,260,'01450,Olives,5412,Yield,1974,1974,kg/ha,742.8,A,,Morocco
143,'504,Morocco,260,'01450,Olives,5412,Yield,1975,1975,kg/ha,993.0,A,,Morocco
143,'504,Morocco,260,'01450,Olives,5412,Yield,1976,1976,kg/ha,894.1,E,,Morocco
143,'504,Morocco,260,'01450,Olives,5412,Yield,1977,1977,kg/ha,900.0,E,,Morocco
143,'504,Morocco,260,'01450,Olives,5412,Yield,1978,1978,kg/ha,909.1,E,,Morocco
143,'504,Morocco,260,'01450,Olives,5412,Yield,1979,1979,kg/ha,907.0,E,,Morocco
143,'504,Morocco,260,'01450,Olives,5412,Yield,1980,1980,kg/ha,890.0,E,,Morocco
143,'504,Morocco,260,'01450,Olives,5412,Yield,1981,1981,kg/ha,826.1,E,,Morocco
143,'504,Morocco,260,'01450,Olives,5412,Yield,1982,1982,kg/ha,1667.1,A,,Morocco
143,'504,Morocco,260,'01450,Olives,5412,Yield,1983,1983,kg/ha,971.6,A,,Morocco
143,'504,Morocco,260,'01450,Olives,5412,Yield,1984,1984,kg/ha,1139.9,A,,Morocco
143,'504,Morocco,260,'01450,Olives,5412,Yield,1985,1985,kg/ha,1255.1,A,,Morocco
143,'504,Morocco,260,'01450,Olives,5412,Yield,1986,1986,kg/ha,1326.7,A,,Morocco
143,'504,Morocco,260,'01450,Olives,5412,Yield,1987,1987,kg/ha,1655.6,A,,Morocco
143,'504,Morocco,260,'01450,Olives,5412,Yield,1988,1988,kg/ha,1045.5,A,,Morocco
143,'504,Morocco,260,'01450,Olives,5412,Yield,1989,1989,kg/ha,1804.1,A,,Morocco
143,'504,Morocco,260,'01450,Olives,5412,Yield,1990,1990,kg/ha,1084.9,A,,Morocco
143,'504,Morocco,260,'01450,Olives,5412,Yield,1991,1991,kg/ha,1527.8,A,,Morocco
143,'504,Morocco,260,'01450,Olives,5412,Yield,1992,1992,kg/ha,962.0,A,,Morocco
143,'504,Morocco,260,'01450,Olives,5412,Yield,1993,1993,kg/ha,1014.6,A,,Morocco
143,'504,Morocco,260,'01450,Olives,5412,Yield,1994,1994,kg/ha,1162.8,A,,Morocco
143,'504,Morocco,260,'01450,Olives,5412,Yield,1995,1995,kg/ha,1051.0,A,,Morocco
143,'504,Morocco,260,'01450,Olives,5412,Yield,1996,1996,kg/ha,2168.8,A,,Morocco
143,'504,Morocco,260,'01450,Olives,5412,Yield,1997,1997,kg/ha,1213.3,A,,Morocco
143,'504,Morocco,260,'01450,Olives,5412,Yield,1998,1998,kg/ha,1362.6,A,,Morocco
143,'504,Morocco,260,'01450,Olives,5412,Yield,1999,1999,kg/ha,914.9,A,,Morocco
143,'504,Morocco,260,'01450,Olives,5412,Yield,2000,2000,kg/ha,740.7,A,,Morocco
143,'504,Morocco,260,'01450,Olives,5412,Yield,2001,2001,kg/ha,763.6,A,,Morocco
143,'504,Morocco,260,'01450,Olives,5412,Yield,2002,2002,kg/ha,953.7,A,,Morocco
143,'504,Morocco,260,'01450,Olives,5412,Yield,2003,2003,kg/ha,1725.8,A,,Morocco
143,'504,Morocco,260,'01450,Olives,5412,Yield,2004,2004,kg/ha,847.5,A,,Morocco
143,'504,Morocco,260,'01450,Olives,5412,Yield,2005,2005,kg/ha,1250.0,A,,Morocco
143,'504,Morocco,260,'01450,Olives,5412,Yield,2006,2006,kg/ha,1207.4,A,,Morocco
143,'504,Morocco,260,'01450,Olives,5412,Yield,2007,2007,kg/ha,1241.5,A,,Morocco
143,'504,Morocco,260,'01450,Olives,5412,Yield,2008,2008,kg/ha,1397.7,A,,Morocco
143,'504,Morocco,260,'01450,Olives,5412,Yield,2009,2009,kg/ha,1277.4,A,,Morocco
143,'504,Morocco,260,'01450,Olives,5412,Yield,2010,2010,kg/ha,1814.0,A,,Morocco
143,'504,Morocco,260,'01450,Olives,5412,Yield,2011,2011,kg/ha,1571.9,A,,Morocco
143,'504,Morocco,260,'01450,Olives,5412,Yield,2012,2012,kg/ha,1359.1,A,,Morocco
143,'504,Morocco,260,'01450,Olives,5412,Yield,2013,2013,kg/ha,1281.3,A,,Morocco
143,'504,Morocco,260,'01450,Olives,5412,Yield,2014,2014,kg/ha,1661.6,A,,Morocco
143,'504,Morocco,260,'01450,Olives,5412,Yield,2015,2015,kg/ha,1136.9,A,,Morocco
143,'504,Morocco,260,'01450,Olives,5412,Yield,2016,2016,kg/ha,1404.4,A,,Morocco
143,'504,Morocco,260,'01450,Olives,5412,Yield,2017,2017,kg/ha,1018.2,A,,Morocco
143,'504,Morocco,260,'01450,Olives,5412,Yield,2018,2018,kg/ha,1494.0,A,,Morocco
143,'504,Morocco,260,'01450,Olives,5412,Yield,2019,2019,kg/ha,1781.3,A,,Morocco
143,'504,Morocco,260,'01450,Olives,5412,Yield,2020,2020,kg/ha,1318.4,A,,Morocco
143,'504,Morocco,260,'01450,Olives,5412,Yield,2021,2021,kg/ha,1440.6,A,,Morocco
143,'504,Morocco,260,'01450,Olives,5412,Yield,2022,2022,kg/ha,1638.3,A,,Morocco
143,'504,Morocco,260,'01450,Olives,5412,Yield,2023,2023,kg/ha,851.7,A,,Morocco
143,'504,Morocco,260,'01450,Olives,5412,Yield,2024,2024,kg/ha,871.7,A,,Morocco
143,'504,Morocco,260,'01450,Olives,5510,Production,1961,1961,t,139600.0,A,,Morocco
143,'504,Morocco,260,'01450,Olives,5510,Production,1962,1962,t,145000.0,A,,Morocco
143,'504,Morocco,260,'01450,Olives,5510,Production,1963,1963,t,200000.0,A,,Morocco
143,'504,Morocco,260,'01450,Olives,5510,Production,1964,1964,t,177000.0,A,,Morocco
143,'504,Morocco,260,'01450,Olives,5510,Production,1965,1965,t,267100.0,A,,Morocco
143,'504,Morocco,260,'01450,Olives,5510,Production,1966,1966,t,240000.0,A,,Morocco
143,'504,Morocco,260,'01450,Olives,5510,Production,1967,1967,t,152000.0,A,,Morocco
143,'504,Morocco,260,'01450,Olives,5510,Production,1968,1968,t,491000.0,A,,Morocco
143,'504,Morocco,260,'01450,Olives,5510,Production,1969,1969,t,320000.0,A,,Morocco
143,'504,Morocco,260,'01450,Olives,5510,Production,1970,1970,t,160000.0,A,,Morocco
143,'504,Morocco,260,'01450,Olives,5510,Production,1971,1971,t,506000.0,A,,Morocco
143,'504,Morocco,260,'01450,Olives,5510,Production,1972,1972,t,195000.0,A,,Morocco
143,'504,Morocco,260,'01450,Olives,5510,Production,1973,1973,t,254700.0,A,,Morocco
143,'504,Morocco,260,'01450,Olives,5510,Production,1974,1974,t,218900.0,A,,Morocco
143,'504,Morocco,260,'01450,Olives,5510,Production,1975,1975,t,312200.0,A,,Morocco
143,'504,Morocco,260,'01450,Olives,5510,Production,1976,1976,t,304000.0,A,,Morocco
143,'504,Morocco,260,'01450,Olives,5510,Production,1977,1977,t,180000.0,X,Unofficial figure,Morocco
143,'504,Morocco,260,'01450,Olives,5510,Production,1978,1978,t,200000.0,X,Unofficial figure,Morocco
143,'504,Morocco,260,'01450,Olives,5510,Production,1979,1979,t,390000.0,X,Unofficial figure,Morocco
143,'504,Morocco,260,'01450,Olives,5510,Production,1980,1980,t,267000.0,E,,Morocco
143,'504,Morocco,260,'01450,Olives,5510,Production,1981,1981,t,200000.0,E,,Morocco
143,'504,Morocco,260,'01450,Olives,5510,Production,1982,1982,t,432950.0,A,,Morocco
143,'504,Morocco,260,'01450,Olives,5510,Production,1983,1983,t,273900.0,A,,Morocco
143,'504,Morocco,260,'01450,Olives,5510,Production,1984,1984,t,326700.0,A,,Morocco
143,'504,Morocco,260,'01450,Olives,5510,Production,1985,1985,t,368000.0,A,,Morocco
143,'504,Morocco,260,'01450,Olives,5510,Production,1986,1986,t,400000.0,A,,Morocco
143,'504,Morocco,260,'01450,Olives,5510,Production,1987,1987,t,453960.0,A,,Morocco
143,'504,Morocco,260,'01450,Olives,5510,Production,1988,1988,t,347000.0,A,,Morocco
143,'504,Morocco,260,'01450,Olives,5510,Production,1989,1989,t,650000.0,A,,Morocco
143,'504,Morocco,260,'01450,Olives,5510,Production,1990,1990,t,396000.0,A,,Morocco
143,'504,Morocco,260,'01450,Olives,5510,Production,1991,1991,t,550000.0,A,,Morocco
143,'504,Morocco,260,'01450,Olives,5510,Production,1992,1992,t,380000.0,A,,Morocco
143,'504,Morocco,260,'01450,Olives,5510,Production,1993,1993,t,418000.0,A,,Morocco
143,'504,Morocco,260,'01450,Olives,5510,Production,1994,1994,t,500000.0,A,,Morocco
143,'504,Morocco,260,'01450,Olives,5510,Production,1995,1995,t,436360.0,A,,Morocco
143,'504,Morocco,260,'01450,Olives,5510,Production,1996,1996,t,908300.0,A,,Morocco
143,'504,Morocco,260,'01450,Olives,5510,Production,1997,1997,t,517600.0,A,,Morocco
143,'504,Morocco,260,'01450,Olives,5510,Production,1998,1998,t,708550.0,A,,Morocco
143,'504,Morocco,260,'01450,Olives,5510,Production,1999,1999,t,475750.0,A,,Morocco
143,'504,Morocco,260,'01450,Olives,5510,Production,2000,2000,t,400000.0,A,,Morocco
143,'504,Morocco,260,'01450,Olives,5510,Production,2001,2001,t,420000.0,A,,Morocco
143,'504,Morocco,260,'01450,Olives,5510,Production,2002,2002,t,455200.0,A,,Morocco
143,'504,Morocco,260,'01450,Olives,5510,Production,2003,2003,t,830100.0,A,,Morocco
143,'504,Morocco,260,'01450,Olives,5510,Production,2004,2004,t,500000.0,A,,Morocco
143,'504,Morocco,260,'01450,Olives,5510,Production,2005,2005,t,750000.0,A,,Morocco
143,'504,Morocco,260,'01450,Olives,5510,Production,2006,2006,t,631210.0,A,,Morocco
143,'504,Morocco,260,'01450,Olives,5510,Production,2007,2007,t,659100.0,A,,Morocco
143,'504,Morocco,260,'01450,Olives,5510,Production,2008,2008,t,765380.0,A,,Morocco
143,'504,Morocco,260,'01450,Olives,5510,Production,2009,2009,t,850000.0,A,,Morocco
143,'504,Morocco,260,'01450,Olives,5510,Production,2010,2010,t,1506473.0,A,,Morocco
143,'504,Morocco,260,'01450,Olives,5510,Production,2011,2011,t,1415902.0,A,,Morocco
143,'504,Morocco,260,'01450,Olives,5510,Production,2012,2012,t,1315794.0,A,,Morocco
143,'504,Morocco,260,'01450,Olives,5510,Production,2013,2013,t,1181675.91,A,,Morocco
143,'504,Morocco,260,'01450,Olives,5510,Production,2014,2014,t,1573206.49,A,,Morocco
143,'504,Morocco,260,'01450,Olives,5510,Production,2015,2015,t,1144237.93,A,,Morocco
143,'504,Morocco,260,'01450,Olives,5510,Production,2016,2016,t,1416106.53,A,,Morocco
143,'504,Morocco,260,'01450,Olives,5510,Production,2017,2017,t,1039116.84,A,,Morocco
143,'504,Morocco,260,'01450,Olives,5510,Production,2018,2018,t,1561465.2,A,,Morocco
143,'504,Morocco,260,'01450,Olives,5510,Production,2019,2019,t,1912237.71,A,,Morocco
143,'504,Morocco,260,'01450,Olives,5510,Production,2020,2020,t,1409266.45,A,,Morocco
143,'504,Morocco,260,'01450,Olives,5510,Production,2021,2021,t,1590504.0,A,,Morocco
143,'504,Morocco,260,'01450,Olives,5510,Production,2022,2022,t,1968110.94,A,,Morocco
143,'504,Morocco,260,'01450,Olives,5510,Production,2023,2023,t,988044.45,A,,Morocco
143,'504,Morocco,260,'01450,Olives,5510,Production,2024,2024,t,1079873.76,A,,Morocco
174,'620,Portugal,260,'01450,Olives,5312,Area harvested,1961,1961,ha,,M,,Portugal
174,'620,Portugal,260,'01450,Olives,5312,Area harvested,1962,1962,ha,,M,,Portugal
174,'620,Portugal,260,'01450,Olives,5312,Area harvested,1963,1963,ha,,M,,Portugal
174,'620,Portugal,260,'01450,Olives,5312,Area harvested,1964,1964,ha,,M,,Portugal
174,'620,Portugal,260,'01450,Olives,5312,Area harvested,1965,1965,ha,,M,,Portugal
174,'620,Portugal,260,'01450,Olives,5312,Area harvested,1966,1966,ha,,M,,Portugal
174,'620,Portugal,260,'01450,Olives,5312,Area harvested,1967,1967,ha,,M,,Portugal
174,'620,Portugal,260,'01450,Olives,5312,Area harvested,1968,1968,ha,,M,,Portugal
174,'620,Portugal,260,'01450,Olives,5312,Area harvested,1969,1969,ha,,M,,Portugal
174,'620,Portugal,260,'01450,Olives,5312,Area harvested,1970,1970,ha,,M,,Portugal
174,'620,Portugal,260,'01450,Olives,5312,Area harvested,1971,1971,ha,,M,,Portugal
174,'620,Portugal,260,'01450,Olives,5312,Area harvested,1972,1972,ha,,M,,Portugal
174,'620,Portugal,260,'01450,Olives,5312,Area harvested,1973,1973,ha,,M,,Portugal
174,'620,Portugal,260,'01450,Olives,5312,Area harvested,1974,1974,ha,,M,,Portugal
174,'620,Portugal,260,'01450,Olives,5312,Area harvested,1975,1975,ha,,M,,Portugal
174,'620,Portugal,260,'01450,Olives,5312,Area harvested,1976,1976,ha,,M,,Portugal
174,'620,Portugal,260,'01450,Olives,5312,Area harvested,1977,1977,ha,,M,,Portugal
174,'620,Portugal,260,'01450,Olives,5312,Area harvested,1978,1978,ha,,M,,Portugal
174,'620,Portugal,260,'01450,Olives,5312,Area harvested,1979,1979,ha,,M,,Portugal
174,'620,Portugal,260,'01450,Olives,5312,Area harvested,1980,1980,ha,,M,,Portugal
174,'620,Portugal,260,'01450,Olives,5312,Area harvested,1981,1981,ha,,M,,Portugal
174,'620,Portugal,260,'01450,Olives,5312,Area harvested,1982,1982,ha,,M,,Portugal
174,'620,Portugal,260,'01450,Olives,5312,Area harvested,1983,1983,ha,,M,,Portugal
174,'620,Portugal,260,'01450,Olives,5312,Area harvested,1984,1984,ha,,M,,Portugal
174,'620,Portugal,260,'01450,Olives,5312,Area harvested,1985,1985,ha,350000.0,E,,Portugal
174,'620,Portugal,260,'01450,Olives,5312,Area harvested,1986,1986,ha,339511.0,A,,Portugal
174,'620,Portugal,260,'01450,Olives,5312,Area harvested,1987,1987,ha,339835.0,A,,Portugal
174,'620,Portugal,260,'01450,Olives,5312,Area harvested,1988,1988,ha,340261.0,A,,Portugal
174,'620,Portugal,260,'01450,Olives,5312,Area harvested,1989,1989,ha,340515.0,A,,Portugal
174,'620,Portugal,260,'01450,Olives,5312,Area harvested,1990,1990,ha,337189.0,A,,Portugal
174,'620,Portugal,260,'01450,Olives,5312,Area harvested,1991,1991,ha,333757.0,A,,Portugal
174,'620,Portugal,260,'01450,Olives,5312,Area harvested,1992,1992,ha,338948.0,A,,Portugal
174,'620,Portugal,260,'01450,Olives,5312,Area harvested,1993,1993,ha,340579.0,A,,Portugal
174,'620,Portugal,260,'01450,Olives,5312,Area harvested,1994,1994,ha,340672.0,A,,Portugal
174,'620,Portugal,260,'01450,Olives,5312,Area harvested,1995,1995,ha,333144.0,A,,Portugal
174,'620,Portugal,260,'01450,Olives,5312,Area harvested,1996,1996,ha,336621.0,A,,Portugal
174,'620,Portugal,260,'01450,Olives,5312,Area harvested,1997,1997,ha,338414.0,A,,Portugal
174,'620,Portugal,260,'01450,Olives,5312,Area harvested,1998,1998,ha,347271.0,A,,Portugal
174,'620,Portugal,260,'01450,Olives,5312,Area harvested,1999,1999,ha,369032.0,A,,Portugal
174,'620,Portugal,260,'01450,Olives,5312,Area harvested,2000,2000,ha,367351.0,A,,Portugal
174,'620,Portugal,260,'01450,Olives,5312,Area harvested,2001,2001,ha,361606.0,A,,Portugal
174,'620,Portugal,260,'01450,Olives,5312,Area harvested,2002,2002,ha,354040.0,A,,Portugal
174,'620,Portugal,260,'01450,Olives,5312,Area harvested,2003,2003,ha,350064.0,A,,Portugal
174,'620,Portugal,260,'01450,Olives,5312,Area harvested,2004,2004,ha,347276.0,A,,Portugal
174,'620,Portugal,260,'01450,Olives,5312,Area harvested,2005,2005,ha,348426.0,A,,Portugal
174,'620,Portugal,260,'01450,Olives,5312,Area harvested,2006,2006,ha,347901.0,A,,Portugal
174,'620,Portugal,260,'01450,Olives,5312,Area harvested,2007,2007,ha,347369.0,A,,Portugal
174,'620,Portugal,260,'01450,Olives,5312,Area harvested,2008,2008,ha,347140.0,A,,Portugal
174,'620,Portugal,260,'01450,Olives,5312,Area harvested,2009,2009,ha,344199.0,A,,Portugal
174,'620,Portugal,260,'01450,Olives,5312,Area harvested,2010,2010,ha,343219.0,A,,Portugal
174,'620,Portugal,260,'01450,Olives,5312,Area harvested,2011,2011,ha,345683.0,A,,Portugal
174,'620,Portugal,260,'01450,Olives,5312,Area harvested,2012,2012,ha,347292.0,A,,Portugal
174,'620,Portugal,260,'01450,Olives,5312,Area harvested,2013,2013,ha,351770.0,A,,Portugal
174,'620,Portugal,260,'01450,Olives,5312,Area harvested,2014,2014,ha,352350.0,A,,Portugal
174,'620,Portugal,260,'01450,Olives,5312,Area harvested,2015,2015,ha,351340.0,A,,Portugal
174,'620,Portugal,260,'01450,Olives,5312,Area harvested,2016,2016,ha,356183.0,A,,Portugal
174,'620,Portugal,260,'01450,Olives,5312,Area harvested,2017,2017,ha,358276.0,A,,Portugal
174,'620,Portugal,260,'01450,Olives,5312,Area harvested,2018,2018,ha,361180.0,A,,Portugal
174,'620,Portugal,260,'01450,Olives,5312,Area harvested,2019,2019,ha,378390.0,A,,Portugal
174,'620,Portugal,260,'01450,Olives,5312,Area harvested,2020,2020,ha,380850.0,A,,Portugal
174,'620,Portugal,260,'01450,Olives,5312,Area harvested,2021,2021,ha,380410.0,A,,Portugal
174,'620,Portugal,260,'01450,Olives,5312,Area harvested,2022,2022,ha,379570.0,A,,Portugal
174,'620,Portugal,260,'01450,Olives,5312,Area harvested,2023,2023,ha,380880.0,A,,Portugal
174,'620,Portugal,260,'01450,Olives,5312,Area harvested,2024,2024,ha,380780.0,A,,Portugal
174,'620,Portugal,260,'01450,Olives,5412,Yield,1985,1985,kg/ha,686.0,E,,Portugal
174,'620,Portugal,260,'01450,Olives,5412,Yield,1986,1986,kg/ha,1048.2,A,,Portugal
174,'620,Portugal,260,'01450,Olives,5412,Yield,1987,1987,kg/ha,855.3,A,,Portugal
174,'620,Portugal,260,'01450,Olives,5412,Yield,1988,1988,kg/ha,381.2,A,,Portugal
174,'620,Portugal,260,'01450,Olives,5412,Yield,1989,1989,kg/ha,971.5,A,,Portugal
174,'620,Portugal,260,'01450,Olives,5412,Yield,1990,1990,kg/ha,586.3,A,,Portugal
174,'620,Portugal,260,'01450,Olives,5412,Yield,1991,1991,kg/ha,1329.2,A,,Portugal
174,'620,Portugal,260,'01450,Olives,5412,Yield,1992,1992,kg/ha,463.6,A,,Portugal
174,'620,Portugal,260,'01450,Olives,5412,Yield,1993,1993,kg/ha,729.6,A,,Portugal
174,'620,Portugal,260,'01450,Olives,5412,Yield,1994,1994,kg/ha,681.6,A,,Portugal
174,'620,Portugal,260,'01450,Olives,5412,Yield,1995,1995,kg/ha,959.8,A,,Portugal
174,'620,Portugal,260,'01450,Olives,5412,Yield,1996,1996,kg/ha,844.0,A,,Portugal
174,'620,Portugal,260,'01450,Olives,5412,Yield,1997,1997,kg/ha,943.7,A,,Portugal
174,'620,Portugal,260,'01450,Olives,5412,Yield,1998,1998,kg/ha,674.4,A,,Portugal
174,'620,Portugal,260,'01450,Olives,5412,Yield,1999,1999,kg/ha,901.2,A,,Portugal
174,'620,Portugal,260,'01450,Olives,5412,Yield,2000,2000,kg/ha,474.8,A,,Portugal
174,'620,Portugal,260,'01450,Olives,5412,Yield,2001,2001,kg/ha,642.3,A,,Portugal
174,'620,Portugal,260,'01450,Olives,5412,Yield,2002,2002,kg/ha,630.7,A,,Portugal
174,'620,Portugal,260,'01450,Olives,5412,Yield,2003,2003,kg/ha,696.6,A,,Portugal
174,'620,Portugal,260,'01450,Olives,5412,Yield,2004,2004,kg/ha,896.5,A,,Portugal
174,'620,Portugal,260,'01450,Olives,5412,Yield,2005,2005,kg/ha,605.8,A,,Portugal
174,'620,Portugal,260,'01450,Olives,5412,Yield,2006,2006,kg/ha,1069.3,A,,Portugal
174,'620,Portugal,260,'01450,Olives,5412,Yield,2007,2007,kg/ha,608.1,A,,Portugal
174,'620,Portugal,260,'01450,Olives,5412,Yield,2008,2008,kg/ha,990.9,A,,Portugal
174,'620,Portugal,260,'01450,Olives,5412,Yield,2009,2009,kg/ha,1228.9,A,,Portugal
174,'620,Portugal,260,'01450,Olives,5412,Yield,2010,2010,kg/ha,1297.4,A,,Portugal
174,'620,Portugal,260,'01450,Olives,5412,Yield,2011,2011,kg/ha,1503.6,A,,Portugal
174,'620,Portugal,260,'01450,Olives,5412,Yield,2012,2012,kg/ha,1237.9,A,,Portugal
174,'620,Portugal,260,'01450,Olives,5412,Yield,2013,2013,kg/ha,1852.7,A,,Portugal
174,'620,Portugal,260,'01450,Olives,5412,Yield,2014,2014,kg/ha,1292.4,A,,Portugal
174,'620,Portugal,260,'01450,Olives,5412,Yield,2015,2015,kg/ha,2057.5,A,,Portugal
174,'620,Portugal,260,'01450,Olives,5412,Yield,2016,2016,kg/ha,1336.4,A,,Portugal
174,'620,Portugal,260,'01450,Olives,5412,Yield,2017,2017,kg/ha,2445.6,A,,Portugal
174,'620,Portugal,260,'01450,Olives,5412,Yield,2018,2018,kg/ha,2044.8,A,,Portugal
174,'620,Portugal,260,'01450,Olives,5412,Yield,2019,2019,kg/ha,2481.8,A,,Portugal
174,'620,Portugal,260,'01450,Olives,5412,Yield,2020,2020,kg/ha,1930.8,A,,Portugal
174,'620,Portugal,260,'01450,Olives,5412,Yield,2021,2021,kg/ha,3616.5,A,,Portugal
174,'620,Portugal,260,'01450,Olives,5412,Yield,2022,2022,kg/ha,2085.7,A,,Portugal
174,'620,Portugal,260,'01450,Olives,5412,Yield,2023,2023,kg/ha,3137.4,A,,Portugal
174,'620,Portugal,260,'01450,Olives,5412,Yield,2024,2024,kg/ha,3521.2,A,,Portugal
174,'620,Portugal,260,'01450,Olives,5510,Production,1961,1961,t,867000.0,A,,Portugal
174,'620,Portugal,260,'01450,Olives,5510,Production,1962,1962,t,370000.0,A,,Portugal
174,'620,Portugal,260,'01450,Olives,5510,Production,1963,1963,t,790000.0,A,,Portugal
174,'620,Portugal,260,'01450,Olives,5510,Production,1964,1964,t,309000.0,A,,Portugal
174,'620,Portugal,260,'01450,Olives,5510,Production,1965,1965,t,570000.0,A,,Portugal
174,'620,Portugal,260,'01450,Olives,5510,Production,1966,1966,t,270607.0,A,,Portugal
174,'620,Portugal,260,'01450,Olives,5510,Production,1967,1967,t,570000.0,A,,Portugal
174,'620,Portugal,260,'01450,Olives,5510,Production,1968,1968,t,377000.0,A,,Portugal
174,'620,Portugal,260,'01450,Olives,5510,Production,1969,1969,t,516000.0,A,,Portugal
174,'620,Portugal,260,'01450,Olives,5510,Production,1970,1970,t,454002.0,A,,Portugal
174,'620,Portugal,260,'01450,Olives,5510,Production,1971,1971,t,296266.0,A,,Portugal
174,'620,Portugal,260,'01450,Olives,5510,Production,1972,1972,t,406029.0,A,,Portugal
174,'620,Portugal,260,'01450,Olives,5510,Production,1973,1973,t,285660.0,A,,Portugal
174,'620,Portugal,260,'01450,Olives,5510,Production,1974,1974,t,339412.0,A,,Portugal
174,'620,Portugal,260,'01450,Olives,5510,Production,1975,1975,t,335161.0,A,,Portugal
174,'620,Portugal,260,'01450,Olives,5510,Production,1976,1976,t,277891.0,A,,Portugal
174,'620,Portugal,260,'01450,Olives,5510,Production,1977,1977,t,233132.0,A,,Portugal
174,'620,Portugal,260,'01450,Olives,5510,Production,1978,1978,t,324050.0,A,,Portugal
174,'620,Portugal,260,'01450,Olives,5510,Production,1979,1979,t,409780.0,A,,Portugal
174,'620,Portugal,260,'01450,Olives,5510,Production,1980,1980,t,235923.0,A,,Portugal
174,'620,Portugal,260,'01450,Olives,5510,Production,1981,1981,t,165881.0,A,,Portugal
174,'620,Portugal,260,'01450,Olives,5510,Production,1982,1982,t,528554.0,A,,Portugal
174,'620,Portugal,260,'01450,Olives,5510,Production,1983,1983,t,90692.0,A,,Portugal
174,'620,Portugal,260,'01450,Olives,5510,Production,1984,1984,t,363342.0,A,,Portugal
174,'620,Portugal,260,'01450,Olives,5510,Production,1985,1985,t,240095.0,A,,Portugal
174,'620,Portugal,260,'01450,Olives,5510,Production,1986,1986,t,355878.0,A,,Portugal
174,'620,Portugal,260,'01450,Olives,5510,Production,1987,1987,t,290675.0,A,,Portugal
174,'620,Portugal,260,'01450,Olives,5510,Production,1988,1988,t,129700.0,A,,Portugal
174,'620,Portugal,260,'01450,Olives,5510,Production,1989,1989,t,330795.0,A,,Portugal
174,'620,Portugal,260,'01450,Olives,5510,Production,1990,1990,t,197686.0,A,,Portugal
174,'620,Portugal,260,'01450,Olives,5510,Production,1991,1991,t,443633.0,A,,Portugal
174,'620,Portugal,260,'01450,Olives,5510,Production,1992,1992,t,157125.0,A,,Portugal
174,'620,Portugal,260,'01450,Olives,5510,Production,1993,1993,t,248485.0,A,,Portugal
174,'620,Portugal,260,'01450,Olives,5510,Production,1994,1994,t,232210.0,A,,Portugal
174,'620,Portugal,260,'01450,Olives,5510,Production,1995,1995,t,319752.0,A,,Portugal
174,'620,Portugal,260,'01450,Olives,5510,Production,1996,1996,t,284118.0,A,,Portugal
174,'620,Portugal,260,'01450,Olives,5510,Production,1997,1997,t,319365.0,A,,Portugal
174,'620,Portugal,260,'01450,Olives,5510,Production,1998,1998,t,234194.0,A,,Portugal
174,'620,Portugal,260,'01450,Olives,5510,Production,1999,1999,t,332563.0,A,,Portugal
174,'620,Portugal,260,'01450,Olives,5510,Production,2000,2000,t,174418.0,A,,Portugal
174,'620,Portugal,260,'01450,Olives,5510,Production,2001,2001,t,232250.0,A,,Portugal
174,'620,Portugal,260,'01450,Olives,5510,Production,2002,2002,t,223298.0,A,,Portugal
174,'620,Portugal,260,'01450,Olives,5510,Production,2003,2003,t,243865.0,A,,Portugal
174,'620,Portugal,260,'01450,Olives,5510,Production,2004,2004,t,311330.0,A,,Portugal
174,'620,Portugal,260,'01450,Olives,5510,Production,2005,2005,t,211070.0,A,,Portugal
174,'620,Portugal,260,'01450,Olives,5510,Production,2006,2006,t,372012.0,A,,Portugal
174,'620,Portugal,260,'01450,Olives,5510,Production,2007,2007,t,211230.0,A,,Portugal
174,'620,Portugal,260,'01450,Olives,5510,Production,2008,2008,t,343971.0,A,,Portugal
174,'620,Portugal,260,'01450,Olives,5510,Production,2009,2009,t,422978.0,A,,Portugal
174,'620,Portugal,260,'01450,Olives,5510,Production,2010,2010,t,445301.0,A,,Portugal
174,'620,Portugal,260,'01450,Olives,5510,Production,2011,2011,t,519780.0,A,,Portugal
174,'620,Portugal,260,'01450,Olives,5510,Production,2012,2012,t,429922.0,A,,Portugal
174,'620,Portugal,260,'01450,Olives,5510,Production,2013,2013,t,651741.0,A,,Portugal
174,'620,Portugal,260,'01450,Olives,5510,Production,2014,2014,t,455374.0,A,,Portugal
174,'620,Portugal,260,'01450,Olives,5510,Production,2015,2015,t,722893.0,A,,Portugal
174,'620,Portugal,260,'01450,Olives,5510,Production,2016,2016,t,476003.0,A,,Portugal
174,'620,Portugal,260,'01450,Olives,5510,Production,2017,2017,t,876215.0,A,,Portugal
174,'620,Portugal,260,'01450,Olives,5510,Production,2018,2018,t,738550.0,A,,Portugal
174,'620,Portugal,260,'01450,Olives,5510,Production,2019,2019,t,939070.0,A,,Portugal
174,'620,Portugal,260,'01450,Olives,5510,Production,2020,2020,t,735350.0,A,,Portugal
174,'620,Portugal,260,'01450,Olives,5510,Production,2021,2021,t,1375750.0,A,,Portugal
174,'620,Portugal,260,'01450,Olives,5510,Production,2022,2022,t,791660.0,A,,Portugal
174,'620,Portugal,260,'01450,Olives,5510,Production,2023,2023,t,1194990.0,A,,Portugal
174,'620,Portugal,260,'01450,Olives,5510,Production,2024,2024,t,1340820.0,A,,Portugal
203,'724,Spain,260,'01450,Olives,5312,Area harvested,1961,1961,ha,,M,,Spain
203,'724,Spain,260,'01450,Olives,5312,Area harvested,1962,1962,ha,,M,,Spain
203,'724,Spain,260,'01450,Olives,5312,Area harvested,1963,1963,ha,,M,,Spain
203,'724,Spain,260,'01450,Olives,5312,Area harvested,1964,1964,ha,,M,,Spain
203,'724,Spain,260,'01450,Olives,5312,Area harvested,1965,1965,ha,,M,,Spain
203,'724,Spain,260,'01450,Olives,5312,Area harvested,1966,1966,ha,,M,,Spain
203,'724,Spain,260,'01450,Olives,5312,Area harvested,1967,1967,ha,,M,,Spain
203,'724,Spain,260,'01450,Olives,5312,Area harvested,1968,1968,ha,,M,,Spain
203,'724,Spain,260,'01450,Olives,5312,Area harvested,1969,1969,ha,,M,,Spain
203,'724,Spain,260,'01450,Olives,5312,Area harvested,1970,1970,ha,,M,,Spain
203,'724,Spain,260,'01450,Olives,5312,Area harvested,1971,1971,ha,,M,,Spain
203,'724,Spain,260,'01450,Olives,5312,Area harvested,1972,1972,ha,,M,,Spain
203,'724,Spain,260,'01450,Olives,5312,Area harvested,1973,1973,ha,,M,,Spain
203,'724,Spain,260,'01450,Olives,5312,Area harvested,1974,1974,ha,,M,,Spain
203,'724,Spain,260,'01450,Olives,5312,Area harvested,1975,1975,ha,,M,,Spain
203,'724,Spain,260,'01450,Olives,5312,Area harvested,1976,1976,ha,,M,,Spain
203,'724,Spain,260,'01450,Olives,5312,Area harvested,1977,1977,ha,,M,,Spain
203,'724,Spain,260,'01450,Olives,5312,Area harvested,1978,1978,ha,,M,,Spain
203,'724,Spain,260,'01450,Olives,5312,Area harvested,1979,1979,ha,,M,,Spain
203,'724,Spain,260,'01450,Olives,5312,Area harvested,1980,1980,ha,1156500.0,A,,Spain
203,'724,Spain,260,'01450,Olives,5312,Area harvested,1981,1981,ha,2045000.0,A,,Spain
203,'724,Spain,260,'01450,Olives,5312,Area harvested,1982,1982,ha,2045800.0,A,,Spain
203,'724,Spain,260,'01450,Olives,5312,Area harvested,1983,1983,ha,2050400.0,A,,Spain
203,'724,Spain,260,'01450,Olives,5312,Area harvested,1984,1984,ha,2039100.0,A,,Spain
203,'724,Spain,260,'01450,Olives,5312,Area harvested,1985,1985,ha,2051000.0,A,,Spain
203,'724,Spain,260,'01450,Olives,5312,Area harvested,1986,1986,ha,2063000.0,A,,Spain
203,'724,Spain,260,'01450,Olives,5312,Area harvested,1987,1987,ha,2057000.0,A,,Spain
203,'724,Spain,260,'01450,Olives,5312,Area harvested,1988,1988,ha,2035000.0,A,,Spain
203,'724,Spain,260,'01450,Olives,5312,Area harvested,1989,1989,ha,2054000.0,A,,Spain
203,'724,Spain,260,'01450,Olives,5312,Area harvested,1990,1990,ha,2064000.0,A,,Spain
203,'724,Spain,260,'01450,Olives,5312,Area harvested,1991,1991,ha,2074000.0,A,,Spain
203,'724,Spain,260,'01450,Olives,5312,Area harvested,1992,1992,ha,2051000.0,A,,Spain
203,'724,Spain,260,'01450,Olives,5312,Area harvested,1993,1993,ha,2092000.0,A,,Spain
203,'724,Spain,260,'01450,Olives,5312,Area harvested,1994,1994,ha,2094000.0,A,,Spain
203,'724,Spain,260,'01450,Olives,5312,Area harvested,1995,1995,ha,2119395.0,A,,Spain
203,'724,Spain,260,'01450,Olives,5312,Area harvested,1996,1996,ha,2125630.0,A,,Spain
203,'724,Spain,260,'01450,Olives,5312,Area harvested,1997,1997,ha,2207556.0,A,,Spain
203,'724,Spain,260,'01450,Olives,5312,Area harvested,1998,1998,ha,2194000.0,A,,Spain
203,'724,Spain,260,'01450,Olives,5312,Area harvested,1999,1999,ha,2200000.0,A,,Spain
203,'724,Spain,260,'01450,Olives,5312,Area harvested,2000,2000,ha,2300000.0,E,,Spain
203,'724,Spain,260,'01450,Olives,5312,Area harvested,2001,2001,ha,2400000.0,E,,Spain
203,'724,Spain,260,'01450,Olives,5312,Area harvested,2002,2002,ha,2430582.0,A,,Spain
203,'724,Spain,260,'01450,Olives,5312,Area harvested,2003,2003,ha,2439582.0,A,,Spain
203,'724,Spain,260,'01450,Olives,5312,Area harvested,2004,2004,ha,2464774.0,A,,Spain
203,'724,Spain,260,'01450,Olives,5312,Area harvested,2005,2005,ha,2465258.0,A,,Spain
203,'724,Spain,260,'01450,Olives,5312,Area harvested,2006,2006,ha,2483697.0,A,,Spain
203,'724,Spain,260,'01450,Olives,5312,Area harvested,2007,2007,ha,2470162.0,A,,Spain
203,'724,Spain,260,'01450,Olives,5312,Area harvested,2008,2008,ha,2450471.0,A,,Spain
203,'724,Spain,260,'01450,Olives,5312,Area harvested,2009,2009,ha,2449828.0,A,,Spain
203,'724,Spain,260,'01450,Olives,5312,Area harvested,2010,2010,ha,2475466.0,A,,Spain
203,'724,Spain,260,'01450,Olives,5312,Area harvested,2011,2011,ha,2503675.0,A,,Spain
203,'724,Spain,260,'01450,Olives,5312,Area harvested,2012,2012,ha,2504261.0,A,,Spain
203,'724,Spain,260,'01450,Olives,5312,Area harvested,2013,2013,ha,2507000.0,A,,Spain
203,'724,Spain,260,'01450,Olives,5312,Area harvested,2014,2014,ha,2515800.0,A,,Spain
203,'724,Spain,260,'01450,Olives,5312,Area harvested,2015,2015,ha,2351370.0,A,,Spain
203,'724,Spain,260,'01450,Olives,5312,Area harvested,2016,2016,ha,2521694.0,A,,Spain
203,'724,Spain,260,'01450,Olives,5312,Area harvested,2017,2017,ha,2554829.0,A,,Spain
203,'724,Spain,260,'01450,Olives,5312,Area harvested,2018,2018,ha,2579000.0,A,,Spain
203,'724,Spain,260,'01450,Olives,5312,Area harvested,2019,2019,ha,2601900.0,A,,Spain
203,'724,Spain,260,'01450,Olives,5312,Area harvested,2020,2020,ha,2623720.0,A,,Spain
203,'724,Spain,260,'01450,Olives,5312,Area harvested,2021,2021,ha,2623290.0,A,,Spain
203,'724,Spain,260,'01450,Olives,5312,Area harvested,2022,2022,ha,2635280.0,A,,Spain
203,'724,Spain,260,'01450,Olives,5312,Area harvested,2023,2023,ha,2651110.0,A,,Spain
203,'724,Spain,260,'01450,Olives,5312,Area harvested,2024,2024,ha,2645680.0,A,,Spain
203,'724,Spain,260,'01450,Olives,5412,Yield,1980,1980,kg/ha,1949.8,A,,Spain
203,'724,Spain,260,'01450,Olives,5412,Yield,1981,1981,kg/ha,743.7,A,,Spain
203,'724,Spain,260,'01450,Olives,5412,Yield,1982,1982,kg/ha,1631.6,A,,Spain
203,'724,Spain,260,'01450,Olives,5412,Yield,1983,1983,kg/ha,647.9,A,,Spain
203,'724,Spain,260,'01450,Olives,5412,Yield,1984,1984,kg/ha,1728.9,A,,Spain
203,'724,Spain,260,'01450,Olives,5412,Yield,1985,1985,kg/ha,970.0,A,,Spain
203,'724,Spain,260,'01450,Olives,5412,Yield,1986,1986,kg/ha,1239.4,A,,Spain
203,'724,Spain,260,'01450,Olives,5412,Yield,1987,1987,kg/ha,1885.8,A,,Spain
203,'724,Spain,260,'01450,Olives,5412,Yield,1988,1988,kg/ha,1092.7,A,,Spain
203,'724,Spain,260,'01450,Olives,5412,Yield,1989,1989,kg/ha,1434.1,A,,Spain
203,'724,Spain,260,'01450,Olives,5412,Yield,1990,1990,kg/ha,1632.4,A,,Spain
203,'724,Spain,260,'01450,Olives,5412,Yield,1991,1991,kg/ha,1438.3,A,,Spain
203,'724,Spain,260,'01450,Olives,5412,Yield,1992,1992,kg/ha,1549.4,A,,Spain
203,'724,Spain,260,'01450,Olives,5412,Yield,1993,1993,kg/ha,1343.2,A,,Spain
203,'724,Spain,260,'01450,Olives,5412,Yield,1994,1994,kg/ha,1336.7,A,,Spain
203,'724,Spain,260,'01450,Olives,5412,Yield,1995,1995,kg/ha,799.4,A,,Spain
203,'724,Spain,260,'01450,Olives,5412,Yield,1996,1996,kg/ha,2125.1,A,,Spain
203,'724,Spain,260,'01450,Olives,5412,Yield,1997,1997,kg/ha,2663.4,A,,Spain
203,'724,Spain,260,'01450,Olives,5412,Yield,1998,1998,kg/ha,1950.4,A,,Spain
203,'724,Spain,260,'01450,Olives,5412,Yield,1999,1999,kg/ha,1572.8,A,,Spain
203,'724,Spain,260,'01450,Olives,5412,Yield,2000,2000,kg/ha,2149.5,E,,Spain
203,'724,Spain,260,'01450,Olives,5412,Yield,2001,2001,kg/ha,2817.8,E,,Spain
203,'724,Spain,260,'01450,Olives,5412,Yield,2002,2002,kg/ha,1816.4,A,,Spain
203,'724,Spain,260,'01450,Olives,5412,Yield,2003,2003,kg/ha,3096.3,A,,Spain
203,'724,Spain,260,'01450,Olives,5412,Yield,2004,2004,kg/ha,2109.7,A,,Spain
203,'724,Spain,260,'01450,Olives,5412,Yield,2005,2005,kg/ha,1631.4,A,,Spain
203,'724,Spain,260,'01450,Olives,5412,Yield,2006,2006,kg/ha,2286.5,A,,Spain
203,'724,Spain,260,'01450,Olives,5412,Yield,2007,2007,kg/ha,2485.8,A,,Spain
203,'724,Spain,260,'01450,Olives,5412,Yield,2008,2008,kg/ha,2273.3,A,,Spain
203,'724,Spain,260,'01450,Olives,5412,Yield,2009,2009,kg/ha,2846.0,A,,Spain
203,'724,Spain,260,'01450,Olives,5412,Yield,2010,2010,kg/ha,2907.6,A,,Spain
203,'724,Spain,260,'01450,Olives,5412,Yield,2011,2011,kg/ha,3123.4,A,,Spain
203,'724,Spain,260,'01450,Olives,5412,Yield,2012,2012,kg/ha,1537.1,A,,Spain
203,'724,Spain,260,'01450,Olives,5412,Yield,2013,2013,kg/ha,3700.1,A,,Spain
203,'724,Spain,260,'01450,Olives,5412,Yield,2014,2014,kg/ha,1812.7,A,,Spain
203,'724,Spain,260,'01450,Olives,5412,Yield,2015,2015,kg/ha,2529.5,A,,Spain
203,'724,Spain,260,'01450,Olives,5412,Yield,2016,2016,kg/ha,2808.6,A,,Spain
203,'724,Spain,260,'01450,Olives,5412,Yield,2017,2017,kg/ha,2563.6,A,,Spain
203,'724,Spain,260,'01450,Olives,5412,Yield,2018,2018,kg/ha,3807.5,A,,Spain
203,'724,Spain,260,'01450,Olives,5412,Yield,2019,2019,kg/ha,2292.6,A,,Spain
203,'724,Spain,260,'01450,Olives,5412,Yield,2020,2020,kg/ha,3101.6,A,,Spain
203,'724,Spain,260,'01450,Olives,5412,Yield,2021,2021,kg/ha,3147.4,A,,Spain
203,'724,Spain,260,'01450,Olives,5412,Yield,2022,2022,kg/ha,1495.1,A,,Spain
203,'724,Spain,260,'01450,Olives,5412,Yield,2023,2023,kg/ha,1924.1,A,,Spain
203,'724,Spain,260,'01450,Olives,5412,Yield,2024,2024,kg/ha,3141.1,A,,Spain
203,'724,Spain,260,'01450,Olives,5510,Production,1961,1961,t,1863400.0,A,,Spain
203,'724,Spain,260,'01450,Olives,5510,Production,1962,1962,t,1641000.0,A,,Spain
203,'724,Spain,260,'01450,Olives,5510,Production,1963,1963,t,3124300.0,A,,Spain
203,'724,Spain,260,'01450,Olives,5510,Production,1964,1964,t,572700.0,A,,Spain
203,'724,Spain,260,'01450,Olives,5510,Production,1965,1965,t,1656100.0,A,,Spain
203,'724,Spain,260,'01450,Olives,5510,Production,1966,1966,t,2101500.0,A,,Spain
203,'724,Spain,260,'01450,Olives,5510,Production,1967,1967,t,1372000.0,A,,Spain
203,'724,Spain,260,'01450,Olives,5510,Production,1968,1968,t,2274300.0,A,,Spain
203,'724,Spain,260,'01450,Olives,5510,Production,1969,1969,t,1738300.0,A,,Spain
203,'724,Spain,260,'01450,Olives,5510,Production,1970,1970,t,2100000.0,A,,Spain
203,'724,Spain,260,'01450,Olives,5510,Production,1971,1971,t,1744000.0,A,,Spain
203,'724,Spain,260,'01450,Olives,5510,Production,1972,1972,t,2309500.0,A,,Spain
203,'724,Spain,260,'01450,Olives,5510,Production,1973,1973,t,2249400.0,A,,Spain
203,'724,Spain,260,'01450,Olives,5510,Production,1974,1974,t,1640200.0,A,,Spain
203,'724,Spain,260,'01450,Olives,5510,Production,1975,1975,t,2357700.0,A,,Spain
203,'724,Spain,260,'01450,Olives,5510,Production,1976,1976,t,2138800.0,A,,Spain
203,'724,Spain,260,'01450,Olives,5510,Production,1977,1977,t,1934200.0,A,,Spain
203,'724,Spain,260,'01450,Olives,5510,Production,1978,1978,t,2780700.0,A,,Spain
203,'724,Spain,260,'01450,Olives,5510,Production,1979,1979,t,2300100.0,A,,Spain
203,'724,Spain,260,'01450,Olives,5510,Production,1980,1980,t,2255000.0,A,,Spain
203,'724,Spain,260,'01450,Olives,5510,Production,1981,1981,t,1520800.0,A,,Spain
203,'724,Spain,260,'01450,Olives,5510,Production,1982,1982,t,3337900.0,A,,Spain
203,'724,Spain,260,'01450,Olives,5510,Production,1983,1983,t,1328400.0,A,,Spain
203,'724,Spain,260,'01450,Olives,5510,Production,1984,1984,t,3525400.0,A,,Spain
203,'724,Spain,260,'01450,Olives,5510,Production,1985,1985,t,1989500.0,A,,Spain
203,'724,Spain,260,'01450,Olives,5510,Production,1986,1986,t,2556800.0,A,,Spain
203,'724,Spain,260,'01450,Olives,5510,Production,1987,1987,t,3879000.0,A,,Spain
203,'724,Spain,260,'01450,Olives,5510,Production,1988,1988,t,2223700.0,A,,Spain
203,'724,Spain,260,'01450,Olives,5510,Production,1989,1989,t,2945700.0,A,,Spain
203,'724,Spain,260,'01450,Olives,5510,Production,1990,1990,t,3369300.0,A,,Spain
203,'724,Spain,260,'01450,Olives,5510,Production,1991,1991,t,2983000.0,A,,Spain
203,'724,Spain,260,'01450,Olives,5510,Production,1992,1992,t,3177900.0,A,,Spain
203,'724,Spain,260,'01450,Olives,5510,Production,1993,1993,t,2809907.0,A,,Spain
203,'724,Spain,260,'01450,Olives,5510,Production,1994,1994,t,2799000.0,A,,Spain
203,'724,Spain,260,'01450,Olives,5510,Production,1995,1995,t,1694200.0,A,,Spain
203,'724,Spain,260,'01450,Olives,5510,Production,1996,1996,t,4517200.0,A,,Spain
203,'724,Spain,260,'01450,Olives,5510,Production,1997,1997,t,5879640.0,A,,Spain
203,'724,Spain,260,'01450,Olives,5510,Production,1998,1998,t,4279180.0,A,,Spain
203,'724,Spain,260,'01450,Olives,5510,Production,1999,1999,t,3460100.0,A,,Spain
203,'724,Spain,260,'01450,Olives,5510,Production,2000,2000,t,4943800.0,A,,Spain
203,'724,Spain,260,'01450,Olives,5510,Production,2001,2001,t,6762600.0,A,,Spain
203,'724,Spain,260,'01450,Olives,5510,Production,2002,2002,t,4414911.0,A,,Spain
203,'724,Spain,260,'01450,Olives,5510,Production,2003,2003,t,7553566.0,A,,Spain
203,'724,Spain,260,'01450,Olives,5510,Production,2004,2004,t,5200029.0,A,,Spain
203,'724,Spain,260,'01450,Olives,5510,Production,2005,2005,t,4021720.0,A,,Spain
203,'724,Spain,260,'01450,Olives,5510,Production,2006,2006,t,5679021.0,A,,Spain
203,'724,Spain,260,'01450,Olives,5510,Production,2007,2007,t,6140251.0,A,,Spain
203,'724,Spain,260,'01450,Olives,5510,Production,2008,2008,t,5570727.0,A,,Spain
203,'724,Spain,260,'01450,Olives,5510,Production,2009,2009,t,6972094.0,A,,Spain
203,'724,Spain,260,'01450,Olives,5510,Production,2010,2010,t,7197600.0,A,,Spain
203,'724,Spain,260,'01450,Olives,5510,Production,2011,2011,t,7820060.0,A,,Spain
203,'724,Spain,260,'01450,Olives,5510,Production,2012,2012,t,3849300.0,A,,Spain
203,'724,Spain,260,'01450,Olives,5510,Production,2013,2013,t,9276100.0,A,,Spain
203,'724,Spain,260,'01450,Olives,5510,Production,2014,2014,t,4560400.0,A,,Spain
203,'724,Spain,260,'01450,Olives,5510,Production,2015,2015,t,5947700.0,A,,Spain
203,'724,Spain,260,'01450,Olives,5510,Production,2016,2016,t,7082550.0,A,,Spain
203,'724,Spain,260,'01450,Olives,5510,Production,2017,2017,t,6549499.0,A,,Spain
203,'724,Spain,260,'01450,Olives,5510,Production,2018,2018,t,9819570.0,A,,Spain
203,'724,Spain,260,'01450,Olives,5510,Production,2019,2019,t,5965080.0,A,,Spain
203,'724,Spain,260,'01450,Olives,5510,Production,2020,2020,t,8137810.0,A,,Spain
203,'724,Spain,260,'01450,Olives,5510,Production,2021,2021,t,8256550.0,A,,Spain
203,'724,Spain,260,'01450,Olives,5510,Production,2022,2022,t,3940070.0,A,,Spain
203,'724,Spain,260,'01450,Olives,5510,Production,2023,2023,t,5101010.0,A,,Spain
203,'724,Spain,260,'01450,Olives,5510,Production,2024,2024,t,8310250.0,A,,Spain
212,'760,Syrian Arab Republic,260,'01450,Olives,5312,Area harvested,1961,1961,ha,80000.0,E,,Syria
212,'760,Syrian Arab Republic,260,'01450,Olives,5312,Area harvested,1962,1962,ha,80000.0,E,,Syria
212,'760,Syrian Arab Republic,260,'01450,Olives,5312,Area harvested,1963,1963,ha,80000.0,E,,Syria
212,'760,Syrian Arab Republic,260,'01450,Olives,5312,Area harvested,1964,1964,ha,110000.0,E,,Syria
212,'760,Syrian Arab Republic,260,'01450,Olives,5312,Area harvested,1965,1965,ha,110000.0,E,,Syria
212,'760,Syrian Arab Republic,260,'01450,Olives,5312,Area harvested,1966,1966,ha,117724.0,A,,Syria
212,'760,Syrian Arab Republic,260,'01450,Olives,5312,Area harvested,1967,1967,ha,141718.0,A,,Syria
212,'760,Syrian Arab Republic,260,'01450,Olives,5312,Area harvested,1968,1968,ha,142214.0,A,,Syria
212,'760,Syrian Arab Republic,260,'01450,Olives,5312,Area harvested,1969,1969,ha,143285.0,A,,Syria
212,'760,Syrian Arab Republic,260,'01450,Olives,5312,Area harvested,1970,1970,ha,124452.0,A,,Syria
212,'760,Syrian Arab Republic,260,'01450,Olives,5312,Area harvested,1971,1971,ha,125014.0,A,,Syria
212,'760,Syrian Arab Republic,260,'01450,Olives,5312,Area harvested,1972,1972,ha,149436.0,A,,Syria
212,'760,Syrian Arab Republic,260,'01450,Olives,5312,Area harvested,1973,1973,ha,175275.0,A,,Syria
212,'760,Syrian Arab Republic,260,'01450,Olives,5312,Area harvested,1974,1974,ha,179834.0,A,,Syria
212,'760,Syrian Arab Republic,260,'01450,Olives,5312,Area harvested,1975,1975,ha,183126.0,A,,Syria
212,'760,Syrian Arab Republic,260,'01450,Olives,5312,Area harvested,1976,1976,ha,219422.0,A,,Syria
212,'760,Syrian Arab Republic,260,'01450,Olives,5312,Area harvested,1977,1977,ha,228263.0,A,,Syria
212,'760,Syrian Arab Republic,260,'01450,Olives,5312,Area harvested,1978,1978,ha,234427.0,A,,Syria
212,'760,Syrian Arab Republic,260,'01450,Olives,5312,Area harvested,1979,1979,ha,241254.0,A,,Syria
212,'760,Syrian Arab Republic,260,'01450,Olives,5312,Area harvested,1980,1980,ha,249328.0,A,,Syria
212,'760,Syrian Arab Republic,260,'01450,Olives,5312,Area harvested,1981,1981,ha,257825.0,A,,Syria
212,'760,Syrian Arab Republic,260,'01450,Olives,5312,Area harvested,1982,1982,ha,266104.0,A,,Syria
212,'760,Syrian Arab Republic,260,'01450,Olives,5312,Area harvested,1983,1983,ha,270600.0,A,,Syria
212,'760,Syrian Arab Republic,260,'01450,Olives,5312,Area harvested,1984,1984,ha,280700.0,A,,Syria
212,'760,Syrian Arab Republic,260,'01450,Olives,5312,Area harvested,1985,1985,ha,295693.0,A,,Syria
212,'760,Syrian Arab Republic,260,'01450,Olives,5312,Area harvested,1986,1986,ha,307900.0,A,,Syria
212,'760,Syrian Arab Republic,260,'01450,Olives,5312,Area harvested,1987,1987,ha,323233.0,A,,Syria
212,'760,Syrian Arab Republic,260,'01450,Olives,5312,Area harvested,1988,1988,ha,342221.0,A,,Syria
212,'760,Syrian Arab Republic,260,'01450,Olives,5312,Area harvested,1989,1989,ha,359000.0,A,,Syria
212,'760,Syrian Arab Republic,260,'01450,Olives,5312,Area harvested,1990,1990,ha,391200.0,A,,Syria
212,'760,Syrian Arab Republic,260,'01450,Olives,5312,Area harvested,1991,1991,ha,406000.0,A,,Syria
212,'760,Syrian Arab Republic,260,'01450,Olives,5312,Area harvested,1992,1992,ha,415000.0,A,,Syria
212,'760,Syrian Arab Republic,260,'01450,Olives,5312,Area harvested,1993,1993,ha,388800.0,A,,Syria
212,'760,Syrian Arab Republic,260,'01450,Olives,5312,Area harvested,1994,1994,ha,402362.0,A,,Syria
212,'760,Syrian Arab Republic,260,'01450,Olives,5312,Area harvested,1995,1995,ha,421600.0,A,,Syria
212,'760,Syrian Arab Republic,260,'01450,Olives,5312,Area harvested,1996,1996,ha,438064.0,A,,Syria
212,'760,Syrian Arab Republic,260,'01450,Olives,5312,Area harvested,1997,1997,ha,445180.0,A,,Syria
212,'760,Syrian Arab Republic,260,'01450,Olives,5312,Area harvested,1998,1998,ha,459700.0,A,,Syria
212,'760,Syrian Arab Republic,260,'01450,Olives,5312,Area harvested,1999,1999,ha,469857.0,A,,Syria
212,'760,Syrian Arab Republic,260,'01450,Olives,5312,Area harvested,2000,2000,ha,477993.0,A,,Syria
212,'760,Syrian Arab Republic,260,'01450,Olives,5312,Area harvested,2001,2001,ha,488957.0,A,,Syria
212,'760,Syrian Arab Republic,260,'01450,Olives,5312,Area harvested,2002,2002,ha,501500.0,A,,Syria
212,'760,Syrian Arab Republic,260,'01450,Olives,5312,Area harvested,2003,2003,ha,517000.0,A,,Syria
212,'760,Syrian Arab Republic,260,'01450,Olives,5312,Area harvested,2004,2004,ha,531400.0,A,,Syria
212,'760,Syrian Arab Republic,260,'01450,Olives,5312,Area harvested,2005,2005,ha,544700.0,A,,Syria
212,'760,Syrian Arab Republic,260,'01450,Olives,5312,Area harvested,2006,2006,ha,565000.0,A,,Syria
212,'760,Syrian Arab Republic,260,'01450,Olives,5312,Area harvested,2007,2007,ha,600498.0,A,,Syria
212,'760,Syrian Arab Republic,260,'01450,Olives,5312,Area harvested,2008,2008,ha,617060.0,A,,Syria
212,'760,Syrian Arab Republic,260,'01450,Olives,5312,Area harvested,2009,2009,ha,635691.0,A,,Syria
212,'760,Syrian Arab Republic,260,'01450,Olives,5312,Area harvested,2010,2010,ha,647458.0,A,,Syria
212,'760,Syrian Arab Republic,260,'01450,Olives,5312,Area harvested,2011,2011,ha,684490.0,A,,Syria
212,'760,Syrian Arab Republic,260,'01450,Olives,5312,Area harvested,2012,2012,ha,695711.0,A,,Syria
212,'760,Syrian Arab Republic,260,'01450,Olives,5312,Area harvested,2013,2013,ha,697442.0,A,,Syria
212,'760,Syrian Arab Republic,260,'01450,Olives,5312,Area harvested,2014,2014,ha,697028.0,A,,Syria
212,'760,Syrian Arab Republic,260,'01450,Olives,5312,Area harvested,2015,2015,ha,694931.0,A,,Syria
212,'760,Syrian Arab Republic,260,'01450,Olives,5312,Area harvested,2016,2016,ha,691769.0,A,,Syria
212,'760,Syrian Arab Republic,260,'01450,Olives,5312,Area harvested,2017,2017,ha,692417.0,A,,Syria
212,'760,Syrian Arab Republic,260,'01450,Olives,5312,Area harvested,2018,2018,ha,693064.0,A,,Syria
212,'760,Syrian Arab Republic,260,'01450,Olives,5312,Area harvested,2019,2019,ha,693227.0,A,,Syria
212,'760,Syrian Arab Republic,260,'01450,Olives,5312,Area harvested,2020,2020,ha,696363.0,A,,Syria
212,'760,Syrian Arab Republic,260,'01450,Olives,5312,Area harvested,2021,2021,ha,693106.0,A,,Syria
212,'760,Syrian Arab Republic,260,'01450,Olives,5312,Area harvested,2022,2022,ha,676338.0,A,,Syria
212,'760,Syrian Arab Republic,260,'01450,Olives,5312,Area harvested,2023,2023,ha,674767.0,A,,Syria
212,'760,Syrian Arab Republic,260,'01450,Olives,5312,Area harvested,2024,2024,ha,681220.0,A,,Syria
212,'760,Syrian Arab Republic,260,'01450,Olives,5412,Yield,1961,1961,kg/ha,1037.5,E,,Syria
212,'760,Syrian Arab Republic,260,'01450,Olives,5412,Yield,1962,1962,kg/ha,1091.1,E,,Syria
212,'760,Syrian Arab Republic,260,'01450,Olives,5412,Yield,1963,1963,kg/ha,850.0,E,,Syria
212,'760,Syrian Arab Republic,260,'01450,Olives,5412,Yield,1964,1964,kg/ha,1114.5,E,,Syria
212,'760,Syrian Arab Republic,260,'01450,Olives,5412,Yield,1965,1965,kg/ha,596.6,E,,Syria
212,'760,Syrian Arab Republic,260,'01450,Olives,5412,Yield,1966,1966,kg/ha,987.7,A,,Syria
212,'760,Syrian Arab Republic,260,'01450,Olives,5412,Yield,1967,1967,kg/ha,797.9,A,,Syria
212,'760,Syrian Arab Republic,260,'01450,Olives,5412,Yield,1968,1968,kg/ha,786.2,A,,Syria
212,'760,Syrian Arab Republic,260,'01450,Olives,5412,Yield,1969,1969,kg/ha,899.6,A,,Syria
212,'760,Syrian Arab Republic,260,'01450,Olives,5412,Yield,1970,1970,kg/ha,686.2,A,,Syria
212,'760,Syrian Arab Republic,260,'01450,Olives,5412,Yield,1971,1971,kg/ha,936.9,A,,Syria
212,'760,Syrian Arab Republic,260,'01450,Olives,5412,Yield,1972,1972,kg/ha,1079.6,A,,Syria
212,'760,Syrian Arab Republic,260,'01450,Olives,5412,Yield,1973,1973,kg/ha,417.5,A,,Syria
212,'760,Syrian Arab Republic,260,'01450,Olives,5412,Yield,1974,1974,kg/ha,1195.6,A,,Syria
212,'760,Syrian Arab Republic,260,'01450,Olives,5412,Yield,1975,1975,kg/ha,856.6,A,,Syria
212,'760,Syrian Arab Republic,260,'01450,Olives,5412,Yield,1976,1976,kg/ha,1063.7,A,,Syria
212,'760,Syrian Arab Republic,260,'01450,Olives,5412,Yield,1977,1977,kg/ha,769.0,A,,Syria
212,'760,Syrian Arab Republic,260,'01450,Olives,5412,Yield,1978,1978,kg/ha,1299.7,A,,Syria
212,'760,Syrian Arab Republic,260,'01450,Olives,5412,Yield,1979,1979,kg/ha,812.2,A,,Syria
212,'760,Syrian Arab Republic,260,'01450,Olives,5412,Yield,1980,1980,kg/ha,1572.3,A,,Syria
212,'760,Syrian Arab Republic,260,'01450,Olives,5412,Yield,1981,1981,kg/ha,806.3,A,,Syria
212,'760,Syrian Arab Republic,260,'01450,Olives,5412,Yield,1982,1982,kg/ha,1770.0,A,,Syria
212,'760,Syrian Arab Republic,260,'01450,Olives,5412,Yield,1983,1983,kg/ha,561.7,A,,Syria
212,'760,Syrian Arab Republic,260,'01450,Olives,5412,Yield,1984,1984,kg/ha,1104.4,A,,Syria
212,'760,Syrian Arab Republic,260,'01450,Olives,5412,Yield,1985,1985,kg/ha,625.6,A,,Syria
212,'760,Syrian Arab Republic,260,'01450,Olives,5412,Yield,1986,1986,kg/ha,1346.3,A,,Syria
212,'760,Syrian Arab Republic,260,'01450,Olives,5412,Yield,1987,1987,kg/ha,683.2,A,,Syria
212,'760,Syrian Arab Republic,260,'01450,Olives,5412,Yield,1988,1988,kg/ha,1423.6,A,,Syria
212,'760,Syrian Arab Republic,260,'01450,Olives,5412,Yield,1989,1989,kg/ha,333.7,A,,Syria
212,'760,Syrian Arab Republic,260,'01450,Olives,5412,Yield,1990,1990,kg/ha,1177.1,A,,Syria
212,'760,Syrian Arab Republic,260,'01450,Olives,5412,Yield,1991,1991,kg/ha,556.7,A,,Syria
212,'760,Syrian Arab Republic,260,'01450,Olives,5412,Yield,1992,1992,kg/ha,1251.4,A,,Syria
212,'760,Syrian Arab Republic,260,'01450,Olives,5412,Yield,1993,1993,kg/ha,836.3,A,,Syria
212,'760,Syrian Arab Republic,260,'01450,Olives,5412,Yield,1994,1994,kg/ha,1287.1,A,,Syria
212,'760,Syrian Arab Republic,260,'01450,Olives,5412,Yield,1995,1995,kg/ha,1004.2,A,,Syria
212,'760,Syrian Arab Republic,260,'01450,Olives,5412,Yield,1996,1996,kg/ha,1478.4,A,,Syria
212,'760,Syrian Arab Republic,260,'01450,Olives,5412,Yield,1997,1997,kg/ha,905.2,A,,Syria
212,'760,Syrian Arab Republic,260,'01450,Olives,5412,Yield,1998,1998,kg/ha,1707.6,A,,Syria
212,'760,Syrian Arab Republic,260,'01450,Olives,5412,Yield,1999,1999,kg/ha,852.4,A,,Syria
212,'760,Syrian Arab Republic,260,'01450,Olives,5412,Yield,2000,2000,kg/ha,1811.9,A,,Syria
212,'760,Syrian Arab Republic,260,'01450,Olives,5412,Yield,2001,2001,kg/ha,1016.4,A,,Syria
212,'760,Syrian Arab Republic,260,'01450,Olives,5412,Yield,2002,2002,kg/ha,1876.3,A,,Syria
212,'760,Syrian Arab Republic,260,'01450,Olives,5412,Yield,2003,2003,kg/ha,1068.2,A,,Syria
212,'760,Syrian Arab Republic,260,'01450,Olives,5412,Yield,2004,2004,kg/ha,1933.0,A,,Syria
212,'760,Syrian Arab Republic,260,'01450,Olives,5412,Yield,2005,2005,kg/ha,1124.0,A,,Syria
212,'760,Syrian Arab Republic,260,'01450,Olives,5412,Yield,2006,2006,kg/ha,2107.6,A,,Syria
212,'760,Syrian Arab Republic,260,'01450,Olives,5412,Yield,2007,2007,kg/ha,824.8,A,,Syria
212,'760,Syrian Arab Republic,260,'01450,Olives,5412,Yield,2008,2008,kg/ha,1340.3,A,,Syria
212,'760,Syrian Arab Republic,260,'01450,Olives,5412,Yield,2009,2009,kg/ha,1393.7,A,,Syria
212,'760,Syrian Arab Republic,260,'01450,Olives,5412,Yield,2010,2010,kg/ha,1483.3,A,,Syria
212,'760,Syrian Arab Republic,260,'01450,Olives,5412,Yield,2011,2011,kg/ha,1599.8,A,,Syria
212,'760,Syrian Arab Republic,260,'01450,Olives,5412,Yield,2012,2012,kg/ha,1508.9,A,,Syria
212,'760,Syrian Arab Republic,260,'01450,Olives,5412,Yield,2013,2013,kg/ha,1207.4,A,,Syria
212,'760,Syrian Arab Republic,260,'01450,Olives,5412,Yield,2014,2014,kg/ha,562.7,A,,Syria
212,'760,Syrian Arab Republic,260,'01450,Olives,5412,Yield,2015,2015,kg/ha,1314.2,A,,Syria
212,'760,Syrian Arab Republic,260,'01450,Olives,5412,Yield,2016,2016,kg/ha,966.3,A,,Syria
212,'760,Syrian Arab Republic,260,'01450,Olives,5412,Yield,2017,2017,kg/ha,1227.5,A,,Syria
212,'760,Syrian Arab Republic,260,'01450,Olives,5412,Yield,2018,2018,kg/ha,959.0,A,,Syria
212,'760,Syrian Arab Republic,260,'01450,Olives,5412,Yield,2019,2019,kg/ha,1218.0,A,,Syria
212,'760,Syrian Arab Republic,260,'01450,Olives,5412,Yield,2020,2020,kg/ha,1121.8,A,,Syria
212,'760,Syrian Arab Republic,260,'01450,Olives,5412,Yield,2021,2021,kg/ha,816.7,A,,Syria
212,'760,Syrian Arab Republic,260,'01450,Olives,5412,Yield,2022,2022,kg/ha,1465.2,A,,Syria
212,'760,Syrian Arab Republic,260,'01450,Olives,5412,Yield,2023,2023,kg/ha,1033.4,A,,Syria
212,'760,Syrian Arab Republic,260,'01450,Olives,5412,Yield,2024,2024,kg/ha,1153.0,A,,Syria
212,'760,Syrian Arab Republic,260,'01450,Olives,5510,Production,1961,1961,t,83000.0,A,,Syria
212,'760,Syrian Arab Republic,260,'01450,Olives,5510,Production,1962,1962,t,87285.0,A,,Syria
212,'760,Syrian Arab Republic,260,'01450,Olives,5510,Production,1963,1963,t,68000.0,A,,Syria
212,'760,Syrian Arab Republic,260,'01450,Olives,5510,Production,1964,1964,t,122592.0,A,,Syria
212,'760,Syrian Arab Republic,260,'01450,Olives,5510,Production,1965,1965,t,65630.0,A,,Syria
212,'760,Syrian Arab Republic,260,'01450,Olives,5510,Production,1966,1966,t,116272.0,A,,Syria
212,'760,Syrian Arab Republic,260,'01450,Olives,5510,Production,1967,1967,t,113083.0,A,,Syria
212,'760,Syrian Arab Republic,260,'01450,Olives,5510,Production,1968,1968,t,111808.0,A,,Syria
212,'760,Syrian Arab Republic,260,'01450,Olives,5510,Production,1969,1969,t,128896.0,A,,Syria
212,'760,Syrian Arab Republic,260,'01450,Olives,5510,Production,1970,1970,t,85402.0,A,,Syria
212,'760,Syrian Arab Republic,260,'01450,Olives,5510,Production,1971,1971,t,117120.0,A,,Syria
212,'760,Syrian Arab Republic,260,'01450,Olives,5510,Production,1972,1972,t,161326.0,A,,Syria
212,'760,Syrian Arab Republic,260,'01450,Olives,5510,Production,1973,1973,t,73183.0,A,,Syria
212,'760,Syrian Arab Republic,260,'01450,Olives,5510,Production,1974,1974,t,215010.0,A,,Syria
212,'760,Syrian Arab Republic,260,'01450,Olives,5510,Production,1975,1975,t,156865.0,A,,Syria
212,'760,Syrian Arab Republic,260,'01450,Olives,5510,Production,1976,1976,t,233403.0,A,,Syria
212,'760,Syrian Arab Republic,260,'01450,Olives,5510,Production,1977,1977,t,175537.0,A,,Syria
212,'760,Syrian Arab Republic,260,'01450,Olives,5510,Production,1978,1978,t,304677.0,A,,Syria
212,'760,Syrian Arab Republic,260,'01450,Olives,5510,Production,1979,1979,t,195950.0,A,,Syria
212,'760,Syrian Arab Republic,260,'01450,Olives,5510,Production,1980,1980,t,392015.0,A,,Syria
212,'760,Syrian Arab Republic,260,'01450,Olives,5510,Production,1981,1981,t,207892.0,A,,Syria
212,'760,Syrian Arab Republic,260,'01450,Olives,5510,Production,1982,1982,t,471000.0,A,,Syria
212,'760,Syrian Arab Republic,260,'01450,Olives,5510,Production,1983,1983,t,152000.0,A,,Syria
212,'760,Syrian Arab Republic,260,'01450,Olives,5510,Production,1984,1984,t,310000.0,A,,Syria
212,'760,Syrian Arab Republic,260,'01450,Olives,5510,Production,1985,1985,t,184999.0,A,,Syria
212,'760,Syrian Arab Republic,260,'01450,Olives,5510,Production,1986,1986,t,414534.0,A,,Syria
212,'760,Syrian Arab Republic,260,'01450,Olives,5510,Production,1987,1987,t,220831.0,A,,Syria
212,'760,Syrian Arab Republic,260,'01450,Olives,5510,Production,1988,1988,t,487179.0,A,,Syria
212,'760,Syrian Arab Republic,260,'01450,Olives,5510,Production,1989,1989,t,119796.0,A,,Syria
212,'760,Syrian Arab Republic,260,'01450,Olives,5510,Production,1990,1990,t,460500.0,A,,Syria
212,'760,Syrian Arab Republic,260,'01450,Olives,5510,Production,1991,1991,t,226000.0,A,,Syria
212,'760,Syrian Arab Republic,260,'01450,Olives,5510,Production,1992,1992,t,519315.0,A,,Syria
212,'760,Syrian Arab Republic,260,'01450,Olives,5510,Production,1993,1993,t,325164.0,A,,Syria
212,'760,Syrian Arab Republic,260,'01450,Olives,5510,Production,1994,1994,t,517892.0,A,,Syria
212,'760,Syrian Arab Republic,260,'01450,Olives,5510,Production,1995,1995,t,423358.0,A,,Syria
212,'760,Syrian Arab Republic,260,'01450,Olives,5510,Production,1996,1996,t,647645.0,A,,Syria
212,'760,Syrian Arab Republic,260,'01450,Olives,5510,Production,1997,1997,t,402956.0,A,,Syria
212,'760,Syrian Arab Republic,260,'01450,Olives,5510,Production,1998,1998,t,785000.0,A,,Syria
212,'760,Syrian Arab Republic,260,'01450,Olives,5510,Production,1999,1999,t,400509.0,A,,Syria
212,'760,Syrian Arab Republic,260,'01450,Olives,5510,Production,2000,2000,t,866052.0,A,,Syria
212,'760,Syrian Arab Republic,260,'01450,Olives,5510,Production,2001,2001,t,496952.0,A,,Syria
212,'760,Syrian Arab Republic,260,'01450,Olives,5510,Production,2002,2002,t,940941.0,A,,Syria
212,'760,Syrian Arab Republic,260,'01450,Olives,5510,Production,2003,2003,t,552277.0,A,,Syria
212,'760,Syrian Arab Republic,260,'01450,Olives,5510,Production,2004,2004,t,1027200.0,A,,Syria
212,'760,Syrian Arab Republic,260,'01450,Olives,5510,Production,2005,2005,t,612223.0,A,,Syria
212,'760,Syrian Arab Republic,260,'01450,Olives,5510,Production,2006,2006,t,1190780.0,A,,Syria
212,'760,Syrian Arab Republic,260,'01450,Olives,5510,Production,2007,2007,t,495310.0,A,,Syria
212,'760,Syrian Arab Republic,260,'01450,Olives,5510,Production,2008,2008,t,827033.0,A,,Syria
212,'760,Syrian Arab Republic,260,'01450,Olives,5510,Production,2009,2009,t,885942.0,A,,Syria
212,'760,Syrian Arab Republic,260,'01450,Olives,5510,Production,2010,2010,t,960403.0,A,,Syria
212,'760,Syrian Arab Republic,260,'01450,Olives,5510,Production,2011,2011,t,1095043.0,A,,Syria
212,'760,Syrian Arab Republic,260,'01450,Olives,5510,Production,2012,2012,t,1049761.0,A,,Syria
212,'760,Syrian Arab Republic,260,'01450,Olives,5510,Production,2013,2013,t,842098.0,A,,Syria
212,'760,Syrian Arab Republic,260,'01450,Olives,5510,Production,2014,2014,t,392214.36,A,,Syria
212,'760,Syrian Arab Republic,260,'01450,Olives,5510,Production,2015,2015,t,913299.0,A,,Syria
212,'760,Syrian Arab Republic,260,'01450,Olives,5510,Production,2016,2016,t,668441.0,A,,Syria
212,'760,Syrian Arab Republic,260,'01450,Olives,5510,Production,2017,2017,t,849919.0,A,,Syria
212,'760,Syrian Arab Republic,260,'01450,Olives,5510,Production,2018,2018,t,664643.0,A,,Syria
212,'760,Syrian Arab Republic,260,'01450,Olives,5510,Production,2019,2019,t,844316.05,A,,Syria
212,'760,Syrian Arab Republic,260,'01450,Olives,5510,Production,2020,2020,t,781204.0,A,,Syria
212,'760,Syrian Arab Republic,260,'01450,Olives,5510,Production,2021,2021,t,566042.94,A,,Syria
212,'760,Syrian Arab Republic,260,'01450,Olives,5510,Production,2022,2022,t,990948.0,A,,Syria
212,'760,Syrian Arab Republic,260,'01450,Olives,5510,Production,2023,2023,t,697325.0,A,,Syria
212,'760,Syrian Arab Republic,260,'01450,Olives,5510,Production,2024,2024,t,785468.0,A,,Syria
222,'788,Tunisia,260,'01450,Olives,5312,Area harvested,1961,1961,ha,540000.0,E,,Tunisia
222,'788,Tunisia,260,'01450,Olives,5312,Area harvested,1962,1962,ha,650000.0,E,,Tunisia
222,'788,Tunisia,260,'01450,Olives,5312,Area harvested,1963,1963,ha,1300000.0,E,,Tunisia
222,'788,Tunisia,260,'01450,Olives,5312,Area harvested,1964,1964,ha,1300000.0,E,,Tunisia
222,'788,Tunisia,260,'01450,Olives,5312,Area harvested,1965,1965,ha,650000.0,E,,Tunisia
222,'788,Tunisia,260,'01450,Olives,5312,Area harvested,1966,1966,ha,270000.0,E,,Tunisia
222,'788,Tunisia,260,'01450,Olives,5312,Area harvested,1967,1967,ha,680000.0,E,,Tunisia
222,'788,Tunisia,260,'01450,Olives,5312,Area harvested,1968,1968,ha,700000.0,E,,Tunisia
222,'788,Tunisia,260,'01450,Olives,5312,Area harvested,1969,1969,ha,320000.0,E,,Tunisia
222,'788,Tunisia,260,'01450,Olives,5312,Area harvested,1970,1970,ha,1059200.0,A,,Tunisia
222,'788,Tunisia,260,'01450,Olives,5312,Area harvested,1971,1971,ha,1119500.0,A,,Tunisia
222,'788,Tunisia,260,'01450,Olives,5312,Area harvested,1972,1972,ha,1247400.0,A,,Tunisia
222,'788,Tunisia,260,'01450,Olives,5312,Area harvested,1973,1973,ha,1282150.0,A,,Tunisia
222,'788,Tunisia,260,'01450,Olives,5312,Area harvested,1974,1974,ha,1285760.0,A,,Tunisia
222,'788,Tunisia,260,'01450,Olives,5312,Area harvested,1975,1975,ha,1294130.0,A,,Tunisia
222,'788,Tunisia,260,'01450,Olives,5312,Area harvested,1976,1976,ha,1318600.0,A,,Tunisia
222,'788,Tunisia,260,'01450,Olives,5312,Area harvested,1977,1977,ha,1324300.0,A,,Tunisia
222,'788,Tunisia,260,'01450,Olives,5312,Area harvested,1978,1978,ha,1327640.0,A,,Tunisia
222,'788,Tunisia,260,'01450,Olives,5312,Area harvested,1979,1979,ha,1330500.0,A,,Tunisia
222,'788,Tunisia,260,'01450,Olives,5312,Area harvested,1980,1980,ha,1323800.0,A,,Tunisia
222,'788,Tunisia,260,'01450,Olives,5312,Area harvested,1981,1981,ha,1350000.0,A,,Tunisia
222,'788,Tunisia,260,'01450,Olives,5312,Area harvested,1982,1982,ha,1286100.0,A,,Tunisia
222,'788,Tunisia,260,'01450,Olives,5312,Area harvested,1983,1983,ha,1300000.0,E,,Tunisia
222,'788,Tunisia,260,'01450,Olives,5312,Area harvested,1984,1984,ha,1310000.0,A,,Tunisia
222,'788,Tunisia,260,'01450,Olives,5312,Area harvested,1985,1985,ha,1315000.0,A,,Tunisia
222,'788,Tunisia,260,'01450,Olives,5312,Area harvested,1986,1986,ha,1325000.0,A,,Tunisia
222,'788,Tunisia,260,'01450,Olives,5312,Area harvested,1987,1987,ha,1325000.0,A,,Tunisia
222,'788,Tunisia,260,'01450,Olives,5312,Area harvested,1988,1988,ha,1355300.0,A,,Tunisia
222,'788,Tunisia,260,'01450,Olives,5312,Area harvested,1989,1989,ha,1350400.0,A,,Tunisia
222,'788,Tunisia,260,'01450,Olives,5312,Area harvested,1990,1990,ha,1392000.0,A,,Tunisia
222,'788,Tunisia,260,'01450,Olives,5312,Area harvested,1991,1991,ha,1395000.0,A,,Tunisia
222,'788,Tunisia,260,'01450,Olives,5312,Area harvested,1992,1992,ha,1400000.0,A,,Tunisia
222,'788,Tunisia,260,'01450,Olives,5312,Area harvested,1993,1993,ha,1454850.0,A,,Tunisia
222,'788,Tunisia,260,'01450,Olives,5312,Area harvested,1994,1994,ha,1363000.0,X,Unofficial figure,Tunisia
222,'788,Tunisia,260,'01450,Olives,5312,Area harvested,1995,1995,ha,1460000.0,A,,Tunisia
222,'788,Tunisia,260,'01450,Olives,5312,Area harvested,1996,1996,ha,1624000.0,A,,Tunisia
222,'788,Tunisia,260,'01450,Olives,5312,Area harvested,1997,1997,ha,1200000.0,X,Unofficial figure,Tunisia
222,'788,Tunisia,260,'01450,Olives,5312,Area harvested,1998,1998,ha,1332000.0,A,,Tunisia
222,'788,Tunisia,260,'01450,Olives,5312,Area harvested,1999,1999,ha,1500000.0,A,,Tunisia
222,'788,Tunisia,260,'01450,Olives,5312,Area harvested,2000,2000,ha,1387240.0,A,,Tunisia
222,'788,Tunisia,260,'01450,Olives,5312,Area harvested,2001,2001,ha,1377700.0,A,,Tunisia
222,'788,Tunisia,260,'01450,Olives,5312,Area harvested,2002,2002,ha,1377700.0,X,Unofficial figure,Tunisia
222,'788,Tunisia,260,'01450,Olives,5312,Area harvested,2003,2003,ha,1652400.0,X,Unofficial figure,Tunisia
222,'788,Tunisia,260,'01450,Olives,5312,Area harvested,2004,2004,ha,1664300.0,X,Unofficial figure,Tunisia
222,'788,Tunisia,260,'01450,Olives,5312,Area harvested,2005,2005,ha,1672900.0,A,,Tunisia
222,'788,Tunisia,260,'01450,Olives,5312,Area harvested,2006,2006,ha,1683600.0,A,,Tunisia
222,'788,Tunisia,260,'01450,Olives,5312,Area harvested,2007,2007,ha,1706700.0,A,,Tunisia
222,'788,Tunisia,260,'01450,Olives,5312,Area harvested,2008,2008,ha,1719800.0,A,,Tunisia
222,'788,Tunisia,260,'01450,Olives,5312,Area harvested,2009,2009,ha,1738450.0,A,,Tunisia
222,'788,Tunisia,260,'01450,Olives,5312,Area harvested,2010,2010,ha,1763450.0,A,,Tunisia
222,'788,Tunisia,260,'01450,Olives,5312,Area harvested,2011,2011,ha,1763450.0,A,,Tunisia
222,'788,Tunisia,260,'01450,Olives,5312,Area harvested,2012,2012,ha,1810550.0,A,,Tunisia
222,'788,Tunisia,260,'01450,Olives,5312,Area harvested,2013,2013,ha,1822820.0,A,,Tunisia
222,'788,Tunisia,260,'01450,Olives,5312,Area harvested,2014,2014,ha,1588620.0,A,,Tunisia
222,'788,Tunisia,260,'01450,Olives,5312,Area harvested,2015,2015,ha,1624980.0,A,,Tunisia
222,'788,Tunisia,260,'01450,Olives,5312,Area harvested,2016,2016,ha,1646060.0,A,,Tunisia
222,'788,Tunisia,260,'01450,Olives,5312,Area harvested,2017,2017,ha,944451.0,I,,Tunisia
222,'788,Tunisia,260,'01450,Olives,5312,Area harvested,2018,2018,ha,2424490.0,E,,Tunisia
222,'788,Tunisia,260,'01450,Olives,5312,Area harvested,2019,2019,ha,1241931.0,I,,Tunisia
222,'788,Tunisia,260,'01450,Olives,5312,Area harvested,2020,2020,ha,3605286.0,E,,Tunisia
222,'788,Tunisia,260,'01450,Olives,5312,Area harvested,2021,2021,ha,1252393.0,I,,Tunisia
222,'788,Tunisia,260,'01450,Olives,5312,Area harvested,2022,2022,ha,2126748.0,I,,Tunisia
222,'788,Tunisia,260,'01450,Olives,5312,Area harvested,2023,2023,ha,1934669.0,I,,Tunisia
222,'788,Tunisia,260,'01450,Olives,5312,Area harvested,2024,2024,ha,1865651.0,I,,Tunisia
222,'788,Tunisia,260,'01450,Olives,5412,Yield,1961,1961,kg/ha,350.0,E,,Tunisia
222,'788,Tunisia,260,'01450,Olives,5412,Yield,1962,1962,kg/ha,346.2,E,,Tunisia
222,'788,Tunisia,260,'01450,Olives,5412,Yield,1963,1963,kg/ha,344.6,E,,Tunisia
222,'788,Tunisia,260,'01450,Olives,5412,Yield,1964,1964,kg/ha,346.2,E,,Tunisia
222,'788,Tunisia,260,'01450,Olives,5412,Yield,1965,1965,kg/ha,426.8,E,,Tunisia
222,'788,Tunisia,260,'01450,Olives,5412,Yield,1966,1966,kg/ha,360.7,E,,Tunisia
222,'788,Tunisia,260,'01450,Olives,5412,Yield,1967,1967,kg/ha,404.6,E,,Tunisia
222,'788,Tunisia,260,'01450,Olives,5412,Yield,1968,1968,kg/ha,399.9,E,,Tunisia
222,'788,Tunisia,260,'01450,Olives,5412,Yield,1969,1969,kg/ha,406.1,E,,Tunisia
222,'788,Tunisia,260,'01450,Olives,5412,Yield,1970,1970,kg/ha,429.2,A,,Tunisia
222,'788,Tunisia,260,'01450,Olives,5412,Yield,1971,1971,kg/ha,752.1,A,,Tunisia
222,'788,Tunisia,260,'01450,Olives,5412,Yield,1972,1972,kg/ha,287.0,A,,Tunisia
222,'788,Tunisia,260,'01450,Olives,5412,Yield,1973,1973,kg/ha,512.6,A,,Tunisia
222,'788,Tunisia,260,'01450,Olives,5412,Yield,1974,1974,kg/ha,462.1,A,,Tunisia
222,'788,Tunisia,260,'01450,Olives,5412,Yield,1975,1975,kg/ha,676.3,A,,Tunisia
222,'788,Tunisia,260,'01450,Olives,5412,Yield,1976,1976,kg/ha,330.0,A,,Tunisia
222,'788,Tunisia,260,'01450,Olives,5412,Yield,1977,1977,kg/ha,478.0,A,,Tunisia
222,'788,Tunisia,260,'01450,Olives,5412,Yield,1978,1978,kg/ha,308.8,A,,Tunisia
222,'788,Tunisia,260,'01450,Olives,5412,Yield,1979,1979,kg/ha,328.4,A,,Tunisia
222,'788,Tunisia,260,'01450,Olives,5412,Yield,1980,1980,kg/ha,547.7,A,,Tunisia
222,'788,Tunisia,260,'01450,Olives,5412,Yield,1981,1981,kg/ha,296.3,A,,Tunisia
222,'788,Tunisia,260,'01450,Olives,5412,Yield,1982,1982,kg/ha,213.8,A,,Tunisia
222,'788,Tunisia,260,'01450,Olives,5412,Yield,1983,1983,kg/ha,576.9,E,,Tunisia
222,'788,Tunisia,260,'01450,Olives,5412,Yield,1984,1984,kg/ha,362.6,A,,Tunisia
222,'788,Tunisia,260,'01450,Olives,5412,Yield,1985,1985,kg/ha,399.2,A,,Tunisia
222,'788,Tunisia,260,'01450,Olives,5412,Yield,1986,1986,kg/ha,430.2,A,,Tunisia
222,'788,Tunisia,260,'01450,Olives,5412,Yield,1987,1987,kg/ha,377.4,A,,Tunisia
222,'788,Tunisia,260,'01450,Olives,5412,Yield,1988,1988,kg/ha,199.2,A,,Tunisia
222,'788,Tunisia,260,'01450,Olives,5412,Yield,1989,1989,kg/ha,481.3,A,,Tunisia
222,'788,Tunisia,260,'01450,Olives,5412,Yield,1990,1990,kg/ha,592.7,A,,Tunisia
222,'788,Tunisia,260,'01450,Olives,5412,Yield,1991,1991,kg/ha,949.8,A,,Tunisia
222,'788,Tunisia,260,'01450,Olives,5412,Yield,1992,1992,kg/ha,482.1,A,,Tunisia
222,'788,Tunisia,260,'01450,Olives,5412,Yield,1993,1993,kg/ha,721.7,A,,Tunisia
222,'788,Tunisia,260,'01450,Olives,5412,Yield,1994,1994,kg/ha,256.8,E,,Tunisia
222,'788,Tunisia,260,'01450,Olives,5412,Yield,1995,1995,kg/ha,205.5,A,,Tunisia
222,'788,Tunisia,260,'01450,Olives,5412,Yield,1996,1996,kg/ha,954.4,A,,Tunisia
222,'788,Tunisia,260,'01450,Olives,5412,Yield,1997,1997,kg/ha,416.7,E,,Tunisia
222,'788,Tunisia,260,'01450,Olives,5412,Yield,1998,1998,kg/ha,713.2,A,,Tunisia
222,'788,Tunisia,260,'01450,Olives,5412,Yield,1999,1999,kg/ha,750.0,A,,Tunisia
222,'788,Tunisia,260,'01450,Olives,5412,Yield,2000,2000,kg/ha,396.5,A,,Tunisia
222,'788,Tunisia,260,'01450,Olives,5412,Yield,2001,2001,kg/ha,108.9,A,,Tunisia
222,'788,Tunisia,260,'01450,Olives,5412,Yield,2002,2002,kg/ha,254.0,E,,Tunisia
222,'788,Tunisia,260,'01450,Olives,5412,Yield,2003,2003,kg/ha,847.3,E,,Tunisia
222,'788,Tunisia,260,'01450,Olives,5412,Yield,2004,2004,kg/ha,390.6,E,,Tunisia
222,'788,Tunisia,260,'01450,Olives,5412,Yield,2005,2005,kg/ha,627.7,A,,Tunisia
222,'788,Tunisia,260,'01450,Olives,5412,Yield,2006,2006,kg/ha,723.4,A,,Tunisia
222,'788,Tunisia,260,'01450,Olives,5412,Yield,2007,2007,kg/ha,584.8,A,,Tunisia
222,'788,Tunisia,260,'01450,Olives,5412,Yield,2008,2008,kg/ha,687.9,A,,Tunisia
222,'788,Tunisia,260,'01450,Olives,5412,Yield,2009,2009,kg/ha,460.2,A,,Tunisia
222,'788,Tunisia,260,'01450,Olives,5412,Yield,2010,2010,kg/ha,495.1,A,,Tunisia
222,'788,Tunisia,260,'01450,Olives,5412,Yield,2011,2011,kg/ha,318.7,A,,Tunisia
222,'788,Tunisia,260,'01450,Olives,5412,Yield,2012,2012,kg/ha,531.9,A,,Tunisia
222,'788,Tunisia,260,'01450,Olives,5412,Yield,2013,2013,kg/ha,603.5,A,,Tunisia
222,'788,Tunisia,260,'01450,Olives,5412,Yield,2014,2014,kg/ha,236.7,A,,Tunisia
222,'788,Tunisia,260,'01450,Olives,5412,Yield,2015,2015,kg/ha,1046.2,A,,Tunisia
222,'788,Tunisia,260,'01450,Olives,5412,Yield,2016,2016,kg/ha,425.3,A,,Tunisia
222,'788,Tunisia,260,'01450,Olives,5412,Yield,2017,2017,kg/ha,529.4,E,,Tunisia
222,'788,Tunisia,260,'01450,Olives,5412,Yield,2018,2018,kg/ha,666.9,E,,Tunisia
222,'788,Tunisia,260,'01450,Olives,5412,Yield,2019,2019,kg/ha,563.6,E,,Tunisia
222,'788,Tunisia,260,'01450,Olives,5412,Yield,2020,2020,kg/ha,554.7,E,,Tunisia
222,'788,Tunisia,260,'01450,Olives,5412,Yield,2021,2021,kg/ha,558.9,E,,Tunisia
222,'788,Tunisia,260,'01450,Olives,5412,Yield,2022,2022,kg/ha,564.2,E,,Tunisia
222,'788,Tunisia,260,'01450,Olives,5412,Yield,2023,2023,kg/ha,565.2,E,,Tunisia
222,'788,Tunisia,260,'01450,Olives,5412,Yield,2024,2024,kg/ha,566.1,E,,Tunisia
222,'788,Tunisia,260,'01450,Olives,5510,Production,1961,1961,t,189000.0,A,,Tunisia
222,'788,Tunisia,260,'01450,Olives,5510,Production,1962,1962,t,225000.0,A,,Tunisia
222,'788,Tunisia,260,'01450,Olives,5510,Production,1963,1963,t,448000.0,A,,Tunisia
222,'788,Tunisia,260,'01450,Olives,5510,Production,1964,1964,t,450000.0,X,Unofficial figure,Tunisia
222,'788,Tunisia,260,'01450,Olives,5510,Production,1965,1965,t,277400.0,A,,Tunisia
222,'788,Tunisia,260,'01450,Olives,5510,Production,1966,1966,t,97400.0,A,,Tunisia
222,'788,Tunisia,260,'01450,Olives,5510,Production,1967,1967,t,275100.0,A,,Tunisia
222,'788,Tunisia,260,'01450,Olives,5510,Production,1968,1968,t,279900.0,A,,Tunisia
222,'788,Tunisia,260,'01450,Olives,5510,Production,1969,1969,t,129950.0,A,,Tunisia
222,'788,Tunisia,260,'01450,Olives,5510,Production,1970,1970,t,454600.0,A,,Tunisia
222,'788,Tunisia,260,'01450,Olives,5510,Production,1971,1971,t,842000.0,A,,Tunisia
222,'788,Tunisia,260,'01450,Olives,5510,Production,1972,1972,t,358000.0,A,,Tunisia
222,'788,Tunisia,260,'01450,Olives,5510,Production,1973,1973,t,657200.0,A,,Tunisia
222,'788,Tunisia,260,'01450,Olives,5510,Production,1974,1974,t,594200.0,A,,Tunisia
222,'788,Tunisia,260,'01450,Olives,5510,Production,1975,1975,t,875200.0,A,,Tunisia
222,'788,Tunisia,260,'01450,Olives,5510,Production,1976,1976,t,435200.0,A,,Tunisia
222,'788,Tunisia,260,'01450,Olives,5510,Production,1977,1977,t,633000.0,A,,Tunisia
222,'788,Tunisia,260,'01450,Olives,5510,Production,1978,1978,t,410000.0,A,,Tunisia
222,'788,Tunisia,260,'01450,Olives,5510,Production,1979,1979,t,437000.0,A,,Tunisia
222,'788,Tunisia,260,'01450,Olives,5510,Production,1980,1980,t,725000.0,A,,Tunisia
222,'788,Tunisia,260,'01450,Olives,5510,Production,1981,1981,t,400000.0,A,,Tunisia
222,'788,Tunisia,260,'01450,Olives,5510,Production,1982,1982,t,275000.0,A,,Tunisia
222,'788,Tunisia,260,'01450,Olives,5510,Production,1983,1983,t,750000.0,A,,Tunisia
222,'788,Tunisia,260,'01450,Olives,5510,Production,1984,1984,t,475000.0,A,,Tunisia
222,'788,Tunisia,260,'01450,Olives,5510,Production,1985,1985,t,525000.0,A,,Tunisia
222,'788,Tunisia,260,'01450,Olives,5510,Production,1986,1986,t,570000.0,A,,Tunisia
222,'788,Tunisia,260,'01450,Olives,5510,Production,1987,1987,t,500000.0,A,,Tunisia
222,'788,Tunisia,260,'01450,Olives,5510,Production,1988,1988,t,270000.0,A,,Tunisia
222,'788,Tunisia,260,'01450,Olives,5510,Production,1989,1989,t,650000.0,A,,Tunisia
222,'788,Tunisia,260,'01450,Olives,5510,Production,1990,1990,t,825000.0,A,,Tunisia
222,'788,Tunisia,260,'01450,Olives,5510,Production,1991,1991,t,1325000.0,A,,Tunisia
222,'788,Tunisia,260,'01450,Olives,5510,Production,1992,1992,t,675000.0,A,,Tunisia
222,'788,Tunisia,260,'01450,Olives,5510,Production,1993,1993,t,1050000.0,A,,Tunisia
222,'788,Tunisia,260,'01450,Olives,5510,Production,1994,1994,t,350000.0,A,,Tunisia
222,'788,Tunisia,260,'01450,Olives,5510,Production,1995,1995,t,300000.0,A,,Tunisia
222,'788,Tunisia,260,'01450,Olives,5510,Production,1996,1996,t,1550000.0,A,,Tunisia
222,'788,Tunisia,260,'01450,Olives,5510,Production,1997,1997,t,500000.0,A,,Tunisia
222,'788,Tunisia,260,'01450,Olives,5510,Production,1998,1998,t,950000.0,A,,Tunisia
222,'788,Tunisia,260,'01450,Olives,5510,Production,1999,1999,t,1125000.0,A,,Tunisia
222,'788,Tunisia,260,'01450,Olives,5510,Production,2000,2000,t,550000.0,A,,Tunisia
222,'788,Tunisia,260,'01450,Olives,5510,Production,2001,2001,t,150000.0,A,,Tunisia
222,'788,Tunisia,260,'01450,Olives,5510,Production,2002,2002,t,350000.0,A,,Tunisia
222,'788,Tunisia,260,'01450,Olives,5510,Production,2003,2003,t,1400000.0,A,,Tunisia
222,'788,Tunisia,260,'01450,Olives,5510,Production,2004,2004,t,650000.0,A,,Tunisia
222,'788,Tunisia,260,'01450,Olives,5510,Production,2005,2005,t,1050000.0,A,,Tunisia
222,'788,Tunisia,260,'01450,Olives,5510,Production,2006,2006,t,1218000.0,A,,Tunisia
222,'788,Tunisia,260,'01450,Olives,5510,Production,2007,2007,t,998000.0,A,,Tunisia
222,'788,Tunisia,260,'01450,Olives,5510,Production,2008,2008,t,1183000.0,A,,Tunisia
222,'788,Tunisia,260,'01450,Olives,5510,Production,2009,2009,t,800000.0,A,,Tunisia
222,'788,Tunisia,260,'01450,Olives,5510,Production,2010,2010,t,873000.0,A,,Tunisia
222,'788,Tunisia,260,'01450,Olives,5510,Production,2011,2011,t,562000.0,A,,Tunisia
222,'788,Tunisia,260,'01450,Olives,5510,Production,2012,2012,t,963000.0,A,,Tunisia
222,'788,Tunisia,260,'01450,Olives,5510,Production,2013,2013,t,1100000.0,A,,Tunisia
222,'788,Tunisia,260,'01450,Olives,5510,Production,2014,2014,t,376000.0,A,,Tunisia
222,'788,Tunisia,260,'01450,Olives,5510,Production,2015,2015,t,1700000.0,A,,Tunisia
222,'788,Tunisia,260,'01450,Olives,5510,Production,2016,2016,t,700000.0,A,,Tunisia
222,'788,Tunisia,260,'01450,Olives,5510,Production,2017,2017,t,500000.0,A,,Tunisia
222,'788,Tunisia,260,'01450,Olives,5510,Production,2018,2018,t,1617000.0,A,,Tunisia
222,'788,Tunisia,260,'01450,Olives,5510,Production,2019,2019,t,700000.0,A,,Tunisia
222,'788,Tunisia,260,'01450,Olives,5510,Production,2020,2020,t,2000000.0,A,,Tunisia
222,'788,Tunisia,260,'01450,Olives,5510,Production,2021,2021,t,700000.0,A,,Tunisia
222,'788,Tunisia,260,'01450,Olives,5510,Production,2022,2022,t,1200000.0,A,,Tunisia
222,'788,Tunisia,260,'01450,Olives,5510,Production,2023,2023,t,1093461.52,I,,Tunisia
222,'788,Tunisia,260,'01450,Olives,5510,Production,2024,2024,t,1056228.17,I,,Tunisia
223,'792,TÃ¼rkiye,260,'01450,Olives,5312,Area harvested,1961,1961,ha,391800.0,A,,Turkiye
223,'792,TÃ¼rkiye,260,'01450,Olives,5312,Area harvested,1962,1962,ha,399393.0,A,,Turkiye
223,'792,TÃ¼rkiye,260,'01450,Olives,5312,Area harvested,1963,1963,ha,404760.0,A,,Turkiye
223,'792,TÃ¼rkiye,260,'01450,Olives,5312,Area harvested,1964,1964,ha,424347.0,A,,Turkiye
223,'792,TÃ¼rkiye,260,'01450,Olives,5312,Area harvested,1965,1965,ha,428347.0,A,,Turkiye
223,'792,TÃ¼rkiye,260,'01450,Olives,5312,Area harvested,1966,1966,ha,444000.0,A,,Turkiye
223,'792,TÃ¼rkiye,260,'01450,Olives,5312,Area harvested,1967,1967,ha,449667.0,A,,Turkiye
223,'792,TÃ¼rkiye,260,'01450,Olives,5312,Area harvested,1968,1968,ha,444707.0,A,,Turkiye
223,'792,TÃ¼rkiye,260,'01450,Olives,5312,Area harvested,1969,1969,ha,447447.0,A,,Turkiye
223,'792,TÃ¼rkiye,260,'01450,Olives,5312,Area harvested,1970,1970,ha,453673.0,A,,Turkiye
223,'792,TÃ¼rkiye,260,'01450,Olives,5312,Area harvested,1971,1971,ha,457900.0,A,,Turkiye
223,'792,TÃ¼rkiye,260,'01450,Olives,5312,Area harvested,1972,1972,ha,460000.0,A,,Turkiye
223,'792,TÃ¼rkiye,260,'01450,Olives,5312,Area harvested,1973,1973,ha,468200.0,A,,Turkiye
223,'792,TÃ¼rkiye,260,'01450,Olives,5312,Area harvested,1974,1974,ha,474367.0,A,,Turkiye
223,'792,TÃ¼rkiye,260,'01450,Olives,5312,Area harvested,1975,1975,ha,484800.0,A,,Turkiye
223,'792,TÃ¼rkiye,260,'01450,Olives,5312,Area harvested,1976,1976,ha,489780.0,A,,Turkiye
223,'792,TÃ¼rkiye,260,'01450,Olives,5312,Area harvested,1977,1977,ha,493333.0,A,,Turkiye
223,'792,TÃ¼rkiye,260,'01450,Olives,5312,Area harvested,1978,1978,ha,490000.0,A,,Turkiye
223,'792,TÃ¼rkiye,260,'01450,Olives,5312,Area harvested,1979,1979,ha,490000.0,A,,Turkiye
223,'792,TÃ¼rkiye,260,'01450,Olives,5312,Area harvested,1980,1980,ha,491667.0,A,,Turkiye
223,'792,TÃ¼rkiye,260,'01450,Olives,5312,Area harvested,1981,1981,ha,506667.0,A,,Turkiye
223,'792,TÃ¼rkiye,260,'01450,Olives,5312,Area harvested,1982,1982,ha,497333.0,A,,Turkiye
223,'792,TÃ¼rkiye,260,'01450,Olives,5312,Area harvested,1983,1983,ha,499900.0,A,,Turkiye
223,'792,TÃ¼rkiye,260,'01450,Olives,5312,Area harvested,1984,1984,ha,500000.0,A,,Turkiye
223,'792,TÃ¼rkiye,260,'01450,Olives,5312,Area harvested,1985,1985,ha,505667.0,A,,Turkiye
223,'792,TÃ¼rkiye,260,'01450,Olives,5312,Area harvested,1986,1986,ha,513333.0,A,,Turkiye
223,'792,TÃ¼rkiye,260,'01450,Olives,5312,Area harvested,1987,1987,ha,526667.0,A,,Turkiye
223,'792,TÃ¼rkiye,260,'01450,Olives,5312,Area harvested,1988,1988,ha,528793.0,A,,Turkiye
223,'792,TÃ¼rkiye,260,'01450,Olives,5312,Area harvested,1989,1989,ha,529733.0,A,,Turkiye
223,'792,TÃ¼rkiye,260,'01450,Olives,5312,Area harvested,1990,1990,ha,537333.0,A,,Turkiye
223,'792,TÃ¼rkiye,260,'01450,Olives,5312,Area harvested,1991,1991,ha,543467.0,A,,Turkiye
223,'792,TÃ¼rkiye,260,'01450,Olives,5312,Area harvested,1992,1992,ha,541733.0,A,,Turkiye
223,'792,TÃ¼rkiye,260,'01450,Olives,5312,Area harvested,1993,1993,ha,565039.0,A,,Turkiye
223,'792,TÃ¼rkiye,260,'01450,Olives,5312,Area harvested,1994,1994,ha,572410.0,A,,Turkiye
223,'792,TÃ¼rkiye,260,'01450,Olives,5312,Area harvested,1995,1995,ha,556209.0,A,,Turkiye
223,'792,TÃ¼rkiye,260,'01450,Olives,5312,Area harvested,1996,1996,ha,568405.0,A,,Turkiye
223,'792,TÃ¼rkiye,260,'01450,Olives,5312,Area harvested,1997,1997,ha,657647.0,A,,Turkiye
223,'792,TÃ¼rkiye,260,'01450,Olives,5312,Area harvested,1998,1998,ha,600000.0,A,,Turkiye
223,'792,TÃ¼rkiye,260,'01450,Olives,5312,Area harvested,1999,1999,ha,595000.0,A,,Turkiye
223,'792,TÃ¼rkiye,260,'01450,Olives,5312,Area harvested,2000,2000,ha,600000.0,A,,Turkiye
223,'792,TÃ¼rkiye,260,'01450,Olives,5312,Area harvested,2001,2001,ha,600000.0,A,,Turkiye
223,'792,TÃ¼rkiye,260,'01450,Olives,5312,Area harvested,2002,2002,ha,620000.0,A,,Turkiye
223,'792,TÃ¼rkiye,260,'01450,Olives,5312,Area harvested,2003,2003,ha,625000.0,A,,Turkiye
223,'792,TÃ¼rkiye,260,'01450,Olives,5312,Area harvested,2004,2004,ha,644000.0,A,,Turkiye
223,'792,TÃ¼rkiye,260,'01450,Olives,5312,Area harvested,2005,2005,ha,662000.0,A,,Turkiye
223,'792,TÃ¼rkiye,260,'01450,Olives,5312,Area harvested,2006,2006,ha,711843.0,A,,Turkiye
223,'792,TÃ¼rkiye,260,'01450,Olives,5312,Area harvested,2007,2007,ha,753001.0,A,,Turkiye
223,'792,TÃ¼rkiye,260,'01450,Olives,5312,Area harvested,2008,2008,ha,774371.0,A,,Turkiye
223,'792,TÃ¼rkiye,260,'01450,Olives,5312,Area harvested,2009,2009,ha,778412.0,A,,Turkiye
223,'792,TÃ¼rkiye,260,'01450,Olives,5312,Area harvested,2010,2010,ha,784031.0,A,,Turkiye
223,'792,TÃ¼rkiye,260,'01450,Olives,5312,Area harvested,2011,2011,ha,798493.0,A,,Turkiye
223,'792,TÃ¼rkiye,260,'01450,Olives,5312,Area harvested,2012,2012,ha,813765.0,A,,Turkiye
223,'792,TÃ¼rkiye,260,'01450,Olives,5312,Area harvested,2013,2013,ha,825826.0,A,,Turkiye
223,'792,TÃ¼rkiye,260,'01450,Olives,5312,Area harvested,2014,2014,ha,826092.0,A,,Turkiye
223,'792,TÃ¼rkiye,260,'01450,Olives,5312,Area harvested,2015,2015,ha,836935.0,A,,Turkiye
223,'792,TÃ¼rkiye,260,'01450,Olives,5312,Area harvested,2016,2016,ha,845542.0,A,,Turkiye
223,'792,TÃ¼rkiye,260,'01450,Olives,5312,Area harvested,2017,2017,ha,846062.0,A,,Turkiye
223,'792,TÃ¼rkiye,260,'01450,Olives,5312,Area harvested,2018,2018,ha,864428.0,A,,Turkiye
223,'792,TÃ¼rkiye,260,'01450,Olives,5312,Area harvested,2019,2019,ha,879177.0,A,,Turkiye
223,'792,TÃ¼rkiye,260,'01450,Olives,5312,Area harvested,2020,2020,ha,887077.0,A,,Turkiye
223,'792,TÃ¼rkiye,260,'01450,Olives,5312,Area harvested,2021,2021,ha,889168.0,A,,Turkiye
223,'792,TÃ¼rkiye,260,'01450,Olives,5312,Area harvested,2022,2022,ha,901126.0,A,,Turkiye
223,'792,TÃ¼rkiye,260,'01450,Olives,5312,Area harvested,2023,2023,ha,903061.0,A,,Turkiye
223,'792,TÃ¼rkiye,260,'01450,Olives,5312,Area harvested,2024,2024,ha,913319.0,A,,Turkiye
223,'792,TÃ¼rkiye,260,'01450,Olives,5412,Yield,1961,1961,kg/ha,1759.4,A,,Turkiye
223,'792,TÃ¼rkiye,260,'01450,Olives,5412,Yield,1962,1962,kg/ha,726.6,A,,Turkiye
223,'792,TÃ¼rkiye,260,'01450,Olives,5412,Yield,1963,1963,kg/ha,1528.9,A,,Turkiye
223,'792,TÃ¼rkiye,260,'01450,Olives,5412,Yield,1964,1964,kg/ha,1636.6,A,,Turkiye
223,'792,TÃ¼rkiye,260,'01450,Olives,5412,Yield,1965,1965,kg/ha,920.2,A,,Turkiye
223,'792,TÃ¼rkiye,260,'01450,Olives,5412,Yield,1966,1966,kg/ha,1893.2,A,,Turkiye
223,'792,TÃ¼rkiye,260,'01450,Olives,5412,Yield,1967,1967,kg/ha,1100.8,A,,Turkiye
223,'792,TÃ¼rkiye,260,'01450,Olives,5412,Yield,1968,1968,kg/ha,1848.4,A,,Turkiye
223,'792,TÃ¼rkiye,260,'01450,Olives,5412,Yield,1969,1969,kg/ha,687.9,A,,Turkiye
223,'792,TÃ¼rkiye,260,'01450,Olives,5412,Yield,1970,1970,kg/ha,1501.1,A,,Turkiye
223,'792,TÃ¼rkiye,260,'01450,Olives,5412,Yield,1971,1971,kg/ha,711.9,A,,Turkiye
223,'792,TÃ¼rkiye,260,'01450,Olives,5412,Yield,1972,1972,kg/ha,2215.2,A,,Turkiye
223,'792,TÃ¼rkiye,260,'01450,Olives,5412,Yield,1973,1973,kg/ha,710.2,A,,Turkiye
223,'792,TÃ¼rkiye,260,'01450,Olives,5412,Yield,1974,1974,kg/ha,1770.8,A,,Turkiye
223,'792,TÃ¼rkiye,260,'01450,Olives,5412,Yield,1975,1975,kg/ha,1157.2,A,,Turkiye
223,'792,TÃ¼rkiye,260,'01450,Olives,5412,Yield,1976,1976,kg/ha,2239.8,A,,Turkiye
223,'792,TÃ¼rkiye,260,'01450,Olives,5412,Yield,1977,1977,kg/ha,810.8,A,,Turkiye
223,'792,TÃ¼rkiye,260,'01450,Olives,5412,Yield,1978,1978,kg/ha,2244.9,A,,Turkiye
223,'792,TÃ¼rkiye,260,'01450,Olives,5412,Yield,1979,1979,kg/ha,877.6,A,,Turkiye
223,'792,TÃ¼rkiye,260,'01450,Olives,5412,Yield,1980,1980,kg/ha,2745.8,A,,Turkiye
223,'792,TÃ¼rkiye,260,'01450,Olives,5412,Yield,1981,1981,kg/ha,789.5,A,,Turkiye
223,'792,TÃ¼rkiye,260,'01450,Olives,5412,Yield,1982,1982,kg/ha,2654.2,A,,Turkiye
223,'792,TÃ¼rkiye,260,'01450,Olives,5412,Yield,1983,1983,kg/ha,800.2,A,,Turkiye
223,'792,TÃ¼rkiye,260,'01450,Olives,5412,Yield,1984,1984,kg/ha,1600.0,A,,Turkiye
223,'792,TÃ¼rkiye,260,'01450,Olives,5412,Yield,1985,1985,kg/ha,1186.6,A,,Turkiye
223,'792,TÃ¼rkiye,260,'01450,Olives,5412,Yield,1986,1986,kg/ha,1967.5,A,,Turkiye
223,'792,TÃ¼rkiye,260,'01450,Olives,5412,Yield,1987,1987,kg/ha,1139.2,A,,Turkiye
223,'792,TÃ¼rkiye,260,'01450,Olives,5412,Yield,1988,1988,kg/ha,2080.2,A,,Turkiye
223,'792,TÃ¼rkiye,260,'01450,Olives,5412,Yield,1989,1989,kg/ha,943.9,A,,Turkiye
223,'792,TÃ¼rkiye,260,'01450,Olives,5412,Yield,1990,1990,kg/ha,2047.1,A,,Turkiye
223,'792,TÃ¼rkiye,260,'01450,Olives,5412,Yield,1991,1991,kg/ha,1177.6,A,,Turkiye
223,'792,TÃ¼rkiye,260,'01450,Olives,5412,Yield,1992,1992,kg/ha,1384.4,A,,Turkiye
223,'792,TÃ¼rkiye,260,'01450,Olives,5412,Yield,1993,1993,kg/ha,973.4,A,,Turkiye
223,'792,TÃ¼rkiye,260,'01450,Olives,5412,Yield,1994,1994,kg/ha,2445.8,A,,Turkiye
223,'792,TÃ¼rkiye,260,'01450,Olives,5412,Yield,1995,1995,kg/ha,925.9,A,,Turkiye
223,'792,TÃ¼rkiye,260,'01450,Olives,5412,Yield,1996,1996,kg/ha,3166.8,A,,Turkiye
223,'792,TÃ¼rkiye,260,'01450,Olives,5412,Yield,1997,1997,kg/ha,775.5,A,,Turkiye
223,'792,TÃ¼rkiye,260,'01450,Olives,5412,Yield,1998,1998,kg/ha,2750.0,A,,Turkiye
223,'792,TÃ¼rkiye,260,'01450,Olives,5412,Yield,1999,1999,kg/ha,1008.4,A,,Turkiye
223,'792,TÃ¼rkiye,260,'01450,Olives,5412,Yield,2000,2000,kg/ha,3000.0,A,,Turkiye
223,'792,TÃ¼rkiye,260,'01450,Olives,5412,Yield,2001,2001,kg/ha,1000.0,A,,Turkiye
223,'792,TÃ¼rkiye,260,'01450,Olives,5412,Yield,2002,2002,kg/ha,2903.2,A,,Turkiye
223,'792,TÃ¼rkiye,260,'01450,Olives,5412,Yield,2003,2003,kg/ha,1360.0,A,,Turkiye
223,'792,TÃ¼rkiye,260,'01450,Olives,5412,Yield,2004,2004,kg/ha,2484.5,A,,Turkiye
223,'792,TÃ¼rkiye,260,'01450,Olives,5412,Yield,2005,2005,kg/ha,1812.7,A,,Turkiye
223,'792,TÃ¼rkiye,260,'01450,Olives,5412,Yield,2006,2006,kg/ha,2481.9,A,,Turkiye
223,'792,TÃ¼rkiye,260,'01450,Olives,5412,Yield,2007,2007,kg/ha,1428.8,A,,Turkiye
223,'792,TÃ¼rkiye,260,'01450,Olives,5412,Yield,2008,2008,kg/ha,1890.9,A,,Turkiye
223,'792,TÃ¼rkiye,260,'01450,Olives,5412,Yield,2009,2009,kg/ha,1658.1,A,,Turkiye
223,'792,TÃ¼rkiye,260,'01450,Olives,5412,Yield,2010,2010,kg/ha,1804.8,A,,Turkiye
223,'792,TÃ¼rkiye,260,'01450,Olives,5412,Yield,2011,2011,kg/ha,2191.6,A,,Turkiye
223,'792,TÃ¼rkiye,260,'01450,Olives,5412,Yield,2012,2012,kg/ha,2236.5,A,,Turkiye
223,'792,TÃ¼rkiye,260,'01450,Olives,5412,Yield,2013,2013,kg/ha,2029.5,A,,Turkiye
223,'792,TÃ¼rkiye,260,'01450,Olives,5412,Yield,2014,2014,kg/ha,2140.2,A,,Turkiye
223,'792,TÃ¼rkiye,260,'01450,Olives,5412,Yield,2015,2015,kg/ha,2031.2,A,,Turkiye
223,'792,TÃ¼rkiye,260,'01450,Olives,5412,Yield,2016,2016,kg/ha,2046.0,A,,Turkiye
223,'792,TÃ¼rkiye,260,'01450,Olives,5412,Yield,2017,2017,kg/ha,2482.1,A,,Turkiye
223,'792,TÃ¼rkiye,260,'01450,Olives,5412,Yield,2018,2018,kg/ha,1735.8,A,,Turkiye
223,'792,TÃ¼rkiye,260,'01450,Olives,5412,Yield,2019,2019,kg/ha,1734.6,A,,Turkiye
223,'792,TÃ¼rkiye,260,'01450,Olives,5412,Yield,2020,2020,kg/ha,1484.2,A,,Turkiye
223,'792,TÃ¼rkiye,260,'01450,Olives,5412,Yield,2021,2021,kg/ha,1955.4,A,,Turkiye
223,'792,TÃ¼rkiye,260,'01450,Olives,5412,Yield,2022,2022,kg/ha,3302.5,A,,Turkiye
223,'792,TÃ¼rkiye,260,'01450,Olives,5412,Yield,2023,2023,kg/ha,1683.2,A,,Turkiye
223,'792,TÃ¼rkiye,260,'01450,Olives,5412,Yield,2024,2024,kg/ha,4105.9,A,,Turkiye
223,'792,TÃ¼rkiye,260,'01450,Olives,5510,Production,1961,1961,t,689324.0,A,,Turkiye
223,'792,TÃ¼rkiye,260,'01450,Olives,5510,Production,1962,1962,t,290190.0,A,,Turkiye
223,'792,TÃ¼rkiye,260,'01450,Olives,5510,Production,1963,1963,t,618857.0,A,,Turkiye
223,'792,TÃ¼rkiye,260,'01450,Olives,5510,Production,1964,1964,t,694486.0,A,,Turkiye
223,'792,TÃ¼rkiye,260,'01450,Olives,5510,Production,1965,1965,t,394146.0,A,,Turkiye
223,'792,TÃ¼rkiye,260,'01450,Olives,5510,Production,1966,1966,t,840600.0,A,,Turkiye
223,'792,TÃ¼rkiye,260,'01450,Olives,5510,Production,1967,1967,t,495000.0,A,,Turkiye
223,'792,TÃ¼rkiye,260,'01450,Olives,5510,Production,1968,1968,t,822000.0,A,,Turkiye
223,'792,TÃ¼rkiye,260,'01450,Olives,5510,Production,1969,1969,t,307800.0,A,,Turkiye
223,'792,TÃ¼rkiye,260,'01450,Olives,5510,Production,1970,1970,t,681000.0,A,,Turkiye
223,'792,TÃ¼rkiye,260,'01450,Olives,5510,Production,1971,1971,t,326000.0,A,,Turkiye
223,'792,TÃ¼rkiye,260,'01450,Olives,5510,Production,1972,1972,t,1019000.0,A,,Turkiye
223,'792,TÃ¼rkiye,260,'01450,Olives,5510,Production,1973,1973,t,332500.0,A,,Turkiye
223,'792,TÃ¼rkiye,260,'01450,Olives,5510,Production,1974,1974,t,840000.0,A,,Turkiye
223,'792,TÃ¼rkiye,260,'01450,Olives,5510,Production,1975,1975,t,561000.0,A,,Turkiye
223,'792,TÃ¼rkiye,260,'01450,Olives,5510,Production,1976,1976,t,1097000.0,A,,Turkiye
223,'792,TÃ¼rkiye,260,'01450,Olives,5510,Production,1977,1977,t,400000.0,A,,Turkiye
223,'792,TÃ¼rkiye,260,'01450,Olives,5510,Production,1978,1978,t,1100000.0,A,,Turkiye
223,'792,TÃ¼rkiye,260,'01450,Olives,5510,Production,1979,1979,t,430000.0,A,,Turkiye
223,'792,TÃ¼rkiye,260,'01450,Olives,5510,Production,1980,1980,t,1350000.0,A,,Turkiye
223,'792,TÃ¼rkiye,260,'01450,Olives,5510,Production,1981,1981,t,400000.0,A,,Turkiye
223,'792,TÃ¼rkiye,260,'01450,Olives,5510,Production,1982,1982,t,1320000.0,A,,Turkiye
223,'792,TÃ¼rkiye,260,'01450,Olives,5510,Production,1983,1983,t,400000.0,A,,Turkiye
223,'792,TÃ¼rkiye,260,'01450,Olives,5510,Production,1984,1984,t,800000.0,A,,Turkiye
223,'792,TÃ¼rkiye,260,'01450,Olives,5510,Production,1985,1985,t,600000.0,A,,Turkiye
223,'792,TÃ¼rkiye,260,'01450,Olives,5510,Production,1986,1986,t,1010000.0,A,,Turkiye
223,'792,TÃ¼rkiye,260,'01450,Olives,5510,Production,1987,1987,t,600000.0,A,,Turkiye
223,'792,TÃ¼rkiye,260,'01450,Olives,5510,Production,1988,1988,t,1100000.0,A,,Turkiye
223,'792,TÃ¼rkiye,260,'01450,Olives,5510,Production,1989,1989,t,500000.0,A,,Turkiye
223,'792,TÃ¼rkiye,260,'01450,Olives,5510,Production,1990,1990,t,1100000.0,A,,Turkiye
223,'792,TÃ¼rkiye,260,'01450,Olives,5510,Production,1991,1991,t,640000.0,A,,Turkiye
223,'792,TÃ¼rkiye,260,'01450,Olives,5510,Production,1992,1992,t,750000.0,A,,Turkiye
223,'792,TÃ¼rkiye,260,'01450,Olives,5510,Production,1993,1993,t,550000.0,A,,Turkiye
223,'792,TÃ¼rkiye,260,'01450,Olives,5510,Production,1994,1994,t,1400000.0,A,,Turkiye
223,'792,TÃ¼rkiye,260,'01450,Olives,5510,Production,1995,1995,t,515000.0,A,,Turkiye
223,'792,TÃ¼rkiye,260,'01450,Olives,5510,Production,1996,1996,t,1800000.0,A,,Turkiye
223,'792,TÃ¼rkiye,260,'01450,Olives,5510,Production,1997,1997,t,510000.0,A,,Turkiye
223,'792,TÃ¼rkiye,260,'01450,Olives,5510,Production,1998,1998,t,1650000.0,A,,Turkiye
223,'792,TÃ¼rkiye,260,'01450,Olives,5510,Production,1999,1999,t,600000.0,A,,Turkiye
223,'792,TÃ¼rkiye,260,'01450,Olives,5510,Production,2000,2000,t,1800000.0,A,,Turkiye
223,'792,TÃ¼rkiye,260,'01450,Olives,5510,Production,2001,2001,t,600000.0,A,,Turkiye
223,'792,TÃ¼rkiye,260,'01450,Olives,5510,Production,2002,2002,t,1800000.0,A,,Turkiye
223,'792,TÃ¼rkiye,260,'01450,Olives,5510,Production,2003,2003,t,850000.0,A,,Turkiye
223,'792,TÃ¼rkiye,260,'01450,Olives,5510,Production,2004,2004,t,1600000.0,A,,Turkiye
223,'792,TÃ¼rkiye,260,'01450,Olives,5510,Production,2005,2005,t,1200000.0,A,,Turkiye
223,'792,TÃ¼rkiye,260,'01450,Olives,5510,Production,2006,2006,t,1766749.0,A,,Turkiye
223,'792,TÃ¼rkiye,260,'01450,Olives,5510,Production,2007,2007,t,1075854.0,A,,Turkiye
223,'792,TÃ¼rkiye,260,'01450,Olives,5510,Production,2008,2008,t,1464248.0,A,,Turkiye
223,'792,TÃ¼rkiye,260,'01450,Olives,5510,Production,2009,2009,t,1290654.0,A,,Turkiye
223,'792,TÃ¼rkiye,260,'01450,Olives,5510,Production,2010,2010,t,1415000.0,A,,Turkiye
223,'792,TÃ¼rkiye,260,'01450,Olives,5510,Production,2011,2011,t,1750000.0,A,,Turkiye
223,'792,TÃ¼rkiye,260,'01450,Olives,5510,Production,2012,2012,t,1820000.0,A,,Turkiye
223,'792,TÃ¼rkiye,260,'01450,Olives,5510,Production,2013,2013,t,1676000.0,A,,Turkiye
223,'792,TÃ¼rkiye,260,'01450,Olives,5510,Production,2014,2014,t,1768000.0,A,,Turkiye
223,'792,TÃ¼rkiye,260,'01450,Olives,5510,Production,2015,2015,t,1700000.0,A,,Turkiye
223,'792,TÃ¼rkiye,260,'01450,Olives,5510,Production,2016,2016,t,1730000.0,A,,Turkiye
223,'792,TÃ¼rkiye,260,'01450,Olives,5510,Production,2017,2017,t,2100000.0,A,,Turkiye
223,'792,TÃ¼rkiye,260,'01450,Olives,5510,Production,2018,2018,t,1500467.0,A,,Turkiye
223,'792,TÃ¼rkiye,260,'01450,Olives,5510,Production,2019,2019,t,1525000.0,A,,Turkiye
223,'792,TÃ¼rkiye,260,'01450,Olives,5510,Production,2020,2020,t,1316626.0,A,,Turkiye
223,'792,TÃ¼rkiye,260,'01450,Olives,5510,Production,2021,2021,t,1738680.0,A,,Turkiye
223,'792,TÃ¼rkiye,260,'01450,Olives,5510,Production,2022,2022,t,2976000.0,A,,Turkiye
223,'792,TÃ¼rkiye,260,'01450,Olives,5510,Production,2023,2023,t,1520000.0,A,,Turkiye
223,'792,TÃ¼rkiye,260,'01450,Olives,5510,Production,2024,2024,t,3750000.0,A,,Turkiye
