Country,Year,Month,Mean_Temperature_C,Mean_Dewpoint_C,Mean_Wind_Speed_m_s,Total_Precipitation_mm,Mean_Solar_Radiation_MJ_m2,Mean_Soil_Moisture_0_7cm,Mean_Soil_Moisture_7_28cm,Mean_Soil_Moisture_28_100cm,Mean_Soil_Temperature_7_28cm_C,Mean_Soil_Temperature_28_100cm_C
Algeria,1985,1,6.3795166,2.4095764,2.8660657,68.8577835559845,230.16075611114502,0.33317104,0.32791728,0.28008565,6.634796,8.280487
Algeria,1985,2,11.320221,5.452301,2.753909,34.457561016082764,314.6098442077637,0.28217876,0.2989149,0.2798414,10.104828,10.044647
Algeria,1985,3,9.016632,4.5865784,2.864231,115.41357803344727,390.83262062072754,0.3139973,0.31807423,0.29255137,9.317474,9.641235
Algeria,1985,4,14.399078,7.084015,2.7888348,41.04856252670288,546.2604331970215,0.24696958,0.2812925,0.287363,13.78421,12.473145
Algeria,1985,5,16.397827,10.220306,2.5869749,76.81062150001526,546.999921798706,0.275779,0.2910366,0.2751166,15.924072,14.566101
Algeria,1985,6,23.863464,13.6441345,2.3618343,12.422068119049072,643.5819053649902,0.16422124,0.21859497,0.24832413,23.014648,20.11026
Algeria,1985,7,27.458374,13.505554,2.1952443,6.540676042437553,664.1587753295898,0.12509234,0.17715208,0.21734455,26.793365,24.202393
Algeria,1985,8,25.894226,13.344025,2.213997,4.299222156405449,605.019437789917,0.113544665,0.1674771,0.20143364,26.441376,25.4039
Algeria,1985,9,22.056274,12.967102,1.9292672,37.96127200126648,466.45666122436523,0.15692303,0.17321673,0.19037932,22.960846,23.4169
Algeria,1985,10,17.387848,10.542847,1.9660987,34.80677020549774,372.54273414611816,0.18844493,0.19930486,0.18040344,18.393799,20.073242
Algeria,1985,11,13.332581,8.03952,2.6885657,72.40232706069946,244.6658420562744,0.25960776,0.24356815,0.18031798,13.942749,16.263763
Algeria,1985,12,9.238892,5.083679,2.5355392,37.12205624580383,212.45911741256714,0.28232875,0.27674586,0.20822667,9.27356,11.515106
Algeria,1986,1,7.554474,3.4509583,3.2506406,73.22093534469604,235.26388502120972,0.30478522,0.29664233,0.2314568,7.8423157,9.670837
Algeria,1986,2,8.662476,3.7781982,3.417896,58.93610858917236,281.46588134765625,0.3248991,0.32307476,0.2692777,7.9620056,8.509064
Algeria,1986,3,10.184509,5.560486,2.6078923,99.5030906200409,411.4097480773926,0.32242924,0.33049104,0.2907445,10.289154,10.384949
Algeria,1986,4,12.436737,5.718689,3.0379972,42.493886947631836,515.7521438598633,0.25329718,0.27968115,0.28472853,12.355743,11.705872
Algeria,1986,5,20.064362,10.703613,2.337688,27.716534912586212,631.136604309082,0.1778616,0.22561382,0.25891703,19.033417,16.319153
Algeria,1986,6,22.134644,12.083374,2.2667022,21.69468641281128,632.4139595031738,0.17602584,0.20844848,0.23034152,21.509888,19.355377
Algeria,1986,7,25.329102,12.587128,2.3530312,12.382022559642792,650.5077610015869,0.13301335,0.1767867,0.20811541,25.080933,23.126495
Algeria,1986,8,27.3331,13.755005,2.1471188,9.395618349313736,593.9039421081543,0.122820444,0.16791561,0.19845057,27.132233,25.471832
Algeria,1986,9,22.49649,13.300232,2.1726065,37.35159873962402,456.4775562286377,0.14976254,0.16723873,0.18770795,23.54773,23.950745
Algeria,1986,10,17.772064,12.4782715,2.1413732,60.97787606716156,341.2730522155762,0.24590088,0.22720267,0.18516761,18.640015,20.395538
Algeria,1986,11,11.763947,7.1622314,2.365974,53.251333236694336,246.31007194519043,0.2591189,0.25952846,0.19687411,12.662476,15.14682
Algeria,1986,12,7.965088,4.596161,2.5210104,71.35255575180054,201.36113834381104,0.3098948,0.30012566,0.22819883,8.735962,11.328888
Algeria,1987,1,7.2662964,2.3735657,3.0865834,63.79139518737793,243.5357027053833,0.31631878,0.3150316,0.26816988,6.956604,8.479187
Algeria,1987,2,8.727875,4.8645325,3.217577,105.5395450592041,256.9844398498535,0.34611022,0.3421452,0.29503614,8.485992,9.195068
Algeria,1987,3,10.6527405,5.8789673,2.6260564,46.0749671459198,421.9586515426636,0.28901637,0.30957562,0.30456007,10.567657,10.345886
Algeria,1987,4,15.53241,7.835022,2.4861557,24.73347008228302,548.4068298339844,0.2364222,0.274299,0.28480163,14.495514,12.720123
Algeria,1987,5,16.979889,9.381592,2.4248912,41.349546670913696,588.6590690612793,0.19308405,0.22655931,0.26266083,17.327576,16.12436
Algeria,1987,6,22.994202,12.591248,2.4846935,8.760249316692352,635.8021545410156,0.15452911,0.20266771,0.23634642,22.373627,19.8638
Algeria,1987,7,26.057281,15.603485,2.2352376,22.64985090494156,617.3426189422607,0.14909126,0.18316281,0.2173028,25.733765,23.489594
Algeria,1987,8,27.686005,13.15686,2.3108203,8.54321801662445,590.1328887939453,0.11848164,0.16583599,0.19830135,27.219727,25.55484
Algeria,1987,9,24.80603,12.872162,2.0845613,18.764825463294983,481.5193748474121,0.12608752,0.16125083,0.18636806,25.36023,25.05655
Algeria,1987,10,19.88565,10.734802,2.5064478,28.892187893390656,371.33581733703613,0.18515702,0.194565,0.1812913,20.295227,21.704193
Algeria,1987,11,12.012939,6.447296,2.8613305,55.606666803359985,256.3901424407959,0.23088476,0.21955444,0.18407135,13.626587,16.930756
Algeria,1987,12,11.018982,6.6125793,2.3101246,27.296337604522705,226.00342082977295,0.25554803,0.25431627,0.20251206,10.918579,12.869904
Algeria,1988,1,9.667175,4.7723694,3.0587003,41.666194558143616,234.0346622467041,0.27595899,0.27210173,0.21866904,9.174652,10.622498
Algeria,1988,2,8.661591,3.5597534,2.5122287,37.091232895851135,313.6028232574463,0.25711828,0.26532176,0.22833677,9.184662,10.409637
Algeria,1988,3,10.786621,3.9091187,3.033229,46.874545097351074,456.08252143859863,0.2553243,0.27128857,0.23699726,10.278198,10.061768
Algeria,1988,4,14.743866,7.689728,2.492546,46.85542345046997,520.9817504882812,0.20207131,0.22299789,0.22774825,14.748535,13.697327
Algeria,1988,5,18.793915,10.647827,2.4567134,52.901679039001465,581.450029373169,0.22233105,0.23737447,0.21848567,18.142273,16.36441
Algeria,1988,6,21.868042,13.295288,2.5247056,54.96649503707886,607.8497886657715,0.20029189,0.2266675,0.20875989,21.710083,19.777618
Algeria,1988,7,27.028137,14.202362,2.265336,4.706513434648514,663.6327743530273,0.13227083,0.18599598,0.19523485,26.37024,23.740692
Algeria,1988,8,27.201721,14.21051,2.1679566,5.607237353920937,600.7514152526855,0.11840126,0.1665005,0.18671781,27.25998,25.839447
Algeria,1988,9,21.605682,11.996887,2.2185035,28.401970267295837,475.6087017059326,0.14828858,0.17251311,0.1768365,22.940308,23.752594
Algeria,1988,10,19.304535,10.084747,2.1824589,22.937086403369904,370.9252634048462,0.1631566,0.17766774,0.16705808,19.722656,20.948975
Algeria,1988,11,13.182526,8.151093,2.2895803,45.3020453453064,243.78559112548828,0.21084642,0.20753093,0.17262027,14.442749,17.016052
Algeria,1988,12,7.5698547,4.141968,2.6671507,79.29999828338623,210.27637004852295,0.30991215,0.29650941,0.21203922,8.355591,11.190826
Algeria,1989,1,7.2479553,2.734497,1.9906274,22.126405358314514,265.4479064941406,0.25998613,0.27424482,0.23934308,7.157776,8.877441
Algeria,1989,2,9.089722,3.2009277,2.7812033,31.343624591827393,309.3315124511719,0.24672468,0.26201022,0.2381738,8.438934,8.857849
Algeria,1989,3,12.318848,5.6015625,2.6977055,45.346826672554016,470.0101652145386,0.22956811,0.2540106,0.23456791,11.879486,11.348389
Algeria,1989,4,13.189301,6.2994385,3.3690984,70.75818300247192,518.3890914916992,0.2534742,0.26233348,0.23508298,13.407623,12.800964
Algeria,1989,5,18.020447,9.494446,2.414943,22.599727153778076,629.5688896179199,0.191104,0.22949308,0.23229432,17.465302,15.536896
Algeria,1989,6,21.430939,12.510559,2.118502,43.04082155227661,618.7544059753418,0.20634003,0.23118268,0.22541979,20.92633,18.924438
Algeria,1989,7,26.572876,13.1050415,2.2926624,8.172843277454376,652.237958908081,0.132725,0.18484995,0.20673679,26.079987,23.609283
Algeria,1989,8,27.168274,15.054657,2.0356326,36.20122563838959,563.707311630249,0.13367416,0.16896062,0.19008544,27.235504,25.711395
Algeria,1989,9,22.290924,14.847534,2.180704,32.84832000732422,453.82384300231934,0.18996695,0.20926975,0.1837427,23.014618,23.480286
Algeria,1989,10,17.858948,11.374908,2.1563687,17.906422317028046,382.89556980133057,0.17308928,0.20000264,0.18436812,18.769531,20.133698
Algeria,1989,11,14.226868,7.9339905,2.4591782,37.419859170913696,270.68859100341797,0.19801342,0.20241122,0.18667874,14.697113,16.742401
Algeria,1989,12,12.004272,6.7974243,2.4799118,23.093610644340515,223.7867341041565,0.22237909,0.22777294,0.19144745,11.944,13.951996
Algeria,1990,1,8.161407,5.0008545,2.4452035,59.49592995643616,220.05149745941162,0.2977582,0.27884036,0.20906565,8.607422,10.542572
Algeria,1990,2,11.886719,4.7884827,2.3415906,1.9120345413684845,352.6808090209961,0.20699555,0.24455747,0.21772273,10.852631,10.990784
Algeria,1990,3,12.379303,5.994629,2.397173,46.11338543891907,425.04512310028076,0.19999412,0.21305367,0.21007934,12.664734,12.640381
Algeria,1990,4,13.036438,7.3005066,2.7431965,68.72119188308716,498.53919982910156,0.25757116,0.25435814,0.21302098,13.287689,12.860931
Algeria,1990,5,17.835175,11.87854,2.2444818,83.44825005531311,556.7217750549316,0.27241448,0.28452083,0.23451748,17.40216,15.877441
Algeria,1990,6,24.278564,13.288422,2.2584796,18.173160552978516,633.1475257873535,0.16624534,0.21289274,0.22043027,23.384949,20.55127
Algeria,1990,7,25.448517,13.695557,2.3098366,15.914683640003204,651.6793193817139,0.13643116,0.18183102,0.20544246,25.603088,23.805206
Algeria,1990,8,25.024658,14.665985,2.048522,20.795580685138702,588.6078052520752,0.14975248,0.18524054,0.19534071,25.635956,24.631104
Algeria,1990,9,25.284515,14.496826,2.1476882,16.758041381835938,466.0784912109375,0.1441217,0.17062467,0.18387143,25.492249,24.979675
Algeria,1990,10,18.97232,11.169159,2.4764872,25.36132651567459,372.91112995147705,0.16712901,0.1772263,0.18077067,20.016205,21.657898
Algeria,1990,11,12.305023,8.024048,2.709038,77.69463300704956,236.5709638595581,0.25550175,0.23991942,0.18966487,13.796295,16.633331
Algeria,1990,12,7.138092,3.5919495,2.890584,80.36579918861389,205.69507360458374,0.30814323,0.29797924,0.22717649,7.859314,10.62088
Algeria,1991,1,7.0950317,3.012146,2.1915483,41.56955015659332,254.44153118133545,0.29172805,0.29595265,0.2572784,7.2545776,9.12262
Algeria,1991,2,7.417053,3.417328,2.6470988,66.52731037139893,263.67594146728516,0.32360494,0.3183354,0.271962,7.3573303,8.219452
Algeria,1991,3,11.601685,6.2627563,3.368261,103.67055892944336,390.58020401000977,0.3164958,0.3253797,0.28860775,10.911499,10.44165
Algeria,1991,4,11.597778,6.0616455,2.8132906,44.1370153427124,500.26662826538086,0.2823033,0.30293554,0.29306895,11.799072,11.471649
Algeria,1991,5,14.660522,7.380829,2.5916526,39.111695885658264,611.5429496765137,0.21261151,0.24756831,0.26801032,14.482941,13.032593
Algeria,1991,6,22.133942,12.205841,2.4065366,11.24774158000946,639.0245819091797,0.17232847,0.2192106,0.24800234,21.445984,18.75653
Algeria,1991,7,26.417694,13.271301,2.2147632,4.989546701312065,656.6345844268799,0.1255156,0.18142073,0.2267374,25.732697,23.054016
Algeria,1991,8,26.672913,13.226074,2.1137924,16.69565111398697,598.5850315093994,0.129869,0.1726585,0.20609887,26.254517,24.626373
Algeria,1991,9,23.27945,14.441589,2.1637607,33.062095642089844,460.294189453125,0.15881523,0.16905212,0.18432386,24.34851,24.423462
Algeria,1991,10,16.56186,10.782837,2.4306083,80.3267822265625,326.2530813217163,0.25537807,0.23517533,0.18706512,17.686096,19.79892
Algeria,1991,11,11.307678,6.0057373,2.540555,31.02946400642395,261.9550609588623,0.24424699,0.25648785,0.2024465,11.956909,14.578827
Algeria,1991,12,7.476349,3.4221802,2.3507695,20.266281485557556,220.23673009872437,0.26331836,0.26482072,0.21674243,8.070831,10.581207
Algeria,1992,1,6.564087,2.4439392,2.1754568,68.42858219146729,238.82654237747192,0.25588426,0.2642812,0.22683328,6.498993,8.130096
Algeria,1992,2,8.20401,3.2542114,2.1186857,31.311434626579285,320.82262229919434,0.2810264,0.29450107,0.25532117,7.74942,8.343994
Algeria,1992,3,10.12323,5.3616333,2.8164842,69.67147088050842,404.6698579788208,0.28555742,0.2952859,0.26502922,9.964722,9.834473
Algeria,1992,4,12.779846,6.7207336,3.1033711,82.62198686599731,513.8792037963867,0.28247017,0.3015373,0.27876544,12.210754,11.014191
Algeria,1992,5,17.40213,10.328918,2.350969,78.31312561035156,589.0876865386963,0.25643864,0.28368747,0.27454075,16.34668,14.6927185
Algeria,1992,6,19.734161,11.015961,2.6943119,27.705448865890503,602.0787620544434,0.19650073,0.23444013,0.2517041,19.347229,17.677307
Algeria,1992,7,24.007843,14.286163,2.1401024,23.477640211582184,634.0918712615967,0.16006361,0.19665009,0.22730902,23.50055,21.213776
Algeria,1992,8,26.292847,13.020355,2.066369,2.9512878358364105,607.7530937194824,0.12136247,0.17444202,0.21185666,26.031158,24.269196
Algeria,1992,9,23.193817,13.030518,2.0791204,13.828761577606201,477.1574306488037,0.13092664,0.16406018,0.19553714,23.742249,23.57019
Algeria,1992,10,17.049377,9.655914,2.6283283,43.834717988967896,354.93867111206055,0.1954989,0.1982965,0.18642697,17.819489,19.516357
Algeria,1992,11,12.898376,7.79068,2.3930893,48.04514408111572,258.5291290283203,0.25225374,0.24903819,0.20008703,13.1328125,15.466766
Algeria,1992,12,9.0972595,4.5660095,2.8711736,61.221142649650574,214.3176817893982,0.258325,0.26115417,0.21474656,9.356018,11.600708
Algeria,1993,1,6.925293,1.5859375,1.99461,18.16154032945633,281.5456590652466,0.26263753,0.2821417,0.24883677,6.692566,8.57785
Algeria,1993,2,7.4351196,3.375763,2.4071233,46.4142165184021,280.67456817626953,0.26332203,0.2656099,0.25209248,7.789337,8.732086
Algeria,1993,3,10.34436,4.3647156,2.6515603,37.48568117618561,457.15690326690674,0.26342726,0.27657923,0.25309137,9.756226,9.285431
Algeria,1993,4,13.614227,6.027527,2.643651,44.981088638305664,534.9592208862305,0.21449041,0.23695977,0.23951961,13.3559265,12.366364
Algeria,1993,5,18.285492,9.942902,2.636936,38.81335175037384,616.3248519897461,0.21857202,0.24985754,0.23915721,17.296814,15.138733
Algeria,1993,6,23.556396,13.03949,2.4341986,7.18596026301384,645.1217651367188,0.13738166,0.19366625,0.22804831,23.056,20.390656
Algeria,1993,7,26.340363,13.285065,2.5222528,3.466930590569973,661.615156173706,0.11798835,0.17240565,0.2103134,26.01233,23.842163
Algeria,1993,8,26.95169,13.792694,2.2130404,8.704092770814896,590.2062664031982,0.12156204,0.16550677,0.19620217,27.015839,25.631012
Algeria,1993,9,21.654205,12.108978,2.5296876,37.250518798828125,468.193416595459,0.16584715,0.17307144,0.18636636,22.651733,23.405975
Algeria,1993,10,17.914581,9.544128,2.6390233,28.90899497270584,362.1818571090698,0.17817101,0.19411655,0.17639305,18.46054,19.808624
Algeria,1993,11,12.151611,7.7786255,2.4424028,47.06600546836853,233.47051620483398,0.24362023,0.23537983,0.18399428,13.10202,15.697327
Algeria,1993,12,9.143463,5.241638,2.5042744,49.33840084075928,219.8628945350647,0.2725816,0.27318957,0.20868427,9.22464,11.480652
Algeria,1994,1,8.407349,4.410553,3.032056,52.873767018318176,235.8630862236023,0.29031834,0.28957573,0.22951384,8.419281,10.020966
Algeria,1994,2,9.348175,3.342163,3.1954002,51.72714185714722,313.907958984375,0.28360382,0.2932681,0.24651335,8.551788,9.021027
Algeria,1994,3,12.831482,6.31958,2.2483215,14.587460219860077,478.4465208053589,0.20923264,0.2432662,0.24156474,12.338104,11.64679
Algeria,1994,4,12.379028,4.8499146,3.061329,41.14964246749878,537.586727142334,0.20654088,0.21999367,0.2240583,12.810181,12.555664
Algeria,1994,5,20.719421,8.91864,2.5928931,12.996712476015091,651.8151950836182,0.15253778,0.19018698,0.20834665,19.259186,16.446442
Algeria,1994,6,23.577118,10.533447,2.6475475,5.783623158931732,665.7773208618164,0.12560193,0.16919112,0.1964092,23.651215,21.42398
Algeria,1994,7,27.874725,12.094757,2.1761386,3.0785479694604874,679.2042598724365,0.116684824,0.16378404,0.18949336,27.278534,24.77652
Algeria,1994,8,29.16623,13.588654,2.1874259,5.387533664703369,604.1674652099609,0.11670798,0.15870036,0.18137482,28.725891,26.933533
Algeria,1994,9,22.774445,13.361389,2.4550483,65.16074180603027,456.3500118255615,0.16684033,0.17531748,0.17090361,24.00354,24.833984
Algeria,1994,10,17.640686,13.130188,2.164938,67.10225677490234,331.72751808166504,0.28583077,0.27682418,0.19008172,18.28064,20.147583
Algeria,1994,11,13.671875,9.09259,2.0923152,27.143120169639587,274.8998737335205,0.24367847,0.25976896,0.2049056,14.174042,16.498016
Algeria,1994,12,9.226837,5.115326,2.3475676,30.41090226173401,233.9603681564331,0.22933854,0.2435587,0.2154777,9.572449,12.191925
Algeria,1995,1,7.5066223,3.7802734,3.058206,90.97518301010132,239.49986028671265,0.31289688,0.3087633,0.25729907,7.744934,9.332611
Algeria,1995,2,10.950684,5.6982727,2.6247663,27.728435039520264,321.7872314453125,0.23348205,0.2639999,0.26427117,10.360687,10.563446
Algeria,1995,3,10.554199,5.0871277,2.936177,70.54727935791016,441.0644130706787,0.29747772,0.3082835,0.27461034,10.432831,10.714783
Algeria,1995,4,12.8203125,4.9708557,2.6086626,28.946871757507324,556.1859512329102,0.19147474,0.22573924,0.25256854,12.819305,12.192291
Algeria,1995,5,19.5141,8.641449,2.6498234,5.493783563375473,656.1355457305908,0.1490706,0.19564983,0.2255956,18.6698,16.269592
Algeria,1995,6,22.583374,13.080322,2.3771124,24.671891927719116,604.8718070983887,0.15940088,0.18800521,0.21440014,22.126862,19.984253
Algeria,1995,7,26.645264,13.058258,2.402943,4.156355053186417,675.1146259307861,0.11468376,0.16314426,0.1884138,26.308289,23.781372
Algeria,1995,8,25.914185,13.901428,2.3052876,24.75774246454239,578.8297805786133,0.13345373,0.15721206,0.17009813,26.374908,25.448242
Algeria,1995,9,21.209167,12.490753,2.420746,47.176673412323,447.9240131378174,0.17250274,0.17414437,0.15787297,22.253265,23.006317
Algeria,1995,10,18.087189,11.3506775,1.8508897,31.175058960914612,366.92219257354736,0.20389351,0.205646,0.15613072,18.460663,19.644287
Algeria,1995,11,13.182922,6.282013,2.8062582,34.165263175964355,268.56648445129395,0.20060845,0.20421152,0.15981805,13.9470825,16.328217
Algeria,1995,12,11.019318,6.968872,2.8814743,49.46536302566528,212.95728397369385,0.26353812,0.24962384,0.17754287,10.7052,12.464111
Algeria,1996,1,10.28064,5.624939,3.0419893,65.52201437950134,238.37569284439087,0.30411145,0.28873304,0.20057298,10.076141,11.60849
Algeria,1996,2,7.841339,3.7250366,3.5322545,125.63095283508301,272.63981437683105,0.3387398,0.3302341,0.24975164,8.2092285,9.647827
Algeria,1996,3,11.076294,5.9610596,2.7129383,63.29886794090271,424.34915924072266,0.30988586,0.32471365,0.2884178,10.310669,9.946777
Algeria,1996,4,13.478485,7.6586914,2.8100328,83.84249210357666,480.5108642578125,0.25546017,0.2738284,0.27328825,13.360504,12.717804
Algeria,1996,5,17.190857,10.296448,2.4063337,57.00431001186371,614.1514320373535,0.26988307,0.29978034,0.28161255,16.451202,14.987579
Algeria,1996,6,21.19101,12.87558,2.225848,38.22588086128235,605.9127616882324,0.19595546,0.23031399,0.25029507,20.600128,18.721924
Algeria,1996,7,25.329865,12.876129,2.413607,13.458329737186432,648.3096256256104,0.13776447,0.1840814,0.2184085,24.664215,22.223846
Algeria,1996,8,26.223633,14.723724,2.3023157,18.318814754486084,570.8487682342529,0.123708464,0.16116321,0.1908926,26.457245,25.007904
Algeria,1996,9,20.427582,11.726501,2.6104605,31.985074281692505,456.058874130249,0.17131262,0.1746422,0.17375591,21.20465,22.044312
Algeria,1996,10,15.812286,8.525818,2.5088074,27.386980533599854,374.7711133956909,0.1616827,0.17359135,0.16330576,16.77475,18.421082
Algeria,1996,11,13.143524,5.511688,3.0418642,20.86223065853119,269.4407272338867,0.16074808,0.17390972,0.16418566,13.552307,15.605408
Algeria,1996,12,10.473297,4.9776306,3.2078364,41.65479028224945,222.1798768043518,0.2310299,0.20984413,0.17176968,10.269012,12.280457
Algeria,1997,1,9.573822,4.5715637,2.9649253,46.398821234703064,237.84964752197266,0.2669607,0.25014925,0.18608235,9.126251,10.422272
Algeria,1997,2,10.608276,4.7905884,2.1400712,15.819761276245117,334.63318634033203,0.23068464,0.2499043,0.197432,9.994232,10.41922
Algeria,1997,3,11.237122,3.5691528,2.3503177,12.708877384662628,496.05067253112793,0.16587347,0.1987558,0.19072448,11.444733,11.421112
Algeria,1997,4,14.054352,6.881073,2.5923388,72.6409363746643,501.6206359863281,0.22764166,0.214482,0.18470094,13.618103,12.872742
Algeria,1997,5,19.868988,10.061096,2.500396,24.94533282518387,628.3038501739502,0.17515704,0.20661303,0.17857735,18.961792,16.584045
Algeria,1997,6,24.686066,12.195648,2.6701338,13.855192959308624,646.03271484375,0.13727406,0.17844398,0.1785552,24.297363,21.860352
Algeria,1997,7,26.13028,13.092041,2.5868917,6.266046777367592,657.7897052764893,0.11936679,0.1598596,0.1672056,25.787231,23.646088
Algeria,1997,8,25.867432,14.613464,2.240312,27.205393493175507,568.2179355621338,0.1443027,0.15733069,0.15912087,26.147522,25.214172
Algeria,1997,9,22.19809,14.735168,2.0877554,58.1728720664978,427.7892780303955,0.1977901,0.18859813,0.1481364,22.728394,23.188751
Algeria,1997,10,18.254425,11.742401,2.3721693,45.164942145347595,350.21672439575195,0.19828998,0.20071545,0.14778465,19.15268,20.672577
Algeria,1997,11,12.862122,8.491516,3.1285522,93.14212560653687,232.98906326293945,0.29756948,0.27619368,0.1711121,13.256012,15.713348
Algeria,1997,12,9.784271,5.7164,2.9203699,53.16820502281189,217.6457347869873,0.30661526,0.30298227,0.21897386,9.948029,12.178619
Algeria,1998,1,8.670746,4.3988953,2.6574135,26.833821415901184,260.21887969970703,0.27390763,0.28341538,0.2405276,8.414001,10.046631
Algeria,1998,2,10.026367,5.474579,2.2817364,36.16383504867554,311.1214065551758,0.27160513,0.27669954,0.24640298,9.677063,10.248627
Algeria,1998,3,11.237335,4.468628,2.569378,29.978398978710175,469.7064256668091,0.22495587,0.25201485,0.24152134,10.972412,10.774841
Algeria,1998,4,14.6059265,6.9920654,3.1696594,66.22904777526855,524.0335464477539,0.2225069,0.23389931,0.22408561,14.227844,13.313507
Algeria,1998,5,17.109436,10.930878,2.5768175,98.30703115463257,547.030668258667,0.2660912,0.276552,0.22756849,16.47998,15.145233
Algeria,1998,6,24.15564,11.139557,2.4398696,14.05822366476059,647.6840972900391,0.16199559,0.20885651,0.20819204,22.810272,19.878845
Algeria,1998,7,27.343262,12.298065,2.4315727,1.3692438900470734,682.8457641601562,0.108940415,0.16128893,0.17970362,27.071167,24.544373
Algeria,1998,8,26.359772,14.370331,2.393572,15.737601399421692,581.7091865539551,0.12913053,0.15713301,0.17047438,26.557922,25.297089
Algeria,1998,9,23.51535,13.720154,2.582303,45.10308265686035,450.5961227416992,0.14998616,0.1609331,0.15445323,24.298065,24.595215
Algeria,1998,10,15.934143,8.866577,2.3500726,37.28833472728729,368.37735748291016,0.21208286,0.21913439,0.1576759,17.00534,19.21811
Algeria,1998,11,11.938232,6.623108,2.5050824,62.55068063735962,248.3825969696045,0.20059416,0.2114951,0.16291168,13.110352,15.709198
Algeria,1998,12,7.8279114,3.3814697,2.5214763,35.57768225669861,230.07760763168335,0.26991263,0.26936707,0.19585897,8.07486,10.70166
Algeria,1999,1,8.410767,4.3310547,2.761443,86.72683525085449,223.46148681640625,0.3110085,0.30087477,0.2233255,8.120087,9.488953
Algeria,1999,2,7.174774,2.866333,2.8596644,47.192261695861816,269.99288177490234,0.31410867,0.31789097,0.26032636,6.9906616,7.969391
Algeria,1999,3,11.4635315,5.6115723,2.860849,61.28822314739227,444.21545219421387,0.26588205,0.28183308,0.25588423,10.994598,10.66864
Algeria,1999,4,14.795502,6.4733887,2.6905959,15.234003067016602,580.630989074707,0.2025479,0.24381721,0.24126582,14.0364685,12.603088
Algeria,1999,5,21.599365,10.338379,2.6544542,22.270473957061768,637.5914688110352,0.15948306,0.20367807,0.22157486,20.23468,17.621552
Algeria,1999,6,24.899872,12.81015,2.4959097,11.939614713191986,633.5690116882324,0.12987116,0.17169565,0.20160456,24.396057,21.874268
Algeria,1999,7,26.704773,13.258148,2.4448519,6.321572870016098,665.0301418304443,0.11515846,0.15886372,0.18167993,26.612427,24.643158
Algeria,1999,8,29.036865,14.391602,2.338988,9.58500748872757,579.0002460479736,0.116623096,0.15358607,0.16721947,28.719543,26.770142
Algeria,1999,9,23.66922,13.830627,2.3492496,26.55348837375641,474.98640060424805,0.14490323,0.15415831,0.1552829,24.75357,25.196655
Algeria,1999,10,20.245178,11.508545,2.4157422,35.84585642814636,368.4811267852783,0.18921828,0.18461275,0.15003939,20.592194,21.888245
Algeria,1999,11,11.522369,6.565094,2.6309874,58.26669216156006,248.37329864501953,0.2181099,0.21081538,0.1549635,13.230011,16.755005
Algeria,1999,12,8.750793,4.9043274,3.042822,100.94017720222473,205.97610807418823,0.30556047,0.29327556,0.18889678,9.208862,11.775909
Algeria,2000,1,6.2582703,2.0281067,1.8953812,14.37886193394661,273.5740776062012,0.2897385,0.3003381,0.24983338,6.363434,8.610504
Algeria,2000,2,9.671814,3.3695984,2.3369102,10.254825949668884,351.29547214508057,0.21577173,0.2507635,0.24521726,9.03653,9.448639
Algeria,2000,3,12.458099,4.5123596,2.3646305,22.997265577316284,484.0805139541626,0.18761472,0.21813887,0.23393166,11.925995,11.295471
Algeria,2000,4,15.337433,5.607727,3.4146967,25.007665157318115,565.7306671142578,0.18070368,0.20025976,0.21807279,14.89743,13.752991
Algeria,2000,5,20.676758,11.723572,2.4462574,58.574644804000854,604.777250289917,0.1759717,0.19433501,0.20820616,19.934082,17.740906
Algeria,2000,6,23.419464,12.49762,2.4151814,14.77914422750473,645.8185958862305,0.15873928,0.19787577,0.20038313,22.83078,20.578186
Algeria,2000,7,27.496857,12.510254,2.5539386,2.3765177354216576,678.0036106109619,0.11325719,0.16707253,0.18734613,27.126984,24.788666
Algeria,2000,8,27.241516,11.194519,2.4025033,9.322984457015991,613.4070720672607,0.120902725,0.16042684,0.17788684,26.97882,25.603485
Algeria,2000,9,22.770996,12.441589,2.2800562,28.047319650650024,471.26938819885254,0.13169071,0.15573452,0.16928703,23.969269,24.599823
Algeria,2000,10,16.373108,10.588379,2.5182958,49.649948954582214,348.724515914917,0.22659676,0.21016487,0.16809006,17.173126,19.374542
Algeria,2000,11,12.893372,6.8078613,2.8425162,39.00401830673218,269.9367427825928,0.23190637,0.2364979,0.17554827,13.217499,15.584778
Algeria,2000,12,10.24884,4.7103577,2.9485512,37.201597929000854,241.5820755958557,0.24164835,0.2462869,0.1946003,10.047333,12.23999
Algeria,2001,1,8.904083,4.2406616,3.1732574,79.98221492767334,247.36826372146606,0.29754364,0.2880499,0.22208014,8.613251,10.197845
Algeria,2001,2,8.633881,3.2806091,2.791666,42.371644020080566,320.56285095214844,0.28412133,0.29495746,0.25551888,8.449738,9.423981
Algeria,2001,3,14.9783325,6.368988,2.9682946,17.89951914548874,473.42473697662354,0.21210222,0.24694526,0.24727441,13.577057,12.397064
Algeria,2001,4,14.084991,6.2794495,2.7292955,44.10651683807373,546.4536094665527,0.18947567,0.20839913,0.2241119,14.181671,13.551361
Algeria,2001,5,17.970215,9.754456,2.5993447,39.3803209066391,594.3155307769775,0.21123032,0.23158409,0.21121423,17.40564,15.799255
Algeria,2001,6,24.725159,10.417297,2.6155725,4.6708738803863525,678.0372047424316,0.120901175,0.17449616,0.19291693,23.992004,21.245178
Algeria,2001,7,27.34607,12.4357605,2.4028974,5.38993526995182,665.0674514770508,0.113979004,0.16335922,0.1843768,26.717468,24.409363
Algeria,2001,8,27.38559,14.317841,2.1775608,11.114527463912964,601.1146965026855,0.12075921,0.1619431,0.17799401,27.516357,26.15866
Algeria,2001,9,22.828339,15.200836,2.126433,48.660045862197876,458.4507179260254,0.17565516,0.17225225,0.1651494,23.850739,24.315704
Algeria,2001,10,21.280518,12.644409,2.0552475,13.737460106611252,385.94446563720703,0.16823487,0.18844269,0.15799297,21.516754,22.408539
Algeria,2001,11,12.007355,7.358917,2.4512458,60.24850130081177,243.1186294555664,0.23774575,0.2263848,0.16951305,13.462189,16.747223
Algeria,2001,12,8.069336,3.897705,2.2253444,33.23373031616211,213.39929389953613,0.25812572,0.2505217,0.18610623,8.507599,11.366669
Algeria,2002,1,8.048004,3.3263855,2.1120672,20.547062814235687,273.75663471221924,0.25691104,0.2612087,0.2001607,7.6084595,9.300995
Algeria,2002,2,10.001678,3.7827148,2.4625587,24.839101552963257,323.2158088684082,0.22305271,0.24029626,0.20632607,9.2508545,9.813599
Algeria,2002,3,12.656067,5.304291,2.7326899,34.566057205200195,458.2562370300293,0.20548752,0.22446468,0.20040801,12.090759,11.576141
Algeria,2002,4,14.642944,6.643738,2.9587085,41.74014687538147,538.747386932373,0.2105752,0.21457581,0.1906925,14.1189575,13.143341
Algeria,2002,5,19.207642,8.477936,2.8022199,29.560601890087128,637.7365684509277,0.16296872,0.1860718,0.17603567,18.587708,16.574951
Algeria,2002,6,25.072693,11.105652,2.5209901,9.013819992542267,649.6858406066895,0.1268875,0.1600944,0.1691883,24.218353,21.214325
Algeria,2002,7,26.081696,14.14386,2.3994381,17.66270673274994,649.2112655639648,0.13489363,0.1626045,0.1676575,26.188263,24.303894
Algeria,2002,8,25.378632,15.49408,2.219625,39.67986238002777,560.1280689239502,0.1618966,0.16853312,0.16140392,25.758514,24.962463
Algeria,2002,9,22.05951,13.114136,2.315763,18.581255078315735,470.9868335723877,0.14660631,0.17104158,0.14967762,22.828857,23.252045
Algeria,2002,10,18.646515,10.0216675,2.5031254,21.871285498142242,389.5315132141113,0.15764408,0.17561391,0.14390582,18.98413,20.206055
Algeria,2002,11,13.25058,7.827057,3.3336205,101.73216819763184,233.96976470947266,0.26425272,0.24128266,0.15694678,13.712341,16.242462
Algeria,2002,12,10.62558,6.62619,2.979282,62.910183906555176,219.23662757873535,0.30337274,0.29857326,0.20846526,10.335266,12.461517
Algeria,2003,1,8.079193,4.3790283,3.5265934,146.3266158103943,205.25468969345093,0.33148697,0.32350403,0.24500221,8.375275,10.333008
Algeria,2003,2,7.7314453,3.7896729,2.8396785,76.38081359863281,271.36169815063477,0.34397155,0.34295627,0.29275516,7.5768127,8.593018
Algeria,2003,3,11.970123,6.2000732,2.333531,27.875910222530365,445.0875873565674,0.2609003,0.29064897,0.2853009,11.190765,10.806152
Algeria,2003,4,14.776215,8.733765,2.8021724,90.09143114089966,512.6645278930664,0.28597733,0.30063534,0.27976888,13.870728,12.684357
Algeria,2003,5,18.673126,10.934387,2.4745915,43.389005184173584,607.575532913208,0.21238132,0.24614401,0.25556174,18.288208,16.755096
Algeria,2003,6,25.773193,13.452484,2.2291293,12.397378385066986,647.9227066040039,0.15059936,0.19382082,0.21632206,24.296082,21.075867
Algeria,2003,7,29.08435,14.242889,2.301569,7.7778584361076355,655.6295299530029,0.11927407,0.16077165,0.18999952,28.395538,25.727722
Algeria,2003,8,28.097595,14.504303,2.2045274,11.924607992172241,578.7815914154053,0.12324908,0.15516853,0.17534558,27.904541,26.558594
Algeria,2003,9,22.486847,14.523376,2.2787185,39.82427716255188,444.90797996520996,0.16508237,0.16570832,0.16718274,23.627563,24.6026
Algeria,2003,10,19.101562,12.8078,2.43736,66.5265884399414,331.44923305511475,0.22981487,0.21169531,0.16382502,19.692566,21.258545
Algeria,2003,11,13.138367,8.650055,2.5680718,49.86341714859009,244.0202808380127,0.26977357,0.260873,0.17819433,13.644196,16.231201
Algeria,2003,12,8.580505,4.793335,3.190316,106.9126844406128,205.75743865966797,0.3240717,0.314075,0.22370239,8.976959,11.74411
Algeria,2004,1,8.615723,5.011261,2.803359,50.97507333755493,243.68828201293945,0.31530273,0.31835738,0.27174193,8.200195,9.680634
Algeria,2004,2,10.479584,5.0119324,2.571488,24.865630209445953,333.65648078918457,0.26427934,0.28378752,0.2723043,9.760284,10.189178
Algeria,2004,3,11.707214,6.1636963,2.708372,50.80219101905823,442.69524669647217,0.25740418,0.27391466,0.2654819,11.379181,11.035889
Algeria,2004,4,13.392334,7.433838,2.977216,77.60255813598633,511.6611099243164,0.2712866,0.28322542,0.2592194,13.094757,12.639465
Algeria,2004,5,15.630402,10.094818,2.7797303,92.3183228969574,537.4920520782471,0.27324885,0.28092474,0.2564351,15.17511,14.215088
Algeria,2004,6,22.805145,13.380768,2.2111726,35.75116753578186,634.3893241882324,0.1970815,0.244165,0.24472591,21.305511,18.638123
Algeria,2004,7,26.460785,14.1753845,2.3217063,4.573550701141357,664.7630023956299,0.12163889,0.17477027,0.20612732,25.87149,23.447144
Algeria,2004,8,27.514496,15.49176,2.2600584,21.013782620429993,584.99001121521,0.12358727,0.15011975,0.17647882,27.029755,25.289734
Algeria,2004,9,22.804413,13.309998,2.335647,25.748046040534973,466.10724449157715,0.1549648,0.15899692,0.1554411,23.544403,24.104553
Algeria,2004,10,20.160675,10.081757,2.3265054,38.01858162879944,360.68822956085205,0.15149775,0.152135,0.14952403,20.197357,21.059296
Algeria,2004,11,11.044617,7.213043,2.2994199,79.59075450897217,236.21395111083984,0.28119448,0.26590085,0.17866005,11.854004,15.264496
Algeria,2004,12,8.950226,5.524811,2.8857048,94.79298424720764,198.60158443450928,0.30864504,0.2962968,0.2153175,9.435394,11.836121
Algeria,2005,1,5.7646484,1.7875977,2.5355487,43.69875359535217,268.7989158630371,0.30002764,0.30447942,0.25558648,6.0513306,8.26004
Algeria,2005,2,5.9952393,1.5984192,2.8675964,71.1847333908081,276.2082977294922,0.3189367,0.31695688,0.27340618,5.8995056,7.0321655
Algeria,2005,3,11.816071,6.017395,2.4940486,38.54382872581482,441.2877388000488,0.27584,0.30000192,0.28337547,10.487366,9.452576
Algeria,2005,4,14.660767,7.3955383,2.8968878,43.74605655670166,517.1953582763672,0.22082493,0.25574133,0.2668392,13.9263,12.626801
Algeria,2005,5,20.728607,9.629822,2.4804912,8.076798468828201,658.7003326416016,0.14029355,0.19086903,0.2345288,19.828125,17.360443
Algeria,2005,6,24.30606,13.005463,2.3279185,17.336055636405945,636.3176536560059,0.1381115,0.16625535,0.20902705,23.544891,20.91101
Algeria,2005,7,27.783142,14.0963745,2.3806262,6.616011336445808,668.0732135772705,0.11749866,0.15387829,0.18654089,27.15918,24.658905
Algeria,2005,8,25.76059,13.666016,2.3710299,16.51976990699768,590.3572196960449,0.12311463,0.14676778,0.16828322,26.14679,25.396118
Algeria,2005,9,21.707092,13.788483,2.1830804,36.67105436325073,452.7070999145508,0.16480215,0.15040135,0.14764361,22.381287,23.12024
Algeria,2005,10,18.517761,12.515564,2.0222976,44.45840919017792,358.95268058776855,0.19225016,0.17601551,0.14241323,18.73642,20.079437
Algeria,2005,11,12.117371,7.037689,2.489727,59.14126396179199,255.03172874450684,0.23227406,0.21353428,0.15099469,13.223846,16.261322
Algeria,2005,12,8.027649,4.5598145,2.51032,57.52535533905029,216.28903245925903,0.29147196,0.27720127,0.18539844,8.269928,10.874756
Algeria,2006,1,6.7077026,3.1910095,2.5547862,78.99145460128784,223.96003770828247,0.30483624,0.29464704,0.22225773,6.857727,8.679901
Algeria,2006,2,7.954315,3.9580688,2.7400348,70.74636554718018,279.91417694091797,0.32546932,0.32468677,0.2623486,7.6502075,8.621674
Algeria,2006,3,12.296082,5.870575,3.0999136,27.01480609178543,468.01516342163086,0.26633102,0.2923055,0.2683025,10.797791,9.94458
Algeria,2006,4,16.861542,8.408142,2.6877682,39.75892424583435,534.3098258972168,0.18432914,0.21556143,0.23979452,16.21231,14.691071
Algeria,2006,5,20.883728,13.215607,2.3695717,67.52035689353943,568.6033306121826,0.22927664,0.24932395,0.22661139,19.621033,17.374786
Algeria,2006,6,24.46225,10.635834,2.740822,11.821398138999939,630.9181594848633,0.1490354,0.18931226,0.20634145,23.37207,20.879852
Algeria,2006,7,27.46994,13.749115,2.1833143,9.048054933547974,657.6660690307617,0.12514986,0.1624022,0.18763694,27.125336,24.901184
Algeria,2006,8,26.022552,14.320099,2.3561673,8.071695923805237,606.1811809539795,0.118400335,0.14851065,0.16965504,26.513092,25.529663
Algeria,2006,9,22.096558,12.799255,2.2782376,28.649733066558838,471.07011795043945,0.15023498,0.15613806,0.16073452,22.94751,23.678162
Algeria,2006,10,20.231873,10.59314,2.315849,15.516396880149841,390.15557765960693,0.14429282,0.16172487,0.15786798,20.394867,21.241394
Algeria,2006,11,14.1094055,7.7974854,2.399722,24.172013998031616,262.1627712249756,0.17284214,0.17128527,0.1546629,14.66684,17.302246
Algeria,2006,12,9.560364,6.220825,2.3694897,83.4341332912445,197.50086116790771,0.27050713,0.24050774,0.16636449,10.290253,13.08429
Algeria,2007,1,9.213837,4.44281,2.1015656,20.37088042497635,270.74714756011963,0.24790151,0.25994015,0.1992295,8.558441,10.213867
Algeria,2007,2,10.696899,6.247162,2.995619,52.010436058044434,287.5290107727051,0.28563628,0.28039128,0.21081503,10.203125,10.796326
Algeria,2007,3,10.451752,5.420288,3.0836987,118.71962809562683,416.5132761001587,0.30161572,0.30303144,0.2377701,10.351959,10.850189
Algeria,2007,4,14.151154,9.702698,2.6077335,108.60558986663818,452.88296699523926,0.31780827,0.32146898,0.26892442,13.396912,12.401794
Algeria,2007,5,18.441925,10.117126,2.6243088,34.68161141872406,613.7973155975342,0.23487556,0.27331343,0.2690879,17.256958,15.644928
Algeria,2007,6,23.841248,12.469269,2.606814,12.665473222732544,644.4267654418945,0.13975388,0.18851964,0.22409396,22.856384,20.09439
Algeria,2007,7,27.025543,13.19046,2.3061972,3.5971916913986206,684.0543956756592,0.11358084,0.15961266,0.1959851,26.62262,24.256592
Algeria,2007,8,26.961243,14.147614,2.4185133,8.86016708612442,589.2894306182861,0.11586966,0.1474633,0.17712705,26.827515,25.363098
Algeria,2007,9,22.521973,14.216156,2.225967,43.34319233894348,458.8535499572754,0.16749613,0.16153808,0.16815461,23.496094,24.095612
Algeria,2007,10,17.717194,12.050415,2.3571734,66.10939002037048,338.5130844116211,0.20109783,0.2007264,0.1678701,18.746735,20.497162
Algeria,2007,11,11.321442,6.334015,2.3096151,50.98371863365173,257.6192378997803,0.26102743,0.25758532,0.19190569,11.928619,14.770203
Algeria,2007,12,8.364227,4.4223022,2.4673142,44.60517919063568,219.2794952392578,0.2624035,0.26453042,0.21176192,8.592804,11.088196
Algeria,2008,1,8.807526,4.510437,2.2269192,16.56389033794403,270.3472661972046,0.2667601,0.27505824,0.22567609,8.212341,9.716766
Algeria,2008,2,10.06308,4.7302856,2.2730234,24.148243367671967,325.23918056488037,0.23038568,0.24263594,0.22164328,9.177734,9.506226
Algeria,2008,3,11.425476,5.341736,3.1018581,54.209094643592834,448.4702892303467,0.2436182,0.24953087,0.2190679,11.064392,10.950073
Algeria,2008,4,15.284424,6.25589,2.928486,26.217716932296753,570.6502532958984,0.20527363,0.23297453,0.21477093,14.3420105,13.048798
Algeria,2008,5,18.692444,10.778351,2.7990446,72.27068495750427,570.4659748077393,0.21872485,0.21957615,0.19665952,17.953094,16.395721
Algeria,2008,6,22.769379,12.865784,2.3871174,18.60768735408783,638.9473342895508,0.16311477,0.19545344,0.17844212,21.868378,19.297333
Algeria,2008,7,27.750244,15.014496,2.3246596,11.819559127092361,653.0059108734131,0.125428,0.16018543,0.1650758,27.05722,24.327606
Algeria,2008,8,27.30304,15.277435,2.140422,14.53373521566391,601.856632232666,0.1267602,0.14925814,0.15297595,27.277405,25.806793
Algeria,2008,9,22.846222,13.705231,2.3104868,60.97522258758545,417.99116134643555,0.17035104,0.1537803,0.13923332,23.62561,24.229248
Algeria,2008,10,17.841187,12.746155,2.3139951,69.45116066932678,337.2674980163574,0.2579131,0.23372583,0.14137077,18.135864,19.842834
Algeria,2008,11,11.282196,6.324585,2.9367995,54.17325139045715,256.1158561706543,0.2730527,0.2654565,0.16294445,11.649445,14.64212
Algeria,2008,12,7.9976196,4.5637207,2.883731,65.27740263938904,208.6070590019226,0.30869615,0.2967207,0.20105259,8.135498,10.683807
Algeria,2009,1,8.394714,5.127777,3.3071866,109.76372385025024,214.83621788024902,0.34031823,0.32980525,0.24838588,7.963379,9.328125
Algeria,2009,2,8.217102,3.25885,3.160099,39.19155788421631,307.5019645690918,0.3074879,0.31877127,0.2772991,7.8159485,8.882538
Algeria,2009,3,11.226898,5.7777405,2.8902798,63.33067870140076,462.0232696533203,0.27643564,0.29432306,0.27415597,10.4010315,9.932587
Algeria,2009,4,12.352936,7.1864624,2.8807297,102.28054761886597,494.2398262023926,0.3065239,0.31332746,0.276408,11.83139,11.396454
Algeria,2009,5,19.570496,10.405945,2.648658,35.59854328632355,634.3985080718994,0.21653506,0.25995147,0.26516038,17.937164,15.544037
Algeria,2009,6,24.552277,11.940979,2.3482926,3.4192854166030884,674.7754669189453,0.12914075,0.18338987,0.22293387,23.557465,20.78238
Algeria,2009,7,28.869568,14.067902,2.2135096,6.118377387523651,664.0012588500977,0.116050586,0.15759887,0.19341493,27.807098,24.793945
Algeria,2009,8,27.072083,15.644989,2.2302973,13.140179634094238,582.0766067504883,0.12530552,0.1532562,0.1808575,27.237854,26.108398
Algeria,2009,9,21.517212,14.753021,2.151701,68.13097715377808,422.2215270996094,0.19060595,0.17580557,0.16533221,22.388306,23.443817
Algeria,2009,10,17.660217,11.2092285,2.3719404,29.255958795547485,375.3193759918213,0.2073023,0.22202286,0.16473123,17.976837,19.634918
Algeria,2009,11,13.613159,6.6380005,2.691698,36.284741163253784,275.98583221435547,0.20895675,0.22052982,0.17266604,13.598022,15.837067
Algeria,2009,12,11.083405,6.0937805,3.2475536,54.27362525463104,221.59486627578735,0.26452523,0.2530777,0.1879923,10.561584,12.501312
Algeria,2010,1,9.412872,4.934845,3.408811,59.24516153335571,235.44122409820557,0.27810666,0.269924,0.22266296,9.393219,11.265411
Algeria,2010,2,10.790283,5.4594116,3.472202,66.99766826629639,276.35521697998047,0.30376685,0.3015415,0.25342542,9.614532,10.165314
Algeria,2010,3,12.356079,6.5238953,2.7401187,67.70284008979797,427.2783508300781,0.2831488,0.30232185,0.27408996,11.745514,11.600128
Algeria,2010,4,15.308502,9.580048,2.4362843,49.238351583480835,488.4814453125,0.23317862,0.2548833,0.26007414,14.7829895,13.898407
Algeria,2010,5,16.987518,9.283356,2.7336733,57.71384370326996,579.1471786499023,0.22001842,0.23681723,0.23644981,16.503387,15.540894
Algeria,2010,6,22.592194,12.699646,2.4609563,21.31563663482666,641.8022918701172,0.16167633,0.19821705,0.20480852,21.754364,19.488861
Algeria,2010,7,27.522583,14.71579,2.2374597,5.89897395670414,665.9732303619385,0.12289826,0.16487065,0.18622978,26.68631,24.002777
Algeria,2010,8,26.805542,15.339996,2.195166,23.259137094020844,596.2279605865479,0.13803805,0.1633483,0.17491226,26.713593,25.278473
Algeria,2010,9,22.486694,13.581421,2.4034846,25.67078411579132,455.9977912902832,0.13866976,0.15251604,0.1591352,23.230682,23.8125
Algeria,2010,10,17.567871,9.728088,2.5923467,64.90432095527649,362.8536672592163,0.21726795,0.20182995,0.15573156,18.075623,20.084015
Algeria,2010,11,12.646301,7.827606,3.1808326,61.831791400909424,230.26705741882324,0.26587257,0.26032376,0.17825791,12.87027,15.137695
Algeria,2010,12,9.63028,3.577118,3.029321,35.059186816215515,228.6611270904541,0.25437978,0.25580534,0.1953513,9.786957,12.22052
Algeria,2011,1,8.7786255,4.3872375,2.2970796,44.682015776634216,242.3519787788391,0.25825348,0.25654715,0.20820025,8.424316,9.902313
Algeria,2011,2,8.280701,4.066864,3.0465753,91.07309246063232,283.82230377197266,0.30848736,0.30407238,0.23977739,8.027985,8.983032
Algeria,2011,3,11.452606,6.026184,2.8443234,59.341805934906006,429.4311056137085,0.29021624,0.30048126,0.26214868,10.560822,10.268677
Algeria,2011,4,16.157684,9.388763,2.6080186,72.26479768753052,538.2198143005371,0.23557205,0.25568068,0.24585228,15.355286,13.947998
Algeria,2011,5,18.469727,11.443909,2.5617406,73.15970849990845,558.4844932556152,0.2545504,0.27847934,0.24156116,17.319366,15.864563
Algeria,2011,6,22.658356,13.947845,2.103672,37.20636963844299,621.6340827941895,0.2052627,0.24442574,0.22443463,21.573822,19.24765
Algeria,2011,7,27.072632,14.968811,2.4479656,9.051356852054596,646.6675872802734,0.12699115,0.1752113,0.19770822,26.486633,24.177124
Algeria,2011,8,27.542572,14.703064,2.1997004,8.753316670656204,610.8922481536865,0.12120705,0.15937841,0.18158127,27.172516,25.492981
Algeria,2011,9,23.636475,14.476776,2.2036479,20.236001014709473,478.4351348876953,0.13371104,0.15472873,0.16661984,24.270386,24.518036
Algeria,2011,10,17.64862,10.838562,2.2449632,67.87812447547913,360.962553024292,0.18354705,0.16972207,0.15279235,18.576202,20.49646
Algeria,2011,11,13.350586,8.693817,2.739436,58.3436644077301,238.88098239898682,0.276212,0.2668359,0.17040719,13.569641,16.019958
Algeria,2011,12,9.213593,5.477234,2.5309758,39.794814229011536,214.96802854537964,0.27180928,0.2718561,0.1924128,9.416504,12.075531
Algeria,2012,1,7.651428,3.471527,2.488734,30.968264997005463,260.57530212402344,0.26378468,0.27174306,0.21208887,7.511322,9.409973
Algeria,2012,2,5.3667603,1.2788086,2.766561,85.07381081581116,299.40123748779297,0.30813727,0.3054106,0.24074711,5.879425,7.317383
Algeria,2012,3,11.658142,5.841278,2.4630172,65.5382227897644,436.9650821685791,0.26563245,0.28024068,0.24971344,10.705048,9.961151
Algeria,2012,4,13.94162,7.966675,3.144497,91.94121837615967,507.08410263061523,0.29615882,0.3074209,0.25955248,13.166229,12.18335
Algeria,2012,5,19.424805,10.408844,2.3357224,18.40105414390564,640.7540378570557,0.17569935,0.22100268,0.24014765,18.393768,16.246033
Algeria,2012,6,26.352966,13.668945,2.3278978,7.991694509983063,655.9409523010254,0.13053678,0.17136249,0.2056177,24.954437,21.595093
Algeria,2012,7,28.02716,14.067688,2.432936,5.2842854261398315,663.1182441711426,0.114481755,0.15583321,0.18541583,27.576965,25.232117
Algeria,2012,8,29.147736,12.927429,2.217158,11.30421593785286,600.5954360961914,0.11151826,0.14492592,0.16809934,28.790283,27.044922
Algeria,2012,9,23.106567,12.852692,2.3832386,25.86626172065735,447.4294853210449,0.15433547,0.15760455,0.15620224,23.639862,24.244843
Algeria,2012,10,19.235107,11.288147,2.5245872,45.42066252231598,360.7423610687256,0.17369747,0.16088504,0.15058361,20.108063,21.973267
Algeria,2012,11,14.032623,9.760345,2.65005,76.01810932159424,244.39873695373535,0.27393246,0.2466717,0.1664958,14.537506,17.11023
Algeria,2012,12,9.471008,5.387024,2.6024582,22.144714653491974,222.41433334350586,0.26756987,0.2673217,0.1967135,9.412567,11.9652405
Algeria,2013,1,8.613617,4.3058777,3.542787,74.83209419250488,239.422269821167,0.28747457,0.27692863,0.21055073,8.406525,10.257935
Algeria,2013,2,7.5158386,2.813568,3.374604,73.02601051330566,287.26959228515625,0.31316578,0.3086991,0.24575222,7.5140076,8.885956
Algeria,2013,3,12.521515,6.489258,3.7317755,66.60252332687378,409.07756996154785,0.29184228,0.299949,0.25861654,11.216309,10.61557
Algeria,2013,4,14.904327,8.18689,2.872069,63.99454593658447,525.4368209838867,0.24205737,0.25690517,0.24282809,14.469147,13.44577
Algeria,2013,5,17.05841,10.240387,2.7806041,69.95179581642151,581.0849742889404,0.24382178,0.26146004,0.23578905,16.652527,15.475311
Algeria,2013,6,21.690308,11.304016,2.580116,5.206771641969681,673.4790229797363,0.14696759,0.19778706,0.21189836,21.006775,18.745667
Algeria,2013,7,26.540833,15.355988,2.2520928,10.37888053059578,648.2533359527588,0.12562531,0.16356075,0.18440312,25.814087,22.954498
Algeria,2013,8,25.846527,14.312103,2.3513882,27.654406368732452,595.742639541626,0.1261207,0.15349564,0.16543053,26.150085,24.922546
Algeria,2013,9,22.770233,15.768524,2.1756082,36.03175163269043,430.71736335754395,0.19682689,0.20187938,0.16200307,22.923859,23.103546
Algeria,2013,10,21.392853,12.859131,2.1148794,27.176280438899994,376.3497667312622,0.15700676,0.1753329,0.14884603,21.573212,22.121216
Algeria,2013,11,11.826813,7.1286316,3.0358617,88.00390720367432,240.17386436462402,0.25643823,0.23586012,0.1593014,13.179962,16.619781
Algeria,2013,12,8.735199,5.2352295,2.2869525,51.48201298713684,208.77641582489014,0.28886685,0.28148937,0.19524655,8.607849,11.041229
Algeria,2014,1,9.636108,5.2142334,3.1817625,60.60930287837982,240.6535325050354,0.30753148,0.29886574,0.21891066,8.960236,10.353027
Algeria,2014,2,10.376648,4.9869995,3.112681,44.73288297653198,298.9426498413086,0.29780728,0.30370846,0.2417571,9.596741,10.210754
Algeria,2014,3,10.563782,5.890747,3.1991856,111.78157114982605,411.11895751953125,0.31414428,0.3187055,0.26753116,10.187592,10.374207
Algeria,2014,4,15.910553,7.8868713,2.8562284,18.776443004608154,568.41064453125,0.2152547,0.25365955,0.25360566,14.757019,13.366058
Algeria,2014,5,18.663818,9.790955,2.5176067,42.3373099565506,634.9962902069092,0.16747536,0.19256328,0.2139471,18.290588,16.65738
Algeria,2014,6,23.117462,12.584137,2.5386562,34.92481470108032,633.457088470459,0.17823114,0.21305512,0.19022602,22.02826,19.636139
Algeria,2014,7,26.536682,13.0416565,2.415915,3.295550025999546,670.7357387542725,0.11418576,0.16441958,0.17593029,26.077179,23.683533
Algeria,2014,8,27.417511,14.5286255,2.2053857,5.643254041671753,612.3298816680908,0.11165458,0.15071939,0.16207948,27.310333,25.621033
Algeria,2014,9,25.010498,14.327209,2.222396,31.257766485214233,462.2529888153076,0.1400577,0.14672148,0.14843512,25.329773,25.219727
Algeria,2014,10,19.817657,10.761505,2.3033946,34.15876269340515,381.3134574890137,0.18701015,0.192173,0.14213514,20.10434,21.720367
Algeria,2014,11,14.794037,8.093567,3.0060205,49.82348084449768,251.54253959655762,0.21059732,0.19893502,0.14218882,14.812744,17.041382
Algeria,2014,12,8.745697,5.105194,2.9997663,86.90466952323914,202.08786344528198,0.29880157,0.2727298,0.16474228,9.559235,12.758392
Algeria,2015,1,7.7193604,3.5298462,2.953223,71.74184584617615,238.3871340751648,0.30375817,0.29184583,0.2076458,7.553009,9.807983
Algeria,2015,2,7.5455017,3.657074,3.6134388,103.72252750396729,256.81693267822266,0.334188,0.32315624,0.25359625,7.6399536,8.993439
Algeria,2015,3,11.318634,5.5875244,2.9084454,51.79926323890686,447.35590744018555,0.29172558,0.30663535,0.27483574,10.346497,10.206482
Algeria,2015,4,16.259125,7.682068,2.4801173,7.075295448303223,588.8199806213379,0.18987101,0.23735248,0.25079963,15.542786,13.773041
Algeria,2015,5,20.455719,9.434174,2.7784524,23.844112515449524,639.1953105926514,0.15215193,0.1799895,0.21503192,19.827606,17.961426
Algeria,2015,6,23.253906,11.966583,2.442741,13.697184026241302,654.8051261901855,0.14470933,0.168171,0.19052885,22.639496,20.17743
Algeria,2015,7,28.332428,13.805634,2.1975715,3.103759743273258,678.4868030548096,0.112224326,0.15253949,0.17360157,27.619324,24.71582
Algeria,2015,8,27.374146,16.088013,2.1919127,20.65721422433853,577.2734184265137,0.13308991,0.14520457,0.15883188,27.547699,26.18106
Algeria,2015,9,22.80249,14.508728,2.36765,35.64660429954529,447.8788089752197,0.1633578,0.16558024,0.15086555,23.668793,24.328247
Algeria,2015,10,18.509521,12.404572,2.2505512,67.18179845809937,349.04356956481934,0.22944409,0.20891765,0.14681453,19.063843,20.685974
Algeria,2015,11,12.938812,8.486328,2.1769176,42.40210175514221,264.7925090789795,0.23008583,0.23083006,0.15721944,13.799255,16.481415
Algeria,2015,12,9.8573,4.8785095,1.7395629,1.2356812171638012,257.88897800445557,0.2219146,0.24302271,0.1826326,9.467773,11.94751
Algeria,2016,1,10.370972,5.11438,2.697775,37.49213349819183,259.29287910461426,0.24221392,0.24218112,0.19107664,9.7786255,11.198029
Algeria,2016,2,10.617493,4.857666,3.4031463,45.92448425292969,301.4308967590332,0.2500271,0.25251967,0.20163563,10.124451,10.847229
Algeria,2016,3,10.967773,4.722412,3.0951638,85.01588344573975,438.6396999359131,0.28188664,0.28240222,0.22342844,10.297852,10.382935
Algeria,2016,4,15.743683,8.799408,2.6748946,58.67217779159546,527.5629615783691,0.24273609,0.26729205,0.23237422,15.18222,13.85556
Algeria,2016,5,18.861572,9.7901,2.6934772,45.055988073349,615.735761642456,0.19660608,0.21913765,0.2108343,18.249207,16.467682
Algeria,2016,6,23.83197,12.267395,2.472199,11.921896934509277,651.3054656982422,0.14351468,0.17535117,0.18271467,23.268951,20.770905
Algeria,2016,7,27.105774,13.338501,2.4611747,4.0900238156318665,670.2745418548584,0.117601804,0.15568826,0.16713792,26.72754,24.262238
Algeria,2016,8,25.996613,14.207092,2.3453426,4.120938420295715,610.8398609161377,0.111871175,0.14868203,0.15740564,26.368347,25.124237
Algeria,2016,9,22.700775,13.499023,2.1462412,25.888917446136475,459.6660804748535,0.14293586,0.14760265,0.14511953,23.66809,24.186829
Algeria,2016,10,20.384613,11.663666,2.1998303,24.398775696754456,378.2545690536499,0.16421762,0.16089144,0.13345332,20.739197,21.589508
Algeria,2016,11,13.365112,7.2410583,2.5171838,62.433621883392334,254.0474796295166,0.22905777,0.20509411,0.13672018,14.159393,17.137482
Algeria,2016,12,10.425446,7.1924133,2.1382222,48.400463819503784,207.91000127792358,0.28023472,0.25701752,0.15544845,10.72644,13.185791
Algeria,2017,1,6.9173584,2.9745789,2.990874,102.87248134613037,234.5317497253418,0.3096438,0.2943262,0.19316974,7.3147583,9.661835
Algeria,2017,2,10.89801,5.2854004,2.9975967,26.106064796447754,310.1953239440918,0.2706415,0.28555998,0.23337166,10.016174,10.300171
Algeria,2017,3,13.066162,5.4335938,2.742984,20.27243447303772,481.7487497329712,0.2018683,0.23170646,0.21865606,12.503052,12.16864
Algeria,2017,4,15.281616,7.165802,2.6041245,30.89933753013611,550.2934455871582,0.18171202,0.20794606,0.19802153,15.062622,13.881744
Algeria,2017,5,21.110199,10.480682,2.4077969,15.66646695137024,635.8253803253174,0.14136352,0.17143884,0.1793697,20.638763,18.19223
Algeria,2017,6,25.626709,13.509125,2.3823574,21.453897356987,646.1767959594727,0.15148088,0.17606367,0.16771606,25.007141,22.24356
Algeria,2017,7,28.361755,13.090973,2.463691,4.763840153813362,664.1941928863525,0.11443411,0.15590604,0.15471125,27.829742,25.448792
Algeria,2017,8,28.497894,14.792633,2.2359934,11.833065211772919,583.9838924407959,0.12113798,0.1496084,0.1443656,28.788391,27.31131
Algeria,2017,9,22.605682,12.088043,2.2968004,18.455777764320374,481.2425422668457,0.13472977,0.14969891,0.1352655,23.858185,24.784393
Algeria,2017,10,17.776306,9.9021,2.045308,29.945383489131927,380.67904567718506,0.16683106,0.15719375,0.12782727,18.790741,20.903229
Algeria,2017,11,11.852081,5.1030884,2.5688596,62.54486560821533,257.7832317352295,0.2048166,0.19954467,0.13300332,12.696228,15.817444
Algeria,2017,12,8.414978,4.360565,2.8576183,57.25402522087097,212.05314588546753,0.28815645,0.27113125,0.15737444,8.737671,11.419617
Algeria,2018,1,9.465576,4.301056,2.7563338,29.43184185028076,278.40227699279785,0.26389423,0.26711768,0.18317793,9.043732,10.578461
Algeria,2018,2,7.780426,3.282074,2.8124707,66.26922702789307,287.3851890563965,0.29112673,0.28041333,0.1995408,7.977661,9.232086
Algeria,2018,3,11.777283,6.041321,3.7709613,111.34306454658508,398.02776527404785,0.30332065,0.29945993,0.22600758,11.101349,10.939026
Algeria,2018,4,14.979553,8.522369,2.8424094,77.42508888244629,522.205867767334,0.27103245,0.286232,0.24398345,14.293884,12.98291
Algeria,2018,5,17.18219,11.270538,2.4311872,76.920480966568,561.5217113494873,0.26753154,0.28561372,0.24354124,16.72293,15.313171
Algeria,2018,6,22.527557,12.747711,2.4428952,26.49684727191925,646.4448738098145,0.17898223,0.22295058,0.21842827,21.707336,19.342834
Algeria,2018,7,28.40094,13.270569,2.3401845,3.9306485056877136,667.1697998046875,0.1125083,0.16276155,0.18097138,27.756104,24.674805
Algeria,2018,8,25.591492,15.726959,2.0583272,25.43125993013382,565.4496898651123,0.14195462,0.15732192,0.15736674,26.045105,25.094635
Algeria,2018,9,23.694885,15.53714,2.094623,45.629392862319946,427.70084381103516,0.18709475,0.1806426,0.14676858,24.184692,24.291962
Algeria,2018,10,17.20465,11.428375,2.7133167,96.13851881027222,346.62482833862305,0.24920571,0.24350868,0.15976028,18.142914,20.128479
Algeria,2018,11,12.683075,7.751526,2.7770467,51.99364900588989,255.56056022644043,0.27687722,0.27100894,0.1847505,12.913666,15.338104
Algeria,2018,12,9.95282,5.982971,2.1061828,29.165315866470337,240.88120412826538,0.27332282,0.27487704,0.20274805,9.838715,12.135468
Algeria,2019,1,7.2464294,3.3420715,3.152139,87.14418148994446,237.50071954727173,0.29409355,0.28963518,0.22447284,7.343689,9.227905
Algeria,2019,2,8.486877,2.841278,2.7221534,29.332233428955078,330.9375877380371,0.28246504,0.3008646,0.2606402,8.172089,9.080841
Algeria,2019,3,11.64859,5.2026978,2.5660868,60.44722616672516,442.75464057922363,0.23239927,0.25759304,0.24490173,11.117126,10.702759
Algeria,2019,4,14.266754,7.8682556,2.8519652,60.03646373748779,528.4111404418945,0.2621224,0.27476433,0.24826044,13.711365,12.577515
Algeria,2019,5,17.432678,8.941345,2.6979601,46.57710266113281,613.4747142791748,0.19354546,0.21965145,0.21596628,17.264038,15.77597
Algeria,2019,6,25.374603,11.286896,2.6685443,4.379253387451172,667.0470428466797,0.13362725,0.18102007,0.1858478,24.04956,20.488037
Algeria,2019,7,28.425537,13.509827,2.484238,9.124891519546509,660.8465538024902,0.11906171,0.15325798,0.166603,28.152802,25.41684
Algeria,2019,8,27.888885,15.268372,2.2346053,27.16157239675522,570.622013092041,0.13294137,0.15213658,0.1552444,28.331512,26.89154
Algeria,2019,9,23.223907,15.756226,2.124239,61.453614234924316,448.5190200805664,0.21290438,0.21650444,0.15256399,23.688751,24.083984
Algeria,2019,10,18.636658,11.079529,2.4442446,36.098576068878174,374.93714427948,0.17283818,0.18906106,0.15032507,19.737396,21.45221
Algeria,2019,11,11.989136,7.239929,3.5650406,77.28740930557251,232.93776512145996,0.2824728,0.25902778,0.16275373,12.842651,15.814667
Algeria,2019,12,11.078857,6.150543,3.1010616,44.486021876335144,227.66265058517456,0.2856549,0.2830615,0.19204299,10.8591,12.952057
Algeria,2020,1,8.398102,3.8069458,2.1321213,26.578699707984924,266.2627172470093,0.26620004,0.26740322,0.20746657,8.072723,9.931671
Algeria,2020,2,11.760437,4.431122,2.1007082,1.1495019346475601,363.9871759414673,0.18282443,0.22533202,0.20279692,10.980286,11.118378
Algeria,2020,3,12.4149475,6.4931946,3.0988865,78.80041265487671,414.0649709701538,0.2352446,0.22823493,0.19403477,12.489685,12.47052
Algeria,2020,4,15.502441,10.185516,2.51004,91.88182353973389,481.8955421447754,0.28654143,0.28429982,0.20416833,14.881683,13.802948
Algeria,2020,5,20.729218,10.345154,2.6053746,19.932673156261444,641.1792850494385,0.18132903,0.22282875,0.19750762,19.953644,17.813782
Algeria,2020,6,23.626648,11.26236,2.6123364,12.873151302337646,660.974235534668,0.1370503,0.1690972,0.16862313,23.339264,20.94046
Algeria,2020,7,27.723999,13.012054,2.3717754,4.848480224609375,669.5401744842529,0.11696428,0.15523608,0.15489991,27.52652,24.921997
Algeria,2020,8,28.249084,13.1171875,2.390907,7.245407447218895,598.1704864501953,0.113448255,0.14837241,0.1449901,28.583008,26.994202
Algeria,2020,9,22.609558,13.513214,2.2866886,30.854026079177856,453.1355953216553,0.1537804,0.16261512,0.1356028,23.656677,24.505127
Algeria,2020,10,17.109558,7.8103333,2.405601,16.746975898742676,393.8766384124756,0.14154837,0.15655144,0.1310196,18.465393,20.548157
Algeria,2020,11,14.499481,7.5033264,2.4996293,42.21301317214966,251.97378158569336,0.16585995,0.1652193,0.1320422,15.1874695,17.427002
Algeria,2020,12,9.793549,5.678192,3.1567702,80.46694469451904,214.47342443466187,0.2966136,0.2749416,0.16188072,10.228577,12.934601
Algeria,2021,1,9.508667,3.958374,3.281839,38.72751295566559,254.46805000305176,0.27028477,0.2742516,0.1928742,8.944916,10.350037
Algeria,2021,2,12.49353,3.9286804,3.1014373,19.35538625717163,330.86367416381836,0.21837372,0.23784158,0.19177008,11.776733,12.120575
Algeria,2021,3,11.91153,4.682678,2.4033732,51.179622292518616,451.69745540618896,0.22913845,0.2339696,0.1854064,11.82785,11.956665
Algeria,2021,4,15.611206,7.44046,2.6410408,42.60571360588074,530.8690452575684,0.20066907,0.21872489,0.17344631,15.478302,14.309509
Algeria,2021,5,20.496552,10.46582,2.5243342,39.38782274723053,629.7043514251709,0.17637956,0.20404388,0.16160163,20.098633,17.939392
Algeria,2021,6,25.503601,12.595947,2.6123605,14.884000718593597,617.5300025939941,0.1379714,0.16829973,0.15216833,24.9747,22.206024
Algeria,2021,7,28.891754,12.169342,2.4919825,4.332837700843811,664.715877532959,0.10957026,0.15175834,0.14047962,28.519043,25.843414
Algeria,2021,8,28.955719,13.266815,2.4127064,8.78723293542862,597.4575233459473,0.115509026,0.14823121,0.1344518,29.126617,27.623627
Algeria,2021,9,25.339722,14.040405,2.441142,14.634204804897308,470.7783794403076,0.13310023,0.14928061,0.12869862,26.057953,26.151733
Algeria,2021,10,17.778778,9.224274,2.2935069,17.31484305858612,374.9805145263672,0.13428049,0.15240535,0.122566454,19.143097,21.585999
Algeria,2021,11,11.931335,7.5066223,2.964568,95.77949523925781,223.65845203399658,0.2642229,0.23193237,0.13603644,13.208496,16.456299
Algeria,2021,12,9.7908325,4.911438,2.8650095,36.120187282562256,242.51063346862793,0.268912,0.26834238,0.17444761,9.495026,11.907715
Algeria,2022,1,7.57782,1.4519653,2.3784053,24.59431689977646,281.67724800109863,0.23376983,0.24949078,0.1837598,7.71521,10.09494
Algeria,2022,2,10.306854,3.2462158,2.4301224,25.452590227127075,322.4808120727539,0.17363735,0.2085859,0.17705518,9.991516,10.204926
Algeria,2022,3,11.904541,6.220215,2.884248,86.72773694992065,392.5784578323364,0.28585744,0.2657173,0.17861576,11.3593445,11.268555
Algeria,2022,4,14.136383,7.321594,3.0464272,69.55190420150757,518.2535934448242,0.26215884,0.2742254,0.19726479,13.952911,13.194519
Algeria,2022,5,20.197937,10.005493,2.6478045,40.40770351886749,627.0752925872803,0.19849733,0.23142926,0.19276004,19.051544,16.795807
Algeria,2022,6,27.223602,10.834869,2.581196,4.911664724349976,653.7884330749512,0.118853875,0.16675594,0.16283056,26.348053,22.907654
Algeria,2022,7,28.68039,13.886505,2.356475,4.634479597210884,663.9205493927002,0.113188826,0.15347563,0.14794406,28.498535,25.914093
Algeria,2022,8,28.000854,12.740906,2.403768,4.793554648756981,600.0614528656006,0.107459284,0.1477686,0.1309848,28.37619,27.029572
Algeria,2022,9,25.156586,13.6813965,2.5365343,29.250982403755188,452.0018005371094,0.14335062,0.15516843,0.12553932,26.044678,26.378632
Algeria,2022,10,20.718231,10.121155,2.0123127,19.10758525133133,398.6267890930176,0.16668881,0.17798115,0.1231606,20.889618,22.146912
Algeria,2022,11,14.819031,7.3026123,2.9388669,41.095619201660156,272.94774055480957,0.17756131,0.18018204,0.124754086,15.764374,18.576752
Algeria,2022,12,12.633423,6.315155,2.5790966,18.124624252319336,243.31049966812134,0.21804689,0.21869515,0.13324966,12.226593,14.556366
Algeria,2023,1,8.046814,2.9440002,2.734555,43.248539686203,255.43236541748047,0.21617742,0.21799752,0.14234065,8.832031,11.550049
Algeria,2023,2,9.306671,2.6683655,2.4063325,29.457887172698975,307.09808349609375,0.22774048,0.23571941,0.1552746,9.119293,9.99118
Algeria,2023,3,13.695587,4.7488403,2.6409316,15.020714610815048,489.26921558380127,0.18528552,0.21120222,0.15481915,12.893158,12.263794
Algeria,2023,4,16.686127,4.760254,2.6598194,13.988078534603119,590.2729225158691,0.13314629,0.16716054,0.14083259,16.618195,15.030273
Algeria,2023,5,17.641724,10.2786255,2.6947572,108.39417600631714,536.4620456695557,0.21451846,0.20617862,0.1413194,18.228363,17.54364
Algeria,2023,6,23.84732,14.228638,2.3802016,58.41569781303406,618.7655639648438,0.22409683,0.25451607,0.17376967,22.7435,20.106262
Algeria,2023,7,30.955627,13.590057,2.4547863,5.439157783985138,658.6143608093262,0.119729035,0.1734148,0.15900055,29.972046,26.538452
Algeria,2023,8,27.50119,13.181213,2.3255923,3.5599742010235786,621.5382690429688,0.1112295,0.15529747,0.14279985,28.272858,27.278564
Algeria,2023,9,24.545166,13.410492,2.3600433,10.917199552059174,474.7002410888672,0.124163285,0.1537318,0.13418813,25.392395,25.64386
Algeria,2023,10,21.305206,9.6371155,2.4397159,7.215093359351158,397.90291690826416,0.11409928,0.14735511,0.12526383,21.928864,22.968536
Algeria,2023,11,14.821167,7.367798,2.8125982,47.37128019332886,272.0394802093506,0.16823043,0.17034517,0.12385656,15.739838,18.716187
Algeria,2023,12,10.566406,5.6138916,2.501243,58.01098310947418,222.68255186080933,0.2603027,0.2502005,0.14493208,10.846588,13.779755
Algeria,2024,1,10.715759,4.446991,2.572027,26.54058074951172,261.7786121368408,0.24439044,0.25215513,0.17017683,10.113739,11.63382
Algeria,2024,2,11.207825,5.6457214,3.2361376,83.09068369865417,290.95528507232666,0.24989021,0.24887377,0.17771602,11.168335,12.108246
Algeria,2024,3,14.2535095,5.7500916,3.1717558,26.443637013435364,476.3394422531128,0.24450924,0.26659876,0.20340931,13.210663,12.701691
Algeria,2024,4,15.77536,6.453644,2.830027,33.0063271522522,554.7301483154297,0.1704364,0.20192215,0.18629102,16.117004,15.448639
Algeria,2024,5,20.307861,9.570618,2.5011353,16.573494911193848,648.7811698913574,0.16439795,0.184491,0.16407315,19.765076,17.731201
Algeria,2024,6,25.5253,11.947968,2.716287,9.335068166255951,650.2657699584961,0.12610641,0.16377005,0.15169825,25.268158,22.518616
Algeria,2024,7,29.094604,13.207703,2.362957,3.4471211582422256,675.3525562286377,0.11042902,0.15620868,0.1437393,28.806702,26.158691
Algeria,2024,8,28.15384,14.665405,2.1747987,11.865179926156998,588.2319297790527,0.12136066,0.1534091,0.137124,28.682526,27.472534
Algeria,2024,9,23.04477,14.631134,2.3024166,36.199926137924194,441.8841361999512,0.171438,0.16679725,0.1335215,24.039764,24.94278
Algeria,2024,10,20.197815,12.869019,2.4690063,37.645806670188904,356.01000785827637,0.17583439,0.17522413,0.12675929,20.925629,22.231201
Algeria,2024,11,15.930878,9.555481,2.2704594,19.45640802383423,277.1440029144287,0.19737516,0.20645796,0.1328623,16.329163,18.543
Algeria,2024,12,9.409332,4.078583,2.4906065,34.191781878471375,230.8194842338562,0.22130649,0.22209346,0.14347152,10.1649475,13.480957
Egypt,1985,1,13.813171,5.973999,4.2868195,17.18771457672119,257.5716390609741,0.07621067,0.14586656,0.13660017,14.096924,15.542511
Egypt,1985,2,13.20224,4.5626526,4.848624,8.24143362045288,292.5175895690918,0.061354402,0.14608103,0.13592304,14.048676,15.213745
Egypt,1985,3,16.026093,7.1436157,4.221465,5.579618662595749,418.6155652999878,0.04866255,0.14533843,0.13754621,16.609589,16.087555
Egypt,1985,4,19.813843,7.2890015,3.8979616,2.443423569202423,505.01575469970703,0.044173058,0.14457344,0.14023241,20.670898,19.325287
Egypt,1985,5,23.74533,11.131897,3.8171542,0.2754559861496091,552.6401824951172,0.043525867,0.14477469,0.14321245,25.447449,23.360962
Egypt,1985,6,25.82663,14.64743,4.0317698,0.07070027757436037,576.4445114135742,0.041921582,0.14280206,0.14491726,27.903046,26.037018
Egypt,1985,7,26.130219,16.59256,4.169376,0.09153439337387681,584.1163387298584,0.03966087,0.14320914,0.14525726,28.632599,27.24411
Egypt,1985,8,26.885529,18.350098,3.9727137,0.24958757031708956,528.2582397460938,0.03959964,0.14567585,0.1479958,29.677643,28.567017
Egypt,1985,9,24.427032,16.671173,3.6098378,0.32791723497211933,438.2621383666992,0.040388826,0.14560555,0.14786546,27.26941,27.385406
Egypt,1985,10,20.410065,13.153046,3.7993088,2.0413307398557663,358.0793333053589,0.04342573,0.14809667,0.14811383,22.957886,24.517212
Egypt,1985,11,18.443146,11.436859,3.4681642,7.959696650505066,267.4105167388916,0.06224486,0.14922246,0.14833911,19.504395,21.164825
Egypt,1985,12,13.918823,9.617462,3.3877966,45.342214703559875,229.48737907409668,0.13786,0.1819958,0.1499935,15.160248,17.70517
Egypt,1986,1,12.845642,7.13797,3.6158617,3.3555030822753906,263.5162305831909,0.088784695,0.18611547,0.15084077,13.120972,14.613464
Egypt,1986,2,14.464447,6.5223694,3.914702,8.231163024902344,302.44142150878906,0.065328754,0.16357248,0.1508378,14.58963,15.038422
Egypt,1986,3,16.289825,8.536316,3.9260886,2.707939952611923,416.34452533721924,0.045118336,0.1564988,0.15253648,17.487244,17.076874
Egypt,1986,4,20.186493,9.307068,4.214206,5.604853928089142,492.3774719238281,0.050920766,0.14860287,0.11272561,21.182495,19.85788
Egypt,1986,5,20.754974,11.120697,3.8187582,4.069584995508194,553.4669666290283,0.04574541,0.14628786,0.11492287,23.124054,21.835602
Egypt,1986,6,26.194092,14.583862,3.7107885,0.1620329450815916,566.5736961364746,0.039639533,0.14470257,0.11641339,28.328522,25.97821
Egypt,1986,7,26.872894,17.641144,4.0678973,0.13616451295092702,581.9070873260498,0.04036002,0.14703459,0.11785663,29.43399,27.794159
Egypt,1986,8,27.0737,18.717651,3.483987,0.25783136673271656,532.0804386138916,0.0395901,0.14945337,0.120456226,29.91507,28.763031
Egypt,1986,9,26.15918,17.840363,3.4971967,1.31414495408535,435.27042388916016,0.03879852,0.14807008,0.11972225,28.81012,28.497345
Egypt,1986,10,21.623749,14.205353,3.42933,2.0853922739624977,342.27068614959717,0.041828394,0.14529365,0.11851452,24.12732,25.339691
Egypt,1986,11,16.171295,10.314056,3.5392783,17.102864384651184,252.54684448242188,0.076571606,0.1489501,0.11960396,17.946747,20.654907
Egypt,1986,12,12.682861,6.0860596,4.1653647,5.963949412107468,241.918128490448,0.06290258,0.1490975,0.121817365,13.855988,16.43396
Egypt,1987,1,12.58847,4.2510986,4.098782,2.30797428637743,277.746431350708,0.05330138,0.14713025,0.12351355,12.939056,14.555878
Egypt,1987,2,14.22934,5.7239685,3.7583704,2.8877626061439514,302.4485778808594,0.048457764,0.14583686,0.1256443,14.922882,15.301971
Egypt,1987,3,13.472443,5.713043,4.5156116,14.905323922634125,396.3986759185791,0.06727077,0.1446276,0.12649482,14.536713,15.053162
Egypt,1987,4,17.434967,7.1376038,4.120081,0.8362990245223045,494.47986602783203,0.04642641,0.14472741,0.12926458,18.992615,17.993439
Egypt,1987,5,22.038513,9.995819,4.107865,0.3544825818389654,563.5437049865723,0.044655543,0.14123815,0.13064013,23.295105,21.208344
Egypt,1987,6,24.715363,14.446533,4.108862,0.10343698086217046,574.5541763305664,0.042010132,0.14015862,0.13272037,26.805206,24.809631
Egypt,1987,7,26.87851,17.689758,3.8486395,0.16032733116298914,577.3982963562012,0.039314177,0.14177264,0.13268562,29.208801,27.210358
Egypt,1987,8,27.074615,18.592407,3.9380763,0.14838806120678782,534.8327198028564,0.03981228,0.14539534,0.1330349,29.753387,28.706085
Egypt,1987,9,25.267273,17.676147,3.3282657,0.3603788651525974,446.7470169067383,0.038999394,0.14639975,0.1320572,28.057892,27.822144
Egypt,1987,10,21.227417,13.960297,3.5678608,3.1073367446660995,354.31738567352295,0.041534867,0.14596878,0.13331494,23.931854,25.189056
Egypt,1987,11,17.164276,9.890442,3.1276522,1.0643555223941803,281.38758659362793,0.040052615,0.14514032,0.13278733,18.959564,20.896759
Egypt,1987,12,14.687866,7.8885803,4.2452497,13.068666398525238,224.27486371994019,0.060017448,0.14418039,0.13327982,15.876923,18.045074
Egypt,1988,1,12.728546,7.5556335,3.5392184,18.3361576795578,240.272394657135,0.113675326,0.15385374,0.13325736,13.133636,14.89447
Egypt,1988,2,13.318115,6.171753,4.36951,13.121706187725067,288.78961086273193,0.06542312,0.15136133,0.13374212,13.933929,14.753754
Egypt,1988,3,15.347229,6.8623962,4.349078,20.451399564743042,405.46497917175293,0.07966161,0.15206523,0.13241974,16.016571,15.925903
Egypt,1988,4,19.52472,8.628937,4.3180447,2.879454642534256,495.3910446166992,0.04588098,0.15040703,0.1374117,20.564636,19.138397
Egypt,1988,5,23.94983,10.976044,4.282324,0.17567781079560518,579.8235416412354,0.042305306,0.14539233,0.14027752,25.243378,23.094421
Egypt,1988,6,26.964539,13.45285,3.8982873,0.04291534423828125,577.899227142334,0.03961601,0.14129545,0.14020663,28.613129,26.430298
Egypt,1988,7,28.026093,18.42987,4.131972,0.15407341066747904,581.712438583374,0.03997066,0.1423863,0.14083117,30.504974,28.80774
Egypt,1988,8,27.272522,18.406097,3.5943184,0.1506622009910643,536.5389709472656,0.038928457,0.14467393,0.14065757,30.313568,29.388702
Egypt,1988,9,25.733887,17.258392,3.7735085,0.5777065828442574,441.83690071105957,0.03776843,0.14407262,0.13846692,28.320923,28.327118
Egypt,1988,10,21.0831,13.689606,3.3791711,3.812606304883957,357.50336933135986,0.039796334,0.14492375,0.13586804,23.869019,25.30777
Egypt,1988,11,15.588013,7.0069275,3.230227,1.7287181317806244,276.47778511047363,0.041685723,0.14566351,0.13434725,17.51004,20.190918
Egypt,1988,12,13.211212,6.36084,3.867402,17.854038774967194,237.5263810157776,0.07361087,0.15020046,0.13684525,14.470154,16.780487
Egypt,1989,1,10.855103,5.450409,3.8009996,12.611564099788666,241.8634057044983,0.09461059,0.16062234,0.13733618,11.793793,13.762085
Egypt,1989,2,12.507538,4.3282776,3.7140207,6.1844130754470825,293.18043518066406,0.057935383,0.15409078,0.13766176,12.837158,13.541931
Egypt,1989,3,15.653168,6.724457,3.8618834,5.840150564908981,424.8434085845947,0.049864907,0.14986482,0.13789539,16.693817,16.17688
Egypt,1989,4,21.218536,8.395782,3.8579957,0.09463383816182613,518.4601020812988,0.04408546,0.1494777,0.14238392,21.801117,19.899689
Egypt,1989,5,22.93988,11.138275,4.105417,0.18250025901943445,574.3541603088379,0.041781567,0.14605093,0.1450353,24.674408,22.964325
Egypt,1989,6,25.22876,13.434357,4.0745173,0.05116829532198608,579.2774963378906,0.040453687,0.14346701,0.14437504,27.478882,25.665558
Egypt,1989,7,26.61438,17.496979,4.206037,0.12138256104663014,585.0311050415039,0.041390136,0.1463396,0.14761579,29.055206,27.573425
Egypt,1989,8,26.94049,18.59793,3.352949,0.2285517123527825,533.5882568359375,0.0394782,0.14783265,0.14929427,29.861664,28.711517
Egypt,1989,9,25.51773,17.107117,3.7301207,0.21347631700336933,450.35173416137695,0.03867146,0.14870387,0.14798026,28.101929,28.0654
Egypt,1989,10,21.393677,13.441467,3.5433362,4.5420388132333755,350.5494661331177,0.042020474,0.1473995,0.14466292,24.025146,25.3479
Egypt,1989,11,17.494568,10.214233,3.316154,3.168857842683792,274.1554927825928,0.045149717,0.14732076,0.14498912,19.14975,21.064484
Egypt,1989,12,14.153137,7.642456,3.1289237,3.6946352422237396,233.49544620513916,0.049091086,0.14537634,0.1447946,15.53183,17.659271
Egypt,1990,1,12.742889,6.404358,3.6503537,11.850293576717377,244.42300415039062,0.05677059,0.14433816,0.14347444,13.867035,15.622803
Egypt,1990,2,13.274048,6.0475464,4.3496304,12.652671933174133,287.3810501098633,0.069248006,0.14859371,0.14358693,13.848602,14.8414
Egypt,1990,3,15.323578,7.4147644,4.086639,4.075270503759384,430.58335876464844,0.049671955,0.14881244,0.14667045,16.490326,16.167725
Egypt,1990,4,19.851837,8.720428,4.048244,2.7303513139486313,488.24729919433594,0.047367837,0.14661871,0.14838515,20.932434,19.500214
Egypt,1990,5,21.78128,11.471466,4.1191983,0.9574157074093819,574.4501838684082,0.041412894,0.14558284,0.15050918,23.705841,22.108337
Egypt,1990,6,24.991058,13.595917,4.2196302,0.23493398912250996,578.7175369262695,0.03920189,0.14567196,0.1517764,27.275146,25.519073
Egypt,1990,7,26.777588,17.64914,3.8742752,0.12138256104663014,582.0899696350098,0.04102777,0.14873919,0.15440467,29.35556,27.724365
Egypt,1990,8,26.106934,17.573456,3.9669342,0.32491867803037167,535.6631107330322,0.040030535,0.14958215,0.15598637,28.93573,28.138458
Egypt,1990,9,24.637848,16.80954,3.79395,0.3218650817871094,442.9969882965088,0.038924977,0.15067309,0.15658344,27.3443,27.335266
Egypt,1990,10,22.475403,14.443146,3.3433702,0.6836652755737305,372.4200735092163,0.038678642,0.1542698,0.15546384,24.617615,25.407928
Egypt,1990,11,19.401886,11.526947,3.0152395,1.5215691179037094,278.5949420928955,0.039289,0.14898315,0.1531497,21.09488,22.642426
Egypt,1990,12,14.865784,7.1585693,3.139385,2.3956712186336517,254.3443546295166,0.039301038,0.14778692,0.15330794,16.419983,18.598602
Egypt,1991,1,12.492554,6.492523,3.6681654,10.983842998743057,253.762921333313,0.058562763,0.14755076,0.1525066,13.947174,15.926697
Egypt,1991,2,13.564575,6.138611,3.620255,8.9408438205719,284.1826591491699,0.060805142,0.14864269,0.15268457,14.249695,14.988068
Egypt,1991,3,16.880066,8.956268,4.156387,23.115561842918396,413.0827398300171,0.07741773,0.15201002,0.15271594,17.136566,16.736176
Egypt,1991,4,20.103027,9.00473,4.5133204,4.244492948055267,473.6495304107666,0.049093798,0.1523479,0.15376836,21.145508,19.881226
Egypt,1991,5,22.256622,10.395355,4.2083216,1.0617421045899391,536.6394882202148,0.04461588,0.1473623,0.15893881,24.381287,23.04367
Egypt,1991,6,25.40857,14.411194,4.0250382,0.07015008246526122,575.8643531799316,0.042807512,0.14467555,0.16088508,27.429626,25.439941
Egypt,1991,7,26.023163,17.3638,3.8080814,0.17056098906323314,578.2348365783691,0.041688755,0.14524733,0.16388164,28.928162,27.451843
Egypt,1991,8,26.47699,18.521057,3.8246121,0.2504403907805681,529.2745876312256,0.040807,0.15004095,0.16412899,29.472015,28.617249
Egypt,1991,9,24.248138,16.455688,3.737363,0.3083852492272854,443.21356773376465,0.03878502,0.15068248,0.16073726,27.011475,27.174652
Egypt,1991,10,22.838623,14.784302,3.244692,1.179429192095995,366.3945064544678,0.039542615,0.14963248,0.15988463,24.932495,25.623077
Egypt,1991,11,17.403717,11.217651,3.4039621,11.392373442649841,258.63040924072266,0.05439271,0.14907528,0.15781344,19.476227,21.618286
Egypt,1991,12,11.838562,5.506256,4.9810095,16.459418892860413,225.42787075042725,0.07589378,0.15253659,0.15721782,13.648895,16.564941
Egypt,1992,1,11.692322,6.21286,3.8709357,17.555557906627655,233.75312519073486,0.08016719,0.15402818,0.15662304,12.427277,14.057434
Egypt,1992,2,11.127655,4.2782593,5.13801,21.1253525018692,287.200382232666,0.09492281,0.15566769,0.15594596,11.92688,13.271332
Egypt,1992,3,14.65036,5.792053,4.1266117,2.3477719202637672,405.1663246154785,0.053877596,0.1520963,0.15675619,15.06308,14.586639
Egypt,1992,4,18.113525,7.510437,3.9462347,1.9809834659099579,481.46387100219727,0.046607636,0.14854485,0.159472,19.406738,18.31717
Egypt,1992,5,21.463867,10.603851,4.2480245,0.9531515762209892,546.0030269622803,0.044654846,0.1451582,0.16205406,22.940125,21.063171
Egypt,1992,6,25.773071,14.326538,3.9714253,0.06602360866963863,567.8341484069824,0.04196727,0.1429916,0.16301963,27.385193,25.091248
Egypt,1992,7,26.115326,17.013367,3.9641554,0.10915902722626925,571.6832981109619,0.04142268,0.14410822,0.16204955,28.53064,27.030823
Egypt,1992,8,26.628113,18.549164,3.5020266,0.26977062225341797,530.1736850738525,0.04099805,0.15061475,0.162565,29.214386,28.036255
Egypt,1992,9,24.11853,16.032501,3.744557,0.31251171603798866,437.4835395812988,0.039009348,0.15080145,0.16198573,26.987213,27.25708
Egypt,1992,10,22.574158,14.507629,3.1101084,0.3939958941191435,375.12212562561035,0.04227789,0.15053841,0.16158138,24.222778,24.87558
Egypt,1992,11,18.298279,10.989532,3.8489995,1.7886895313858986,267.1845245361328,0.04130364,0.14844526,0.16214646,20.139038,21.97055
Egypt,1992,12,12.572968,6.286957,3.8563085,13.519515931606293,231.31701517105103,0.07406674,0.14922076,0.16168031,14.193329,16.955841
Egypt,1993,1,11.591278,5.9296265,3.5660949,9.96502560377121,252.30686950683594,0.07626987,0.15194735,0.16010389,12.178192,13.826324
Egypt,1993,2,11.877289,3.2911072,4.223253,9.092587947845459,292.02128982543945,0.06590274,0.15066999,0.15798004,12.39267,13.349152
Egypt,1993,3,14.322449,5.3388367,4.258651,2.0232796669006348,430.68044662475586,0.04737638,0.14816889,0.1572766,15.320343,15.189819
Egypt,1993,4,19.61023,7.4221497,3.7869856,1.0151129588484764,505.91136932373047,0.043447122,0.14755692,0.15878505,20.326508,18.728241
Egypt,1993,5,21.808868,11.231506,3.9600968,3.7321587651968002,537.2196502685547,0.044667203,0.14717184,0.15896375,23.531189,21.804535
Egypt,1993,6,25.62616,14.52536,3.9311604,0.049517706502228975,580.1949691772461,0.04013563,0.14605187,0.16059619,27.409882,25.328552
Egypt,1993,7,26.639679,16.67865,4.255313,0.1100118332542479,585.600269317627,0.039625585,0.14622729,0.16191891,28.74524,27.190857
Egypt,1993,8,26.976562,18.259186,3.475695,0.2285517123527825,538.8983478546143,0.03932062,0.14941084,0.15604298,29.61325,28.41571
Egypt,1993,9,25.534851,16.284515,3.4453433,0.1950447354465723,450.22902488708496,0.038187332,0.14897832,0.15533987,28.247955,28.13861
Egypt,1993,10,23.819061,15.859589,3.5003548,2.0575340688228607,371.92100524902344,0.040760413,0.14863661,0.15563352,25.536102,26.030853
Egypt,1993,11,18.599304,11.690491,3.174307,1.5727372840046883,268.22118759155273,0.042856053,0.14676589,0.15686056,20.640686,22.54779
Egypt,1993,12,15.295929,10.508179,3.0524118,12.504394948482513,222.87912225723267,0.07005123,0.14757413,0.15714468,16.482391,18.614288
Egypt,1994,1,13.731934,7.9743958,4.283299,8.665351122617722,249.8951940536499,0.064322405,0.14754814,0.15570828,14.7864685,16.4664
Egypt,1994,2,13.692169,4.56723,4.4535685,2.17705500125885,309.52457427978516,0.048882447,0.14643446,0.15450004,14.511108,15.494141
Egypt,1994,3,15.059296,7.4460754,3.9876323,8.733290821313858,405.5684823989868,0.05511793,0.14553367,0.15454194,16.413788,16.38617
Egypt,1994,4,20.89206,7.4462585,4.226299,0.8775637485086918,500.33008575439453,0.043341026,0.14285901,0.1556552,21.669708,20.103516
Egypt,1994,5,22.848907,11.4852295,4.006626,0.9301259145140648,570.2629890441895,0.041489534,0.14407112,0.15550822,24.64685,22.928192
Egypt,1994,6,24.738098,14.58255,4.3149233,0.06107183871790767,578.7994766235352,0.040802002,0.143938,0.15609026,27.199707,25.707367
Egypt,1994,7,26.911957,16.845978,3.7294164,0.09295574156567454,581.5413818359375,0.041080453,0.14190307,0.15659544,29.529633,27.8685
Egypt,1994,8,27.111786,18.121368,3.6353624,0.18392159277573228,539.6185836791992,0.039789055,0.14221518,0.15809758,29.841034,28.801453
Egypt,1994,9,26.269257,18.77182,3.2369847,0.9721976146101952,437.95921325683594,0.03816154,0.14446889,0.1585997,29.128693,28.770233
Egypt,1994,10,24.236572,16.496185,3.1181986,7.775591254234314,353.49278926849365,0.045402747,0.14493237,0.15561731,26.514832,27.187592
Egypt,1994,11,17.21872,11.417755,4.303655,30.66025972366333,240.99005699157715,0.09224394,0.1515353,0.15206137,19.152313,21.928284
Egypt,1994,12,12.707367,7.1341248,3.7373412,7.47227668762207,234.57275485992432,0.06935137,0.15471594,0.15060371,14.018494,16.619995
Egypt,1995,1,12.035858,5.0087585,3.4761696,1.8548506423830986,270.07184886932373,0.050161142,0.15022823,0.15033719,13.046783,14.750793
Egypt,1995,2,13.771881,7.5578613,3.8815982,11.234210729598999,298.622802734375,0.065648064,0.14882253,0.15083101,14.418976,15.000916
Egypt,1995,3,16.431763,7.326355,3.6599126,2.258795887231827,424.2660255432129,0.04573603,0.1456015,0.15265468,17.553131,17.224304
Egypt,1995,4,17.820496,8.123413,4.3824883,2.7996759116649628,483.67910385131836,0.047899134,0.14400873,0.15511745,19.347656,18.428925
Egypt,1995,5,21.544617,11.178894,3.768168,0.4974695574492216,576.9090728759766,0.04205294,0.141753,0.1574364,23.478699,21.794128
Egypt,1995,6,27.593231,14.8703,3.9433007,0.0858306884765625,578.2387733459473,0.039226703,0.13914153,0.15869659,28.930298,26.399078
Egypt,1995,7,27.556854,18.063293,4.113666,0.19671366875991225,573.9120616912842,0.038458947,0.14006163,0.15913874,30.127655,28.503479
Egypt,1995,8,27.357391,18.921417,3.911776,0.1427026828750968,535.5306053161621,0.039066263,0.1462114,0.1612385,30.106812,29.075317
Egypt,1995,9,26.213776,17.699158,3.700222,0.12792073655873537,446.2987804412842,0.03785557,0.14593804,0.15654062,28.862701,28.634949
Egypt,1995,10,21.83435,14.351532,3.5946715,2.788956366479397,356.46337032318115,0.03855684,0.14725608,0.1535177,24.729858,25.999695
Egypt,1995,11,16.501312,8.257965,3.903793,3.7804014980793,272.1840476989746,0.04525178,0.14326864,0.15170474,18.666412,21.259735
Egypt,1995,12,13.450073,7.5657654,3.0842776,3.489677704870701,242.04959917068481,0.048981663,0.14188558,0.151863,14.8594055,17.170746
Egypt,1996,1,12.623444,6.1611023,3.9342065,13.972355484962463,259.1612310409546,0.067098096,0.14271475,0.15162954,13.265076,14.971527
Egypt,1996,2,14.257904,5.504883,4.2531652,3.4341995865106583,302.4853582382202,0.045694843,0.14082572,0.15089032,15.071259,15.585724
Egypt,1996,3,15.891602,6.620056,4.3209677,8.955020099878311,407.71907901763916,0.053200684,0.14004569,0.15165593,16.845428,16.602722
Egypt,1996,4,18.20871,8.035522,4.4061327,6.824364960193634,476.5198516845703,0.04762431,0.14001253,0.15110804,19.382751,18.564636
Egypt,1996,5,23.47351,12.0954895,4.0702386,0.16629695892333984,568.9374027252197,0.041982777,0.13966626,0.15369533,25.05423,22.84851
Egypt,1996,6,24.988403,15.223572,4.151276,0.10976424906402826,578.2929039001465,0.040200014,0.13889977,0.15413062,27.173523,25.423798
Egypt,1996,7,26.623932,17.394348,4.4827085,0.20467318687587976,580.8129863739014,0.038961295,0.14325915,0.15515822,28.89685,27.40097
Egypt,1996,8,27.118896,18.702454,4.003068,0.1409970852546394,535.525993347168,0.040339984,0.14646819,0.15782635,29.7146,28.60144
Egypt,1996,9,26.686554,16.624847,3.6917267,0.31003584153950214,445.4853343963623,0.035983212,0.14509821,0.15466747,28.960358,28.570068
Egypt,1996,10,21.60141,13.451782,3.5485253,3.900445282459259,357.5510559082031,0.03783115,0.14591673,0.15254858,24.337524,25.778748
Egypt,1996,11,18.608185,12.612366,3.4968164,6.08214944601059,269.50575828552246,0.05298628,0.14616728,0.15228671,20.026642,21.680023
Egypt,1996,12,14.5225525,6.3724976,3.495958,1.8679271265864372,255.27020740509033,0.043724317,0.14519168,0.15281641,15.7907715,18.12967
Egypt,1997,1,13.522797,6.8934326,3.383108,10.957121849060059,259.8275423049927,0.058543094,0.14329815,0.15236397,14.33139,15.962341
Egypt,1997,2,12.677826,4.596405,3.955335,7.317615747451782,292.0623588562012,0.05628709,0.14350672,0.15078448,13.606537,14.7030945
Egypt,1997,3,14.583862,6.170807,4.079199,11.291136682033539,404.2559928894043,0.056300834,0.1444103,0.15162483,15.70752,15.816437
Egypt,1997,4,17.751862,6.186371,4.506932,2.030225917696953,486.4486885070801,0.04442066,0.14515798,0.15361875,19.098053,18.048035
Egypt,1997,5,22.82489,11.248993,3.683039,0.5764961242675781,579.0569496154785,0.042308435,0.14312285,0.15835367,24.359894,22.245392
Egypt,1997,6,26.282562,15.138489,4.080529,0.07400146219879389,575.1551055908203,0.038792316,0.14114395,0.159266,28.084442,25.948822
Egypt,1997,7,27.712708,17.424591,4.3553615,0.06794012454338372,586.1014366149902,0.038505316,0.14285277,0.15974423,29.849731,28.185425
Egypt,1997,8,26.786652,18.324585,3.781756,0.0855647656135261,530.7274761199951,0.039131764,0.14628027,0.16257383,29.846954,28.92746
Egypt,1997,9,24.53952,16.573578,3.8222775,0.9254308417439461,443.3557319641113,0.038271133,0.14851236,0.16228254,27.588196,27.760254
Egypt,1997,10,22.173737,13.459045,3.3296394,6.532201364636421,357.02993297576904,0.045765992,0.14652835,0.15852562,24.27649,25.307007
Egypt,1997,11,18.320923,11.5946045,3.3109148,2.3215551674365997,278.2711601257324,0.043553643,0.1474784,0.15633175,20.166351,21.90207
Egypt,1997,12,14.167236,6.922943,3.54665,7.757113814353943,243.43505239486694,0.058499318,0.1465647,0.15489697,15.454285,17.85736
Egypt,1998,1,13.161987,6.4602356,4.0087175,4.083230122923851,263.61272716522217,0.05229392,0.14819346,0.15384553,14.044159,15.605408
Egypt,1998,2,14.072052,7.4369507,3.6811833,12.975802659988403,285.4967613220215,0.064670116,0.14665519,0.15314029,14.951172,15.691132
Egypt,1998,3,14.661499,5.265106,4.7536583,9.919542461633682,406.04401779174805,0.05448943,0.14609846,0.1512232,15.728424,16.025604
Egypt,1998,4,20.759094,8.397278,4.11227,0.5642266944050789,504.4874382019043,0.04208302,0.14424296,0.15115756,21.413269,19.615417
Egypt,1998,5,23.184113,11.984161,4.3262224,4.224226847290993,537.1813354492188,0.045924522,0.14503182,0.15533717,24.824097,23.06424
Egypt,1998,6,25.539154,15.108093,4.329093,0.08528048638254404,579.5602798461914,0.03981652,0.14508195,0.15713365,27.660278,25.832916
Egypt,1998,7,27.728546,17.39392,3.7695932,0.052305366611108184,590.3950614929199,0.03866057,0.1463288,0.1577781,29.894897,28.093506
Egypt,1998,8,28.520142,20.061584,3.896118,0.20637878449633718,537.2410545349121,0.03907424,0.14975265,0.1617472,31.157257,29.972992
Egypt,1998,9,26.719421,17.136688,3.5418956,0.14332624152302742,446.13887786865234,0.03601165,0.14912759,0.16034566,29.362427,29.253998
Egypt,1998,10,23.051788,14.621429,3.4720685,0.35760954208672047,376.34893894195557,0.037475917,0.15153858,0.15922663,25.430267,26.497284
Egypt,1998,11,18.492706,10.978882,3.1830254,4.369111955165863,280.2773094177246,0.04787761,0.15193027,0.1580159,20.408142,22.420105
Egypt,1998,12,14.439484,7.1986694,4.0006514,5.933105945587158,232.88557243347168,0.04573059,0.15553969,0.15741429,16.098328,18.484894
Egypt,1999,1,13.173889,6.319519,3.6045842,3.5974154993891716,272.83988761901855,0.057577394,0.15913859,0.15588821,13.964569,15.701141
Egypt,1999,2,13.313599,6.0957336,3.7443607,13.902700543403625,296.6292724609375,0.075553544,0.160204,0.15429243,13.922974,15.022949
Egypt,1999,3,16.382019,6.547394,4.1121383,1.110636182129383,439.33652114868164,0.042779334,0.15757164,0.15504476,17.202606,16.694946
Egypt,1999,4,19.322693,8.358276,3.9797635,1.0610543936491013,502.6330375671387,0.042560138,0.15208472,0.15490726,20.763031,19.629333
Egypt,1999,5,23.329132,12.65686,3.9617846,0.062254753429442644,580.2087593078613,0.041516524,0.15053245,0.15737726,25.290741,23.47818
Egypt,1999,6,26.049652,16.039764,4.442798,0.14910330064594746,570.6525421142578,0.03873804,0.1481261,0.15856375,28.076782,26.21579
Egypt,1999,7,27.552094,18.421722,3.9075875,0.1262151333503425,577.3651256561279,0.039218843,0.14840773,0.15911548,30.171051,28.47763
Egypt,1999,8,28.094604,19.006958,3.6483777,0.11257025133818388,534.1826095581055,0.038338386,0.14789306,0.15988654,30.969482,29.852264
Egypt,1999,9,26.486847,18.406036,3.3265913,0.6629870273172855,443.7971591949463,0.038130157,0.14835155,0.16112089,29.446167,29.25412
Egypt,1999,10,23.361115,16.170502,3.338804,1.0640162155032158,361.2061891555786,0.03927637,0.14998928,0.16187637,26.0083,26.95578
Egypt,1999,11,18.952026,10.62796,3.446664,1.4648987352848053,277.0034122467041,0.04178175,0.15020153,0.1616617,20.822784,22.895752
Egypt,1999,12,14.564758,7.7366943,3.411004,2.6991275995969772,253.2606601715088,0.048159223,0.15220474,0.1623309,16.064423,18.503113
Egypt,2000,1,11.757111,6.0498047,4.084173,18.210511088371277,240.26506280899048,0.07982363,0.14860643,0.10830498,12.995239,15.4646
Egypt,2000,2,12.8038025,5.686615,3.4586115,5.776629865169525,293.37313175201416,0.05259685,0.14715175,0.10835485,13.890747,14.954834
Egypt,2000,3,14.604858,6.354065,3.8660572,3.9929747581481934,427.6896142959595,0.050984904,0.14782304,0.110122636,15.7335205,15.859253
Egypt,2000,4,20.546936,8.975525,4.2027593,0.7196573540568352,499.1535758972168,0.04526888,0.14674003,0.1135987,21.753265,20.118103
Egypt,2000,5,22.634735,12.564789,4.0059843,0.5142413564026356,575.7807369232178,0.044554316,0.14581417,0.11758176,24.725494,22.885315
Egypt,2000,6,25.183685,15.876801,4.2453747,0.07647734368219972,582.5814628601074,0.040866293,0.14470588,0.11908807,27.618866,25.891235
Egypt,2000,7,27.535187,17.488037,3.933987,0.08812316926196218,589.55881690979,0.04132704,0.14584264,0.12259887,29.654999,27.80716
Egypt,2000,8,27.084015,18.819794,4.0802236,0.3729600217193365,533.9109764099121,0.04092771,0.14852713,0.123429075,29.74939,28.786865
Egypt,2000,9,25.54129,17.38974,3.5258613,1.9383430480957031,441.4419651031494,0.041242328,0.15135776,0.123599514,28.119934,28.136505
Egypt,2000,10,21.786652,14.253845,3.468885,4.555683940649033,352.241024017334,0.043748565,0.14867686,0.121918984,24.085571,25.380798
Egypt,2000,11,18.463684,11.908691,3.6470108,5.045028626918793,281.6968631744385,0.04574137,0.14798975,0.12121657,19.914185,21.71701
Egypt,2000,12,14.561218,8.595673,3.5764174,9.803276866674423,240.48513650894165,0.06958967,0.14846875,0.122535974,15.606873,17.950409
Egypt,2001,1,13.472382,6.5849915,3.3209786,3.9194913655519485,269.25458431243896,0.04956422,0.1482358,0.122917205,14.299988,15.9151
Egypt,2001,2,13.774261,4.272003,4.0833645,2.2458662390708923,303.83090591430664,0.046909336,0.14558356,0.12401458,14.366974,15.265472
Egypt,2001,3,18.234558,9.233765,3.7355084,2.576039209961891,437.70837783813477,0.048389018,0.14689979,0.12736967,18.704681,17.71576
Egypt,2001,4,19.967407,8.931702,4.25239,1.1438589915633202,487.90592193603516,0.043013506,0.14671417,0.13019761,21.64679,20.677704
Egypt,2001,5,23.261688,11.992401,4.6255445,1.0077311620116234,574.6319427490234,0.043716066,0.1466398,0.13167883,24.94632,23.197296
Egypt,2001,6,24.862518,15.110931,3.9984996,0.0613469397649169,583.7311935424805,0.042761404,0.14635442,0.13410483,27.391144,25.875793
Egypt,2001,7,27.437164,18.54773,4.167902,0.08641756442375481,585.175968170166,0.042705245,0.14801763,0.13605031,29.627686,27.922241
Egypt,2001,8,28.121368,19.559998,3.5370078,0.2527145016938448,527.9192600250244,0.039287694,0.14853217,0.13707165,30.880829,29.602203
Egypt,2001,9,26.534637,17.515228,3.5113688,0.24978931993246078,448.0115604400635,0.035959743,0.14954792,0.13500147,29.239563,29.038849
Egypt,2001,10,22.47696,15.14035,3.1113112,3.529191017150879,352.05964946746826,0.03718587,0.15024132,0.13065186,25.279877,26.481903
Egypt,2001,11,18.154633,9.887665,3.7589874,2.2035379707813263,270.4559898376465,0.03869886,0.1474614,0.12735774,19.924042,22.08963
Egypt,2001,12,13.650543,6.2502136,4.121166,10.37494021654129,244.2061972618103,0.059226334,0.14747302,0.12737752,14.903473,17.513855
Egypt,2002,1,11.528046,5.9170837,4.039273,14.82914051413536,253.12351322174072,0.08090548,0.14899604,0.1277748,12.415741,14.543976
Egypt,2002,2,14.502563,7.7297974,4.0018063,7.901998281478882,309.4231300354004,0.067136325,0.149534,0.13065356,14.824585,15.324066
Egypt,2002,3,16.940125,8.252533,4.35258,3.0635595321655273,418.33816719055176,0.048284527,0.1489746,0.13441283,17.774261,17.49646
Egypt,2002,4,19.359344,8.760864,4.1696234,1.9969390332698822,478.04469108581543,0.047261715,0.14582163,0.13739195,20.462128,19.396423
Egypt,2002,5,22.61795,12.294006,3.7420104,0.21035855077207088,576.2195243835449,0.04411067,0.14413944,0.14141889,24.500336,22.62201
Egypt,2002,6,25.34259,16.038391,3.8677785,0.19256884697824717,576.4180183410645,0.042803053,0.14354306,0.14332667,27.565002,25.684204
Egypt,2002,7,29.027405,18.80008,3.965829,0.08130073547363281,580.3506660461426,0.041352887,0.14412037,0.1453417,30.735565,28.585876
Egypt,2002,8,28.09961,19.210907,3.8242683,0.11058036820031703,533.7996978759766,0.03811977,0.14422101,0.14612174,30.78836,29.826202
Egypt,2002,9,27.132996,17.17987,3.690456,0.5072813853621483,443.1398105621338,0.036435124,0.14471236,0.1427212,29.399536,29.076935
Egypt,2002,10,22.87259,15.506744,3.4633012,3.9496239125728607,349.7325859069824,0.040636603,0.1458746,0.14142898,25.342651,26.523224
Egypt,2002,11,18.768524,10.728851,3.4036672,1.0354701429605484,281.2438774108887,0.04162865,0.14342104,0.14130677,20.335663,22.403687
Egypt,2002,12,14.689911,7.292938,3.8840368,6.433560475707054,238.96287631988525,0.049511977,0.13823472,0.1403577,15.985077,18.460663
Egypt,2003,1,14.378204,6.098877,3.8516054,2.8671300262212753,273.60183811187744,0.04986312,0.13816397,0.14011058,14.948334,16.5625
Egypt,2003,2,12.860199,3.2053223,5.3591685,7.391819715499878,294.8865623474121,0.049878076,0.13897577,0.1407215,14.0159,15.439789
Egypt,2003,3,14.30484,5.9862976,4.4220576,11.906862258911133,398.21525955200195,0.058093272,0.14135225,0.14185843,15.419464,15.769806
Egypt,2003,4,19.460175,8.46582,4.594352,1.684427261352539,485.08947372436523,0.04471738,0.14155394,0.14380631,20.412262,19.021332
Egypt,2003,5,23.824097,12.71991,4.117275,0.22912025451660156,576.8892059326172,0.04193072,0.14171542,0.14717825,25.036255,22.758514
Egypt,2003,6,26.245453,16.23059,3.7578104,0.09710972663015127,574.006462097168,0.04131572,0.14222217,0.14748216,28.40384,26.346558
Egypt,2003,7,27.62436,18.346436,4.0888047,0.049462684663012624,585.7317695617676,0.04045897,0.14242119,0.14914156,29.906342,28.340546
Egypt,2003,8,27.793243,18.875427,3.6073263,0.19131256872788072,538.2394866943359,0.03985337,0.1444597,0.1497139,30.264526,29.18332
Egypt,2003,9,25.755798,16.813965,3.8030431,0.18266530707478523,449.48158264160156,0.03768651,0.14347532,0.14655599,28.426392,28.530212
Egypt,2003,10,23.305847,14.930298,3.3937392,0.21774952672421932,368.9843339920044,0.039207224,0.145342,0.14434804,25.244415,26.009857
Egypt,2003,11,18.795746,12.248993,3.2781153,1.5003863722085953,273.6306667327881,0.042949717,0.14353791,0.14656118,20.859222,22.856323
Egypt,2003,12,14.083679,6.5931396,4.293008,5.252993881702423,249.21755981445312,0.052729722,0.14075404,0.14673656,15.588562,18.260529
Egypt,2004,1,12.700928,4.6020813,5.1649103,12.377752423286438,267.7551622390747,0.063297674,0.14056554,0.14515302,13.38504,15.216522
Egypt,2004,2,14.104645,5.490082,4.2477,6.365794435143471,308.57428073883057,0.058087476,0.14330836,0.14467148,14.412872,15.009369
Egypt,2004,3,16.853577,7.7122498,4.075031,2.395813263952732,425.3057289123535,0.047126554,0.14493594,0.1480529,17.840912,17.481445
Egypt,2004,4,19.183472,8.482544,4.139301,2.1097294986248016,490.2038383483887,0.04394631,0.14602259,0.15139338,20.807495,19.792725
Egypt,2004,5,22.843994,10.862915,4.321189,1.3477160558104515,545.8824062347412,0.045332987,0.14451544,0.1536465,24.437714,22.817505
Egypt,2004,6,25.195038,15.217804,3.8408499,0.07702753879129887,577.1949005126953,0.04286476,0.14234534,0.15418789,27.337372,25.44339
Egypt,2004,7,27.718018,17.816376,3.8314276,0.06509744259528816,585.8841419219971,0.040206246,0.1423513,0.15410696,29.872345,28.075958
Egypt,2004,8,27.15863,18.645752,3.730955,0.16260147094726562,534.4684925079346,0.03987004,0.14407973,0.15298861,29.970978,29.064178
Egypt,2004,9,25.306946,16.865631,3.6860223,0.23108263034373522,445.7362747192383,0.03939977,0.14683595,0.1516916,27.807495,27.811249
Egypt,2004,10,23.036743,15.229767,3.2560232,0.4136103894561529,370.05300998687744,0.038203344,0.1468321,0.1482333,25.105164,25.915497
Egypt,2004,11,19.25943,11.101074,3.7831285,3.454960137605667,269.4404697418213,0.043530107,0.14339326,0.14858212,21.226562,23.243225
Egypt,2004,12,14.262878,7.406494,3.5656471,4.536353766918182,241.795645236969,0.04513733,0.14022838,0.1475607,15.600403,18.025604
Egypt,2005,1,13.495789,5.2507324,4.508187,8.150825560092926,264.9851722717285,0.05743512,0.14110246,0.1480677,14.040466,15.613739
Egypt,2005,2,13.61145,4.2081604,4.1464305,8.135905504226685,298.84216690063477,0.053434446,0.1393781,0.1474391,14.371704,15.295349
Egypt,2005,3,16.573944,6.7456055,3.8723657,5.1998356729745865,434.2886915206909,0.050060682,0.1389527,0.14672214,17.565765,17.309723
Egypt,2005,4,19.30603,8.488312,4.3473854,1.6723228991031647,490.33613204956055,0.04578913,0.14343919,0.151977,20.593445,19.485962
Egypt,2005,5,22.559052,11.342194,3.8173332,0.13019488519057631,579.657392501831,0.04191919,0.14028229,0.15322798,24.420105,22.676514
Egypt,2005,6,25.237396,15.514008,3.864025,0.11361562181264162,570.2626419067383,0.04126615,0.13934635,0.15193935,27.676208,25.847687
Egypt,2005,7,27.417603,18.223328,3.7011786,0.11456012725830078,580.4480495452881,0.040861845,0.14038804,0.15302399,29.785858,28.009369
Egypt,2005,8,27.73108,19.659698,3.8056552,0.16658122278749943,531.7286281585693,0.0407486,0.14242584,0.15414739,30.390991,29.362244
Egypt,2005,9,26.220856,17.276855,3.7994902,0.12902112677693367,447.53854751586914,0.038992073,0.14616007,0.15339692,28.530426,28.370148
Egypt,2005,10,22.139832,14.379913,3.7008162,0.6893506683409214,360.78108978271484,0.038537316,0.14705513,0.15203024,24.71994,26.019257
Egypt,2005,11,17.498749,9.533966,3.3296201,1.161465235054493,268.8915538787842,0.042877827,0.14596142,0.15259184,19.05365,21.164948
Egypt,2005,12,14.594757,8.076202,3.4429536,4.821759074926376,243.01565885543823,0.05047113,0.14439818,0.15257692,16.011932,18.381134
Egypt,2006,1,12.646027,6.113678,3.3585892,6.899191960692406,264.97290325164795,0.054425124,0.1430734,0.15063147,13.762054,15.46106
Egypt,2006,2,14.176971,5.6173096,3.9180562,7.899688482284546,300.58541107177734,0.055228114,0.14212541,0.14990425,14.617035,15.209595
Egypt,2006,3,16.75467,6.165161,4.1344686,4.343051105737686,434.68171405792236,0.04753715,0.1418788,0.15216586,17.617859,17.242126
Egypt,2006,4,19.890228,9.135559,4.4982357,2.9278718680143356,488.752384185791,0.047725894,0.14149201,0.15397462,20.779083,19.57962
Egypt,2006,5,22.151306,12.261566,3.8041193,1.1473069712519646,577.5755023956299,0.044119693,0.14340568,0.15731366,24.163269,22.507416
Egypt,2006,6,25.77243,15.815643,4.3159404,0.019256884697824717,578.7948417663574,0.041288078,0.14134139,0.1563824,27.618774,25.744415
Egypt,2006,7,27.059021,17.88858,3.9555523,0.2808570861816406,577.181770324707,0.040553655,0.14204806,0.15641318,29.515228,27.988129
Egypt,2006,8,28.17688,19.25003,3.4812746,0.18392159277573228,537.9138698577881,0.04087753,0.14429745,0.15751097,30.535767,29.226898
Egypt,2006,9,26.318573,17.42099,3.5505843,0.4319044388830662,445.7369899749756,0.037992235,0.14519683,0.15529326,28.870087,28.71997
Egypt,2006,10,22.729126,13.894775,3.3997457,2.755696974694729,357.2775602340698,0.03911762,0.14289336,0.15420581,25.136902,26.295074
Egypt,2006,11,17.043304,9.574432,3.3241146,3.2843993604183197,261.55125617980957,0.045923047,0.14034353,0.15144579,19.024536,21.388397
Egypt,2006,12,13.94931,7.562378,3.5153708,6.810216158628464,236.45769023895264,0.050235156,0.13911118,0.15142581,15.460327,17.887054
Egypt,2007,1,12.831696,6.416748,3.6417325,6.552668362855911,259.04371452331543,0.0598344,0.13739981,0.15142286,13.502655,15.2152405
Egypt,2007,2,14.293671,6.8653564,4.4016685,11.004282236099243,285.8332977294922,0.061751608,0.13949065,0.1522958,14.572113,15.198212
Egypt,2007,3,16.594757,6.413574,4.254077,3.959288999438286,421.19409942626953,0.04634163,0.13946985,0.15310651,17.3573,17.079926
Egypt,2007,4,18.766693,9.121033,4.6202374,3.3743564039468765,488.74683380126953,0.049130425,0.14074792,0.15683834,20.144745,19.22757
Egypt,2007,5,23.518585,12.859894,4.253197,5.23480099439621,552.7698497772217,0.047563095,0.14176574,0.16097663,24.725311,22.70819
Egypt,2007,6,26.343872,15.797333,4.2515306,0.057220458984375,579.4782257080078,0.04208634,0.14132354,0.16096121,27.916687,25.859406
Egypt,2007,7,27.81842,18.109436,3.7175689,0.11484439834021032,585.8142528533936,0.040326916,0.14105853,0.16072553,29.994232,28.27356
Egypt,2007,8,27.813293,19.397919,3.5455694,0.1409970852546394,536.2586460113525,0.038953535,0.14345032,0.16012947,30.43277,29.386566
Egypt,2007,9,25.571777,17.180786,3.7943532,0.5708291195333004,438.9796257019043,0.035371277,0.14566013,0.15938738,28.246307,28.438843
Egypt,2007,10,23.352997,15.4166565,3.3034718,0.5389727167785168,376.05267906188965,0.03811209,0.14691518,0.15680324,25.39328,26.171356
Egypt,2007,11,18.760986,9.858765,3.4299724,1.7510010302066803,277.22076416015625,0.038865168,0.14227144,0.15485246,20.512177,22.639465
Egypt,2007,12,14.331757,6.7256165,3.7754686,2.7134831845760345,250.3895616531372,0.041103218,0.13718022,0.15197085,15.736298,18.099152
Egypt,2008,1,12.078583,5.7089844,3.7803357,20.006802797317505,248.47186946868896,0.08466497,0.13993861,0.15382709,13.106964,15.317963
Egypt,2008,2,12.981689,6.184265,4.0206757,9.03066298365593,301.4533815383911,0.060749914,0.13904032,0.15307452,13.590454,14.535706
Egypt,2008,3,18.80429,7.169159,3.970553,1.3502744883298874,439.6470308303833,0.04726643,0.14051804,0.15534352,18.789917,17.690033
Egypt,2008,4,20.577911,8.996063,4.1259584,0.49944106489419937,508.00867080688477,0.04415542,0.14036001,0.16035938,21.62442,20.417603
Egypt,2008,5,23.221008,11.516296,3.752089,0.23281574249267578,573.1332302093506,0.041308705,0.13899468,0.16223595,24.94342,23.224731
Egypt,2008,6,26.98877,15.886139,3.8883905,0.09876031195744872,582.1100234985352,0.03905577,0.13811071,0.161845,28.68457,26.585693
Egypt,2008,7,27.7995,18.602509,4.0221934,0.11257025133818388,582.799976348877,0.037713036,0.13977657,0.16184369,30.137634,28.65741
Egypt,2008,8,28.286743,19.406342,3.5141585,0.10205232235603034,538.4108390808105,0.038029436,0.14403225,0.1640427,30.710663,29.535187
Egypt,2008,9,26.926147,17.410309,3.669061,0.29903193935751915,441.6606044769287,0.034137055,0.14326297,0.16234381,29.402863,29.232513
Egypt,2008,10,22.344208,14.604584,3.4474196,4.1179108917713165,353.0685176849365,0.038590293,0.14087962,0.157456,25.017822,26.433014
Egypt,2008,11,19.23471,11.130676,3.394583,0.6924225948750973,280.4750633239746,0.041074097,0.14119472,0.1586146,20.728394,22.56488
Egypt,2008,12,15.468475,7.585541,3.8412616,3.353797383606434,238.49748134613037,0.044071086,0.13861154,0.15873884,16.832947,19.132782
Egypt,2009,1,14.189819,4.556946,3.9574728,1.8097942136228085,277.94953536987305,0.044925604,0.13755608,0.15790263,14.88266,16.431152
Egypt,2009,2,14.517273,3.9231873,4.7435184,8.212547779083252,313.3435401916504,0.045458358,0.13586083,0.15753056,15.331757,16.425476
Egypt,2009,3,15.833313,5.2603455,4.1475964,4.5107694417238235,429.52213287353516,0.04948974,0.13621016,0.15437628,16.612732,16.72461
Egypt,2009,4,19.693787,9.70163,3.9844396,0.7474422454833984,498.7305450439453,0.045237616,0.1397414,0.15923476,20.914307,19.665192
Egypt,2009,5,22.329315,11.886566,4.0493503,0.5079874359071255,564.9000377655029,0.041988514,0.13863179,0.16176043,24.073608,22.441986
Egypt,2009,6,26.984589,15.769714,3.999067,0.1906431745737791,581.0717010498047,0.038985644,0.13745683,0.16166852,28.517822,26.244263
Egypt,2009,7,28.195892,18.822632,4.0811872,0.042640247265808284,582.5836277008057,0.035994444,0.1376916,0.16107367,30.451416,28.724243
Egypt,2009,8,27.420593,18.72644,3.5698395,0.11427585617639124,537.7837886810303,0.035817675,0.14008346,0.16136535,30.24112,29.389862
Egypt,2009,9,26.427704,17.704956,3.812089,0.5254378728568554,439.7046947479248,0.033690102,0.14112812,0.15927818,28.95819,28.788513
Egypt,2009,10,23.885803,15.028198,3.2323174,3.2147904485464096,360.92728328704834,0.038936414,0.14250816,0.15940145,26.002228,26.825623
Egypt,2009,11,18.30597,10.670746,3.6236727,3.2117731869220734,274.7006034851074,0.042067546,0.13843489,0.15823753,20.230194,22.448578
Egypt,2009,12,15.803406,6.774292,4.3964953,4.41781359910965,250.87671566009521,0.045685086,0.1339968,0.15627462,16.773163,18.867096
Egypt,2010,1,14.703888,6.286682,3.880984,6.34742696583271,278.99290466308594,0.051954966,0.1017449,0.09407969,15.483643,18.258667
Egypt,2010,2,17.00772,5.5770874,4.393864,6.236149907112122,305.34592056274414,0.04894338,0.10438833,0.09480359,17.100922,17.855927
Egypt,2010,3,18.303314,8.611542,4.5621395,0.6396036837249994,441.8966369628906,0.046262197,0.10824993,0.09835214,19.452026,19.594696
Egypt,2010,4,20.599548,9.408905,3.9769018,1.3155203685164452,495.32323837280273,0.04229533,0.1089571,0.10094431,22.24295,21.08844
Egypt,2010,5,23.53238,11.484253,3.9301088,0.407924996688962,574.9181804656982,0.041462798,0.10796772,0.10098509,25.527496,23.751831
Egypt,2010,6,26.781311,15.605499,3.9896991,0.036588083021342754,571.380615234375,0.040478334,0.10886824,0.10192299,29.05423,26.47229
Egypt,2010,7,27.764984,19.128937,4.1003613,0.13161621894687414,577.8252582550049,0.039491303,0.110239476,0.102391675,30.18396,28.190552
Egypt,2010,8,28.748657,20.517212,3.7051544,0.23906963411718607,532.0398178100586,0.0374664,0.11215604,0.10194957,31.352295,29.612976
Egypt,2010,9,26.961823,18.001556,3.6296098,0.27289758436381817,440.9392261505127,0.034684066,0.114427924,0.09966975,29.41623,28.989807
Egypt,2010,10,24.522736,15.315369,3.7522242,1.6666650772094727,360.7392864227295,0.035379164,0.11553347,0.09948115,26.75653,27.57431
Egypt,2010,11,19.74356,12.427673,3.0859408,0.7735765725374222,288.3046245574951,0.040183093,0.11769235,0.1000657,21.328491,23.713867
Egypt,2010,12,15.409851,7.2595215,4.0673676,3.692361131310463,250.03854942321777,0.042623036,0.11576888,0.10201842,16.592499,19.723328
Egypt,2011,1,13.903931,7.4039917,3.3766315,9.679619371891022,257.4416170120239,0.05883129,0.115050726,0.10324586,14.769806,17.200531
Egypt,2011,2,14.848297,6.6597595,4.4914336,12.62044906616211,285.64514923095703,0.07232721,0.11818863,0.102251776,15.3211975,16.781342
Egypt,2011,3,15.931122,6.876465,4.182133,3.902577579021454,421.2669153213501,0.046502117,0.118354306,0.10347324,17.143768,17.491394
Egypt,2011,4,19.402954,8.63623,4.138164,9.647149443626404,471.6339111328125,0.05080495,0.1182351,0.104661934,20.665558,19.70639
Egypt,2011,5,22.618042,11.449158,4.053776,1.4449357986450195,545.7423915863037,0.04372347,0.11810468,0.10497804,24.407043,22.530731
Egypt,2011,6,25.56314,15.389832,3.9139662,0.04594142781570554,576.8162155151367,0.04025722,0.118678145,0.1071442,28.143402,25.887146
Egypt,2011,7,27.970917,18.201141,3.7650998,0.1068848802242428,587.4733200073242,0.040281437,0.12044464,0.109271936,30.187775,27.887115
Egypt,2011,8,27.485474,18.643707,3.591344,0.1242252429947257,536.6822967529297,0.03785141,0.121145636,0.11031793,30.292816,29.003479
Egypt,2011,9,26.142792,18.092743,3.386096,0.930657796561718,439.55586433410645,0.03627286,0.12237925,0.10807036,28.774597,28.423859
Egypt,2011,10,22.361023,13.216187,3.4246113,1.1018239445984364,357.582896232605,0.033288434,0.12282179,0.10459257,25.036652,26.239777
Egypt,2011,11,16.215881,9.833374,3.162454,14.4272580742836,268.1439685821533,0.059905566,0.12351548,0.103901654,18.397552,21.44931
Egypt,2011,12,13.734558,7.3759155,3.4375746,1.8335305638611317,250.02633953094482,0.043881066,0.11997269,0.104313284,14.841034,17.542603
Egypt,2012,1,11.987671,4.394684,4.654795,11.240253508090973,258.4305000305176,0.05033099,0.116505966,0.104095034,13.137939,15.48288
Egypt,2012,2,12.697205,3.2733765,4.5386176,7.332444190979004,298.06689167022705,0.054809112,0.11556323,0.10530977,13.522583,14.883331
Egypt,2012,3,15.024628,6.181946,4.585559,4.297852516174316,420.56320571899414,0.04782993,0.11502342,0.106342964,15.966095,16.065033
Egypt,2012,4,20.683136,7.4092712,4.119866,0.4284657072275877,502.4142837524414,0.04053239,0.115563825,0.1108991,21.6557,19.795288
Egypt,2012,5,23.700012,12.104919,3.790363,0.5264648757874966,572.0460472106934,0.04147545,0.11631788,0.11511384,25.503754,23.15976
Egypt,2012,6,26.523224,16.397797,3.7289393,0.1950447354465723,577.3544883728027,0.039970297,0.11640302,0.11710472,28.76297,26.196075
Egypt,2012,7,28.584442,19.08606,4.010673,0.11143318144604564,582.1451358795166,0.038245745,0.11997373,0.117141925,30.856537,28.63617
Egypt,2012,8,28.492401,18.78836,3.7057471,0.12308818753808737,539.1278820037842,0.035956465,0.122796215,0.11723057,31.188995,29.757782
Egypt,2012,9,25.914154,17.320435,3.463694,0.19724552985280752,445.16143798828125,0.033402715,0.1264589,0.115726694,28.779877,28.660858
Egypt,2012,10,23.903656,16.299652,3.1606166,1.71271663159132,360.4379415512085,0.03411254,0.12840857,0.11371552,26.323334,26.938324
Egypt,2012,11,19.822968,12.796173,3.2926984,5.726722776889801,258.8532829284668,0.04199553,0.12625243,0.11393841,21.753754,23.792664
Egypt,2012,12,14.928436,7.0262756,4.0198927,3.9271664321422577,235.41220712661743,0.040079597,0.121451534,0.112342305,16.57138,19.328217
Egypt,2013,1,13.054474,4.7211914,4.271017,11.491262137889862,274.3901891708374,0.058527544,0.11881353,0.1116176,14.0896,16.426819
Egypt,2013,2,14.67572,4.6667175,3.95601,2.736531674861908,317.39476776123047,0.04975001,0.11865502,0.11315039,15.249054,16.151306
Egypt,2013,3,18.289337,5.5798645,4.662704,0.12507804902270436,448.96864795684814,0.039386585,0.11924033,0.11677097,19.002533,18.50116
Egypt,2013,4,19.567047,7.963135,4.4320364,0.8052128925919533,501.815185546875,0.03799999,0.12003577,0.119957015,21.247131,20.459015
Egypt,2013,5,24.637573,11.864716,4.030065,2.6004864796996117,564.3867492675781,0.039602198,0.1193095,0.12208683,25.950226,23.63559
Egypt,2013,6,26.11731,14.984863,4.221852,0.11939269490540028,577.0023536682129,0.038426552,0.11924832,0.12277139,28.59488,26.664764
Egypt,2013,7,26.580597,17.818848,4.280761,0.15236781304702163,581.738691329956,0.039111793,0.12337546,0.12547038,29.077576,27.689575
Egypt,2013,8,27.803986,18.882843,3.596016,0.10716915130615234,538.4098930358887,0.035997443,0.12549236,0.12579146,30.471771,29.098083
Egypt,2013,9,26.125854,16.962189,3.82413,0.33231882378458977,444.7517967224121,0.03163116,0.12655209,0.123940185,28.800568,28.631226
Egypt,2013,10,21.80017,13.407532,4.066046,0.39030040614306927,374.1801013946533,0.031418808,0.1285728,0.12088997,24.312683,25.737366
Egypt,2013,11,19.407104,11.905151,3.3350492,3.8775113224983215,265.9306240081787,0.039859395,0.12509865,0.12085993,20.969055,22.629486
Egypt,2013,12,13.898621,6.679016,3.8970468,10.477844774723053,238.11792516708374,0.054635044,0.123385265,0.12033438,15.627869,18.665222
Egypt,2014,1,13.797455,7.2585144,3.212044,7.172658070921898,270.10634994506836,0.053855136,0.12077619,0.11866272,14.592041,16.309845
Egypt,2014,2,14.623657,7.4549255,3.6767704,6.5060025453567505,303.414608001709,0.05198758,0.12194861,0.12109701,15.563965,16.418549
Egypt,2014,3,17.302673,7.242157,4.3604717,4.4522102773189545,426.59900188446045,0.044023212,0.12216322,0.12227306,18.306824,17.962433
Egypt,2014,4,20.326965,9.575653,3.7321484,1.0360204428434372,498.7931442260742,0.04223857,0.124912895,0.1260458,21.852173,20.47699
Egypt,2014,5,23.641602,11.463348,3.9595578,5.407351642847061,553.6156730651855,0.042074367,0.123579375,0.124725334,25.577759,23.694672
Egypt,2014,6,26.149536,14.898163,4.0859513,0.3614792414009571,570.6689071655273,0.038909253,0.12520172,0.12654231,28.461151,26.463593
Egypt,2014,7,27.374115,17.89038,3.8282485,0.09608268737792969,579.8622703552246,0.038076226,0.12700063,0.12947665,30.060425,28.329132
Egypt,2014,8,28.11789,19.19748,3.7624795,0.113138786284253,534.879903793335,0.035095066,0.12809081,0.12908201,30.864868,29.540955
Egypt,2014,9,26.687744,17.335907,3.457836,1.0660061985254288,434.79618072509766,0.03134779,0.1305815,0.1256634,29.598267,29.279236
Egypt,2014,10,22.69934,13.889679,3.2245753,2.0265487879514694,363.5746421813965,0.032115363,0.13147789,0.12106391,25.290588,26.504852
Egypt,2014,11,18.461182,10.764984,3.392254,5.104725211858749,265.69868087768555,0.03649664,0.12753329,0.117712855,20.542053,22.799591
Egypt,2014,12,15.425079,7.4349976,3.4284995,1.7053256556391716,246.31094026565552,0.037522715,0.1250349,0.119078964,16.872467,19.26233
Egypt,2015,1,12.569672,3.0531616,4.688901,6.301375180482864,271.4671173095703,0.048234843,0.04842244,0.05194939,14.082916,18.711853
Egypt,2015,2,13.413879,3.8303833,4.561791,9.25614309310913,286.5820732116699,0.052365698,0.05054254,0.054209076,14.673401,17.891663
Egypt,2015,3,16.789001,7.681183,3.991135,5.985837787389755,413.9865970611572,0.047422767,0.055299915,0.057244197,17.867584,18.437683
Egypt,2015,4,18.78769,7.4541626,4.309994,3.131994903087616,501.9196128845215,0.04119716,0.05759569,0.06013735,20.69284,20.012787
Egypt,2015,5,23.25476,11.906769,3.7752957,2.562394544482231,566.5382328033447,0.039476357,0.059368312,0.06364728,25.269135,22.450623
Egypt,2015,6,24.987732,15.13797,3.9340963,0.20412297919392586,566.1296653747559,0.034316175,0.061840538,0.06541245,27.683777,24.87143
Egypt,2015,7,27.36914,17.532928,3.4746726,0.13787013944238424,582.4346256256104,0.034680627,0.06511728,0.068130344,29.827423,26.56958
Egypt,2015,8,29.425598,19.74527,3.6783094,0.18534294096753,531.1395378112793,0.03258612,0.065595776,0.070295006,32.084198,28.791077
Egypt,2015,9,28.0878,18.513275,3.5613024,1.1144234240055084,441.2329387664795,0.029939946,0.065914646,0.06860226,30.352905,28.757294
Egypt,2015,10,23.987152,16.240356,3.433126,9.166231095790863,346.1753387451172,0.03959567,0.06572328,0.06516512,26.498413,27.395386
Egypt,2015,11,19.176361,12.5512085,3.5099826,15.346637964248657,262.5029182434082,0.056671627,0.075228736,0.06251131,20.818207,23.838928
Egypt,2015,12,14.6006775,8.596527,3.6556246,11.192212164402008,228.42517757415771,0.04884497,0.0696283,0.061714496,16.360413,20.523651
Egypt,2016,1,12.73941,5.2716675,4.1634336,10.265781044960022,261.08823585510254,0.060365636,0.06837251,0.061375722,14.197449,18.166107
Egypt,2016,2,16.016724,6.791931,4.1381536,1.651149496436119,319.1620397567749,0.048264284,0.070166364,0.0631703,16.211975,17.540924
Egypt,2016,3,17.937317,6.7912292,4.475331,3.1724343821406364,413.224084854126,0.042884234,0.071355,0.06659807,19.141235,19.326508
Egypt,2016,4,22.350708,9.079224,4.1176395,1.7380714416503906,510.00011444091797,0.040078696,0.070843115,0.07006659,23.140198,21.20456
Egypt,2016,5,24.290161,11.137604,4.2512517,0.2711919415742159,567.0208339691162,0.034992762,0.070509255,0.07242374,26.203827,23.805206
Egypt,2016,6,28.045837,15.431793,4.035502,0.17083608079701662,578.6823463439941,0.034804657,0.071921706,0.07512517,29.9516,26.374237
Egypt,2016,7,27.95456,18.658722,3.9280853,0.12877353699877858,580.5681381225586,0.031886093,0.07483254,0.07752562,30.731354,28.067963
Egypt,2016,8,28.05539,19.168396,3.6268785,0.1816474529914558,529.8486003875732,0.02983245,0.07906006,0.079372324,30.85199,28.788513
Egypt,2016,9,26.590637,16.98114,3.6859894,0.15515548177063465,444.3647575378418,0.027303606,0.080048375,0.0787892,29.28009,28.581482
Egypt,2016,10,23.594177,16.135254,3.4147792,1.1893786005675793,368.3605651855469,0.030577086,0.08175293,0.078699,25.835968,26.79242
Egypt,2016,11,19.16571,10.684723,3.4193044,3.540515899658203,270.433874130249,0.0353514,0.08196055,0.078547806,21.0849,23.901428
Egypt,2016,12,13.375732,6.2606506,4.0023046,7.819368004798889,239.83492279052734,0.04055167,0.07835864,0.07534548,15.7109375,20.01889
Egypt,2017,1,11.818207,4.028351,3.7820227,5.296487003564835,272.41396045684814,0.044567622,0.07882801,0.07414471,13.179932,16.88379
Egypt,2017,2,13.324432,5.679962,3.525542,5.868985295295715,301.94365310668945,0.04344805,0.07917151,0.07429748,14.427246,16.488617
Egypt,2017,3,16.654144,7.6674805,4.3024726,5.419006749987602,423.14780044555664,0.045049563,0.0809735,0.076261565,17.86316,17.885925
Egypt,2017,4,19.56012,8.942322,4.180068,4.766354262828827,490.81323623657227,0.04319583,0.08108112,0.07879443,21.093567,19.957428
Egypt,2017,5,23.782074,11.730896,4.018366,0.5710950531065464,572.2028541564941,0.035027925,0.08068562,0.08123667,25.57724,22.918732
Egypt,2017,6,26.77707,15.7846985,3.820492,0.1452519278973341,576.8600463867188,0.0340035,0.08159998,0.08246483,28.961456,25.796967
Egypt,2017,7,28.852325,18.27768,3.870193,0.07703670533373952,584.0836410522461,0.030675717,0.084124126,0.08495959,31.100922,28.083984
Egypt,2017,8,28.464752,19.29654,3.4781451,0.0855647656135261,533.9314937591553,0.0280015,0.08651621,0.086792655,31.367401,29.25885
Egypt,2017,9,26.114288,17.330017,3.6011147,0.20467318128794432,448.8292980194092,0.0269956,0.08983975,0.086865336,28.846405,28.472534
Egypt,2017,10,22.4039,13.489563,3.6630194,1.143042840063572,367.76467514038086,0.02736485,0.08878151,0.084120676,24.92752,26.302185
Egypt,2017,11,17.717743,9.968964,3.160231,3.0409372597932816,271.4274501800537,0.03205259,0.08550179,0.08150704,19.998291,22.93573
Egypt,2017,12,15.679657,8.744232,3.7751698,2.522881232202053,227.89750623703003,0.03859227,0.08463692,0.08365504,17.063263,19.9841
Egypt,2018,1,13.502808,6.6428223,4.6653,8.77976804971695,262.60025215148926,0.05061813,0.08303091,0.08491135,14.848511,17.824219
Egypt,2018,2,16.249146,7.2014465,3.5532033,8.008168935775757,286.4454879760742,0.053649828,0.083829455,0.086546674,16.599457,17.590973
Egypt,2018,3,19.169067,6.565277,4.0011044,1.0028986185789108,443.2110185623169,0.04042929,0.0836997,0.08823281,20.169159,19.55545
Egypt,2018,4,21.230927,9.512329,3.93846,2.9850923269987106,502.20531463623047,0.038263753,0.08422612,0.0914526,22.623718,21.265015
Egypt,2018,5,25.214935,13.19632,4.0643253,1.1925055608153343,548.6444435119629,0.03654358,0.08621148,0.09337118,26.896606,24.247375
Egypt,2018,6,27.255585,15.960388,3.7808566,0.5210363119840622,567.0530319213867,0.03324591,0.08757288,0.09378057,29.727417,26.926392
Egypt,2018,7,28.40622,18.73056,4.138771,0.045198661740869284,580.2782344818115,0.032422535,0.09077927,0.09461096,30.895569,28.585266
Egypt,2018,8,28.414307,19.650269,3.6887574,0.22059219423681498,528.5931396484375,0.0303697,0.09345722,0.09387108,31.426453,29.671478
Egypt,2018,9,26.631287,18.151062,3.63111,0.30178287997841835,437.93858528137207,0.027727665,0.09402888,0.092345186,29.477448,29.102325
Egypt,2018,10,23.681335,15.088013,3.536109,2.2253944501280785,362.6881093978882,0.02978891,0.093797915,0.091152206,26.309113,27.285889
Egypt,2018,11,18.84024,11.838135,3.126316,12.404735684394836,270.34398078918457,0.048653062,0.09090109,0.08708902,20.831116,23.754517
Egypt,2018,12,14.835815,8.050079,4.1783743,11.815895974636078,231.34530782699585,0.053447627,0.08922888,0.08512585,16.572845,20.02652
Egypt,2019,1,11.82196,2.2683716,5.0129046,2.234633170068264,286.5997266769409,0.049820684,0.088784344,0.0854864,13.319061,16.841217
Egypt,2019,2,13.413116,4.9391174,4.208291,12.737787365913391,295.0897445678711,0.060740553,0.08951397,0.08590157,14.373383,16.303162
Egypt,2019,3,15.534088,6.881012,4.4468417,9.58495944738388,409.3743028640747,0.04981031,0.08974787,0.08587493,16.842316,17.172516
Egypt,2019,4,19.06134,7.9583435,4.245202,4.13060188293457,488.77676010131836,0.044235382,0.09002737,0.08609332,20.305542,19.219269
Egypt,2019,5,24.255371,10.498505,4.2833347,0.2464606100693345,574.9462661743164,0.03958736,0.09202825,0.08899701,25.753082,22.908478
Egypt,2019,6,27.255066,17.260529,4.104055,0.6778423860669136,560.7015037536621,0.0364859,0.09163402,0.093090996,29.237732,26.154114
Egypt,2019,7,28.508636,18.508179,3.7952452,0.046051464159972966,583.937536239624,0.033242922,0.09530645,0.09655079,31.086945,28.502045
Egypt,2019,8,28.47519,18.877441,3.403086,0.11228598025627434,539.9245109558105,0.032250676,0.098199256,0.09872609,31.279388,29.361359
Egypt,2019,9,26.15207,17.92987,3.639667,0.2651948109269142,446.1360740661621,0.030039059,0.098666705,0.098025806,29.16632,28.85205
Egypt,2019,10,23.89389,16.50409,3.4564362,16.41791671514511,358.91203022003174,0.051582918,0.10005135,0.09557883,26.237213,27.124298
Egypt,2019,11,19.96585,11.053162,3.193752,0.5061810091137886,291.94129943847656,0.037208356,0.09810675,0.09301229,21.881287,24.00531
Egypt,2019,12,14.944275,7.7068176,4.364314,9.043427258729935,243.68724727630615,0.04254873,0.08887785,0.089189716,16.991821,20.41101
Egypt,2020,1,12.112579,5.7804565,4.624227,15.73737782239914,252.227313041687,0.06828788,0.0933809,0.0890673,13.686615,17.026764
Egypt,2020,2,14.008026,6.907318,4.020193,9.81834328174591,292.85161209106445,0.051535945,0.09733495,0.08896935,15.14328,16.592896
Egypt,2020,3,16.439789,7.5132446,4.589918,41.38647937774658,413.98973083496094,0.09126802,0.1368907,0.09081753,17.055817,17.361908
Egypt,2020,4,19.051239,8.991211,3.9972777,1.5669602528214455,488.25233459472656,0.04156303,0.1373623,0.093559615,21.019012,19.836761
Egypt,2020,5,23.516449,10.968201,4.2730856,0.506281852722168,578.0651988983154,0.037808158,0.12965529,0.09489346,25.608307,23.512238
Egypt,2020,6,25.60022,14.172821,4.103925,0.09408363606780767,578.3960151672363,0.035828285,0.13133276,0.09795945,28.321136,26.218872
Egypt,2020,7,27.42566,18.266693,3.8136466,0.1324690249748528,579.6677989959717,0.03721773,0.1337272,0.104222015,30.34729,28.47644
Egypt,2020,8,28.197235,19.225159,3.728982,0.07447830168530345,539.0022354125977,0.033737823,0.13548067,0.10725982,31.09671,29.787079
Egypt,2020,9,27.559052,19.450134,3.7589355,0.44675974175333977,444.49567794799805,0.03253875,0.13741753,0.107974924,30.240448,29.686249
Egypt,2020,10,24.450226,16.637146,3.269562,2.8779323995113373,367.27929496765137,0.033373795,0.13621846,0.10387148,27.092804,27.915253
Egypt,2020,11,18.44165,11.926788,3.4076037,11.88342422246933,256.7131519317627,0.050694343,0.13427144,0.099320784,20.8833,23.476929
Egypt,2020,12,15.588898,8.25528,3.3006616,4.329121887683868,247.75101280212402,0.05040676,0.13475083,0.09720782,16.779755,19.200958
Egypt,2021,1,14.418304,7.393585,3.9735312,5.108869850635529,273.99885177612305,0.051717542,0.13661613,0.10081099,15.442352,17.361542
Egypt,2021,2,14.497528,7.5302124,3.843028,14.093857288360596,297.28968811035156,0.06493067,0.13313214,0.10010158,15.509247,16.604156
Egypt,2021,3,16.502563,6.6891785,4.26717,1.71953896433115,417.8824987411499,0.044376034,0.1324804,0.10175528,17.849304,17.70404
Egypt,2021,4,19.95932,7.576996,4.322523,0.2976564131677151,509.5300483703613,0.041005194,0.13125922,0.1058412,21.030731,19.80429
Egypt,2021,5,25.28424,11.643066,3.8415093,0.19074402656406164,586.9111919403076,0.03661292,0.12705734,0.10857685,27.134003,24.730133
Egypt,2021,6,25.884888,15.739563,3.9771502,0.017606295878067613,580.9305953979492,0.035520133,0.12870346,0.11002187,28.555176,26.605652
Egypt,2021,7,28.784088,18.834259,3.9483745,0.03979756170883775,584.1081790924072,0.03270596,0.13001058,0.11067079,31.36618,29.42987
Egypt,2021,8,29.196503,19.467102,3.7981493,0.07618390652351081,542.3380489349365,0.033214465,0.12996124,0.1114018,31.821564,30.530548
Egypt,2021,9,26.586884,17.572174,3.996409,0.6514329090714455,443.56801986694336,0.029222416,0.13130753,0.10878431,29.436493,29.546875
Egypt,2021,10,22.98529,14.772644,3.466662,1.7331838607788086,367.25478649139404,0.03294284,0.13216937,0.1071552,25.506287,26.659363
Egypt,2021,11,20.12497,12.474091,3.1882997,6.014750897884369,276.4179039001465,0.046418205,0.13173808,0.1069576,21.788452,23.737518
Egypt,2021,12,14.245544,7.1053467,3.917221,15.47727182507515,231.64938735961914,0.0498209,0.13013282,0.107204355,16.200012,19.183197
Egypt,2022,1,11.679382,4.8118896,4.3667097,10.185049414634705,260.657696723938,0.07907764,0.13340227,0.10578738,12.963104,15.628021
Egypt,2022,2,13.393158,5.7124634,4.0618753,7.250089168548584,298.6367950439453,0.054858487,0.1306477,0.10535455,14.110291,15.021515
Egypt,2022,3,13.829712,5.098053,4.466254,8.019208908081055,410.37202548980713,0.053905133,0.12901741,0.10748753,15.315002,15.876434
Egypt,2022,4,21.007416,8.3020935,4.4555316,0.036588083021342754,505.2715873718262,0.04268004,0.12905365,0.11341207,21.669159,19.62851
Egypt,2022,5,22.943817,11.489471,4.184783,1.3110453821718693,564.9907398223877,0.03821139,0.12651838,0.11793848,24.732208,22.78598
Egypt,2022,6,26.803223,16.754211,3.9616175,0.07152557373046875,575.4687881469727,0.035714563,0.12502581,0.11881999,29.112518,26.68457
Egypt,2022,7,27.736176,18.133026,4.0238004,0.04917841718997806,588.1868743896484,0.033701994,0.12887225,0.11825756,30.265717,28.478943
Egypt,2022,8,28.256561,19.516693,3.7203295,0.1409970852546394,533.8986778259277,0.03287408,0.13315366,0.11725436,31.122925,29.713837
Egypt,2022,9,27.004517,18.191284,3.7662966,0.1642337255179882,445.0703430175781,0.031450476,0.1334316,0.114883885,29.606415,29.270142
Egypt,2022,10,23.068329,15.102692,3.5012183,4.548008412122726,352.4446897506714,0.033905637,0.13211782,0.11178427,25.78244,27.014252
Egypt,2022,11,18.840393,10.635162,3.1711645,2.7738167345523834,275.6008529663086,0.035812005,0.13216192,0.1061554,20.843903,22.98581
Egypt,2022,12,16.401733,10.020782,3.1218987,6.395184218883514,242.74164581298828,0.045140665,0.13108438,0.1056585,17.710266,19.828827
Egypt,2023,1,14.333374,7.8711243,3.551106,11.073956549167633,268.88822841644287,0.060924295,0.13154356,0.10574734,15.254761,17.248688
Egypt,2023,2,13.154053,5.7188416,3.9257815,6.48764431476593,285.17213439941406,0.051815946,0.130222,0.105818994,14.387421,15.776428
Egypt,2023,3,17.499115,7.4874268,4.0784574,9.260892868041992,420.3312768936157,0.050398286,0.13146669,0.10721418,18.611267,18.274048
Egypt,2023,4,19.94693,8.696991,4.198483,3.8201531767845154,492.57579803466797,0.044315916,0.13148458,0.10976938,21.424408,20.257996
Egypt,2023,5,22.986298,12.3497925,4.458818,2.0640720799565315,551.6623859405518,0.04278253,0.1313341,0.11489107,24.68573,22.986206
Egypt,2023,6,26.125092,16.172272,4.1228156,1.1796217784285545,561.1748313903809,0.042184137,0.12889196,0.12079881,28.4393,26.332153
Egypt,2023,7,28.876953,19.12738,4.07041,0.046904270187951624,589.5670356750488,0.03823117,0.12964168,0.12309043,30.95282,28.845673
Egypt,2023,8,28.781036,19.307465,3.5036721,0.10119951632805169,535.8509006500244,0.0341863,0.13476926,0.124633186,31.561646,30.267181
Egypt,2023,9,27.665192,17.910614,3.614489,2.7174215018749237,441.9276237487793,0.03556836,0.13596259,0.12323257,30.109436,29.839722
Egypt,2023,10,23.947205,16.254883,3.095231,2.4273669570684433,351.3792953491211,0.035073623,0.13452502,0.11931356,26.405731,27.324951
Egypt,2023,11,20.500397,12.50235,3.3014424,2.5548385083675385,279.43264961242676,0.04030134,0.13286613,0.11836522,22.608246,24.59674
Egypt,2023,12,16.684448,10.143829,3.3473902,2.785545200109482,235.79816389083862,0.038830817,0.129945,0.11698977,18.100311,20.242065
Egypt,2024,1,14.271576,5.861206,3.7342868,5.753306597471237,269.87619495391846,0.042080052,0.13075043,0.11765619,15.831909,18.000458
Egypt,2024,2,14.604431,7.2137756,3.6701987,5.204751074314117,311.03333568573,0.049273476,0.13052121,0.11617672,15.661316,16.699493
Egypt,2024,3,17.282196,7.8513184,3.7860823,4.936603754758835,428.010027885437,0.046570532,0.13056356,0.11916168,18.522491,18.355652
Egypt,2024,4,21.27179,11.056,4.136999,1.634359359741211,503.6931610107422,0.04463933,0.12867233,0.122400865,22.771912,21.351837
Egypt,2024,5,24.578339,11.174347,3.8427925,0.16459134686738253,572.038537979126,0.03852796,0.12753476,0.12504596,26.34314,24.363068
Egypt,2024,6,28.71405,16.674408,3.752857,0.020907475263811648,585.2268218994141,0.036510263,0.12460224,0.1263199,30.696747,28.17508
Egypt,2024,7,29.627869,19.477753,3.609746,0.022172927856445312,582.8112106323242,0.035482172,0.12357272,0.12695579,32.354065,30.356842
Egypt,2024,8,29.363464,19.758484,3.216504,0.04406158463098109,537.73069190979,0.03291759,0.124805175,0.12743652,32.452118,31.170197
Egypt,2024,9,27.672577,18.30719,3.529032,0.2159522194415331,436.8249034881592,0.029761126,0.127628,0.12523891,30.903015,30.779236
Egypt,2024,10,23.180725,14.709656,3.4825819,0.5600085891783237,368.82392024993896,0.03246022,0.13059412,0.122253604,26.175415,27.674072
Egypt,2024,11,18.439392,11.252197,3.360083,5.576931685209274,258.16283226013184,0.043893054,0.12893526,0.12140877,20.708221,23.18509
Egypt,2024,12,14.676239,7.332489,3.62434,4.889414682984352,252.2252435684204,0.039815664,0.124327965,0.12092782,16.563354,19.343811
Greece,1985,1,6.552948,3.4191284,3.3157537,157.7091031074524,176.65765857696533,0.3133433,0.3098057,0.27351952,7.558197,8.750122
Greece,1985,2,4.575897,-0.13586426,3.1601279,63.83849048614502,251.78330612182617,0.29770014,0.29963705,0.29349187,6.3281555,7.662079
Greece,1985,3,8.416443,4.9734497,2.751653,100.15447950363159,342.3550024032593,0.30671182,0.30757248,0.29848102,8.377991,8.036774
Greece,1985,4,13.769684,7.652405,2.7689068,50.42248606681824,559.0819358825684,0.25114465,0.26522276,0.28029272,12.820892,11.521484
Greece,1985,5,18.567047,12.5190735,2.1954794,39.010709285736084,634.4373550415039,0.19993687,0.2225224,0.24876401,17.619843,15.593628
Greece,1985,6,21.608246,13.275696,2.3949957,14.008397161960602,703.2519721984863,0.14420326,0.1769298,0.21860361,21.56482,19.567352
Greece,1985,7,23.634369,13.857544,2.7181106,8.70971268415451,699.3634128570557,0.1170813,0.14945169,0.19944537,23.463715,21.644623
Greece,1985,8,24.157837,14.12793,2.900445,5.311068475246429,647.7608013153076,0.10037342,0.13277759,0.18448512,24.637695,23.635345
Greece,1985,9,20.478638,11.599762,2.6608467,10.351466238498688,500.97341537475586,0.10954273,0.124347016,0.17108324,21.343353,21.761536
Greece,1985,10,14.048187,7.744232,2.706321,61.4637588262558,349.21356201171875,0.17671661,0.16326238,0.17160979,15.461304,17.595276
Greece,1985,11,12.351624,8.943329,2.7590048,142.53021240234375,206.66261672973633,0.27176,0.2604844,0.2040387,12.765045,14.207977
Greece,1985,12,9.0303955,5.5501404,2.519596,37.086113929748535,194.81379795074463,0.2793154,0.27806404,0.25118312,9.232941,11.133057
Greece,1986,1,7.518158,3.8721924,2.972274,112.90468907356262,205.80998849868774,0.29753593,0.29337543,0.26790917,8.086121,9.3815
Greece,1986,2,7.129669,3.9031677,3.360088,144.8818473815918,214.4165496826172,0.31685996,0.3149751,0.2924701,7.899048,8.547638
Greece,1986,3,9.058868,5.3371887,2.8412104,56.08767747879028,365.7719202041626,0.2893322,0.2955303,0.29454157,9.231598,9.12735
Greece,1986,4,14.26413,7.3509827,2.5255592,28.36659014225006,584.6531867980957,0.20501836,0.22852641,0.25390658,13.655212,12.41861
Greece,1986,5,17.240875,10.899567,2.3973498,54.87087154388428,623.5341281890869,0.216029,0.22363086,0.22842918,16.658508,15.074524
Greece,1986,6,21.513885,14.136108,2.461887,58.99066686630249,650.2884864807129,0.18210137,0.19704558,0.20338508,21.382782,19.511658
Greece,1986,7,23.475616,15.394836,2.4603486,16.43913620710373,682.5563926696777,0.14401117,0.167996,0.1939538,23.61142,21.856384
Greece,1986,8,24.457642,15.658142,2.703357,11.674130588769913,636.9856452941895,0.12348375,0.14658248,0.18687214,24.664703,23.477325
Greece,1986,9,20.887756,12.889465,2.6358852,16.629404425621033,477.06298828125,0.11798947,0.13412549,0.17810103,21.810211,22.164001
Greece,1986,10,15.310455,9.670258,2.8325768,94.25801801681519,324.43404388427734,0.17639342,0.16037397,0.17700592,16.583527,18.275482
Greece,1986,11,9.420013,4.999634,2.6793604,41.01256728172302,224.15627002716064,0.2546904,0.2524778,0.21310477,10.705719,13.227814
Greece,1986,12,5.5855103,1.2771912,2.849203,72.48293161392212,188.58270263671875,0.24508959,0.243234,0.21716611,6.7035217,9.055176
Greece,1987,1,6.683197,3.1605225,3.481517,116.27229118347168,190.52814054489136,0.2999652,0.29423714,0.25571913,7.184021,8.085663
Greece,1987,2,7.5681458,3.8328247,2.8736184,80.61346054077148,234.44600677490234,0.30165055,0.30047867,0.27731538,7.866028,8.422302
Greece,1987,3,4.649475,0.24368286,3.129553,133.60717487335205,354.16776275634766,0.3071444,0.30738336,0.2923268,6.2898254,6.7378235
Greece,1987,4,11.686768,6.014801,3.0356278,88.52963447570801,512.3316192626953,0.27678457,0.28336623,0.2884703,11.226715,10.326721
Greece,1987,5,15.64386,9.368866,2.451836,37.41345655918121,625.2605419158936,0.21778174,0.23490904,0.25091964,14.808899,13.090942
Greece,1987,6,21.500824,13.188873,2.4139555,20.687395334243774,694.3399429321289,0.15600482,0.18274158,0.2164928,20.760681,18.342957
Greece,1987,7,25.023804,15.598877,2.573227,16.51779282093048,703.181827545166,0.13136539,0.15889965,0.19820376,24.447723,22.02298
Greece,1987,8,23.545227,15.310455,2.497559,22.712836802005768,627.5764598846436,0.13104361,0.150627,0.19569607,24.180145,23.374146
Greece,1987,9,22.176086,14.0815735,2.482261,15.856799483299255,506.12857818603516,0.12185309,0.14503205,0.1872434,22.500061,22.213013
Greece,1987,10,14.91095,10.356262,2.8441715,72.34809064865112,303.49038314819336,0.2104753,0.2049771,0.19603923,16.540894,18.470062
Greece,1987,11,11.22348,7.89563,2.5770679,115.12083292007446,205.18901824951172,0.28467754,0.26972353,0.22641952,11.748077,13.598724
Greece,1987,12,7.9205017,4.5628967,2.563384,65.36994504928589,181.78525161743164,0.29864654,0.29572508,0.26698887,8.847931,10.982727
Greece,1988,1,7.883728,5.0733643,2.5097675,63.577914237976074,191.84887838363647,0.29555976,0.29362422,0.27619818,7.9661255,8.911255
Greece,1988,2,6.7663574,2.5015564,3.0072334,83.05426001548767,273.1350326538086,0.29871884,0.29788783,0.2837886,7.243927,8.308228
Greece,1988,3,8.740234,4.0159607,3.0190568,103.79311609268188,411.518572807312,0.3037812,0.30557728,0.29463485,8.549927,8.435638
Greece,1988,4,12.234589,6.8897095,2.3950515,45.749441385269165,512.5750923156738,0.24798675,0.25737163,0.27217138,12.134857,11.172058
Greece,1988,5,17.70456,10.666412,2.3338158,17.638547480106354,655.6015033721924,0.1774979,0.20322084,0.23737656,17.088348,15.150269
Greece,1988,6,22.09674,13.410461,2.2964215,15.592446327209473,690.8505249023438,0.13755563,0.16771822,0.21371897,21.783081,19.473541
Greece,1988,7,26.421082,15.807373,2.7458446,5.0100783705711365,724.3232116699219,0.10821439,0.14657456,0.19911413,26.023468,23.706299
Greece,1988,8,24.913239,15.127533,2.6197424,6.08320789039135,648.3375339508057,0.10695592,0.13392608,0.18566242,25.329742,24.37024
Greece,1988,9,20.858704,12.963562,2.5427005,15.283300280570984,480.8674621582031,0.11872482,0.1298468,0.18072146,21.972382,22.495514
Greece,1988,10,15.064789,8.833405,2.987164,43.285032629966736,350.75919246673584,0.1577737,0.14181618,0.16756082,16.534424,18.600098
Greece,1988,11,7.81781,3.8771973,2.9307947,156.4531660079956,199.57789421081543,0.280574,0.2538505,0.19199306,9.466949,12.18985
Greece,1988,12,6.1853333,2.6747131,2.9003453,129.72747421264648,168.2467131614685,0.30661288,0.30412692,0.26593956,7.8822937,9.8871765
Greece,1989,1,4.401367,-0.36743164,2.909301,12.581113278865814,242.04634714126587,0.2718701,0.27564076,0.27004567,4.8734436,6.6014404
Greece,1989,2,7.20459,2.0533142,2.9910226,31.463603973388672,295.710693359375,0.24420832,0.24971616,0.2540798,6.3309937,6.56073
Greece,1989,3,10.639679,5.743622,2.6744392,70.44609689712524,438.122745513916,0.25551283,0.258085,0.24889755,10.004791,9.33429
Greece,1989,4,14.829437,7.800293,2.730282,30.39545774459839,589.9168968200684,0.18796907,0.21233004,0.22811642,14.131409,12.599487
Greece,1989,5,16.263214,9.418579,2.5548115,45.31143128871918,630.1462135314941,0.19244976,0.20188162,0.21525015,16.250732,14.977753
Greece,1989,6,20.111237,12.533264,2.3079028,30.448533296585083,667.6218223571777,0.16551496,0.1829211,0.20291407,19.97641,18.05722
Greece,1989,7,23.277924,14.881989,2.7359154,27.84812754392624,682.7137908935547,0.14210959,0.16068903,0.18703862,23.505524,21.741943
Greece,1989,8,23.754028,14.605316,2.7015936,9.078393042087555,641.4211177825928,0.11901194,0.14467107,0.18279867,24.057343,22.839996
Greece,1989,9,20.521973,13.496918,2.4432914,26.87005341053009,477.76926040649414,0.12298478,0.13155925,0.17172623,21.50119,21.729828
Greece,1989,10,14.409119,8.990112,2.871504,81.44333696365356,342.1055717468262,0.23654501,0.22466312,0.18410026,15.24054,17.13559
Greece,1989,11,10.477539,6.1777344,2.643516,74.66752052307129,220.4073143005371,0.24180144,0.23391587,0.19038515,11.678833,13.724945
Greece,1989,12,7.060913,3.6026306,2.6884034,67.85544896125793,187.9161548614502,0.27107593,0.26396167,0.21393147,7.827118,9.712128
Greece,1990,1,4.430786,0.123931885,2.5601177,11.512799441814423,228.09571743011475,0.26771122,0.26842856,0.23511985,5.2937927,6.967804
Greece,1990,2,7.8314514,2.4665833,3.2088041,44.946866512298584,293.13154220581055,0.25293538,0.25489092,0.23451562,7.3635254,7.6862183
Greece,1990,3,10.849182,3.3624268,2.8633914,10.66681632399559,498.76434326171875,0.18586351,0.207164,0.2136761,10.038971,9.319489
Greece,1990,4,13.4088745,7.4162292,2.646813,57.66398549079895,529.2244148254395,0.20654963,0.20317522,0.20264341,13.311584,12.166595
Greece,1990,5,17.138916,9.972839,2.3580153,40.274595737457275,621.0088977813721,0.18002021,0.1939646,0.2034253,16.964539,15.163635
Greece,1990,6,21.484741,12.379608,2.5879917,13.62416535615921,707.0736122131348,0.14860828,0.17316619,0.19586647,21.05661,18.933197
Greece,1990,7,24.445374,14.560394,2.7725627,14.057435780763626,713.5187873840332,0.11836046,0.14385255,0.18568406,24.503174,22.598022
Greece,1990,8,23.203705,14.414215,2.7818654,34.815040707588196,631.6950664520264,0.13689011,0.1511386,0.18345995,23.608276,22.909943
Greece,1990,9,19.991882,12.766998,2.401015,22.50395178794861,485.7341194152832,0.13741392,0.14963496,0.17703088,20.880615,21.20221
Greece,1990,10,16.332947,10.984955,2.5247014,43.12182879447937,358.5444622039795,0.16413356,0.15560316,0.17605303,17.287903,18.620697
Greece,1990,11,12.754761,9.263367,2.614898,83.11465501785278,218.0456256866455,0.25614774,0.23781781,0.19294024,13.294159,14.952057
Greece,1990,12,7.7549744,4.859375,2.7345142,179.31498050689697,155.80206871032715,0.3114181,0.3040342,0.2580374,9.399536,11.557617
Greece,1991,1,4.9997253,1.1823425,2.8651524,55.541077852249146,217.7764663696289,0.29482073,0.29481986,0.27822632,6.532898,8.408539
Greece,1991,2,5.8297424,2.1866455,2.9166682,86.41185092926025,228.2679214477539,0.30742604,0.3065162,0.28803328,6.487213,7.1360474
Greece,1991,3,9.818176,5.983185,2.476146,62.06520318984985,393.40252208709717,0.28693685,0.29299858,0.28968084,9.60318,9.111664
Greece,1991,4,11.801971,7.4128113,2.6349332,104.97132539749146,477.2907257080078,0.28540948,0.2891406,0.2864894,11.736267,11.073669
Greece,1991,5,15.010925,9.563873,2.7424655,69.93562436103821,593.3173351287842,0.26472512,0.27260312,0.27476594,14.677063,13.653961
Greece,1991,6,21.863525,14.071838,2.3398514,12.538011968135834,705.0226593017578,0.16189909,0.20090249,0.23947667,20.877441,18.132904
Greece,1991,7,23.098114,15.7586975,2.5515592,36.88504981994629,676.3709735870361,0.15791132,0.17728455,0.21143119,23.199707,21.575623
Greece,1991,8,22.976044,15.945038,2.6753075,37.347636222839355,599.6159248352051,0.15965891,0.17328691,0.20466384,23.48529,22.68576
Greece,1991,9,20.075409,13.2966,2.3919566,14.299677908420563,489.0724182128906,0.1474032,0.16711295,0.20034307,20.427979,20.503479
Greece,1991,10,16.210632,10.614868,2.6281497,73.50870299339294,327.28560066223145,0.18664192,0.18786472,0.20130889,17.458954,18.843567
Greece,1991,11,11.215118,7.7917175,2.610833,78.22062492370605,218.7524700164795,0.27892545,0.2730306,0.22934927,11.873596,13.721039
Greece,1991,12,3.5582275,-0.80062866,3.31673,79.21106266975403,177.62376260757446,0.28632742,0.28325647,0.2524854,5.8530273,8.665497
Greece,1992,1,4.935364,0.45092773,2.7779233,21.277984142303467,222.2782506942749,0.26955563,0.2714442,0.2604744,5.1594543,6.5923767
Greece,1992,2,4.819275,-0.7532654,2.881982,31.04642605781555,301.16307067871094,0.26545367,0.2650969,0.25657353,5.102539,6.050934
Greece,1992,3,8.141907,2.8384705,2.8772266,58.33747577667236,416.92864894866943,0.24628396,0.24625404,0.24275337,7.335449,6.8629456
Greece,1992,4,12.589661,7.2504272,2.5622678,86.01814270019531,516.7486953735352,0.25885692,0.26348493,0.24573705,11.713257,10.352386
Greece,1992,5,15.78949,9.41394,2.7863526,43.73237144947052,596.8291130065918,0.2059947,0.21939933,0.23520729,15.208038,13.650635
Greece,1992,6,20.796967,14.004425,2.4330149,54.17741775512695,652.3655319213867,0.1818837,0.20052324,0.2223671,20.37268,18.130768
Greece,1992,7,22.561035,14.883392,2.5461953,23.07803785800934,672.804443359375,0.17125815,0.19358173,0.21000564,22.187714,20.474945
Greece,1992,8,24.638824,15.494598,2.6420586,3.4417199715971947,656.4765357971191,0.119696826,0.15802681,0.20391013,24.227814,22.717346
Greece,1992,9,19.807129,11.814026,2.705416,11.353471577167511,499.3656921386719,0.1163852,0.14412817,0.195963,20.838379,21.367798
Greece,1992,10,17.97351,12.501007,2.677516,44.69741117954254,348.09379959106445,0.1847306,0.17480887,0.18971261,18.07196,18.822968
Greece,1992,11,11.7534485,6.884918,2.6548424,70.52770614624023,232.82451152801514,0.22703367,0.2205848,0.20665443,12.725525,14.92395
Greece,1992,12,5.7013245,1.880188,3.1678853,79.88340497016907,173.37890338897705,0.27702832,0.26770014,0.23451647,7.4397583,9.972412
Greece,1993,1,4.872223,0.46395874,3.009366,49.457868576049805,228.15446090698242,0.2802737,0.27937928,0.25364932,5.584961,7.075531
Greece,1993,2,3.9690857,-1.2076416,3.3666532,84.46737384796143,254.09644317626953,0.27080575,0.26941806,0.2534381,4.967346,6.142761
Greece,1993,3,7.9227295,2.8640442,2.8292255,68.95519661903381,434.1971912384033,0.27874735,0.28381833,0.27101403,7.493469,7.1001587
Greece,1993,4,12.662476,6.289978,2.6491687,32.82305359840393,559.3424606323242,0.23016553,0.24339995,0.253184,11.848511,10.574829
Greece,1993,5,16.957367,11.794159,2.1077793,73.76876187324524,602.7446136474609,0.23353392,0.23561937,0.23555699,16.074158,14.105835
Greece,1993,6,22.05075,13.510956,2.4580188,16.7930406332016,700.3138160705566,0.15016973,0.18347548,0.21813442,21.576202,19.284302
Greece,1993,7,23.870636,13.742279,2.7406569,2.9783291071653366,736.980878829956,0.11215355,0.15450945,0.20501253,23.75241,21.857635
Greece,1993,8,24.34616,14.69223,2.8258817,9.33684253692627,654.1341876983643,0.107648306,0.14360051,0.19614032,24.386627,23.19693
Greece,1993,9,20.42453,12.650482,2.488253,14.274303317070007,507.7463722229004,0.13206974,0.15326095,0.1929908,21.05832,21.559296
Greece,1993,10,17.704712,11.73822,2.3956144,25.474988639354706,371.98439025878906,0.14589156,0.15649348,0.18933639,18.24524,19.268646
Greece,1993,11,9.721741,6.4551697,3.223871,156.93785190582275,170.7782506942749,0.25750044,0.23781598,0.20984162,11.82962,14.366974
Greece,1993,12,9.046082,5.729492,2.7043543,61.23581004142761,189.07350778579712,0.29354706,0.29331854,0.26048675,9.20752,10.801697
Greece,1994,1,8.028168,4.967987,2.7300491,102.58126211166382,204.2926802635193,0.30870378,0.30816963,0.28429896,8.4930725,9.732544
Greece,1994,2,6.798126,3.4440002,2.975081,110.5965633392334,235.96991348266602,0.31439686,0.31554487,0.30019572,7.3779907,8.151398
Greece,1994,3,10.26767,5.1851807,2.883187,37.00531208515167,462.74474716186523,0.26534346,0.27513465,0.28901064,9.924896,9.654938
Greece,1994,4,13.760132,8.377869,2.7158806,62.198638916015625,542.6639556884766,0.24159706,0.25275362,0.26431844,13.095978,12.012329
Greece,1994,5,18.16861,11.587799,2.3216114,48.321598410606384,654.7236919403076,0.21108238,0.23299724,0.24800849,17.307068,15.439758
Greece,1994,6,21.439941,12.605011,2.7408094,12.833435833454132,708.838005065918,0.13456333,0.16842529,0.21818674,21.304169,19.439453
Greece,1994,7,24.189453,15.080475,2.8147118,24.428880989551544,685.235237121582,0.13521788,0.15216708,0.1935187,24.188477,22.530334
Greece,1994,8,25.14795,15.424377,2.639367,10.743068099021912,646.2741508483887,0.12158066,0.14216325,0.18279454,25.124939,23.885254
Greece,1994,9,23.301575,14.44516,2.387148,4.154308587312698,529.0766143798828,0.10719427,0.13280065,0.18055664,23.638855,23.457458
Greece,1994,10,17.449951,12.907623,2.556571,135.5035367012024,311.15086364746094,0.21359687,0.19559951,0.18555534,18.674316,20.233917
Greece,1994,11,10.541809,6.0095215,2.961178,86.66077852249146,221.37818813323975,0.27662024,0.27606234,0.23005506,12.103943,14.806091
Greece,1994,12,6.7704773,2.9227905,2.6377766,99.31973528862,188.41034507751465,0.28502122,0.28031296,0.2508313,7.3948975,9.555328
Greece,1995,1,6.216278,3.1235046,3.0925875,150.4706473350525,182.5615406036377,0.3162099,0.3161267,0.29742694,7.72464,8.913452
Greece,1995,2,9.00473,4.8190002,2.6715436,28.964167594909668,291.20191192626953,0.28195292,0.28820595,0.29188105,8.50885,8.762482
Greece,1995,3,8.908661,4.1712036,3.1561942,106.26110339164734,425.3603630065918,0.28528914,0.28782463,0.28306857,9.272827,9.501617
Greece,1995,4,11.982666,5.8763123,2.4767265,40.706788301467896,545.9061813354492,0.24988602,0.26038763,0.268579,11.460205,10.608551
Greece,1995,5,17.058624,9.839447,2.7044153,37.41104340553284,656.7588710784912,0.18824777,0.2103456,0.23207907,16.333923,14.520355
Greece,1995,6,22.792023,14.040131,2.242073,15.654067397117615,713.492431640625,0.1360239,0.16624986,0.2048718,22.491058,20.001312
Greece,1995,7,23.9841,16.108185,2.7082744,44.19602954387665,671.3623752593994,0.15941349,0.16580111,0.19425885,23.945587,22.295044
Greece,1995,8,22.97107,16.01535,2.44048,40.777318835258484,592.9071063995361,0.15892066,0.16817112,0.18864036,23.629486,22.932953
Greece,1995,9,20.112152,13.810455,2.4738467,46.89850687980652,464.0248489379883,0.1693049,0.17492214,0.19319618,20.975433,21.391418
Greece,1995,10,14.51297,8.457947,2.8777006,16.961922109127045,364.4829635620117,0.18360598,0.1884596,0.18693796,15.331848,17.185425
Greece,1995,11,8.663025,4.3105774,2.6617742,84.65339183807373,223.7135410308838,0.25484118,0.23656377,0.19855386,9.893494,12.357269
Greece,1995,12,8.863281,6.053192,3.0508654,135.21030712127686,150.28133487701416,0.29846916,0.28931195,0.24087222,9.099304,10.197266
Greece,1996,1,5.725647,2.5439453,2.9424734,96.39973068237305,165.0060214996338,0.3051824,0.30312002,0.28065208,6.9336853,8.44519
Greece,1996,2,6.2085266,2.939331,3.0425174,124.01774597167969,226.13759851455688,0.32021478,0.3207763,0.30468315,7.0136414,7.7682495
Greece,1996,3,6.2613525,2.3834534,2.9398057,103.93063259124756,336.7971954345703,0.3115055,0.31252834,0.30709246,7.0448914,7.2344055
Greece,1996,4,11.424988,6.2287292,2.405041,59.16776418685913,531.2870979309082,0.2835456,0.2929104,0.3003339,10.966736,10.008209
Greece,1996,5,18.604736,12.203552,2.46021,40.981191515922546,636.5585060119629,0.19044495,0.21485883,0.25462773,17.536804,15.297607
Greece,1996,6,21.942047,12.919037,2.7069893,17.20937669277191,708.5445785522461,0.15578716,0.1823252,0.21640585,21.27362,19.058563
Greece,1996,7,23.855377,14.470703,2.7669332,16.419069707393646,716.4764785766602,0.121303774,0.15255915,0.19906886,23.832214,22.014984
Greece,1996,8,23.719666,16.143677,2.470455,20.094892144203186,615.5075283050537,0.13207231,0.1493974,0.19361891,23.993103,22.989716
Greece,1996,9,19.190369,12.945679,2.6379585,59.92846369743347,458.6169719696045,0.18274462,0.17444545,0.1948179,20.262085,20.992218
Greece,1996,10,14.296692,9.724121,2.4364383,62.062527656555176,318.2554244995117,0.2399844,0.22693777,0.2026846,15.351593,17.153717
Greece,1996,11,11.895142,8.039886,2.5002472,82.43423223495483,243.4178352355957,0.23243934,0.2325789,0.21502112,12.057373,13.519745
Greece,1996,12,8.851593,6.313385,2.837611,120.00296020507812,158.95018100738525,0.30457526,0.29974172,0.26361233,9.652161,11.310059
Greece,1997,1,7.22583,3.7037354,2.7515085,79.92715215682983,228.38429069519043,0.30297595,0.30596262,0.2943665,7.567444,9.105011
Greece,1997,2,6.8108826,1.8873291,2.8725932,52.110488414764404,289.4038734436035,0.27725312,0.2797492,0.28587776,6.6651306,7.3368835
Greece,1997,3,7.9216003,2.347931,3.1880872,77.5896008014679,432.79858207702637,0.28294462,0.28404555,0.2758031,8.051483,8.269562
Greece,1997,4,9.378693,4.000763,2.874046,78.19939613342285,498.2533836364746,0.27719438,0.2792862,0.2750189,9.413727,8.951111
Greece,1997,5,17.978088,10.208527,2.6842723,18.377242267131805,690.6896591186523,0.18768816,0.22126758,0.24761377,16.69104,14.388824
Greece,1997,6,22.545166,14.32962,2.2639084,14.040502309799194,690.9577560424805,0.13381705,0.16503459,0.21452369,21.77002,19.09549
Greece,1997,7,24.380554,14.749268,2.6215749,15.373496979475021,710.2541637420654,0.11615307,0.14719428,0.1975948,24.507965,22.670013
Greece,1997,8,22.386414,15.0980835,2.5974934,33.611080288887024,600.7416000366211,0.15677473,0.1623391,0.18908867,22.987701,22.421295
Greece,1997,9,19.0914,11.971832,2.8141568,12.929234504699707,479.8898220062256,0.1375733,0.15464836,0.18473093,20.027374,20.637695
Greece,1997,10,14.270386,9.15448,2.8589342,93.73149228096008,332.73100566864014,0.20337571,0.19421329,0.18907057,15.580017,17.277863
Greece,1997,11,11.381165,8.453278,2.4316077,80.93536376953125,201.73776626586914,0.27359983,0.26585746,0.22185716,11.84668,13.29837
Greece,1997,12,7.4981384,4.596924,2.9298892,133.46136569976807,162.3096604347229,0.3108266,0.30854705,0.27375963,8.666687,10.600494
Greece,1998,1,6.791931,3.7542725,2.2862744,60.024089097976685,210.49999141693115,0.29013216,0.291948,0.2856618,7.3237,8.680939
Greece,1998,2,8.122131,3.74115,2.70105,64.45254325866699,289.4617385864258,0.2901404,0.29604453,0.29571754,7.7005615,8.05954
Greece,1998,3,6.898407,1.3814087,3.203296,118.0619125366211,402.615403175354,0.27288797,0.27496833,0.27576703,7.550415,8.187042
Greece,1998,4,13.937408,7.5975647,2.7671895,25.010778307914734,560.3889083862305,0.2202615,0.23728922,0.26209703,12.654785,11.11377
Greece,1998,5,16.9982,11.831421,2.5373428,87.50808358192444,579.3689079284668,0.23849528,0.23995395,0.23549889,16.118439,14.466248
Greece,1998,6,22.575012,14.625977,2.4158564,13.004837930202484,713.0717468261719,0.1587665,0.19424811,0.22375499,21.619781,19.181976
Greece,1998,7,25.274048,14.95166,2.8912573,5.01810497045517,749.6494846343994,0.11282176,0.15529935,0.2075158,24.874329,22.74701
Greece,1998,8,25.409668,16.358429,2.872311,8.068136245012283,654.8360347747803,0.10978939,0.14041948,0.19056845,25.71048,24.524963
Greece,1998,9,20.188782,13.657959,2.6032975,44.20759677886963,462.3007106781006,0.1554973,0.15357794,0.18100168,21.24237,22.018524
Greece,1998,10,16.7641,11.501373,2.4911063,56.6637042760849,357.6576929092407,0.2059176,0.19816104,0.18370935,17.560974,18.951263
Greece,1998,11,11.210663,7.591095,2.8007922,175.1689052581787,197.79433250427246,0.26519388,0.25094545,0.20809872,12.669067,14.7439575
Greece,1998,12,5.605957,2.3492432,3.17277,116.6205096244812,158.1914825439453,0.31474462,0.31370136,0.28562188,7.9938965,10.462189
Greece,1999,1,6.4037476,3.0552979,2.763922,78.56721258163452,209.09127140045166,0.3027948,0.30498347,0.2979919,6.8929443,8.2535095
Greece,1999,2,5.860504,1.4532166,3.022226,96.86113548278809,263.9841995239258,0.3098528,0.31182098,0.30457178,6.6028748,7.3743896
Greece,1999,3,9.4122925,5.011841,2.6082048,126.68440246582031,401.04511642456055,0.29051283,0.29373962,0.2935276,9.126587,8.850739
Greece,1999,4,13.543488,7.9576416,2.532115,40.6824517250061,566.6960334777832,0.26090088,0.27659065,0.29053327,12.629242,11.348755
Greece,1999,5,18.464905,11.703766,2.463822,23.219569504261017,658.0391063690186,0.17469327,0.20357335,0.24705385,17.900635,15.954956
Greece,1999,6,23.06839,14.723907,2.5427415,18.34575891494751,697.177562713623,0.13707523,0.16360192,0.21043919,22.622162,20.302307
Greece,1999,7,24.809967,16.729706,2.5254183,29.513068675994873,688.8344058990479,0.13765125,0.15422973,0.19251958,24.818542,22.943817
Greece,1999,8,25.180939,16.748444,2.457446,23.049142837524414,637.1160221099854,0.13858071,0.15432028,0.18684149,25.517883,24.450287
Greece,1999,9,20.860565,15.024017,2.1076117,39.93755221366882,464.256649017334,0.17917828,0.17243275,0.17730764,21.634888,22.022736
Greece,1999,10,17.242065,11.789642,2.3303304,42.26460862159729,361.34697246551514,0.17245997,0.1780416,0.18064913,18.498077,19.808624
Greece,1999,11,11.357025,7.485321,2.992533,126.89141750335693,204.99866008758545,0.26290917,0.2578653,0.21399479,12.755585,15.187134
Greece,1999,12,8.9817505,5.8480225,3.0136042,107.7841100692749,175.03505849838257,0.29018024,0.2872005,0.25819013,9.469025,11.179657
Greece,2000,1,3.1195679,-1.6626892,2.9950655,43.149386048316956,225.82207584381104,0.29284057,0.29378515,0.2785315,5.2941284,7.6414795
Greece,2000,2,6.684845,2.5223694,2.825985,90.10881114006042,275.2317314147949,0.30094558,0.30077145,0.28552246,7.0091248,7.5913696
Greece,2000,3,8.448059,2.9906921,2.7473388,42.39530694484711,463.6229724884033,0.27431965,0.28122503,0.28316754,7.9105225,7.7787476
Greece,2000,4,14.240509,8.941101,2.4035873,56.60656929016113,535.9431838989258,0.23349251,0.24110514,0.25576875,13.4758,11.924988
Greece,2000,5,18.006226,11.151855,2.3444726,29.69580501317978,654.0584449768066,0.19111302,0.21172431,0.22932422,17.47049,15.568268
Greece,2000,6,21.960388,12.550507,2.786621,17.24433124065399,722.1209907531738,0.139419,0.16951087,0.20915483,21.831848,19.723236
Greece,2000,7,25.120026,14.403656,2.5971832,8.972444325685501,740.6670837402344,0.11731726,0.15048213,0.20016284,24.796387,22.779541
Greece,2000,8,24.38861,14.505951,2.8564181,6.828860357403755,660.9419269561768,0.11383531,0.14257707,0.19061476,24.653381,23.765656
Greece,2000,9,20.383667,12.804016,2.640928,19.43553864955902,478.544282913208,0.13157326,0.14275037,0.18716924,21.506927,22.124023
Greece,2000,10,15.401428,10.838013,2.538223,70.26577925682068,320.2464647293091,0.21261652,0.19973022,0.18515505,16.472565,18.161621
Greece,2000,11,13.336548,9.42688,2.244191,49.76056694984436,236.1631965637207,0.21184058,0.2092707,0.19236636,13.5781555,15.120117
Greece,2000,12,8.29248,4.8354797,2.6997018,63.9278621673584,188.45263624191284,0.26057306,0.25150847,0.21485107,8.921814,11.024933
Greece,2001,1,7.562134,4.761566,2.7814162,79.38323545455933,186.81229782104492,0.29257187,0.2870557,0.24726276,8.099731,9.260712
Greece,2001,2,7.896576,3.1956177,2.9236276,53.91372060775757,286.1860694885254,0.28902978,0.2891636,0.26941714,7.998413,8.793884
Greece,2001,3,12.924042,7.354553,2.9951692,36.32507252693176,452.0303153991699,0.23161864,0.24837221,0.2564424,11.816772,10.878174
Greece,2001,4,12.660492,7.2461853,2.9358468,93.93864154815674,514.9627304077148,0.26393646,0.26312178,0.24368137,12.4339905,11.963257
Greece,2001,5,17.749023,10.860107,2.5437095,53.54197037220001,633.6469345092773,0.21025345,0.22577536,0.23073809,17.121185,15.456421
Greece,2001,6,21.91214,12.316742,2.7165504,13.901463747024536,728.3273506164551,0.1319038,0.16356856,0.19988814,21.711792,19.650238
Greece,2001,7,25.356567,15.700287,2.6301763,17.900208353996277,711.8368377685547,0.12654391,0.14784135,0.18412091,25.14682,23.017883
Greece,2001,8,25.215271,16.198273,2.7402272,19.30509614944458,631.1059761047363,0.13428265,0.14384727,0.1830661,25.357117,24.339447
Greece,2001,9,21.257202,13.282013,2.552653,19.66105341911316,509.31135177612305,0.13458554,0.14394109,0.17366128,22.220856,22.582611
Greece,2001,10,17.108307,10.240967,2.7461095,10.501740723848343,385.1781692504883,0.11691821,0.12915237,0.16534673,18.26828,19.840363
Greece,2001,11,10.3975525,5.7400208,2.9774501,124.89646911621094,214.09775733947754,0.23732406,0.2089645,0.17652367,11.841949,14.540314
Greece,2001,12,3.369995,0.103393555,3.5179262,173.5438551902771,139.89386510849,0.2865912,0.27467155,0.23128304,6.6635437,9.18158
Greece,2002,1,4.5620728,0.75180054,2.7746918,48.764122009277344,219.61390733718872,0.28944314,0.28633857,0.26194417,5.791321,7.2261963
Greece,2002,2,9.307953,4.7003174,2.464198,23.31366777420044,302.84909439086914,0.256623,0.26143128,0.2588719,8.423279,8.608185
Greece,2002,3,10.371521,5.179779,2.8108695,100.2668445110321,418.5240058898926,0.26421937,0.26681697,0.24827583,10.381592,10.142273
Greece,2002,4,12.204224,7.5442505,2.4576046,91.87119483947754,491.9857978820801,0.2877674,0.2900564,0.26599127,11.724731,10.863159
Greece,2002,5,17.514038,11.016052,2.4183786,31.687153816223145,647.8752727508545,0.19702101,0.21894506,0.24430154,16.880524,15.098938
Greece,2002,6,22.664703,13.590546,2.7139044,14.677954316139221,692.2275924682617,0.13942292,0.17097218,0.21229914,21.911163,19.434113
Greece,2002,7,25.05542,16.394348,2.4174156,52.83484244346619,687.6176147460938,0.14041184,0.15296659,0.19085102,25.338226,23.398956
Greece,2002,8,23.577545,16.070282,2.591145,35.46009922027588,612.6919212341309,0.16086172,0.17311499,0.1867377,24.177704,23.480804
Greece,2002,9,19.400513,14.687347,1.9904143,90.21775960922241,436.11239433288574,0.23162861,0.21605578,0.19533382,20.469269,21.11972
Greece,2002,10,16.021423,11.030945,2.3576698,65.7164044380188,356.30780506134033,0.25196344,0.25061098,0.2154079,16.596802,18.047394
Greece,2002,11,12.229919,8.851501,2.1923394,83.34716320037842,222.39104747772217,0.26860324,0.26615077,0.2348259,12.545532,14.248718
Greece,2002,12,7.0768127,4.327301,3.08076,194.00368785858154,139.3527126312256,0.32206133,0.31831765,0.28684774,8.671783,10.7838745
Greece,2003,1,8.321686,5.303406,3.1279683,143.19364023208618,182.7724642753601,0.31725153,0.31795257,0.30639818,8.543549,9.498566
Greece,2003,2,2.8734741,-1.3848877,3.545552,128.01287651062012,236.9984016418457,0.31530285,0.31797513,0.3174174,5.5018616,7.2077637
Greece,2003,3,7.0751953,1.4864807,2.9905877,57.07411777973175,437.2151927947998,0.28903273,0.29378778,0.29803815,6.371216,6.6211853
Greece,2003,4,10.982666,5.8466797,2.6645105,71.22885704040527,494.69221115112305,0.27295396,0.27488703,0.2748774,10.410736,9.304474
Greece,2003,5,19.045166,12.179718,2.2662265,50.5069215297699,664.1403865814209,0.18347093,0.20902872,0.24385944,17.829437,15.467041
Greece,2003,6,23.455353,15.072479,2.372662,22.88352370262146,710.2973556518555,0.16379298,0.19243991,0.22009401,22.307007,19.622742
Greece,2003,7,25.091522,15.556,2.5817206,14.554537117481232,724.0176391601562,0.11937836,0.15491587,0.2016641,24.968842,23.0159
Greece,2003,8,25.234741,16.03537,2.6017659,16.449836492538452,644.8320827484131,0.13114847,0.15199725,0.19187833,25.072906,23.900177
Greece,2003,9,19.862305,12.674713,2.6268191,38.42418551445007,474.2204475402832,0.16032198,0.16343538,0.18855746,20.901276,21.759003
Greece,2003,10,16.821533,11.5633545,2.8109956,109.7527186870575,322.9495515823364,0.21104506,0.20003664,0.18858385,17.55957,18.87558
Greece,2003,11,12.031433,8.783264,2.3932705,61.715497970581055,210.82148551940918,0.26710406,0.26180756,0.22041944,12.832794,14.676971
Greece,2003,12,7.142975,3.9181519,2.991438,122.68753266334534,162.9870581626892,0.30061573,0.29315737,0.25055322,8.449066,10.826965
Greece,2004,1,4.930176,1.3162231,3.1285648,150.89644145965576,193.80897998809814,0.31809607,0.31774968,0.2972101,6.354431,7.9892883
Greece,2004,2,6.7991333,1.9320984,3.1322556,43.003315925598145,286.9094352722168,0.29835758,0.30161554,0.30411428,6.669037,7.248169
Greece,2004,3,9.496735,4.779785,2.9494705,60.74620223045349,416.80412578582764,0.28138942,0.2885434,0.29479936,9.182953,8.820038
Greece,2004,4,12.950073,7.346863,2.756402,60.3779411315918,503.19705963134766,0.24358365,0.25283888,0.26820764,12.428589,11.466034
Greece,2004,5,16.092468,9.9244995,2.6136014,45.86338198184967,644.9174633026123,0.21850118,0.23371428,0.24847953,15.662079,14.298035
Greece,2004,6,21.689209,14.736603,2.3037822,37.981438636779785,672.0174980163574,0.17824118,0.19827852,0.22304825,20.935822,18.51059
Greece,2004,7,24.287903,14.751617,2.816437,15.96290236711502,716.3700485229492,0.12191425,0.1541263,0.19771208,24.24228,22.346466
Greece,2004,8,23.939758,15.475922,2.460245,14.998931556940079,641.0905342102051,0.1279368,0.14786178,0.18864027,24.343536,23.262451
Greece,2004,9,20.408539,13.305634,2.7706513,30.337200164794922,486.64655685424805,0.1358349,0.14099148,0.18388216,21.231445,21.557526
Greece,2004,10,17.57492,12.435791,2.2727385,46.25265729427338,355.0407552719116,0.18607606,0.1836662,0.1879341,18.057434,19.099304
Greece,2004,11,11.494354,6.7721863,2.8407362,73.83951187133789,228.59543323516846,0.24500598,0.22778639,0.20674671,12.667938,15.2942505
Greece,2004,12,8.6839905,5.5145264,2.6548688,104.21316742897034,166.4963526725769,0.26929733,0.25966027,0.22631523,9.199158,10.886749
Greece,2005,1,6.446594,2.269287,2.8596163,106.6178731918335,217.36625242233276,0.29857457,0.29572165,0.26182246,6.973572,8.5729065
Greece,2005,2,5.2690125,1.1688843,3.421656,119.79975128173828,253.05193328857422,0.30614796,0.30636197,0.28849548,6.2306824,7.1395874
Greece,2005,3,9.313416,4.2806396,2.7078533,71.84590339660645,424.70079231262207,0.27665123,0.2833742,0.28772846,8.951843,8.586334
Greece,2005,4,12.639648,5.7752686,2.8953078,27.15071976184845,565.7068634033203,0.21966836,0.23669258,0.25175372,12.149445,11.167572
Greece,2005,5,17.947845,11.382751,2.397143,60.471963763237,633.1381988525391,0.18598045,0.19549955,0.22297403,17.392029,15.436249
Greece,2005,6,21.091919,13.187866,2.3828294,26.005534529685974,686.8588829040527,0.17299388,0.19621553,0.20907857,20.756866,18.748016
Greece,2005,7,24.652496,16.195862,2.5612006,23.824493169784546,705.2731781005859,0.13613825,0.15898992,0.1929034,24.65512,22.564148
Greece,2005,8,24.248138,16.103943,2.5988722,24.403999269008636,631.4503955841064,0.13497135,0.15389243,0.18470398,24.713257,23.738678
Greece,2005,9,20.918335,14.303101,2.2743204,53.14020037651062,460.2098751068115,0.16017263,0.1557761,0.17589755,21.817352,22.20398
Greece,2005,10,15.113922,9.384247,2.7233138,40.50014245510101,350.61231899261475,0.19390832,0.19514108,0.17445,16.174164,17.918884
Greece,2005,11,10.183502,6.202179,2.6877236,129.27861213684082,211.26399993896484,0.23821363,0.22141974,0.18409973,11.193451,13.4765625
Greece,2005,12,7.947418,4.368103,3.038999,122.19096255302429,177.9111089706421,0.30045554,0.29633206,0.25054514,8.582642,10.519806
Greece,2006,1,3.9506226,0.22259521,3.1656759,105.42273759841919,204.65594673156738,0.30597752,0.30695847,0.288527,5.634369,7.6032715
Greece,2006,2,6.076111,2.467163,2.9352386,118.8208236694336,248.56568908691406,0.3076943,0.30747128,0.2944733,6.0045166,6.3451843
Greece,2006,3,9.457397,5.180725,2.8765018,99.3063576221466,406.1618595123291,0.30352342,0.30819634,0.30459106,9.094482,8.637756
Greece,2006,4,13.670746,8.279663,2.5137894,55.691821575164795,517.305850982666,0.2472604,0.25750193,0.2728972,13.056213,11.823151
Greece,2006,5,17.713959,10.608459,2.487157,20.936862885951996,676.0868644714355,0.19054943,0.21720941,0.24184656,16.80185,14.774261
Greece,2006,6,21.76236,13.440216,2.5604873,34.40813899040222,686.4350509643555,0.1535297,0.16887602,0.20564725,21.320831,19.182526
Greece,2006,7,23.565094,14.815582,3.0955966,38.68911683559418,682.0559940338135,0.15031113,0.16634934,0.1863438,23.424805,21.826965
Greece,2006,8,25.239716,15.86972,2.5759292,10.219211429357529,653.6851711273193,0.114824995,0.1440496,0.18335594,25.530334,24.165558
Greece,2006,9,20.455719,13.364563,2.6974473,69.5578122138977,467.177038192749,0.14889023,0.14880225,0.17643145,21.55487,22.15152
Greece,2006,10,16.149597,11.884827,2.6231964,105.92974376678467,319.5788526535034,0.25562945,0.25022826,0.20255038,16.953613,18.39914
Greece,2006,11,10.002472,5.5913696,2.514479,48.39815139770508,248.1931972503662,0.26809222,0.26541036,0.22503942,10.546631,12.946228
Greece,2006,12,7.1723022,3.702942,2.3145819,32.49969553947449,193.75122690200806,0.27125743,0.27201968,0.24504739,8.002167,10.235413
Greece,2007,1,8.259277,3.4710388,2.7814813,33.10006821155548,254.6367416381836,0.25851706,0.26290888,0.25024858,7.207733,8.111694
Greece,2007,2,7.7847595,3.8110046,2.8696032,68.61516189575195,245.49621963500977,0.27400443,0.26748297,0.2487626,7.60318,8.178375
Greece,2007,3,10.112518,4.9786377,3.0673378,64.94454264640808,434.1179304122925,0.25566348,0.25805026,0.24306463,9.689514,9.424988
Greece,2007,4,13.171234,6.412079,2.4831104,30.949795246124268,560.4556846618652,0.22279553,0.23690885,0.23214886,12.557892,11.440887
Greece,2007,5,18.49405,11.952301,2.344212,74.95185017585754,624.1644897460938,0.19499895,0.20148745,0.20809335,17.937012,15.983032
Greece,2007,6,23.643341,14.680115,2.3411098,33.57002377510071,695.013484954834,0.17494509,0.1995937,0.19789734,22.557281,19.915253
Greece,2007,7,26.105072,14.152771,2.8870082,2.0847233906388283,760.3671684265137,0.10333313,0.14342268,0.1844066,25.780975,23.673645
Greece,2007,8,25.487762,15.591553,2.6673386,25.289310693740845,647.8574752807617,0.116517104,0.1427622,0.1711449,25.720062,24.611176
Greece,2007,9,20.187439,12.13269,2.6636183,31.499991416931152,493.4971046447754,0.14343059,0.14333856,0.16510224,21.396362,22.362366
Greece,2007,10,16.246826,11.1258545,2.4822962,87.83449864387512,340.79071712493896,0.20204474,0.18346997,0.16847661,17.342285,18.940277
Greece,2007,11,10.839722,7.0272217,2.727711,119.33159351348877,211.71542644500732,0.28270027,0.27410144,0.21684802,12.025848,14.378876
Greece,2007,12,6.2969666,2.8467102,2.742154,84.1202745437622,178.7161340713501,0.29253393,0.28755632,0.25468427,7.5584717,10.009125
Greece,2008,1,5.9375,1.9937439,2.6226528,33.49175667762756,222.96346807479858,0.28063774,0.2819006,0.26460284,6.4744873,7.9075317
Greece,2008,2,6.7828674,2.0029907,2.8948226,43.95014500617981,298.2050361633301,0.27256313,0.27382034,0.26086903,6.399994,7.033203
Greece,2008,3,11.345825,6.355072,3.096416,66.0270323753357,436.7883195877075,0.24536595,0.24840212,0.24434263,10.6716,9.957642
Greece,2008,4,13.891693,8.31134,2.7396657,67.07946538925171,536.733512878418,0.2508052,0.2562704,0.24264656,13.221832,12.073639
Greece,2008,5,17.835144,10.433533,2.320163,21.689471185207367,671.4880809783936,0.17892699,0.20306085,0.21879564,17.121033,15.160095
Greece,2008,6,22.961456,14.025177,2.567451,19.849544763565063,704.0289688110352,0.13422269,0.15991233,0.19530712,22.506256,20.09082
Greece,2008,7,25.077179,14.770233,2.871608,11.09542641043663,724.148962020874,0.10875497,0.13374706,0.17658062,25.285889,23.475494
Greece,2008,8,25.64737,15.196716,2.9372058,9.041471421718597,665.564775466919,0.10218523,0.12272947,0.16875905,25.677185,24.268982
Greece,2008,9,20.161102,13.125641,2.48199,69.16503667831421,454.14902687072754,0.16049972,0.1425222,0.1706807,21.673584,22.673187
Greece,2008,10,16.222229,10.980164,2.6025283,26.352541387081146,363.3627872467041,0.20190789,0.20393884,0.18322852,16.592773,18.042053
Greece,2008,11,12.426422,8.668396,2.5610437,70.16082286834717,210.655517578125,0.2195255,0.20886265,0.18687403,13.377899,15.321899
Greece,2008,12,8.214447,4.2836304,3.0890894,105.72988438606262,171.56172847747803,0.2883702,0.277904,0.22057444,9.363129,11.634796
Greece,2009,1,7.3884583,4.645294,2.8090816,145.57159805297852,182.03991508483887,0.3123944,0.30833355,0.26777384,7.7375183,8.812317
Greece,2009,2,6.512085,1.9065552,3.1696327,90.92415714263916,274.3361053466797,0.30351555,0.30456495,0.28967983,7.378418,8.682007
Greece,2009,3,8.978546,3.680664,2.8113723,105.83154726028442,423.14375019073486,0.29430768,0.29546008,0.28384385,8.443024,8.332336
Greece,2009,4,13.012939,7.608307,2.4665654,56.9043231010437,513.1415748596191,0.25810805,0.26390302,0.26664218,12.49646,11.455627
Greece,2009,5,18.43927,11.509094,2.2440696,35.62088990211487,664.8219528198242,0.19771442,0.22118625,0.24089868,17.491333,15.354889
Greece,2009,6,22.268494,13.865265,2.432011,36.11931324005127,694.9205017089844,0.15371625,0.17455892,0.21064907,22.000427,19.951843
Greece,2009,7,25.16919,15.670898,2.7046034,17.928835451602936,723.7261981964111,0.13780192,0.16256402,0.19233304,24.87033,22.752472
Greece,2009,8,24.28952,15.355103,2.8718834,22.36957585811615,631.6796340942383,0.12214713,0.13854557,0.17897311,24.638672,23.718903
Greece,2009,9,20.301483,13.981018,2.5869443,57.6836621761322,441.5317440032959,0.18493895,0.16956548,0.1720966,21.198303,21.855438
Greece,2009,10,16.500763,11.517242,2.529925,114.29485034942627,335.01466941833496,0.23053803,0.21664308,0.17818688,17.281921,18.670502
Greece,2009,11,12.045807,8.184265,2.3736618,71.98773622512817,242.26590156555176,0.27863643,0.27911532,0.22750425,12.213715,14.266052
Greece,2009,12,10.132874,7.20874,2.881399,153.25660181045532,162.27511501312256,0.3083601,0.30384073,0.2654944,10.49292,11.872345
Greece,2010,1,6.9687195,3.449829,3.2692938,113.29984760284424,182.46780824661255,0.30116686,0.30106553,0.28504646,8.31366,10.045959
Greece,2010,2,8.438599,4.4377136,3.0752842,132.1142520904541,253.30018997192383,0.31387565,0.31649417,0.30503103,8.22934,8.620636
Greece,2010,3,10.024261,4.7793274,2.771986,70.17186951637268,430.7424716949463,0.2806679,0.28889167,0.29371357,9.774109,9.745605
Greece,2010,4,13.964905,7.3184204,2.62558,30.843122005462646,560.7101440429688,0.21204028,0.2301701,0.2547739,13.411011,12.399597
Greece,2010,5,18.448395,10.687836,2.3755207,50.8352028131485,660.9535160064697,0.17704001,0.19129705,0.21562292,17.758667,15.980103
Greece,2010,6,22.05127,14.674255,2.3152783,48.9211642742157,657.0181846618652,0.17443071,0.1818801,0.19752525,21.894165,19.986359
Greece,2010,7,24.777893,16.65503,2.5312662,32.81941068172455,688.6739330291748,0.1534786,0.16956104,0.18933763,24.708557,22.812561
Greece,2010,8,26.538483,17.229614,2.5970442,4.525283932685852,656.1108894348145,0.11098334,0.14474018,0.18114127,26.610352,25.04129
Greece,2010,9,21.032166,13.885651,2.560452,52.18609571456909,457.04870223999023,0.15932846,0.15066561,0.16778941,22.08554,22.777039
Greece,2010,10,15.1345825,11.08316,2.6198874,185.09170818328857,281.23346424102783,0.26914036,0.24807933,0.19310272,16.62262,18.621185
Greece,2010,11,14.569183,10.921326,2.6136246,69.53839302062988,240.51981925964355,0.2785296,0.27872983,0.24734178,13.998627,15.262787
Greece,2010,12,9.072235,5.2955933,2.9873245,81.63463759422302,181.73432779312134,0.2847379,0.28235894,0.25785533,10.085144,12.190826
Greece,2011,1,6.596924,3.3056335,2.3971784,77.61527705192566,205.22172594070435,0.29420668,0.2903616,0.2675249,7.2917175,9.089386
Greece,2011,2,7.1443176,2.9114075,2.9688828,103.93002891540527,238.74914932250977,0.30172095,0.30156648,0.2831579,7.1356506,7.93927
Greece,2011,3,8.791931,3.869873,2.9904354,76.11688232421875,413.86792755126953,0.29315177,0.29639846,0.29236704,8.424805,8.394897
Greece,2011,4,12.070129,6.5506287,2.9360747,65.12646675109863,506.5254592895508,0.26449537,0.26842928,0.2713811,11.779633,11.050415
Greece,2011,5,16.645264,11.106934,2.4744818,73.04825258255005,626.1377029418945,0.24412628,0.24995087,0.25073755,15.820404,14.125763
Greece,2011,6,21.727264,14.161743,2.4511878,32.284770011901855,688.4341621398926,0.18124405,0.20381594,0.22354904,21.293243,19.137085
Greece,2011,7,25.287811,15.290741,2.5494616,4.100152686238289,739.4146385192871,0.10834309,0.14948782,0.19606246,25.113861,22.747314
Greece,2011,8,24.555573,15.198517,2.8875546,12.513423949480057,656.2608375549316,0.11002062,0.13604327,0.18069689,25.089294,23.973236
Greece,2011,9,22.44458,13.697327,2.7584624,39.17245388031006,510.78060150146484,0.13929112,0.14298216,0.17274046,23.04181,23.190857
Greece,2011,10,14.091431,8.305298,2.9753938,82.70588564872742,336.50909519195557,0.22118588,0.21354656,0.17219158,15.534332,17.791962
Greece,2011,11,8.696747,3.7242432,2.8603628,14.901658594608307,244.29001808166504,0.19507287,0.20530243,0.17583418,9.666473,12.358459
Greece,2011,12,7.718567,4.0128174,2.7146065,94.10685777664185,186.24900197982788,0.24010308,0.22878204,0.18695319,8.153717,9.872101
Greece,2012,1,3.8354797,-1.0576172,3.1069808,67.34363126754761,220.44627904891968,0.28157607,0.2752457,0.22505511,5.0302734,6.8587646
Greece,2012,2,4.828644,0.7917175,3.1984282,148.22662115097046,233.95382499694824,0.30325085,0.29698315,0.25496125,5.7006836,6.349518
Greece,2012,3,9.519012,3.6906738,2.6538365,48.38848674297333,453.18599796295166,0.27236548,0.27995294,0.26547283,8.741058,8.069794
Greece,2012,4,13.89624,8.092285,3.00627,84.51021909713745,537.0271110534668,0.24306393,0.24699111,0.24392883,13.103516,11.650818
Greece,2012,5,17.730408,11.394684,2.4350414,85.1301257610321,624.2778968811035,0.21668267,0.21870184,0.21940273,17.50058,15.814606
Greece,2012,6,23.8732,13.979431,2.7315607,7.083167731761932,745.0950050354004,0.1426127,0.17872617,0.2008305,23.15271,20.232117
Greece,2012,7,26.986237,15.632629,2.7991188,3.839026965200901,741.7839488983154,0.09895888,0.13341852,0.1781685,26.900024,24.390198
Greece,2012,8,25.839264,14.544281,2.734156,15.178991436958313,655.1795673370361,0.1150255,0.1262901,0.16285829,26.473175,25.353119
Greece,2012,9,21.86737,13.765991,2.5299013,45.36442995071411,496.5900421142578,0.13942306,0.14212279,0.1510711,22.887146,23.292053
Greece,2012,10,18.528717,12.470245,2.4693708,62.18078327178955,359.61455726623535,0.15979716,0.15301488,0.15176241,19.563995,20.903961
Greece,2012,11,13.343597,9.396637,2.8039522,86.7495846748352,212.3758363723755,0.24891807,0.23190759,0.17800474,14.258179,16.374725
Greece,2012,12,7.190277,3.6803284,2.8655431,144.3526487350464,174.93321084976196,0.3018182,0.29340622,0.23284437,8.643799,11.332092
Greece,2013,1,7.036865,2.9857178,2.9356425,114.26516079902649,213.8993968963623,0.3012603,0.29915628,0.26954415,7.46994,8.98764
Greece,2013,2,8.404236,4.7714844,2.899914,132.72855186462402,245.48433685302734,0.30906314,0.30832046,0.28610733,8.408936,8.914673
Greece,2013,3,10.609222,5.6885376,3.050915,84.51771688461304,405.31027126312256,0.2930618,0.29898897,0.29234946,10.044769,9.843597
Greece,2013,4,14.561035,7.4297485,2.6607537,42.53499627113342,569.0545463562012,0.23398884,0.2527825,0.26765272,13.730682,12.512848
Greece,2013,5,19.524536,11.548523,2.6737325,40.33640277385712,664.1181545257568,0.17065789,0.18858433,0.21782345,19.106598,17.199554
Greece,2013,6,22.22168,13.648804,2.5419261,36.43415808677673,697.192325592041,0.15012501,0.15918337,0.18358974,22.34616,20.238708
Greece,2013,7,24.583649,14.381195,2.906639,13.237138152122498,705.5102214813232,0.12285397,0.14022034,0.16889592,24.759216,22.975647
Greece,2013,8,25.491058,14.359467,3.019429,3.873005360364914,655.999433517456,0.09272961,0.11923075,0.15861554,25.977325,24.720459
Greece,2013,9,21.356659,12.491028,2.4208722,25.534822940826416,502.5264358520508,0.11708401,0.116175845,0.147407,22.641022,23.11731
Greece,2013,10,16.051544,9.740875,2.4067943,38.37448298931122,365.37611865997314,0.17368843,0.15257034,0.148484,17.323212,19.184418
Greece,2013,11,12.784454,8.893951,2.6503925,124.07103538513184,214.0347146987915,0.23990735,0.21195315,0.16601692,13.831116,15.980438
Greece,2013,12,6.7556763,2.0691528,2.7474704,68.48017120361328,192.27397775650024,0.27450487,0.26873794,0.20927319,7.2147217,9.90155
Greece,2014,1,8.694336,5.7218933,2.4489288,89.38973736763,202.8898434638977,0.2907441,0.285252,0.23606385,8.664703,9.610321
Greece,2014,2,9.289215,5.5207825,2.511185,51.11946439743042,262.8126640319824,0.284727,0.28428057,0.25684702,9.014648,9.418243
Greece,2014,3,10.649902,5.439575,2.7453504,95.43656086921692,436.73507499694824,0.2780071,0.28301656,0.26753163,10.320007,10.1719055
Greece,2014,4,13.397827,8.629883,2.46036,94.2770504951477,502.4222946166992,0.25409138,0.25279754,0.24572875,13.194214,12.336151
Greece,2014,5,17.372253,10.615326,2.5579057,44.76322782039642,632.3302173614502,0.21164607,0.22753492,0.23454732,16.941711,15.337311
Greece,2014,6,21.912231,13.812958,2.5075495,46.7227041721344,674.1676712036133,0.18285562,0.18995194,0.20318353,21.546783,19.463043
Greece,2014,7,24.32956,15.4505005,2.5864735,24.925983250141144,712.6373691558838,0.13145134,0.14784302,0.175519,24.826324,22.894165
Greece,2014,8,25.237457,15.972412,2.538113,17.994652092456818,644.9906635284424,0.12494316,0.14048782,0.16342926,25.925446,24.59555
Greece,2014,9,20.572662,14.413666,2.4279265,74.59709644317627,461.9904327392578,0.18878981,0.17406808,0.15822332,21.994293,22.733246
Greece,2014,10,15.893707,10.868988,2.7231061,89.28031396865845,320.28735160827637,0.20971702,0.20112105,0.16296673,17.09259,18.707642
Greece,2014,11,12.023956,8.542938,2.3880875,77.29202270507812,205.06489276885986,0.27569216,0.26770467,0.19739889,12.775818,14.662994
Greece,2014,12,9.119995,5.9086914,2.6653254,157.6224217414856,168.77221155166626,0.3045053,0.2995984,0.24942526,9.979767,11.910889
Greece,2015,1,6.5486145,1.9744568,3.1236584,109.66523170471191,215.32795429229736,0.2999568,0.29724967,0.27673498,6.797821,8.268463
Greece,2015,2,6.756836,1.7407837,3.423316,114.96170997619629,261.0958557128906,0.30699044,0.30732688,0.29466227,7.0596313,8.088104
Greece,2015,3,9.023071,4.7244873,2.7571757,137.03230094909668,355.51315689086914,0.31566003,0.31728274,0.30562684,8.957214,8.825531
Greece,2015,4,12.507843,5.718109,2.7757313,44.9566376209259,556.1006355285645,0.25662112,0.27226728,0.2912351,11.989258,11.015503
Greece,2015,5,18.470184,11.207886,2.4518769,37.0503933429718,662.6783924102783,0.17406277,0.19254372,0.23112041,18.104034,16.08377
Greece,2015,6,21.010803,13.500977,2.4805362,65.02548694610596,654.1739273071289,0.18230052,0.18484022,0.19858406,20.952484,19.104156
Greece,2015,7,25.320618,15.263458,2.6570878,10.172390520572662,730.0814914703369,0.13018832,0.15684444,0.17656057,25.086609,22.57901
Greece,2015,8,25.153656,15.781342,2.7059133,31.795509219169617,631.5138397216797,0.1352754,0.1375607,0.16022074,25.871246,24.777924
Greece,2015,9,22.349335,15.386505,2.4056194,88.49390029907227,456.88462257385254,0.17078452,0.15644948,0.14539686,23.485077,23.60791
Greece,2015,10,16.408783,12.049561,2.8190496,106.23768877983093,307.0429000854492,0.2519326,0.24601623,0.16945489,17.608582,19.338318
Greece,2015,11,13.089539,8.025848,2.6092715,59.790204763412476,262.34052658081055,0.22915368,0.23445688,0.19665734,13.124298,14.896637
Greece,2015,12,7.418152,2.7677612,2.5215752,14.708643585443497,219.07949542999268,0.24363051,0.24596027,0.21310028,7.9313965,10.659851
Greece,2016,1,6.9500427,2.6280212,2.9023514,103.64623522758484,215.27589225769043,0.2801617,0.2723637,0.22933033,7.259857,8.626404
Greece,2016,2,11.020599,6.428314,2.8692899,60.69925904273987,289.9455165863037,0.2641366,0.26277813,0.23649044,9.983765,9.679413
Greece,2016,3,10.490906,5.494293,2.8826942,113.80149531364441,412.5683870315552,0.27947384,0.27573934,0.24346451,10.592926,10.607208
Greece,2016,4,15.687256,8.055603,2.4837723,22.39908993244171,594.5855140686035,0.1921415,0.2156512,0.2287195,15.254395,13.725159
Greece,2016,5,17.253143,10.309601,2.6139076,77.35628986358643,635.2309093475342,0.20718846,0.20930459,0.20390165,17.207794,15.8160095
Greece,2016,6,23.251282,14.457092,2.609049,33.76809597015381,699.1642570495605,0.15607046,0.17335752,0.1837478,23.12146,20.618713
Greece,2016,7,25.405762,15.33847,2.8645089,9.768395155668259,717.5193157196045,0.11760885,0.14169161,0.1681008,25.94217,23.995728
Greece,2016,8,24.814087,15.344513,2.9402058,23.971643805503845,622.2033977508545,0.12458857,0.13153788,0.15667848,25.580597,24.693665
Greece,2016,9,20.706177,13.683411,2.5863037,70.5787181854248,452.9951763153076,0.1795865,0.17071694,0.15762784,21.87259,22.653748
Greece,2016,10,16.23407,11.0763855,2.6064887,66.26327753067017,317.48767948150635,0.20325786,0.19023651,0.1643475,17.529938,19.066254
Greece,2016,11,11.503204,7.1800537,2.684091,95.11878490447998,219.14862155914307,0.23938957,0.22474761,0.18146086,12.590332,14.841278
Greece,2016,12,5.4115295,-0.5083008,3.1258237,30.244542479515076,206.68970680236816,0.24926615,0.24396311,0.19666879,6.6192627,9.600922
Greece,2017,1,3.3812866,-0.4895935,3.0767598,138.61645317077637,185.8682336807251,0.27768883,0.2643555,0.21253175,5.166565,6.915924
Greece,2017,2,8.292267,3.8684692,2.858465,43.19631910324097,268.46288681030273,0.27118877,0.2691856,0.23201863,7.638672,7.6443176
Greece,2017,3,11.009003,5.179535,2.6967936,73.13173365592957,448.35741424560547,0.25772235,0.26145244,0.23031361,10.42569,9.835663
Greece,2017,4,13.256287,6.0698547,2.4113393,32.874319553375244,575.9987640380859,0.19310296,0.20042254,0.20446005,13.183197,12.025879
Greece,2017,5,17.882599,10.6111145,2.5878313,65.33596134185791,637.9517345428467,0.17951033,0.17765394,0.18483593,17.730743,15.949951
Greece,2017,6,22.795227,14.860138,2.169549,43.02357316017151,681.3130760192871,0.17995599,0.1905409,0.17561823,22.29367,19.697113
Greece,2017,7,25.308472,14.954346,2.909068,48.55409634113312,720.8637619018555,0.1393189,0.16403137,0.16790006,25.487946,23.585144
Greece,2017,8,25.479675,14.379944,3.1029663,13.416929185390472,657.5446796417236,0.11067595,0.1361674,0.1540921,25.85611,24.679321
Greece,2017,9,21.275146,12.607513,2.5349276,25.65392553806305,502.78919219970703,0.1258374,0.12769717,0.1454803,22.61444,23.021942
Greece,2017,10,15.685242,8.66098,2.5282433,43.131462931632996,378.4987964630127,0.17067683,0.15351015,0.13997659,16.824799,18.752472
Greece,2017,11,11.41803,7.168762,2.392355,109.85732316970825,223.05667877197266,0.24806495,0.22354385,0.15634234,12.204498,14.60788
Greece,2017,12,8.659027,4.3146973,3.149037,115.25641632080078,194.51897192001343,0.28402445,0.27762783,0.21361928,9.173065,11.190918
Greece,2018,1,7.370117,3.246704,2.8377159,78.52681350708008,223.39990520477295,0.29134682,0.288373,0.24528228,7.5150146,9.088959
Greece,2018,2,8.488556,4.9487,3.0306847,165.47364044189453,219.71677780151367,0.3054745,0.3008433,0.26446486,8.556976,8.910217
Greece,2018,3,11.475739,6.319458,3.080064,87.08723402023315,423.03906440734863,0.28397822,0.2900365,0.27611715,10.78891,10.377045
Greece,2018,4,15.973846,8.593079,2.3693519,13.816539645195007,601.3908004760742,0.19498616,0.22090654,0.24242106,15.159027,13.455444
Greece,2018,5,19.4805,13.227539,2.4279137,68.7712574005127,630.1337966918945,0.20312715,0.20712498,0.21179298,19.231415,17.507904
Greece,2018,6,22.21231,14.88623,2.473108,101.67712926864624,635.6340408325195,0.19027826,0.18874307,0.18832733,22.482788,20.887634
Greece,2018,7,24.895447,16.944397,2.2825403,46.09989321231842,693.1477794647217,0.17208064,0.18792419,0.17977303,25.0018,23.131653
Greece,2018,8,24.804932,16.143066,2.8574953,31.181492805480957,626.6660099029541,0.15561675,0.16868831,0.17137523,25.163544,24.234955
Greece,2018,9,21.396759,13.069489,3.015313,59.53231930732727,470.8028984069824,0.1322489,0.14334255,0.15893161,22.628784,23.179077
Greece,2018,10,16.661987,11.402985,2.5770564,31.355528116226196,345.7593746185303,0.20323911,0.19206847,0.16122068,17.340576,18.792847
Greece,2018,11,12.262726,8.30838,3.043497,116.16271018981934,208.1896448135376,0.22975166,0.21412945,0.16507098,13.5660095,15.62262
Greece,2018,12,6.897278,2.9035034,2.6198435,76.39714074134827,183.61367559432983,0.2858837,0.27861974,0.21442324,8.018433,10.661682
Greece,2019,1,5.2845764,1.6279907,3.1605031,190.28973722457886,185.19973468780518,0.3057558,0.29886973,0.2520173,6.4681396,7.9223633
Greece,2019,2,7.4725647,2.3633728,3.3780227,78.35181331634521,270.2874412536621,0.29775918,0.29837063,0.27700716,7.6111145,8.483978
Greece,2019,3,10.850952,4.484558,3.1043336,52.41452872753143,462.83763694763184,0.24617015,0.249568,0.2501637,10.170471,9.636902
Greece,2019,4,12.862488,7.466461,2.5504951,87.28606224060059,515.9623146057129,0.2589707,0.254598,0.2342316,12.547546,11.491821
Greece,2019,5,16.964172,10.509644,2.4324625,37.08356773853302,630.2664203643799,0.19164534,0.20681508,0.21714349,16.781128,15.073303
Greece,2019,6,23.46811,15.556519,2.5381572,33.70026111602783,687.9695320129395,0.15913853,0.1747404,0.19433045,23.121521,20.413605
Greece,2019,7,24.66275,15.680298,2.558854,38.66369926929474,694.4724197387695,0.14739498,0.16234794,0.17848231,24.906311,23.149628
Greece,2019,8,25.84845,14.984985,3.007969,7.815304815769196,663.643180847168,0.107637,0.13370961,0.15907095,26.271912,24.82138
Greece,2019,9,21.788055,13.398804,2.7234926,21.36083722114563,498.867130279541,0.120926656,0.11929962,0.14552115,22.977142,23.34497
Greece,2019,10,17.969086,12.416534,2.2132075,44.79024922847748,370.00038623809814,0.16983952,0.15859534,0.14515512,18.89795,20.2677
Greece,2019,11,14.615448,11.327728,2.459849,129.4331932067871,209.9855089187622,0.26244527,0.23232143,0.16358806,15.282715,16.98413
Greece,2019,12,9.013794,5.1658325,2.86896,107.21102118492126,181.32186698913574,0.29361203,0.28805712,0.22229213,10.353729,12.760223
Greece,2020,1,6.1340637,0.8180542,3.0974388,37.505488991737366,235.6054072380066,0.26637676,0.2647562,0.23753753,6.3002014,8.322479
Greece,2020,2,8.554626,3.2304077,3.047736,55.8156852722168,301.9866828918457,0.26271388,0.25704807,0.23025963,8.276489,8.846466
Greece,2020,3,10.51712,5.16333,2.930036,96.97308564186096,419.4794225692749,0.26519868,0.25749496,0.22500348,10.240662,10.082886
Greece,2020,4,12.424866,5.896393,3.030179,89.34780836105347,515.3579521179199,0.2519754,0.26246986,0.2439739,12.081238,11.259918
Greece,2020,5,18.089783,9.96994,2.5357726,48.511287808418274,666.6136436462402,0.17943656,0.19489715,0.21194233,17.966553,16.13153
Greece,2020,6,21.36673,13.70343,2.4598587,35.13543248176575,684.777889251709,0.16897026,0.17900403,0.18817529,21.214478,19.018463
Greece,2020,7,25.023682,15.641022,2.821659,21.16240406036377,712.9217147827148,0.13146573,0.14753559,0.16458063,25.293396,23.094635
Greece,2020,8,25.046753,16.230682,2.6175928,28.356733858585358,636.508602142334,0.13431022,0.14372677,0.1562404,25.729218,24.495636
Greece,2020,9,22.637482,14.1839905,2.9773686,51.28144025802612,496.46284103393555,0.13750857,0.14727302,0.15127774,23.612823,23.776428
Greece,2020,10,17.563843,11.573334,2.2983835,45.68278348445892,366.6557626724243,0.190966,0.17522219,0.15607885,18.50232,20.103088
Greece,2020,11,11.63797,6.719513,2.9106014,29.844481945037842,228.74952793121338,0.19632947,0.18683255,0.15987927,12.713348,15.352264
Greece,2020,12,10.336792,7.387207,2.826495,141.01339101791382,161.76791667938232,0.28292435,0.2637025,0.191482,10.746185,12.24176
Greece,2021,1,8.333191,4.1401367,3.2220545,163.04185485839844,208.1381607055664,0.30698106,0.30205375,0.25031203,8.966095,10.613495
Greece,2021,2,8.390289,3.636444,3.0335212,68.6632604598999,283.1925163269043,0.28708154,0.28947932,0.2694503,8.77121,9.486816
Greece,2021,3,8.767548,2.8901367,2.9389925,79.03795862197876,430.2532482147217,0.2612803,0.26081622,0.24977185,9.169037,9.499084
Greece,2021,4,12.56192,6.4081116,2.7162805,46.24992370605469,536.5735244750977,0.23254775,0.23533425,0.23275526,12.2438965,11.234802
Greece,2021,5,18.749573,10.393005,2.5959923,18.68947035074234,691.3065395355225,0.15006325,0.17905055,0.20380573,18.67862,16.442108
Greece,2021,6,22.172943,14.035339,2.1677234,40.828739404678345,691.9236373901367,0.16782022,0.17265059,0.1860061,22.23285,19.880768
Greece,2021,7,26.452332,15.216492,2.794212,10.103899270296097,724.5512084960938,0.113097996,0.13852899,0.16539812,26.752045,24.454224
Greece,2021,8,26.45398,15.110962,2.6740437,8.402034670114517,658.3223876953125,0.106196806,0.12334061,0.15261197,27.358795,26.003754
Greece,2021,9,21.06549,12.341156,2.8568602,26.017443537712097,476.51458740234375,0.1321928,0.12290808,0.13917468,22.477478,23.197266
Greece,2021,10,14.731537,10.09845,2.9625223,135.44040298461914,304.80588817596436,0.23535301,0.21938828,0.16510196,16.37262,18.624542
Greece,2021,11,12.787445,8.988342,2.767988,95.88828563690186,213.75449180603027,0.25069052,0.2446669,0.1945382,13.450745,15.1067505
Greece,2021,12,8.258575,4.297516,3.2007637,156.02196502685547,182.4084882736206,0.30449113,0.29957214,0.25501025,9.07666,11.322388
Greece,2022,1,5.6497498,0.6036682,3.0855215,82.26764512062073,231.17682313919067,0.29529658,0.2942727,0.2728004,6.763092,8.805603
Greece,2022,2,7.871155,3.1507568,2.8898497,87.5627384185791,269.570255279541,0.29080904,0.2888772,0.2723632,7.454193,7.8194885
Greece,2022,3,6.681946,0.44198608,3.1966944,72.08348631858826,432.9339551925659,0.2785839,0.28337422,0.27321017,7.2349854,7.5982056
Greece,2022,4,13.485687,7.0236206,2.775805,48.328760862350464,559.5149230957031,0.21733531,0.22711694,0.2367698,12.907196,11.3993225
Greece,2022,5,18.228638,10.583435,2.3832312,32.81807291507721,681.9662971496582,0.1760958,0.18973316,0.20579313,17.826752,15.575806
Greece,2022,6,23.37024,15.295807,2.6465576,58.170422315597534,679.2473602294922,0.17253421,0.18430987,0.18795758,22.997742,20.595856
Greece,2022,7,25.299133,14.01944,3.0492518,28.590567708015442,728.3854694366455,0.13107747,0.15509345,0.16563107,25.228424,23.177643
Greece,2022,8,24.889374,16.163574,2.5734468,66.17712092399597,607.0087928771973,0.15387267,0.15296605,0.15285267,25.60733,24.66098
Greece,2022,9,20.986115,13.485291,2.5670266,32.6045286655426,492.5104522705078,0.16324568,0.17227112,0.15008517,22.112091,22.654968
Greece,2022,10,16.84433,9.58963,2.8620334,37.07554113864899,378.1041479110718,0.16823494,0.17056835,0.14284354,17.542511,19.020447
Greece,2022,11,13.323425,8.737427,2.8178732,98.67447853088379,229.52226161956787,0.22390018,0.20590428,0.1487188,14.029541,15.921173
Greece,2022,12,10.590027,7.6257935,2.4396465,64.30617666244507,177.48645305633545,0.27996027,0.27489915,0.1991467,11.036896,12.7864685
Greece,2023,1,8.4841,4.846161,2.7384534,108.53029561042786,217.6453356742859,0.27566403,0.2706512,0.2226707,8.808289,10.256622
Greece,2023,2,7.030426,1.2977295,3.1567657,22.746745586395264,303.87152099609375,0.25405887,0.2599646,0.2373105,7.015381,8.026276
Greece,2023,3,10.531342,5.341858,2.856459,69.60934972763062,433.21611309051514,0.25693107,0.25096923,0.22595969,10.623352,10.483826
Greece,2023,4,12.448334,7.249695,2.5504327,81.6829776763916,518.6997985839844,0.25688025,0.2529452,0.21786255,12.539917,11.806427
Greece,2023,5,16.399597,11.55545,2.4962506,92.08928394317627,551.562873840332,0.24857911,0.24491999,0.21330868,16.145966,14.695679
Greece,2023,6,21.484222,15.07251,2.268313,67.23145008087158,646.5795707702637,0.21193165,0.22035588,0.20620723,21.26358,19.051117
Greece,2023,7,26.772644,16.129242,2.580209,7.681798845529556,746.4076251983643,0.13004565,0.16462791,0.18786255,26.733307,24.04602
Greece,2023,8,25.712738,15.623108,2.9000013,12.150095582008362,631.5615558624268,0.110808685,0.12995939,0.16198203,26.489014,25.238647
Greece,2023,9,21.932251,14.506714,2.928476,137.0277214050293,457.3968315124512,0.17876992,0.17855866,0.1655543,22.748047,23.213531
Greece,2023,10,18.371063,12.826294,2.3444424,19.19540297985077,375.8690872192383,0.18418786,0.187396,0.17118388,19.018982,20.18222
Greece,2023,11,14.026855,9.64502,2.9118757,114.68636512756348,227.13180541992188,0.2449492,0.22824869,0.18471318,15.001648,17.140442
Greece,2023,12,10.134338,6.553894,2.6052144,76.54294991493225,189.75959730148315,0.28539655,0.2787623,0.23043354,10.72641,12.73465
Greece,2024,1,7.821686,3.3858948,3.3405445,86.59709405899048,217.48274898529053,0.28667524,0.28416872,0.25300407,8.759705,10.511353
Greece,2024,2,10.266052,5.541748,2.769051,56.06271708011627,288.7219076156616,0.26810023,0.26740563,0.2500633,9.441101,9.684692
Greece,2024,3,11.618866,6.8526,2.4392755,73.28290128707886,444.4171075820923,0.2830867,0.28586438,0.263026,11.409332,11.198578
Greece,2024,4,16.126862,8.8550415,2.8467798,42.10519552230835,576.6949653625488,0.19903804,0.22009952,0.23547992,15.499054,14.376648
Greece,2024,5,17.76651,11.630585,2.5660417,46.86533963680267,620.3238430023193,0.20094149,0.21189491,0.21551745,17.65799,16.289215
Greece,2024,6,25.63507,15.524414,2.6485834,8.103297650814056,736.8711090087891,0.1267266,0.1632626,0.19750975,25.017365,22.143799
Greece,2024,7,27.239136,16.371094,2.8864508,17.520559787750244,724.1490211486816,0.11868285,0.14208482,0.17943497,27.287231,25.25534
Greece,2024,8,26.371307,16.588501,2.5654886,28.733438968658447,639.6868991851807,0.12058047,0.13497847,0.1648829,27.208801,26.204224
Greece,2024,9,21.724579,14.800537,2.3652983,48.448641300201416,468.2106113433838,0.181655,0.16730632,0.15957007,23.022278,23.831177
Greece,2024,10,17.22934,10.727814,2.6433017,10.361546844244003,377.4213695526123,0.14615437,0.1604881,0.1591618,18.430267,20.174042
Greece,2024,11,11.284668,6.297516,2.8824444,93.4381628036499,225.61198711395264,0.20257287,0.19104291,0.16365522,12.650238,15.255798
Greece,2024,12,8.915649,5.5290833,2.8591077,156.33285903930664,175.29532432556152,0.3031076,0.294505,0.22938077,9.931061,11.97403
Italy,1985,1,4.447571,1.5812683,2.9180279,126.99380350112915,168.74405193328857,0.33766547,0.33981377,0.33753324,6.242462,7.6115417
Italy,1985,2,6.698578,2.990326,2.768399,60.51470947265625,242.48012924194336,0.3219781,0.32600248,0.3341087,7.1724243,7.9243774
Italy,1985,3,8.617279,5.4499207,2.8146882,146.27928400039673,361.6334762573242,0.33477595,0.3372199,0.33801648,8.64505,8.453674
Italy,1985,4,12.226044,7.7463074,2.9726706,82.99763202667236,494.5158576965332,0.28713074,0.29816604,0.3138541,11.718872,10.734314
Italy,1985,5,16.371948,11.816345,2.2749453,64.31381893157959,576.9840469360352,0.25862217,0.27225116,0.28963807,15.521881,13.831451
Italy,1985,6,19.867188,13.7395935,2.3374093,21.49667501449585,645.988883972168,0.18651362,0.21927091,0.25925693,19.611725,17.815735
Italy,1985,7,23.297913,15.7846985,2.0764544,12.247145563364029,680.251708984375,0.14490175,0.1852516,0.24112777,23.038605,20.93991
Italy,1985,8,22.875763,15.321564,2.4422886,20.830222189426422,599.8174324035645,0.13980101,0.16905603,0.22654296,23.474213,22.627197
Italy,1985,9,20.36502,14.154755,1.9867709,22.13559329509735,473.3914089202881,0.15614894,0.17162192,0.2140213,20.993256,21.07074
Italy,1985,10,15.349945,10.133331,2.4035823,75.46935892105103,325.83215045928955,0.18768364,0.18570775,0.20852695,16.548126,18.072388
Italy,1985,11,11.407013,8.463165,2.7048743,163.63909721374512,190.77856063842773,0.31089064,0.3021841,0.25760624,12.499207,14.399689
Italy,1985,12,8.8029785,6.0101013,2.2252572,40.08043110370636,181.52457189559937,0.29539287,0.29783124,0.29229945,8.8585205,10.551422
Italy,1986,1,6.7901,3.2571716,3.1654139,114.15776991844177,192.20138359069824,0.31728026,0.313632,0.3016406,7.344879,8.888641
Italy,1986,2,5.9907837,3.0774841,3.0590968,147.50216102600098,201.63229179382324,0.33678612,0.33593795,0.3230047,6.8954163,7.6140747
Italy,1986,3,9.391083,6.210144,2.6068492,131.29263162612915,344.2988586425781,0.3363245,0.33815363,0.3312976,9.248352,8.978912
Italy,1986,4,12.185394,7.383667,2.780134,65.48252820968628,517.3144912719727,0.27456737,0.28658187,0.30365524,11.888397,11.029999
Italy,1986,5,17.744934,12.491974,2.0507202,39.29056119918823,609.42067527771,0.22365987,0.24261516,0.2676203,16.983337,14.931854
Italy,1986,6,19.104645,13.518127,2.3875105,70.61440944671631,602.4013710021973,0.21554708,0.22703977,0.24440768,19.058624,17.590668
Italy,1986,7,21.920929,16.29889,2.0594063,64.1939742565155,612.6854763031006,0.20929983,0.2244273,0.24069075,21.862518,20.378967
Italy,1986,8,23.827332,17.16629,2.133396,14.371503293514252,602.9162616729736,0.15287581,0.18893324,0.23118223,23.983978,22.720825
Italy,1986,9,19.837646,14.066772,2.1009026,44.07181262969971,444.7848701477051,0.16634974,0.17431703,0.2146432,20.75409,21.06668
Italy,1986,10,16.106903,11.74942,2.2503674,64.3756000995636,332.05097675323486,0.21684875,0.20730887,0.20970589,17.0719,18.35559
Italy,1986,11,10.957489,7.813965,2.2824676,82.87344217300415,210.5548095703125,0.2895409,0.28335157,0.24096969,11.886505,13.7969055
Italy,1986,12,6.104828,2.2867737,2.6433442,47.03975188732147,181.94636011123657,0.29270127,0.29122487,0.2648959,7.296814,9.766052
Italy,1987,1,6.253418,2.6923218,3.386505,121.49066758155823,180.77845287322998,0.3215471,0.31917217,0.29570654,6.572235,7.6467896
Italy,1987,2,7.1896973,4.084076,2.7840295,105.80160713195801,208.10902214050293,0.32963982,0.32913938,0.31806788,7.44928,8.053253
Italy,1987,3,5.3836975,0.24993896,3.161041,80.21973133087158,391.9475345611572,0.31917408,0.3213043,0.320964,6.249756,6.687866
Italy,1987,4,11.7552185,6.325409,2.7497394,35.42947053909302,545.9414863586426,0.2702714,0.2846433,0.3020038,11.152344,10.079498
Italy,1987,5,14.0798645,9.143951,2.4482682,71.95906662940979,558.9171905517578,0.23651077,0.23933493,0.2657283,13.815765,12.498718
Italy,1987,6,19.46524,13.13147,2.3326807,39.68328595161438,631.3350105285645,0.20222817,0.22260806,0.24430276,18.749634,16.68805
Italy,1987,7,23.91629,16.446594,2.093519,31.079482555389404,660.2495994567871,0.17140715,0.1985775,0.22818571,23.384338,20.966736
Italy,1987,8,23.477509,16.07724,2.2565038,15.845986366271973,601.4723014831543,0.14162311,0.16825902,0.21235128,23.909454,22.706085
Italy,1987,9,22.259857,15.659515,1.931505,36.30137801170349,461.78446769714355,0.15995611,0.17374772,0.20392558,22.776855,22.373596
Italy,1987,10,17.21112,12.900726,2.37382,63.30016875267029,317.1462755203247,0.21958704,0.21364047,0.20464294,18.01767,19.21228
Italy,1987,11,11.469727,7.7601013,3.0977325,133.81479263305664,203.84841442108154,0.2853978,0.27093905,0.23188506,12.745972,14.991058
Italy,1987,12,8.75882,5.929413,2.1424725,66.17038035392761,172.93916988372803,0.3060174,0.305088,0.27970028,9.361389,11.288055
Italy,1988,1,8.502441,5.683197,2.7341795,95.47152757644653,180.2855634689331,0.31816006,0.31488505,0.28877157,8.638611,9.669891
Italy,1988,2,7.108551,2.916809,3.0315607,75.67329931259155,270.4516553878784,0.3156253,0.316044,0.30654532,7.8313904,8.968597
Italy,1988,3,8.407349,3.6130676,3.374788,99.7568302154541,401.73974990844727,0.31505808,0.319295,0.31542787,8.503815,8.485931
Italy,1988,4,12.101105,7.6168823,2.332636,72.9388976097107,497.9268264770508,0.26735422,0.27761376,0.2949209,12.091919,11.188263
Italy,1988,5,17.042755,11.80304,2.4220169,46.78361761569977,594.1506824493408,0.23887274,0.25650755,0.27229422,16.542755,14.864716
Italy,1988,6,19.866882,13.504791,2.1845315,45.56185483932495,626.7747116088867,0.19735728,0.21782818,0.25097436,19.67688,17.89618
Italy,1988,7,25.153442,16.054474,2.2842925,4.103151574730873,699.8822593688965,0.13381048,0.1772282,0.22862144,24.667908,22.253082
Italy,1988,8,23.972778,16.037079,2.1410306,21.231389582157135,600.462516784668,0.13799979,0.16692851,0.21543702,24.651825,23.750519
Italy,1988,9,19.114075,13.443329,2.2630696,87.8331470489502,438.1337070465088,0.20460926,0.20937447,0.20936133,20.394653,21.149933
Italy,1988,10,16.786224,12.749725,2.0779507,50.728477120399475,334.86498737335205,0.22839266,0.23212597,0.21648706,17.554535,18.65744
Italy,1988,11,8.835999,4.9675903,2.6753037,78.01021814346313,203.95008087158203,0.29101488,0.27740985,0.23238784,10.530121,13.177185
Italy,1988,12,6.4341125,2.7377014,2.9873343,74.63971447944641,177.96875858306885,0.3146622,0.31300017,0.27783546,7.4746704,9.53714
Italy,1989,1,5.886261,2.411621,1.9545771,23.360123693943024,222.87910747528076,0.28725857,0.28914428,0.28238863,6.1935425,7.5499573
Italy,1989,2,7.805786,3.663391,2.5486548,60.56931686401367,272.0308723449707,0.26714408,0.27207893,0.2746069,7.446686,7.627838
Italy,1989,3,10.97229,5.939087,2.6473777,50.22297501564026,445.0177574157715,0.27225098,0.2806959,0.2839359,10.36911,9.6970215
Italy,1989,4,12.529877,7.176544,2.9893355,83.17930698394775,499.1084861755371,0.24780983,0.25440904,0.26329052,12.593658,11.811829
Italy,1989,5,15.2152405,9.566162,2.3433287,47.38046479225159,601.4301433563232,0.23565236,0.24900986,0.2550349,14.882172,13.604675
Italy,1989,6,18.562195,12.928558,2.2332404,57.7705979347229,610.510082244873,0.22025876,0.22668009,0.23960227,18.421082,16.809662
Italy,1989,7,22.538605,16.574585,2.0260339,59.58836889266968,633.8214797973633,0.2028224,0.21709335,0.23291631,22.386322,20.566467
Italy,1989,8,22.744995,16.308441,2.2273169,25.0988267660141,579.3882427215576,0.16219674,0.18618049,0.22101274,23.27243,22.210938
Italy,1989,9,19.266693,14.880341,1.9988067,72.60069608688354,412.9552173614502,0.20751478,0.20830914,0.2168855,20.21994,20.465149
Italy,1989,10,13.701599,9.301544,2.3039308,61.43299758434296,342.50146198272705,0.25770018,0.25449386,0.23195602,14.730652,16.386566
Italy,1989,11,10.167633,6.648346,2.5653043,79.3219256401062,211.40318870544434,0.2700918,0.26538795,0.24974836,11.487946,13.438232
Italy,1989,12,8.582153,5.2753906,2.5832314,58.10023283958435,172.9122667312622,0.29986328,0.29652098,0.2716062,8.855896,10.41452
Italy,1990,1,6.7030945,3.3731995,2.194996,44.94853436946869,201.84137439727783,0.2953243,0.29505834,0.28112614,6.7756042,7.9472046
Italy,1990,2,9.364838,5.3773193,2.642477,25.840007305145264,289.42187118530273,0.27611193,0.28277364,0.2791006,8.937012,8.971832
Italy,1990,3,10.483978,5.330078,2.3923345,40.948527097702026,438.62991428375244,0.23270829,0.24232703,0.26154894,10.622925,10.332733
Italy,1990,4,11.576874,7.0189514,2.8701396,106.34357929229736,480.4277229309082,0.28451866,0.27668312,0.26329428,11.72522,11.195526
Italy,1990,5,16.32428,10.92395,2.1991036,44.67225229740143,584.5961608886719,0.22475521,0.23862927,0.25417915,16.078796,14.48349
Italy,1990,6,20.260284,13.469269,2.3427455,15.962968468666077,657.3113250732422,0.17118686,0.20339707,0.24039184,19.969757,17.893585
Italy,1990,7,22.829956,15.250458,2.2634308,22.67962545156479,673.5962829589844,0.15073156,0.17923181,0.23081717,23.141296,21.455292
Italy,1990,8,22.271454,15.600555,2.1298232,33.74792420864105,592.5572471618652,0.16553251,0.17938612,0.21915677,22.986603,22.260315
Italy,1990,9,19.645905,14.034912,2.3685272,39.68713402748108,447.48507499694824,0.18294953,0.18191773,0.20805588,20.51535,20.789734
Italy,1990,10,17.53717,13.684387,2.3927171,109.75181698799133,301.96331882476807,0.23955405,0.2299104,0.21595225,18.055206,18.92804
Italy,1990,11,11.5408325,8.005005,2.8025506,129.4685983657837,208.95206451416016,0.29943222,0.29560775,0.26065886,12.653595,14.6085205
Italy,1990,12,6.104889,3.2089539,2.9453807,136.33361721038818,155.11804866790771,0.3337837,0.33250788,0.3099133,7.8406067,10.116516
Italy,1991,1,6.427582,2.9381409,2.481228,49.93727684020996,207.45445108413696,0.31615934,0.31981927,0.31809667,7.2016907,8.709442
Italy,1991,2,6.2242126,2.4765015,2.784803,87.96971035003662,239.25073623657227,0.32377762,0.32618162,0.3219848,6.5203857,7.100067
Italy,1991,3,11.045166,7.0133667,2.627563,56.13376760482788,394.0903854370117,0.29887393,0.30205512,0.3128927,10.668274,10.044739
Italy,1991,4,10.212219,5.907013,2.7556891,109.76526260375977,484.2960548400879,0.3073557,0.307671,0.29922828,10.557343,10.413208
Italy,1991,5,13.061432,7.8020325,2.893186,76.56705927848816,590.3756084442139,0.27680185,0.2875747,0.30066326,12.885834,11.985687
Italy,1991,6,19.757507,13.379974,2.3666365,25.633994936943054,664.530086517334,0.19208945,0.22803648,0.26765436,19.043243,16.6026
Italy,1991,7,22.75528,16.125153,2.2806435,29.93829184770584,658.8185291290283,0.16580886,0.19469714,0.24633828,22.584595,20.670715
Italy,1991,8,22.973297,16.605011,2.0193727,21.980429887771606,589.0328159332275,0.16044989,0.18798342,0.23826341,23.27069,22.11383
Italy,1991,9,20.479889,15.597168,2.0056353,54.17032599449158,436.517858505249,0.20270309,0.20197824,0.22556132,20.943665,20.99173
Italy,1991,10,15.312195,10.928619,2.3864443,118.04376029968262,306.4349479675293,0.2529266,0.2500358,0.23591788,16.780426,18.300598
Italy,1991,11,10.666199,7.3094177,2.8346982,144.57736015319824,206.85615062713623,0.3073162,0.30391568,0.2731874,11.615448,13.521606
Italy,1991,12,4.5816956,-0.13421631,3.25824,50.17842960357666,178.0308871269226,0.30484098,0.30393788,0.28511754,6.097473,8.687653
Italy,1992,1,5.9379883,2.5658264,2.3746364,53.21396625041962,195.5578474998474,0.29635316,0.29776934,0.28511432,6.024414,7.1248474
Italy,1992,2,6.396332,1.6881104,2.6451175,22.628519117832184,282.4155492782593,0.28579634,0.29069087,0.28940296,6.573822,7.190979
Italy,1992,3,8.960266,4.0982666,2.82034,68.40980911254883,400.0878667831421,0.26791188,0.27147856,0.27129406,8.6562195,8.293091
Italy,1992,4,12.004272,7.2657166,2.8968136,116.02487325668335,475.6592273712158,0.29496327,0.2993016,0.2879345,11.474152,10.354187
Italy,1992,5,16.263306,10.66217,2.2288709,43.55810332298279,597.8056087493896,0.23136882,0.24490115,0.26742458,15.647705,14.057495
Italy,1992,6,18.944641,13.3906555,2.431768,68.72100591659546,594.4050979614258,0.2249924,0.2350799,0.24858978,18.797394,17.196991
Italy,1992,7,21.70813,15.669403,2.1486642,31.406673669815063,637.3978843688965,0.19647606,0.22174545,0.24222954,21.366089,19.527954
Italy,1992,8,24.321045,17.350433,1.979325,9.60468965768814,608.0162124633789,0.13803492,0.17748103,0.23111561,24.583527,23.024323
Italy,1992,9,19.974121,13.720276,2.058979,26.19362711906433,463.17606925964355,0.14701775,0.16883592,0.21975107,21.090027,21.364899
Italy,1992,10,16.744385,12.497131,2.9379907,139.41728019714355,293.0204744338989,0.2670853,0.25867027,0.24117471,17.262665,18.395874
Italy,1992,11,12.476929,9.0381775,2.5081902,57.8838837146759,218.8060998916626,0.26596645,0.26813436,0.25796375,13.203705,14.968658
Italy,1992,12,7.9439697,4.8319397,2.808708,110.0291633605957,160.8727512359619,0.30019763,0.2933727,0.27232713,8.9953,11.141724
Italy,1993,1,5.891876,2.274109,2.3955293,37.61244750022888,209.97780418395996,0.30137566,0.30370557,0.2894701,6.646454,8.12677
Italy,1993,2,4.7881775,-0.33840942,2.7402804,51.902496337890625,268.1174850463867,0.2742612,0.273074,0.2743177,5.8588257,7.163391
Italy,1993,3,7.4714966,2.688202,2.806494,83.69474649429321,409.1541700363159,0.29893354,0.30271053,0.2880078,7.7037964,7.5841675
Italy,1993,4,12.1163025,7.1354065,2.4461024,52.091403007507324,526.3859939575195,0.26808482,0.28076026,0.2835139,11.558105,10.302429
Italy,1993,5,17.056824,11.5877075,2.0549912,66.29102325439453,603.1076583862305,0.24310753,0.25391957,0.26232788,16.17688,14.246582
Italy,1993,6,21.054962,14.000366,2.3801877,18.018028736114502,659.4197273254395,0.15945981,0.19434406,0.241739,20.809021,18.741821
Italy,1993,7,22.513031,14.19458,2.375302,10.464561343193054,691.9409809112549,0.14064066,0.17699791,0.23068608,22.642883,20.999176
Italy,1993,8,24.304993,15.587952,2.0531917,13.370308756828308,620.0388469696045,0.13244806,0.1651402,0.2188413,24.626038,23.289062
Italy,1993,9,19.793732,13.919708,2.4340725,57.305907011032104,454.3545913696289,0.1847177,0.18216401,0.20758203,20.736053,21.23584
Italy,1993,10,16.747406,12.221405,2.653283,102.95211911201477,321.3397970199585,0.24709092,0.24205968,0.22341189,17.319885,18.498413
Italy,1993,11,10.583221,7.8380737,2.7206771,151.82563304901123,181.88079357147217,0.322369,0.3137608,0.26532426,12.104401,14.260101
Italy,1993,12,9.102203,6.127777,2.9457958,108.02835965156555,163.24835872650146,0.32487473,0.3263365,0.31233734,9.517456,11.208984
Italy,1994,1,7.839508,4.559906,3.1252367,100.13718461990356,189.16585063934326,0.334595,0.3370378,0.3270717,8.107544,9.427582
Italy,1994,2,7.0635986,3.8558044,2.8964496,101.57464122772217,232.75024032592773,0.3337729,0.3360813,0.33338273,7.3974,8.101715
Italy,1994,3,10.915192,6.28891,2.257558,6.7548877745866776,467.8175582885742,0.25272214,0.2746025,0.3093822,10.565857,10.036102
Italy,1994,4,11.479889,7.1016846,3.0251508,109.74858283996582,481.94183349609375,0.27999562,0.2789859,0.28493127,11.5468445,11.042755
Italy,1994,5,17.217072,11.006073,2.5597167,39.45733857154846,633.225175857544,0.22431555,0.24657609,0.26700303,16.334076,14.513458
Italy,1994,6,20.193756,13.575317,2.3477,41.21720552444458,649.9151229858398,0.18414986,0.210174,0.24485965,20.003235,18.27301
Italy,1994,7,23.848602,17.019196,2.193047,35.24468183517456,658.6676349639893,0.16972591,0.19091694,0.23272084,23.63086,21.877441
Italy,1994,8,25.309448,17.338257,2.1150892,16.26518589258194,621.1006050109863,0.14647903,0.17837931,0.22020552,25.207184,23.804504
Italy,1994,9,21.292938,15.192902,2.2536645,38.09035062789917,464.73026275634766,0.17465237,0.18696396,0.2109607,22.024658,22.229645
Italy,1994,10,16.029785,11.153198,2.3671386,73.30363297462463,331.74478340148926,0.21914092,0.21642512,0.21068518,17.185272,18.721008
Italy,1994,11,12.069153,8.33725,2.2701006,50.636258125305176,228.70343685150146,0.2727689,0.2685912,0.22861171,12.920166,15.001923
Italy,1994,12,8.177887,4.701416,2.348952,53.51782774925232,178.15629720687866,0.2723306,0.26560095,0.23878098,8.760315,10.788788
Italy,1995,1,6.040619,2.015747,3.4574032,96.0073881149292,185.4209761619568,0.31269088,0.309792,0.27332634,7.104187,8.497437
Italy,1995,2,9.155792,4.9390564,2.742618,44.02083730697632,272.1527442932129,0.29172927,0.29524794,0.28436464,8.694214,8.973328
Italy,1995,3,8.129547,3.4843445,3.462996,108.16530704498291,390.5001153945923,0.29955867,0.29928732,0.2894688,8.686554,9.130371
Italy,1995,4,10.960236,5.8646545,2.62015,80.8681583404541,499.7164535522461,0.27981526,0.28527567,0.28448367,10.742767,10.050537
Italy,1995,5,15.829895,9.958466,2.5689821,54.14887297153473,611.1154556274414,0.23930223,0.2562869,0.27252033,15.209381,13.540222
Italy,1995,6,19.634796,13.076477,2.153149,27.58565068244934,660.1765823364258,0.18157494,0.20997311,0.24741372,19.466614,17.555817
Italy,1995,7,23.938873,16.858826,2.075846,26.909251868724823,670.2393608093262,0.1566238,0.18147393,0.22585654,23.718231,21.522064
Italy,1995,8,21.993622,16.619019,2.059511,92.73334836959839,548.0056858062744,0.2209549,0.21272019,0.21845712,22.813019,22.353485
Italy,1995,9,18.542542,13.673798,2.4637916,86.3195013999939,429.9019718170166,0.25350383,0.251635,0.22981645,19.231964,19.803131
Italy,1995,10,15.500244,10.494629,1.8634673,8.312096655368805,379.3819885253906,0.1917406,0.21986775,0.22894192,16.063568,17.221497
Italy,1995,11,9.704834,5.2934875,3.0623329,77.57734537124634,213.98829460144043,0.27191713,0.2529729,0.22709203,10.757965,12.911499
Italy,1995,12,9.932587,7.3344727,2.8235643,142.59241390228271,143.81748294830322,0.31739545,0.30803898,0.26035765,9.870178,10.888641
Italy,1996,1,8.150848,4.9720764,2.7502434,88.62780904769897,186.5679521560669,0.32018045,0.31991082,0.2980984,8.344177,9.5867
Italy,1996,2,5.9729614,2.1441956,2.9971943,118.94625282287598,244.77754974365234,0.33601987,0.33637333,0.31752124,6.886963,8.056152
Italy,1996,3,7.9287415,3.8940735,2.6007204,105.67040920257568,359.6485261917114,0.3245359,0.32630774,0.32268596,8.079803,7.9584045
Italy,1996,4,11.893036,7.0532837,2.5389457,83.37790489196777,491.0610008239746,0.29191962,0.2998001,0.31268674,11.289398,10.445099
Italy,1996,5,16.570251,11.764954,2.5287993,67.68543434143066,591.1942920684814,0.260954,0.27443552,0.28838784,15.770935,14.183899
Italy,1996,6,20.539917,13.773254,2.2760663,36.12483859062195,649.3956184387207,0.18334526,0.2077919,0.25230682,20.049652,18.143707
Italy,1996,7,22.337128,14.6050415,2.3498092,22.647541224956512,682.4587726593018,0.15358134,0.18468605,0.22718072,22.121643,20.312897
Italy,1996,8,23.132294,16.752777,2.1267667,34.59002983570099,581.4552917480469,0.1579933,0.17434952,0.21393178,23.434479,22.372345
Italy,1996,9,17.50879,12.680542,2.7212892,134.57506656646729,398.9380931854248,0.2619931,0.24271582,0.21821891,18.482147,19.478424
Italy,1996,10,14.377808,10.457092,2.6908379,125.17965888977051,304.98474979400635,0.30599117,0.30622408,0.2669975,14.993622,16.379211
Italy,1996,11,11.978851,8.143433,3.0793443,129.53890800476074,206.6030788421631,0.27703872,0.27890274,0.2750415,12.196747,13.677032
Italy,1996,12,8.065765,4.7966003,2.8680704,128.83604860305786,161.46756219863892,0.3307418,0.3301834,0.30928063,8.685333,10.410126
Italy,1997,1,8.205688,5.1183167,2.3712654,67.55709743499756,195.8485345840454,0.32149288,0.32516155,0.3223736,8.042816,8.999207
Italy,1997,2,7.9601746,3.2832031,2.7574162,43.94408321380615,281.06202697753906,0.29351848,0.29750913,0.30105042,7.7519836,8.309113
Italy,1997,3,9.497467,3.4453125,2.943428,43.3937132358551,454.4173641204834,0.25412336,0.25884128,0.2729322,9.389709,9.383759
Italy,1997,4,9.4435425,3.5187378,2.9896505,73.87751340866089,500.26044845581055,0.25536698,0.25312755,0.24884725,9.740265,9.521973
Italy,1997,5,17.148438,10.133881,2.4561636,26.71145087480545,667.8747215270996,0.20409039,0.23008431,0.23633958,16.284027,14.13916
Italy,1997,6,21.807892,14.689819,2.4637916,23.83809506893158,658.7112236022949,0.15713845,0.18998748,0.22510658,21.23404,18.817413
Italy,1997,7,22.804352,14.954224,2.3895073,16.765782237052917,679.9097728729248,0.14099634,0.16879755,0.21744609,22.90335,21.275452
Italy,1997,8,22.393127,16.049072,2.1590583,43.65063834190369,577.8596706390381,0.17494135,0.180373,0.21511914,22.931854,22.251434
Italy,1997,9,20.243927,15.026245,2.0727103,59.26551103591919,444.6501159667969,0.19658537,0.20509343,0.20981464,20.927094,21.18219
Italy,1997,10,15.252686,11.217041,2.5635614,152.87507963180542,306.6320505142212,0.269567,0.25998104,0.21675865,16.369812,17.8768
Italy,1997,11,11.969971,9.319061,2.7266269,161.61983013153076,179.94390964508057,0.3362488,0.3364697,0.3040808,12.533386,14.060181
Italy,1997,12,8.393799,5.1219788,2.8560786,75.91958022117615,168.76128768920898,0.326308,0.3291015,0.32846153,8.953125,10.838745
Italy,1998,1,7.5506897,4.2532043,2.3928123,73.30628633499146,203.15070056915283,0.31888723,0.32117584,0.3222004,7.802307,9.165131
Italy,1998,2,8.684082,4.120453,2.4516542,61.47529888153076,282.27449798583984,0.31144917,0.31808102,0.3301424,8.163605,8.506409
Italy,1998,3,8.108337,2.2826843,3.2383585,69.67483377456665,419.654559135437,0.2878921,0.2917104,0.2989425,8.307678,8.749268
Italy,1998,4,12.900177,7.77124,2.9658725,82.52549886703491,512.8361320495605,0.26341176,0.27162337,0.2809585,12.240082,11.095032
Italy,1998,5,16.268616,11.158173,2.4459703,79.61996841430664,582.0204944610596,0.25588915,0.25876617,0.26820973,15.503113,14.018555
Italy,1998,6,21.695984,14.11441,2.1874254,19.324092864990234,684.7432708740234,0.17634903,0.20895833,0.2421272,20.818665,18.437988
Italy,1998,7,24.455627,15.912415,2.345413,9.68582409620285,708.8327903747559,0.13056234,0.16921045,0.22422382,24.333466,22.206635
Italy,1998,8,24.485718,17.318665,2.1065862,33.01187539100647,599.2511653900146,0.14911734,0.16681997,0.21239485,25.065277,24.055359
Italy,1998,9,19.54779,14.333008,2.6885428,89.27956581115723,433.4110450744629,0.2051808,0.19857885,0.20465448,20.526123,21.248718
Italy,1998,10,15.9263,11.786499,2.580966,107.29019331932068,315.89551544189453,0.27720988,0.26828668,0.23731455,16.565216,17.964996
Italy,1998,11,9.868561,6.014435,2.8052528,121.38537883758545,198.07361125946045,0.29216367,0.2861975,0.2488624,11.257538,13.685547
Italy,1998,12,6.3302,2.4304504,2.7097063,75.36767387390137,177.96917247772217,0.32035196,0.3202221,0.29072273,7.3016663,9.51767
Italy,1999,1,6.669586,2.9082031,2.728512,71.54915571212769,211.667706489563,0.31122726,0.31210008,0.30072632,6.834198,8.084106
Italy,1999,2,5.4933777,1.010437,3.0859678,66.49831771850586,248.56411361694336,0.31395668,0.31467095,0.30495822,6.01532,6.727997
Italy,1999,3,9.302216,4.6346436,2.8411481,71.44495034217834,429.19743251800537,0.28640226,0.2899782,0.29849607,8.954834,8.611786
Italy,1999,4,12.419678,7.496521,2.7946556,83.2013726234436,504.8529624938965,0.27567002,0.28071833,0.28569403,11.7690735,10.641388
Italy,1999,5,18.119812,12.826263,2.1544876,39.17654800415039,609.8346881866455,0.22308558,0.24280943,0.26827058,17.35907,15.27536
Italy,1999,6,21.549408,14.3949585,2.3272355,37.19945669174194,661.4275360107422,0.17765823,0.20440196,0.24081297,21.29303,19.3255
Italy,1999,7,22.76413,16.18103,2.2454326,59.837873458862305,644.5740489959717,0.18327971,0.19859523,0.22422671,22.805817,21.292725
Italy,1999,8,24.537537,17.435791,2.0463717,25.994492948055267,608.6410160064697,0.1621758,0.19280478,0.22060956,24.532104,23.166107
Italy,1999,9,20.713837,15.4953,2.1744437,63.531646728515625,443.0924320220947,0.22100705,0.21142432,0.21068005,21.225769,21.54184
Italy,1999,10,16.95398,12.060699,2.2691953,54.692161440849304,346.8251829147339,0.21733154,0.22200094,0.20749852,17.663147,18.794281
Italy,1999,11,11.268768,7.770294,2.6709988,126.16161346435547,209.5552396774292,0.28493008,0.2750877,0.24302721,12.697113,15.060791
Italy,1999,12,8.353058,4.7753296,3.4144514,126.58759546279907,162.5343313217163,0.31716472,0.3146084,0.286687,9.135681,10.970154
Italy,2000,1,5.2906494,1.1759644,2.543449,47.566333055496216,212.21833419799805,0.30678985,0.3073022,0.29689208,6.2130737,8.091248
Italy,2000,2,7.1920166,2.5552673,2.698263,51.19724452495575,282.204833984375,0.3023253,0.30417174,0.2946007,7.2943726,7.9179688
Italy,2000,3,9.675781,4.7397766,2.6334116,57.827391266822815,430.01020336151123,0.27450138,0.28209186,0.28344986,9.248566,8.875244
Italy,2000,4,13.604767,8.600616,2.8572874,84.20721530914307,509.66320037841797,0.26388866,0.2724506,0.2788807,12.967407,11.713623
Italy,2000,5,18.319061,13.10144,2.045187,44.4895658493042,616.7580814361572,0.22451861,0.23657604,0.2575305,17.67868,15.800568
Italy,2000,6,21.44278,14.404083,2.2382662,28.293592929840088,672.7518081665039,0.16586554,0.19177292,0.23049942,21.4581,19.47873
Italy,2000,7,22.958954,14.299255,2.6326792,23.026966214179993,693.7782001495361,0.14957367,0.17658775,0.21352619,23.087402,21.582153
Italy,2000,8,24.31607,15.663879,2.1143854,10.527401268482208,629.1040859222412,0.12673104,0.1618119,0.20752563,24.554688,23.20987
Italy,2000,9,19.939941,14.1519165,2.6152823,81.25818729400635,449.0038204193115,0.19362353,0.19935222,0.20462519,20.94635,21.641754
Italy,2000,10,16.236053,12.470581,2.295979,108.84978532791138,306.0472469329834,0.28039777,0.2719433,0.22662976,17.051025,18.38678
Italy,2000,11,12.884857,8.981812,2.9319472,109.78348016738892,214.26888942718506,0.28438327,0.28045812,0.25333774,13.59259,15.362305
Italy,2000,12,9.565552,6.342621,2.636602,98.81582593917847,177.40348196029663,0.29294306,0.2885665,0.26633573,9.857544,11.635223
Italy,2001,1,8.766144,5.8397827,2.8395224,109.17352485656738,181.03710746765137,0.32553867,0.3240861,0.29345828,9.015839,10.091187
Italy,2001,2,7.704193,3.4490051,2.9959683,55.639461040496826,266.64124298095703,0.30693477,0.3095874,0.30441913,8.218262,9.220276
Italy,2001,3,12.626831,8.1586,2.9736483,56.98011565208435,413.0503673553467,0.27239165,0.28523964,0.294612,11.923157,11.07901
Italy,2001,4,11.413147,6.499481,2.8065844,76.20251655578613,518.0839347839355,0.27481022,0.27449688,0.27767095,11.939301,11.672424
Italy,2001,5,17.599854,11.897461,2.3896747,57.49131989479065,596.6119956970215,0.23148677,0.24230406,0.2593062,16.9682,15.282837
Italy,2001,6,20.633362,12.707336,2.6232738,23.358519673347473,685.1510810852051,0.16396223,0.19460158,0.23109087,20.512207,18.752625
Italy,2001,7,23.685486,15.503693,2.413274,11.961847424507141,688.7965049743652,0.13575661,0.1691927,0.21846564,23.764069,21.956207
Italy,2001,8,24.297852,16.776215,2.1242223,13.397354185581207,615.3106918334961,0.13420527,0.16085783,0.20901205,24.79245,23.63153
Italy,2001,9,18.762024,13.11792,2.5436735,58.13188076019287,448.6992645263672,0.19316922,0.18994437,0.20355512,20.113617,20.992188
Italy,2001,10,17.854828,13.1073,1.8523285,18.34314215183258,361.78703117370605,0.1814017,0.1964504,0.20587826,18.673126,19.553833
Italy,2001,11,11.072235,6.6556396,3.0330253,95.92125177383423,209.95177745819092,0.25625163,0.24058202,0.21476202,12.499207,14.837952
Italy,2001,12,5.2532654,1.0801392,3.2453368,81.88273048400879,167.8689751625061,0.29539812,0.28463146,0.23882008,7.115967,9.580322
Italy,2002,1,5.0849,0.9494934,2.3112311,38.324896931648254,212.7162642478943,0.29482588,0.2930899,0.25901103,5.9048767,7.3005676
Italy,2002,2,9.398041,5.74704,2.6092246,51.06883907318115,258.6874694824219,0.28809482,0.287633,0.26669955,9.002563,9.040405
Italy,2002,3,10.991669,5.334137,2.9194856,39.7434321641922,432.30513095855713,0.25405306,0.26042566,0.25985342,10.915924,10.650269
Italy,2002,4,12.382538,8.083923,2.5765471,94.59516763687134,496.97742462158203,0.28007302,0.27722794,0.25706062,12.220367,11.354797
Italy,2002,5,16.82254,11.616028,2.5291374,90.03389048576355,595.0918788909912,0.2558636,0.25822952,0.24856086,16.263336,14.759644
Italy,2002,6,21.920929,14.822449,2.2538455,27.93513000011444,651.7943000793457,0.18294321,0.2103134,0.23064226,21.318848,18.851166
Italy,2002,7,23.245361,16.840057,2.4215364,70.73223853111267,632.2349624633789,0.18431665,0.19471054,0.21877198,23.560974,22.172394
Italy,2002,8,22.288757,16.957489,2.2228377,83.29861235618591,551.824987411499,0.2187718,0.2245682,0.21292275,22.75772,22.118896
Italy,2002,9,18.26529,14.101807,2.196451,100.40522575378418,409.64512825012207,0.26162964,0.2547171,0.22500283,19.5159,20.291931
Italy,2002,10,15.596497,11.577087,2.4011734,89.4590425491333,324.7998971939087,0.27569318,0.276131,0.24839503,15.974396,17.059479
Italy,2002,11,13.195831,9.586914,3.0407383,82.56322145462036,206.2068271636963,0.27365595,0.26879632,0.25037158,13.477173,14.731232
Italy,2002,12,8.928741,6.5177917,2.4858582,131.01635694503784,141.06407833099365,0.33480904,0.33080778,0.290873,9.749542,11.546967
Italy,2003,1,7.6085815,4.3421326,3.257505,161.1967272758484,184.41128015518188,0.33615145,0.3367427,0.3210678,8.274719,9.663483
Italy,2003,2,3.9250488,-0.68322754,2.8897002,59.60346698760986,252.54783630371094,0.32179752,0.3252166,0.3268489,5.628723,7.1283264
Italy,2003,3,8.591034,3.3480225,2.5022442,33.059606313705444,441.80176639556885,0.27989888,0.28987494,0.298597,8.42569,8.208984
Italy,2003,4,11.589966,6.5801697,2.8326623,79.74196672439575,510.78174591064453,0.27581984,0.27720162,0.27370536,11.219421,10.294373
Italy,2003,5,18.626556,11.905731,2.1856074,34.19549584388733,635.5405025482178,0.176335,0.20342386,0.24517788,17.831207,15.689667
Italy,2003,6,23.703003,16.808746,1.8614424,33.30667018890381,671.2272262573242,0.18095465,0.20085102,0.23360735,22.816162,20.12088
Italy,2003,7,25.220703,16.590118,2.2425132,12.338886052370071,693.5691833496094,0.13086578,0.16749592,0.2194472,25.25351,23.28421
Italy,2003,8,25.770477,17.19281,2.1858976,40.119943261146545,599.6229019165039,0.15197891,0.16526169,0.20403583,25.811218,24.628754
Italy,2003,9,19.391296,13.604523,2.2816486,88.62808227539062,426.7540740966797,0.20892765,0.19618326,0.18817244,20.758575,21.808289
Italy,2003,10,15.859375,11.391113,2.8132987,159.9428482055664,298.13437938690186,0.2737013,0.26170772,0.20591167,16.919678,18.490173
Italy,2003,11,12.654205,9.366791,2.4883578,92.12878704071045,212.83842086791992,0.29669118,0.29549196,0.26068568,13.287842,14.922668
Italy,2003,12,7.60968,4.114624,3.0687733,114.53692698478699,158.04895496368408,0.32550836,0.3235335,0.29445472,8.832916,11.126556
Italy,2004,1,5.945801,1.7506714,3.183141,87.0084240436554,195.489022731781,0.32435733,0.32564968,0.31792244,7.0485535,8.638855
Italy,2004,2,7.5045776,3.360443,2.9138117,73.99554204940796,265.3749074935913,0.30548376,0.3087569,0.31247586,7.530609,7.985962
Italy,2004,3,8.655731,4.561737,2.6810565,94.91868996620178,384.8554496765137,0.30886534,0.3111321,0.3107593,8.980896,8.900299
Italy,2004,4,12.348297,8.925476,2.6889937,125.18477439880371,436.8540287017822,0.31212768,0.31325036,0.3086792,12.13205,11.267517
Italy,2004,5,14.5946045,9.327484,2.6602998,89.77351379394531,606.9078025817871,0.2802074,0.28973022,0.30009344,14.414124,13.339661
Italy,2004,6,20.363861,14.535522,2.1514592,61.36496543884277,637.6432228088379,0.2240159,0.24880624,0.26893947,19.51831,17.281494
Italy,2004,7,23.53775,15.392883,2.2082784,27.106254637241364,685.9653472900391,0.14732926,0.18199804,0.23519853,23.604095,21.724854
Italy,2004,8,23.480316,16.158691,2.1785476,18.847186386585236,620.1815223693848,0.14678454,0.1742995,0.21450181,23.894653,22.717499
Italy,2004,9,19.765106,14.031067,2.229153,71.29463911056519,439.14570808410645,0.18530855,0.18243752,0.20263276,20.942566,21.42096
Italy,2004,10,17.89743,13.664215,2.103026,73.69764590263367,328.2157106399536,0.2387527,0.24045995,0.21337035,18.09137,18.728363
Italy,2004,11,11.360565,7.5212097,2.800685,131.95295333862305,190.98562717437744,0.30336675,0.2975732,0.25385657,12.777527,15.086578
Italy,2004,12,9.510773,6.2836304,2.9862962,164.54446983337402,155.33308172225952,0.3300845,0.32919702,0.30338222,10.155212,11.81662
Italy,2005,1,5.3881836,1.1338196,2.6659577,78.80304384231567,203.1777515411377,0.3158577,0.31807154,0.31690425,6.488678,8.360138
Italy,2005,2,4.3829956,-0.0023498535,3.1142182,109.47127723693848,227.13005828857422,0.32946286,0.32964832,0.3200579,5.7496643,6.805176
Italy,2005,3,8.662811,3.9621277,2.491475,79.97738122940063,414.8104248046875,0.30511785,0.31326103,0.32433555,8.543579,8.030151
Italy,2005,4,11.788849,6.76886,2.7805967,89.09122467041016,510.23414611816406,0.2976257,0.30309993,0.30427128,11.522736,10.733948
Italy,2005,5,17.643127,11.049133,2.4814065,39.67369830608368,629.9150829315186,0.20436421,0.22811107,0.2607913,16.793274,14.766754
Italy,2005,6,20.835052,14.009338,2.185379,46.01833462715149,638.0617904663086,0.18784727,0.19932704,0.22667848,20.551666,18.428223
Italy,2005,7,23.779968,15.141876,2.4669816,19.53365284204483,687.7051830291748,0.14114943,0.16921629,0.20813003,23.944397,21.929077
Italy,2005,8,21.954926,15.15271,2.4031255,57.255340814590454,569.8351993560791,0.1681868,0.17367734,0.20116018,23.047424,22.543396
Italy,2005,9,19.727814,15.0477295,2.093417,87.54730224609375,417.2842311859131,0.23627658,0.22387464,0.19846712,20.679169,21.095245
Italy,2005,10,15.383087,11.739471,1.9988974,96.39477133750916,311.15062713623047,0.2910086,0.2848168,0.22628611,16.234192,17.505737
Italy,2005,11,10.841339,7.3198547,2.5451002,129.1304111480713,201.82040691375732,0.29662406,0.29079652,0.25466946,12.304382,14.41394
Italy,2005,12,6.8693542,3.0899658,3.0742066,171.15392398834229,160.12142896652222,0.3343258,0.33396673,0.3123914,8.004547,10.053192
Italy,2006,1,5.3283997,1.517395,2.775569,84.78927612304688,189.63296031951904,0.3257951,0.32670045,0.32166335,6.100281,7.56131
Italy,2006,2,6.7118835,2.319519,2.9924638,105.84423828125,241.04233932495117,0.32153028,0.32239628,0.3139732,6.845886,7.3608704
Italy,2006,3,8.543976,4.29187,3.219203,93.82045006752014,378.3254928588867,0.32566944,0.33183908,0.33526018,8.520996,8.242218
Italy,2006,4,13.067993,7.922882,2.4649053,70.36859035491943,502.76350021362305,0.26857293,0.2767972,0.300688,12.623505,11.474487
Italy,2006,5,17.247528,10.720764,2.2790213,22.832879185676575,656.1221237182617,0.22274464,0.2516977,0.27361184,16.623962,14.697479
Italy,2006,6,20.434723,12.153595,2.2090821,49.2770791053772,657.473316192627,0.19042374,0.20909439,0.23673257,19.89569,17.799988
Italy,2006,7,23.780548,16.339905,2.1689386,38.17614984512329,665.6615085601807,0.16042215,0.17778672,0.21862096,24.103058,22.290771
Italy,2006,8,22.366241,15.320374,2.486533,55.12408638000488,582.6466579437256,0.17901298,0.18487136,0.20292602,23.160675,22.579224
Italy,2006,9,19.934082,14.287842,2.2182913,92.53702640533447,443.0650806427002,0.2088288,0.20497312,0.19636512,20.870209,21.20465
Italy,2006,10,16.717957,11.887848,2.2518835,44.393845319747925,341.2109384536743,0.246394,0.24593632,0.206913,17.267212,18.301666
Italy,2006,11,10.910187,6.2955017,2.2653704,37.28233337402344,239.4938850402832,0.23305595,0.23072764,0.20500866,11.84552,14.008789
Italy,2006,12,8.687653,5.4118347,2.3021708,86.678719997406,169.7345314025879,0.28428286,0.27325177,0.22745441,9.4279785,11.343506
Italy,2007,1,8.482483,4.7394104,2.5416617,51.652249336242676,209.5963854789734,0.28869414,0.28757423,0.2550012,8.55838,9.559784
Italy,2007,2,8.854919,4.9807434,2.8582582,98.54393100738525,236.5342254638672,0.31114063,0.3042624,0.27389613,8.749817,9.161285
Italy,2007,3,10.056122,6.178192,2.8972728,108.3505175113678,375.7174243927002,0.31714308,0.31576562,0.29408568,10.152954,10.168854
Italy,2007,4,13.598175,8.408752,2.0339875,66.11477851867676,523.6685943603516,0.28526336,0.29292682,0.2954026,12.951477,11.902893
Italy,2007,5,17.232422,11.505859,2.473251,68.41246247291565,605.0278339385986,0.23868978,0.2485741,0.26226005,16.875336,15.390045
Italy,2007,6,21.84787,14.623352,2.1556458,52.26742386817932,646.6690063476562,0.20956887,0.22974429,0.23163666,21.106598,18.8432
Italy,2007,7,24.519806,14.040527,2.3682618,4.834692358970642,717.7233657836914,0.11388682,0.15792766,0.20581089,24.71228,22.637024
Italy,2007,8,24.095428,15.16333,2.5288882,12.000558584928513,619.3229274749756,0.11513253,0.14400215,0.1922228,24.70813,23.619812
Italy,2007,9,18.904999,11.937836,2.6057818,68.10235261917114,452.49815940856934,0.1676288,0.15585618,0.17485115,20.533539,21.579163
Italy,2007,10,15.137726,10.571503,2.4072602,101.99997663497925,308.4295358657837,0.2573643,0.23744792,0.1743603,16.291473,17.87027
Italy,2007,11,9.895386,5.688446,2.8677893,87.36332416534424,208.62557888031006,0.30017936,0.2901672,0.21469659,11.122925,13.375153
Italy,2007,12,6.63916,2.9536743,2.8037813,80.00814247131348,170.42300081253052,0.31264082,0.30500755,0.2482885,7.7829895,9.914154
Italy,2008,1,7.910309,4.1275635,2.568726,60.16771423816681,202.84159517288208,0.30935332,0.30802587,0.27369094,7.80365,8.8203125
Italy,2008,2,7.3441467,2.5090942,2.4928153,32.751808762550354,285.3163900375366,0.28031898,0.2823944,0.27514195,7.3320312,7.92807
Italy,2008,3,9.861633,5.9166565,3.0384417,132.69288158416748,385.95008277893066,0.3009186,0.29882073,0.27966693,9.908539,9.630646
Italy,2008,4,12.673096,7.222992,3.0045414,73.2282042503357,510.68458557128906,0.27764544,0.2876244,0.28366348,12.215576,11.330933
Italy,2008,5,17.182343,10.563171,2.4520113,65.19251728057861,615.3145351409912,0.21852468,0.23152354,0.2529884,16.421814,14.540955
Italy,2008,6,21.339294,14.3237915,2.1469603,59.3199098110199,633.7029647827148,0.20148733,0.21746536,0.23399103,20.950897,18.722107
Italy,2008,7,24.007935,15.435852,2.4278035,16.64434665441513,687.3643703460693,0.1375011,0.16682342,0.2069702,24.408966,22.602753
Italy,2008,8,24.463348,15.557739,2.1605852,10.212406188249588,630.0567531585693,0.12167047,0.14609635,0.19129585,25.150238,23.859222
Italy,2008,9,19.303406,12.413391,2.3050878,74.07919406890869,434.4258499145508,0.19377597,0.17719406,0.18233179,20.947388,21.938171
Italy,2008,10,16.399536,11.731628,2.1359482,72.99738788604736,336.1122884750366,0.22217986,0.21739686,0.18213584,16.855621,17.820374
Italy,2008,11,11.938721,8.101501,2.7285933,136.4728546142578,203.60382556915283,0.29172924,0.27830535,0.2157677,12.979309,15.092804
Italy,2008,12,8.037994,4.404419,3.0705647,183.301495552063,158.3861904144287,0.33345318,0.3317103,0.29178357,8.905243,10.947937
Italy,2009,1,7.4480896,4.563507,2.8233166,188.62540769577026,164.16445541381836,0.3435107,0.3446015,0.32971832,7.99469,9.1345215
Italy,2009,2,5.902771,0.96746826,3.2131252,77.96043586730957,252.73764038085938,0.3265151,0.32949257,0.3334457,6.796875,8.027771
Italy,2009,3,9.174194,4.0998535,3.3067052,120.147705078125,394.24426555633545,0.32082894,0.3243102,0.32310283,8.708923,8.455902
Italy,2009,4,12.902985,8.746246,2.5193245,119.58048820495605,476.5143013000488,0.31354925,0.31596297,0.31206352,12.519409,11.512665
Italy,2009,5,18.348633,11.595734,2.1751597,35.06146693229675,653.3150901794434,0.22383882,0.25297183,0.28771332,17.12436,15.063477
Italy,2009,6,20.557678,14.068481,2.4016578,80.91178178787231,635.5375099182129,0.20325889,0.21659921,0.23712617,20.584076,18.941132
Italy,2009,7,24.069641,16.056427,2.1975276,23.346734941005707,702.0666179656982,0.17247842,0.20576409,0.22613378,23.815887,21.722473
Italy,2009,8,24.686218,17.000153,2.0086405,21.798273742198944,601.7528038024902,0.13689293,0.16384557,0.20790482,25.1445,23.894928
Italy,2009,9,20.359497,15.00415,2.3259954,92.58321046829224,413.1134605407715,0.2074043,0.19008008,0.19490713,21.511658,22.14743
Italy,2009,10,14.670868,10.409393,2.5713074,121.9119975566864,315.92623233795166,0.28204948,0.2718039,0.21596763,16.006195,17.812195
Italy,2009,11,11.667053,8.092163,2.344798,74.14258003234863,225.34814357757568,0.2921646,0.29276845,0.25884932,11.93634,13.725739
Italy,2009,12,9.02829,5.6287537,3.1923983,129.25816202163696,157.99279832839966,0.31779847,0.3130052,0.28207186,9.450653,11.045013
Italy,2010,1,6.632019,3.1382751,3.0817525,148.50863885879517,176.83736276626587,0.3275577,0.32782724,0.31601295,7.6395874,9.444855
Italy,2010,2,7.6307983,3.865326,3.2165105,130.52728652954102,224.3285789489746,0.33849433,0.3409627,0.33354786,7.5618286,8.091309
Italy,2010,3,9.36496,4.8545227,2.7405736,106.05513167381287,401.12248516082764,0.31489757,0.32279605,0.3318942,9.338562,9.259552
Italy,2010,4,12.786713,8.219879,2.3729506,84.4076156616211,490.27587890625,0.28488848,0.28927866,0.2959146,12.442383,11.5841675
Italy,2010,5,16.115784,10.792145,2.7374933,85.51286005973816,576.3396129608154,0.25964925,0.27199903,0.2812593,15.5894165,14.299957
Italy,2010,6,20.480011,13.860565,2.4211588,48.28431487083435,636.0082626342773,0.20687523,0.22817251,0.25324586,19.94928,18.148346
Italy,2010,7,24.154907,16.68515,2.1728413,29.062511086463928,673.2843246459961,0.15570974,0.18334234,0.22269309,24.106567,22.00885
Italy,2010,8,23.80426,16.565704,2.2199867,18.397763311862946,617.2062110900879,0.1450813,0.17055139,0.20732322,24.220062,22.971985
Italy,2010,9,19.140198,13.951965,2.419199,100.29129981994629,417.92086601257324,0.23580796,0.22205566,0.19987409,20.159058,21.032867
Italy,2010,10,14.96167,11.246063,2.5102985,151.77366161346436,281.86894035339355,0.30036524,0.29392177,0.23049685,16.008453,17.576324
Italy,2010,11,12.271545,9.11734,2.9217482,184.86621379852295,200.41789054870605,0.33016738,0.329835,0.30267653,12.777985,14.318665
Italy,2010,12,7.5395203,3.619812,3.0519369,91.52374863624573,168.96100664138794,0.32162607,0.32319,0.3192074,8.874603,10.824524
Italy,2011,1,6.856659,3.6299133,2.1668446,69.06366658210754,191.1472086906433,0.31382424,0.3143357,0.31238875,7.3572693,8.662384
Italy,2011,2,7.024109,2.486908,2.7518122,81.02420425415039,245.04053497314453,0.32696006,0.32946035,0.32366028,7.1562805,8.016022
Italy,2011,3,9.048798,4.7936096,2.918677,124.34178829193115,378.3047685623169,0.33192378,0.33523425,0.33790916,8.553864,8.367004
Italy,2011,4,13.052002,7.232605,2.5844672,67.70129442214966,506.35894775390625,0.28080913,0.28682435,0.30106908,12.139954,11.217377
Italy,2011,5,16.292358,10.715668,2.5105102,64.52328658103943,608.2106246948242,0.26645628,0.2761859,0.27849784,15.388397,13.81134
Italy,2011,6,20.918701,14.77771,2.3091416,45.12513041496277,648.2572746276855,0.2028043,0.2255055,0.24562666,20.50705,18.336945
Italy,2011,7,22.953156,15.693115,2.2737088,42.96920883655548,665.6827945709229,0.16636784,0.18628521,0.22212373,23.333954,21.694519
Italy,2011,8,24.213318,16.050507,2.044615,7.301091060042381,634.6487369537354,0.13839024,0.17592205,0.20827447,24.411835,22.880798
Italy,2011,9,22.053406,15.266663,2.127835,46.14355444908142,460.71327209472656,0.1563885,0.16236165,0.19482584,22.997284,23.066315
Italy,2011,10,15.332977,10.022064,2.5879657,74.60312175750732,328.37789821624756,0.22834241,0.21098332,0.18627892,16.480011,18.207336
Italy,2011,11,11.58139,7.8811646,2.3062282,65.52025079727173,214.71364974975586,0.28115743,0.27184147,0.21400325,12.417419,14.463837
Italy,2011,12,8.787811,4.740265,3.0855892,84.82931303977966,177.38454627990723,0.29278454,0.28563374,0.24429588,9.423248,11.406555
Italy,2012,1,6.135803,0.9798889,2.8808963,45.84181880950928,212.97234678268433,0.28932518,0.28515503,0.25891647,6.542145,8.223724
Italy,2012,2,4.4513855,0.23083496,3.151143,141.99694061279297,232.14129734039307,0.32426733,0.31921262,0.28136724,5.9261475,6.8564453
Italy,2012,3,10.900116,4.654907,2.629213,36.52030146121979,459.83208179473877,0.26735798,0.28091007,0.2847723,9.998413,9.227753
Italy,2012,4,12.785767,7.9298096,2.912576,116.40771389007568,491.6424751281738,0.27447003,0.27278054,0.26339355,12.491516,11.52179
Italy,2012,5,16.171265,9.7664795,2.5867033,58.05502223968506,612.1520843505859,0.21840271,0.23126815,0.2463277,16.149841,14.738739
Italy,2012,6,22.982971,13.756409,2.2431786,7.91489839553833,703.8236618041992,0.1489444,0.18633898,0.22119522,22.271576,19.347015
Italy,2012,7,25.349152,15.931915,2.4337986,31.66837704181671,701.7943344116211,0.1365417,0.160181,0.20073855,25.532959,23.532684
Italy,2012,8,25.638458,15.750488,2.1829226,5.927363619208336,644.4252243041992,0.11671999,0.15204889,0.1850988,26.149689,24.729218
Italy,2012,9,20.765625,14.621002,2.3816729,86.66128635406494,434.9032688140869,0.21242069,0.20221846,0.18044232,21.611908,22.23935
Italy,2012,10,17.147308,12.830994,2.2630725,133.93747758865356,327.64855670928955,0.23115215,0.22666721,0.19040573,18.439026,19.894745
Italy,2012,11,13.407623,10.128876,2.6916997,132.81227588653564,193.73761653900146,0.31268212,0.30572376,0.25111482,14.114716,15.84079
Italy,2012,12,7.3816833,3.3927917,3.163171,87.95115780830383,176.97003078460693,0.31978592,0.3187016,0.29046223,8.523773,10.956146
Italy,2013,1,7.321991,3.8561096,3.0062804,112.28635263442993,192.6980276107788,0.31508,0.31263438,0.29582706,7.6539307,9.13678
Italy,2013,2,6.1413574,2.2445984,2.8350236,112.56257629394531,245.0105209350586,0.3274886,0.32643306,0.30969,6.9654846,7.962097
Italy,2013,3,9.905121,5.868683,3.2975798,141.32818746566772,368.50259017944336,0.32962218,0.33077487,0.32040644,9.489899,9.1311035
Italy,2013,4,14.095459,8.1539,2.6551661,60.31036376953125,536.6392135620117,0.2671728,0.27898622,0.29791066,13.148224,11.922821
Italy,2013,5,16.469482,10.408691,2.846181,89.22624897956848,607.8991394042969,0.22907524,0.23956949,0.24956034,16.613129,15.394226
Italy,2013,6,20.07663,12.94339,2.3617384,39.764370918273926,658.2214164733887,0.19356903,0.21692944,0.23785731,19.991364,18.02127
Italy,2013,7,23.25177,15.838837,2.1111875,35.77471089363098,673.4791507720947,0.1745742,0.1894843,0.21309812,23.289612,21.304352
Italy,2013,8,24.187103,16.44931,2.139724,40.045700907707214,596.1729125976562,0.15102705,0.16664633,0.19878414,24.939972,23.837067
Italy,2013,9,20.252716,14.059784,2.2667806,60.64419507980347,452.3198890686035,0.18457296,0.18436754,0.18572499,21.273438,21.6362
Italy,2013,10,17.471313,13.353302,2.061607,68.98624610900879,326.91173553466797,0.24151473,0.23350893,0.2005295,18.07608,19.070587
Italy,2013,11,11.889923,8.623016,2.8885698,171.7398977279663,195.40075778961182,0.29622817,0.2836392,0.23806003,13.556732,15.807373
Italy,2013,12,8.056366,4.582245,2.2660406,86.62780356407166,178.95131492614746,0.31033757,0.31193012,0.29697508,8.331451,10.40567
Italy,2014,1,8.692963,5.776306,2.8179693,121.88230061531067,180.0000057220459,0.33066252,0.33062854,0.31169286,8.716187,9.7789
Italy,2014,2,9.867035,6.308319,2.850557,114.85974502563477,241.7278289794922,0.33110672,0.33413988,0.33320546,9.592529,9.851135
Italy,2014,3,9.719757,5.2550354,2.6248338,85.75282287597656,409.61285400390625,0.32066503,0.3231639,0.32149842,9.476532,9.660065
Italy,2014,4,12.755463,8.309265,2.7144217,99.5977234840393,485.57241439819336,0.30275664,0.3039443,0.29841882,12.469299,11.677368
Italy,2014,5,15.695343,10.271118,2.4068673,67.98133945465088,591.2049350738525,0.26355374,0.2744381,0.28532737,15.330353,14.101593
Italy,2014,6,20.942017,13.939392,2.274384,73.84082078933716,643.7866401672363,0.21420957,0.23046143,0.2451543,20.294006,18.24701
Italy,2014,7,22.259583,15.684387,2.465166,51.099685192108154,640.6422271728516,0.18313977,0.19736414,0.2182239,22.640808,21.09793
Italy,2014,8,23.50122,16.246735,2.2005725,16.143748462200165,616.9947700500488,0.15025942,0.17910835,0.20385629,23.987152,22.691162
Italy,2014,9,20.030151,15.042694,2.263765,86.27228736877441,426.9639587402344,0.22473559,0.21572255,0.20348437,21.094482,21.497986
Italy,2014,10,16.884125,12.117218,2.2447896,61.72784209251404,332.7577610015869,0.22896181,0.22457047,0.20105554,17.832397,19.016388
Italy,2014,11,13.709412,10.262756,2.4921448,100.46180248260498,211.64598941802979,0.2798304,0.26958406,0.22040983,13.816132,15.240204
Italy,2014,12,8.54361,4.7789307,2.6516466,85.55820369720459,177.59573602676392,0.28995055,0.28136462,0.24525513,9.80426,12.082764
Italy,2015,1,7.27713,3.0630188,2.9354298,111.7189474105835,196.2747130393982,0.30554616,0.29873985,0.260204,7.5234985,8.98761
Italy,2015,2,6.824829,2.9334412,3.0301723,137.13761138916016,231.09599685668945,0.33241782,0.33087802,0.3021598,7.33963,8.186249
Italy,2015,3,9.517212,5.303314,3.1170697,142.07934713363647,361.66759300231934,0.3338641,0.33663365,0.327919,9.309387,9.1744995
Italy,2015,4,12.453064,6.511566,2.7098489,44.83851671218872,533.9588356018066,0.25978172,0.27659544,0.30582815,12.145569,11.2690735
Italy,2015,5,17.712128,10.746094,2.4903584,43.4255313873291,633.7223815917969,0.19848596,0.21640979,0.24692938,17.29715,15.648102
Italy,2015,6,21.091156,13.755249,2.3218348,45.53901672363281,660.1579284667969,0.1872413,0.19879851,0.21871993,20.780182,18.775574
Italy,2015,7,26.04184,17.335236,2.0269754,16.665026605129242,693.1658134460449,0.13394907,0.16242175,0.1984297,25.933289,23.292664
Italy,2015,8,24.417664,17.59143,2.0249696,52.72317957878113,575.4820232391357,0.17698477,0.17485717,0.18746354,25.102753,24.23236
Italy,2015,9,21.024902,14.129669,2.4789479,69.72710609436035,444.32287216186523,0.18517254,0.18868731,0.18072124,22.212128,22.73703
Italy,2015,10,16.121277,12.508087,2.5439818,182.51454877853394,278.979305267334,0.29336542,0.27731344,0.2179704,17.112823,18.642975
Italy,2015,11,12.232483,8.574036,2.254109,73.85108470916748,231.64732933044434,0.2900792,0.291232,0.26476118,13.010376,15.011993
Italy,2015,12,8.498932,4.9962463,1.7576013,4.9402211755514145,203.16288089752197,0.27709147,0.2822902,0.27482253,8.800964,10.873535
Italy,2016,1,7.9277954,4.0385437,2.8690548,78.33347296714783,191.87724494934082,0.30205765,0.29668695,0.27897054,8.081787,9.300232
Italy,2016,2,10.356079,6.354889,3.2406874,104.66257548332214,252.61389636993408,0.30067834,0.2981503,0.2844323,9.761536,9.78244
Italy,2016,3,9.723755,5.5131836,2.858393,120.03846645355225,382.1652822494507,0.3179649,0.31706282,0.30125982,9.837402,9.923553
Italy,2016,4,14.695251,8.250427,2.7167203,54.32351231575012,536.7719078063965,0.23742378,0.25399414,0.27417195,14.110901,13.006866
Italy,2016,5,16.259033,10.415131,2.6846535,92.57453107833862,602.5309257507324,0.2596094,0.26498994,0.25821868,15.939209,14.616089
Italy,2016,6,20.864258,14.664124,2.332841,61.88918352127075,628.1516075134277,0.2108668,0.22149281,0.23790753,20.6745,18.719116
Italy,2016,7,24.155334,16.147217,2.1971493,41.06492757797241,677.1291694641113,0.16234961,0.18575054,0.21436149,24.48938,22.55133
Italy,2016,8,23.035797,15.917694,2.3707578,41.617754101753235,599.48850440979,0.16168147,0.17769031,0.19861309,23.918732,23.080566
Italy,2016,9,19.633057,14.537567,2.1168892,103.24956893920898,415.5388927459717,0.2472586,0.23128875,0.1960167,20.764221,21.486267
Italy,2016,10,16.167511,12.118835,2.4374425,117.69562315940857,309.4186553955078,0.27833945,0.2682742,0.21825293,17.154022,18.317505
Italy,2016,11,12.04599,8.385071,2.7121124,102.86852359771729,205.36747455596924,0.30828756,0.30195275,0.2582734,13.06311,14.869232
Italy,2016,12,7.7235413,3.0046997,2.4933102,30.7082781791687,196.21685647964478,0.29096833,0.29079166,0.26917878,8.221649,10.571411
Italy,2017,1,4.286133,0.17477417,3.0529764,119.48006343841553,180.7950382232666,0.31441167,0.30936202,0.27814516,5.8221436,7.476471
Italy,2017,2,9.080475,5.3552246,2.5859432,67.50189208984375,252.94122314453125,0.3151035,0.31610402,0.30552655,8.638031,8.643402
Italy,2017,3,10.966766,5.077301,2.9368727,44.95145010948181,459.07202339172363,0.26728585,0.2801308,0.29079852,10.545227,10.059784
Italy,2017,4,12.572601,6.91687,2.640373,57.56788730621338,538.7592315673828,0.23623645,0.23961204,0.25135025,12.806244,12.016571
Italy,2017,5,17.341248,10.5979,2.4468536,41.815821170806885,631.6791610717773,0.1957495,0.20823957,0.22093204,17.082825,15.2612915
Italy,2017,6,22.967651,14.504303,2.22061,16.099732518196106,677.0165634155273,0.13963827,0.16732466,0.19959524,22.875732,20.150665
Italy,2017,7,24.805206,14.473846,2.4467392,19.139379382133484,704.8793277740479,0.12967175,0.14929156,0.18513891,25.368896,23.460815
Italy,2017,8,25.81726,15.163666,2.3005168,6.328796625137329,641.8386783599854,0.11614661,0.14127132,0.17595907,26.618713,25.210724
Italy,2017,9,19.220428,13.112732,2.4781194,100.87684392929077,444.9594783782959,0.20837158,0.19485894,0.17534904,21.01242,22.188843
Italy,2017,10,15.642792,9.983368,2.3833835,36.60912621021271,355.8394832611084,0.21365568,0.20965289,0.17600974,16.652405,18.246094
Italy,2017,11,10.831024,7.01532,2.6226494,124.77677822113037,207.90132522583008,0.27984354,0.26297086,0.19489434,12.044403,14.287048
Italy,2017,12,7.0844727,2.7754211,3.1696765,102.04081177711487,179.80619955062866,0.3061551,0.3020646,0.25028062,7.9609985,10.182068
Italy,2018,1,8.704559,5.0295105,2.8530529,55.867825508117676,207.74176788330078,0.30191314,0.3002281,0.2690977,8.518433,9.453552
Italy,2018,2,6.3285522,2.7984009,3.029308,165.92283630371094,206.31716537475586,0.3275823,0.32182458,0.28606683,7.5191345,8.467102
Italy,2018,3,9.686005,5.8391724,3.2821038,164.91274738311768,353.48250102996826,0.3280305,0.32962656,0.3177027,9.445374,9.181305
Italy,2018,4,15.1102295,9.382233,2.399246,39.55653190612793,547.0556831359863,0.26134,0.2775505,0.2917587,13.991028,12.347565
Italy,2018,5,17.766144,13.271576,2.1127906,104.4743275642395,572.5031051635742,0.25944507,0.26244122,0.2601966,17.529388,15.932434
Italy,2018,6,21.051971,15.006134,2.5026057,71.41677618026733,620.1668357849121,0.21970832,0.22540641,0.23502862,21.107208,19.584686
Italy,2018,7,24.347229,16.790894,2.3704913,23.45889115333557,676.5628433227539,0.15710817,0.18489283,0.21050918,24.275665,22.195099
Italy,2018,8,23.672638,17.91748,1.8973905,80.76327848434448,565.4519367218018,0.2120664,0.19973747,0.20007354,24.529999,23.767944
Italy,2018,9,20.900024,14.85495,2.1448216,39.18318271636963,448.1466007232666,0.19168603,0.19575833,0.1914148,22.042389,22.335785
Italy,2018,10,17.032532,13.174652,2.680326,178.1068663597107,297.80613136291504,0.28018108,0.26174757,0.20125999,17.797607,18.960175
Italy,2018,11,12.527466,9.433868,2.558909,142.21130847930908,196.58326148986816,0.32173133,0.32004777,0.28008434,13.541077,15.496826
Italy,2018,12,8.2526245,4.476593,2.6810672,62.616082191467285,180.16556358337402,0.31717822,0.31823543,0.3043209,9.147827,11.301727
Italy,2019,1,5.015564,0.9623718,3.0963395,99.05167198181152,191.88323163986206,0.3202533,0.31809574,0.30523404,6.2399597,8.009766
Italy,2019,2,7.6991577,2.2705994,3.3447247,57.08309555053711,280.56457901000977,0.30657518,0.31221873,0.31749386,7.590912,8.217926
Italy,2019,3,10.690704,4.9506836,3.0021677,43.31628906726837,446.0601806640625,0.25424457,0.25989246,0.2761481,10.229706,9.730957
Italy,2019,4,12.452332,7.7555847,2.6286857,89.2980408668518,492.5016403198242,0.27266037,0.2696459,0.25445378,12.40152,11.479828
Italy,2019,5,13.855896,9.66922,2.6704662,133.5877513885498,532.0559597015381,0.28745008,0.2822068,0.25716797,14.213348,13.326843
Italy,2019,6,23.210571,15.224182,2.154153,19.40466284751892,687.0279693603516,0.18605328,0.22294699,0.24936032,22.065063,19.065369
Italy,2019,7,24.437439,16.688385,2.282045,48.55983912944794,672.2536678314209,0.16075025,0.18087177,0.21711421,24.756409,22.902527
Italy,2019,8,25.072021,17.415497,1.9085056,26.805842876434326,620.1641979217529,0.14608225,0.1701251,0.19881126,25.823425,24.429688
Italy,2019,9,20.855438,15.657593,2.133428,70.96645832061768,447.55717277526855,0.21642311,0.20965853,0.1965399,21.994263,22.467987
Italy,2019,10,17.256622,12.8645935,1.9979293,52.77806496620178,350.31168365478516,0.22346394,0.2234143,0.19694035,18.148926,19.40451
Italy,2019,11,12.973877,9.968933,3.2009428,240.64590454101562,186.65947437286377,0.32186344,0.31241778,0.25877044,14.063965,15.891663
Italy,2019,12,9.477478,5.72641,3.288458,100.95423483848572,174.87961149215698,0.32194534,0.32252756,0.30616912,10.21698,12.319336
Italy,2020,1,7.3557434,3.2042847,2.3829494,15.547431588172913,227.98568058013916,0.27916053,0.28418377,0.29070476,7.364258,8.842468
Italy,2020,2,9.201355,3.6590881,3.03497,29.493793964385986,306.02354431152344,0.2598627,0.26534972,0.26847783,9.070953,9.550598
Italy,2020,3,9.592529,4.871155,2.6994698,116.90084195137024,401.63642406463623,0.27398598,0.27058458,0.2607683,10.062683,10.150024
Italy,2020,4,12.622894,6.8110046,2.3901312,63.722290992736816,524.2269515991211,0.26494935,0.2711432,0.26120406,12.519531,11.55246
Italy,2020,5,17.355896,10.4296875,2.743551,48.27162063121796,618.9430313110352,0.20826355,0.22616293,0.23882174,17.22055,15.657898
Italy,2020,6,20.013458,13.436676,2.487338,70.38527011871338,637.7866744995117,0.21885572,0.23027107,0.22155936,19.756958,17.916931
Italy,2020,7,23.838104,15.910187,2.133931,24.87981551885605,685.280647277832,0.15222934,0.17864355,0.20779537,24.25879,22.209229
Italy,2020,8,24.884094,17.219025,2.2557127,38.16739523410797,603.0512504577637,0.14750536,0.16593055,0.19068673,25.618134,24.241882
Italy,2020,9,21.221832,15.185791,2.3778477,86.19043350219727,444.9990177154541,0.18575181,0.18359464,0.18472683,22.664093,23.130768
Italy,2020,10,15.228027,10.840942,2.438961,92.03919529914856,329.60805225372314,0.2693625,0.25800383,0.21847634,16.410736,18.181763
Italy,2020,11,12.3914795,9.295471,2.096149,84.35604572296143,215.36234378814697,0.27358264,0.27010727,0.23747115,13.304565,15.06134
Italy,2020,12,9.058655,6.2986755,2.7750413,164.17298460006714,162.79412412643433,0.3288095,0.32741225,0.29479888,9.766846,11.592621
Italy,2021,1,7.173065,3.6594238,3.1990247,142.9474320411682,181.61318969726562,0.33154497,0.33160904,0.3195798,7.8087463,9.260345
Italy,2021,2,9.009766,4.8114624,2.6772554,71.57761287689209,276.9476737976074,0.311785,0.3179356,0.3182338,8.938385,9.345428
Italy,2021,3,8.694794,3.5331726,2.6813903,73.41260552406311,420.9892511367798,0.2872033,0.29185355,0.29423356,9.032043,9.289795
Italy,2021,4,11.230957,6.073761,2.6426268,73.64940404891968,495.3632354736328,0.2700536,0.27019045,0.27053738,11.381805,10.705048
Italy,2021,5,16.643738,9.909637,2.6791775,30.050978362560272,634.5884265899658,0.20175993,0.22585405,0.24370918,16.601196,14.807373
Italy,2021,6,22.580627,14.009338,2.1108315,26.772247552871704,667.8694725036621,0.15785307,0.18174382,0.21574742,22.106934,19.343933
Italy,2021,7,25.098724,15.913086,2.3858047,22.04963344335556,689.2390766143799,0.13719244,0.16267286,0.20280974,25.457275,23.422943
Italy,2021,8,25.296875,16.29126,2.322643,23.15079092979431,614.6478691101074,0.13120529,0.1505744,0.1896166,26.303741,25.198456
Italy,2021,9,21.25,14.850952,2.0487883,47.591514587402344,450.9162425994873,0.17522456,0.17138292,0.1803176,22.356476,22.657959
Italy,2021,10,15.149445,10.8255005,2.6244833,118.72201538085938,298.0709648132324,0.25501397,0.23582076,0.18587457,16.72293,18.668457
Italy,2021,11,13.049957,10.434662,2.7451527,185.1646327972412,184.13078784942627,0.3286189,0.32098362,0.25685862,14.083527,15.774445
Italy,2021,12,8.441864,4.7865295,3.1254609,115.31698536872864,173.62970876693726,0.32730794,0.32943103,0.31560627,8.959106,11.0061035
Italy,2022,1,6.943573,2.3441162,2.855597,41.92651951313019,221.17211723327637,0.30721867,0.3103349,0.30891642,7.4003296,9.1909485
Italy,2022,2,8.386414,3.3379517,2.971459,55.78004169464111,279.2507972717285,0.28915405,0.29037228,0.29142517,8.154968,8.602936
Italy,2022,3,7.8955994,2.0460815,2.7615635,58.799821972846985,421.1406478881836,0.27891287,0.28332856,0.2858788,8.081696,8.3089905
Italy,2022,4,12.169556,6.40036,2.9958847,53.033612966537476,539.7865104675293,0.25529313,0.2636668,0.26798594,11.908295,10.938141
Italy,2022,5,18.34903,11.723572,2.2385244,48.14859414100647,640.174467086792,0.2033832,0.22152293,0.23849064,17.598145,15.34845
Italy,2022,6,24.361084,14.926331,2.323341,25.160579681396484,686.5842247009277,0.14793324,0.17541921,0.21121682,23.727417,20.916504
Italy,2022,7,25.860016,16.428925,2.2028182,20.02576619386673,702.3096332550049,0.13280003,0.15486358,0.19607253,26.37967,24.267761
Italy,2022,8,24.505554,17.239471,2.20512,52.348793387413025,580.6753959655762,0.1699798,0.16493629,0.18293689,25.376892,24.705505
Italy,2022,9,20.874939,14.722168,2.6103647,101.455979347229,435.1943778991699,0.2030183,0.19729738,0.17954424,22.00232,22.731537
Italy,2022,10,17.517944,12.648773,1.9287858,37.53873360157013,366.9839811325073,0.23422323,0.23680331,0.20055212,18.028595,19.204163
Italy,2022,11,12.666931,9.354218,2.6022747,174.1924238204956,198.68621349334717,0.29150942,0.28081104,0.22598165,13.797821,15.910248
Italy,2022,12,10.898285,8.431641,2.2764904,91.6420042514801,170.5151810646057,0.32006046,0.32192212,0.2964722,11.023499,12.553345
Italy,2023,1,7.7103577,4.561676,2.7854517,127.18046998977661,197.91942691802979,0.31312582,0.3125545,0.3042403,8.614288,10.352783
Italy,2023,2,7.349365,2.6514282,2.612255,51.751858711242676,271.7559928894043,0.2915635,0.29868802,0.30681428,7.4144897,8.228516
Italy,2023,3,10.631989,5.938324,2.8607707,70.07109355926514,422.32184410095215,0.3044435,0.30832195,0.30178893,10.411835,10.237091
Italy,2023,4,11.643616,6.8410645,2.7295444,99.13329362869263,498.4197235107422,0.2876903,0.2910942,0.28732494,11.755859,11.1970825
Italy,2023,5,16.204193,12.53009,2.3601255,169.994309425354,511.33189964294434,0.31398374,0.3133606,0.29943278,15.7508545,14.384003
Italy,2023,6,21.135529,15.780151,1.9919844,94.8322606086731,618.3709144592285,0.26547125,0.28059497,0.29000476,20.46811,18.41278
Italy,2023,7,26.368683,17.273132,2.2453504,10.811903953552246,711.2182426452637,0.1423968,0.18702729,0.23601511,26.00351,23.44043
Italy,2023,8,24.294647,16.365082,2.4468603,41.404842257499695,610.9549827575684,0.14601113,0.1594215,0.199746,25.15744,24.188538
Italy,2023,9,22.092499,15.093811,2.4393182,41.622111797332764,466.730432510376,0.16762275,0.17166238,0.1840139,22.888824,23.051575
Italy,2023,10,19.501556,13.945496,2.4645152,53.38021147251129,354.5982131958008,0.19146383,0.1904567,0.1772653,20.024506,20.840973
Italy,2023,11,13.242676,9.091522,3.1891408,130.75798988342285,207.23703861236572,0.2792676,0.263114,0.21501361,14.53186,16.809265
Italy,2023,12,9.851715,6.129425,2.612676,36.25727880001068,181.47091341018677,0.2871425,0.28456888,0.2443651,10.247894,12.270813
Italy,2024,1,8.768036,4.952179,2.8612502,71.35400438308716,199.83268451690674,0.29968795,0.29504988,0.25620577,9.094421,10.621094
Italy,2024,2,10.205017,6.0458984,2.7200794,88.22937536239624,265.8097791671753,0.27887368,0.2766374,0.25610635,9.5703125,9.949768
Italy,2024,3,11.625641,7.4131775,2.8529863,85.22014045715332,409.92901039123535,0.3037377,0.30583912,0.2774152,11.344421,11.092712
Italy,2024,4,14.239929,7.944275,2.5989633,49.01227355003357,551.4553642272949,0.23239452,0.24397166,0.25287366,14.3349,13.621033
Italy,2024,5,17.531372,11.988159,2.3854647,81.45610857009888,591.0513210296631,0.23435625,0.23887332,0.23158358,17.416138,15.898834
Italy,2024,6,23.046051,14.783936,2.2484422,21.427137851715088,682.3658180236816,0.1615264,0.18952969,0.2095738,22.857483,20.438843
Italy,2024,7,26.406372,17.044128,2.180245,20.59265035390854,693.5866260528564,0.13502568,0.15842022,0.18856946,26.830017,24.54248
Italy,2024,8,26.322601,18.0177,1.9243282,37.528127551078796,594.13258934021,0.14744969,0.15247253,0.17617488,27.342163,26.188446
Italy,2024,9,20.51471,14.741486,2.3999703,97.02921867370605,422.3075580596924,0.22810055,0.20848186,0.17334867,22.154877,23.195679
Italy,2024,10,17.825836,13.893585,2.1695092,107.81756162643433,319.07322120666504,0.25660446,0.25691998,0.20214973,18.697388,19.874115
Italy,2024,11,12.102661,8.034973,2.4291155,58.25517296791077,222.0173692703247,0.26952314,0.26725018,0.22656539,13.361359,15.734528
Italy,2024,12,8.40387,4.802124,2.8227994,91.92146444320679,178.2977900505066,0.31070694,0.3051546,0.25390738,9.335144,11.601013
Libya,1985,1,11.111847,5.2096863,5.109106,29.960595965385437,249.5294885635376,0.15237086,0.19929487,0.17334877,11.051758,12.749603
Libya,1985,2,14.61908,5.235504,4.584317,4.492881119251251,307.2032928466797,0.07898771,0.17766292,0.17567994,14.383392,14.525848
Libya,1985,3,14.810028,6.2337036,4.15828,16.14081609249115,422.85925674438477,0.06645617,0.16584525,0.17862508,15.96759,15.648163
Libya,1985,4,19.000427,7.76532,4.846948,9.217175245285034,497.34031677246094,0.071328185,0.16107336,0.17869666,19.197662,17.784912
Libya,1985,5,22.623993,11.09436,4.8071065,2.2619074881076813,531.6104316711426,0.04602591,0.15374836,0.18014155,23.676422,21.80951
Libya,1985,6,27.034088,13.210907,4.4285293,0.2996271103620529,571.867847442627,0.042154375,0.148398,0.17991064,28.364777,25.818756
Libya,1985,7,27.604279,15.9470825,3.3955557,0.2386613260023296,577.5281410217285,0.040251862,0.14751743,0.17631605,29.976746,28.131287
Libya,1985,8,26.992401,16.060822,3.4750993,0.23113598441705108,526.5210056304932,0.036871463,0.14771983,0.17246522,29.96698,29.168549
Libya,1985,9,24.226501,17.113068,2.9995537,3.83585125207901,416.1222839355469,0.04302009,0.15223755,0.1715942,27.231445,27.448486
Libya,1985,10,21.23935,13.390503,3.3599887,6.328825265169144,331.25414085388184,0.046277836,0.15387915,0.17213698,23.697174,24.967194
Libya,1985,11,18.602875,8.510742,3.769601,6.0050274431705475,259.29187774658203,0.05074545,0.15297145,0.1717563,20.106567,22.065521
Libya,1985,12,13.156158,7.6199036,4.05807,39.76936340332031,218.18056058883667,0.15208802,0.18530366,0.17387907,13.966064,16.699768
Libya,1986,1,11.384705,4.4334106,4.597034,14.165947318077087,263.3623504638672,0.09743351,0.1868609,0.17534544,11.750732,13.74054
Libya,1986,2,13.743439,3.0570984,4.8867483,2.6139692068099976,323.9203643798828,0.060532074,0.17309837,0.17774633,13.700592,13.918152
Libya,1986,3,15.135712,6.8020935,4.3717012,19.217612862586975,403.2635622024536,0.07891286,0.16734067,0.17860262,16.27835,16.255035
Libya,1986,4,18.778015,7.982666,4.961549,4.937605261802673,508.0498695373535,0.052329935,0.1607131,0.16769353,19.851532,18.419373
Libya,1986,5,21.630157,11.333099,3.8602552,1.9189660884439945,546.8674755096436,0.048123587,0.15731326,0.17032626,23.253265,21.405853
Libya,1986,6,24.655151,14.106873,4.2973013,1.0518160834908485,560.2579879760742,0.045012802,0.15579195,0.17269273,26.519318,24.674103
Libya,1986,7,27.366302,15.950623,3.8867893,0.43432062584906816,572.9794979095459,0.041931964,0.15434071,0.17315403,29.527527,27.633942
Libya,1986,8,28.374268,17.217407,3.1897247,0.40851939283311367,528.3881435394287,0.039309636,0.15152737,0.1711187,30.654205,29.19397
Libya,1986,9,25.563995,16.954468,3.5371754,12.184836566448212,405.3016662597656,0.05614764,0.15586853,0.17016916,28.048798,28.389557
Libya,1986,10,21.770386,14.298706,3.7087288,34.083415389060974,329.1310386657715,0.07278163,0.15716806,0.16819994,24.08548,25.468536
Libya,1986,11,15.07785,10.402344,3.787289,53.16925048828125,231.15599155426025,0.17008404,0.19793533,0.17027397,16.44867,19.220917
Libya,1986,12,11.216003,7.247986,4.2619505,33.9845130443573,207.52466535568237,0.24061443,0.2504645,0.18513976,11.877197,14.655365
Libya,1987,1,11.328339,2.1787415,4.8419585,3.5121917724609375,278.753023147583,0.10673861,0.20917073,0.19101168,10.756775,12.072723
Libya,1987,2,12.979584,4.652832,4.950706,16.597541093826294,290.2721977233887,0.08839772,0.18156151,0.19025482,13.3263855,13.857941
Libya,1987,3,13.085602,5.842163,4.4026093,28.8081414103508,398.4314308166504,0.11598964,0.18177092,0.18642764,13.91507,13.897583
Libya,1987,4,17.768219,5.641449,3.9456205,5.7220458984375,505.31078338623047,0.053373728,0.16381297,0.18122165,18.883514,17.421936
Libya,1987,5,20.406128,10.048401,4.5915685,1.253509521484375,505.9500274658203,0.049486272,0.16123545,0.1856305,21.782806,20.228119
Libya,1987,6,26.38977,13.167389,4.048024,0.3849376179277897,555.9551811218262,0.04415543,0.15573424,0.18472417,27.419647,24.790802
Libya,1987,7,28.973236,14.905945,4.4462504,0.2150102173909545,575.7764797210693,0.041770488,0.15324105,0.18387347,30.276672,27.972015
Libya,1987,8,28.991058,17.022217,3.6431377,1.2889862060546875,525.3020267486572,0.03905456,0.15056324,0.17993267,31.167877,29.66507
Libya,1987,9,26.748901,15.59375,3.2404425,2.941131591796875,434.0565776824951,0.043487944,0.15187415,0.17621434,29.046814,28.939575
Libya,1987,10,24.015167,14.897369,3.6399758,5.169920235872269,339.1145324707031,0.045023035,0.15186727,0.17718422,25.954376,26.870422
Libya,1987,11,16.45282,8.994171,4.6093807,37.11215257644653,249.65083122253418,0.120305955,0.17703056,0.18044871,18.125092,21.217133
Libya,1987,12,14.938629,7.8144836,3.6747382,5.8009756207466125,227.90865182876587,0.07170959,0.17721745,0.18198556,15.44696,17.349213
Libya,1988,1,12.764679,6.132904,4.633327,32.688002824783325,260.51723861694336,0.14671348,0.200728,0.18501289,12.655273,14.416992
Libya,1988,2,13.024872,6.2211914,4.031202,10.017706423997879,296.60175800323486,0.07617511,0.18226844,0.18789579,14.077057,14.915894
Libya,1988,3,14.7239685,5.298401,4.8684635,14.518564313650131,430.894814491272,0.08161798,0.17418161,0.18813463,15.239899,15.093445
Libya,1988,4,19.132538,8.791199,4.540554,2.0880266278982162,504.243106842041,0.050547235,0.16346627,0.1894699,20.45868,19.058624
Libya,1988,5,25.243805,9.613068,5.360308,0.30853964015841484,547.2761077880859,0.04328993,0.15294872,0.1860023,25.37738,23.095703
Libya,1988,6,26.796753,14.601654,4.6921754,1.3566451147198677,542.6777458190918,0.042370647,0.15080312,0.18386088,28.364502,26.257965
Libya,1988,7,28.672913,16.155579,3.8676374,0.06342801311984658,581.8629188537598,0.04093307,0.14816944,0.18164536,30.775208,28.977356
Libya,1988,8,28.150635,17.19693,3.3486392,0.27521306555718184,521.9106330871582,0.036977194,0.15124904,0.179066,30.999542,29.922668
Libya,1988,9,25.129028,17.013916,3.3796775,50.22395968437195,398.7381076812744,0.10034705,0.1785561,0.17870176,27.554474,28.401733
Libya,1988,10,22.816315,14.027374,3.702473,7.073835641145706,340.0120038986206,0.058548186,0.18223515,0.18018608,24.22583,25.193329
Libya,1988,11,16.997284,10.448578,3.534246,31.504547595977783,241.11708641052246,0.10180352,0.17562366,0.17906548,18.599548,21.115356
Libya,1988,12,11.0625,6.925659,4.901113,54.137420654296875,206.60438537597656,0.2092776,0.22510938,0.18677665,12.048309,14.932312
Libya,1989,1,10.768066,6.700165,3.4944513,14.690034955739975,246.52823495864868,0.16059536,0.2174628,0.19438288,11.11142,12.8229065
Libya,1989,2,12.396973,5.867218,3.6580167,15.974148988723755,288.62409591674805,0.13722312,0.2029449,0.19750018,12.123077,12.653015
Libya,1989,3,14.689209,7.6503296,4.2195864,31.04478931427002,415.40365409851074,0.11469571,0.18907265,0.19704571,15.090851,14.852661
Libya,1989,4,19.406372,7.9020996,4.817054,0.9675458818674088,506.1957550048828,0.0541362,0.17385839,0.19734019,20.1922,18.598694
Libya,1989,5,21.75351,10.167725,4.4051023,2.599473223090172,538.3632411956787,0.047252838,0.16348194,0.1961584,22.784485,20.999664
Libya,1989,6,24.901703,13.462494,4.3806887,0.9696266055107117,558.7763786315918,0.046282176,0.15851149,0.19578998,26.562714,24.490723
Libya,1989,7,26.878784,16.878143,3.6509624,0.6353552006185055,573.7990684509277,0.04431187,0.15700299,0.19609292,29.112549,27.421814
Libya,1989,8,27.94992,17.816986,3.2913382,0.7869373615831137,522.0205516815186,0.042075697,0.1579761,0.19590229,30.336914,28.974396
Libya,1989,9,27.80133,16.74826,4.0233703,1.4086636528372765,435.8229732513428,0.039602064,0.1523378,0.1912864,29.890778,29.366089
Libya,1989,10,20.83966,14.092041,3.3381145,16.74069356918335,335.6852970123291,0.060998067,0.15872398,0.18900815,23.519623,25.241089
Libya,1989,11,18.243408,9.462769,3.6387656,15.617024302482605,264.9843120574951,0.06999126,0.16208592,0.1872318,19.329193,21.186493
Libya,1989,12,15.387817,8.395966,3.304358,6.951818019151688,238.51346063613892,0.087799005,0.16966303,0.18626364,15.66983,17.813812
Libya,1990,1,12.20462,8.20932,4.188582,54.72386133670807,223.2569932937622,0.17027554,0.19633597,0.18970881,12.976288,14.962067
Libya,1990,2,14.096344,7.4611816,3.6355333,3.5320626497268677,301.9641342163086,0.10192801,0.20649843,0.19301333,14.172485,14.674805
Libya,1990,3,15.267822,8.386902,3.8399224,7.180265694856644,409.06556701660156,0.06382244,0.17702791,0.19269773,16.621185,16.36914
Libya,1990,4,19.326752,9.908203,4.3883224,5.89578777551651,470.5111598968506,0.054910477,0.16550373,0.19245316,20.401367,19.168396
Libya,1990,5,21.664307,12.379211,5.000043,20.016375958919525,470.39298820495605,0.0763711,0.16281219,0.18945271,22.446838,21.01181
Libya,1990,6,27.300476,13.837921,4.138487,0.07490677759051323,567.6754188537598,0.04434315,0.1549203,0.18731137,28.302246,25.798615
Libya,1990,7,26.972626,16.572906,3.4263582,0.627829859033227,572.883415222168,0.04454129,0.15614839,0.18855871,29.549255,28.036072
Libya,1990,8,26.848907,18.198486,3.5353901,0.5160245448350906,516.3334617614746,0.042303883,0.15643919,0.19067818,29.802826,28.953278
Libya,1990,9,28.15689,16.562195,3.4015968,1.6874834150075912,435.6540298461914,0.042934597,0.15508376,0.18972456,30.09195,29.372406
Libya,1990,10,25.57492,13.804535,4.1300545,1.6297774091362953,353.9649543762207,0.043257438,0.15185441,0.18715873,27.197174,27.91275
Libya,1990,11,17.473969,10.584412,4.0285993,36.784433126449585,244.41307067871094,0.121856526,0.17352678,0.18579152,19.23352,22.18808
Libya,1990,12,11.916107,4.373108,4.480805,13.241403669118881,230.08542728424072,0.083124205,0.17421319,0.18667977,13.274445,16.116028
Libya,1991,1,11.062378,5.480713,3.9518843,28.404998779296875,253.52085208892822,0.10929748,0.17297128,0.18733057,11.956879,13.936493
Libya,1991,2,12.06131,5.6979065,4.454455,20.321377992630005,289.2678756713867,0.13356316,0.19257556,0.18736112,12.051605,13.0401
Libya,1991,3,16.57074,7.9650574,5.000509,27.068710327148438,420.03111457824707,0.10732366,0.18803887,0.18922754,16.178528,15.456024
Libya,1991,4,16.468323,8.839783,4.502958,20.317423939704895,473.3745288848877,0.07555253,0.17110358,0.19080976,18.259125,17.701996
Libya,1991,5,18.974823,11.294708,4.679543,37.30749583244324,504.4820022583008,0.098031506,0.16770121,0.19039685,19.689972,18.8078
Libya,1991,6,24.687225,14.4427185,4.074306,2.7705106884241104,539.8089981079102,0.05158132,0.16382603,0.19247589,25.928436,23.4133
Libya,1991,7,27.359802,16.28946,3.317036,0.13760653277859092,578.8455085754395,0.04435714,0.1585478,0.19558649,29.062317,26.804169
Libya,1991,8,27.217926,17.586792,3.4803958,0.18168362835422158,525.2561435699463,0.04251982,0.1546711,0.1938828,29.848633,28.596527
Libya,1991,9,26.693695,16.488861,3.5100558,12.160907685756683,417.8265380859375,0.052225083,0.15068562,0.19016655,28.518127,28.17395
Libya,1991,10,24.11084,13.604401,3.8287692,3.9561875611543655,340.703444480896,0.041857265,0.14947523,0.18734425,26.096466,26.773163
Libya,1991,11,16.779297,7.0199585,3.7902973,8.97737056016922,265.0231075286865,0.059132207,0.15476426,0.18505746,18.60437,21.292297
Libya,1991,12,11.49588,6.328827,4.839925,30.5927295088768,193.54374742507935,0.106845975,0.1603128,0.18459435,13.266327,16.15921
Libya,1992,1,10.63559,5.7824707,2.8569572,21.852562308311462,232.90861749649048,0.12718052,0.17437144,0.18382636,11.329407,13.234619
Libya,1992,2,12.000214,6.0551147,4.0293474,19.149398803710938,299.0619468688965,0.116250865,0.17915677,0.18240398,12.444672,13.179169
Libya,1992,3,14.967346,5.521515,4.8087153,21.953619122505188,406.46134185791016,0.10022772,0.17862946,0.18418096,15.035278,14.780304
Libya,1992,4,17.869965,5.3715515,4.6753006,4.967776536941528,495.72641372680664,0.05270383,0.16246529,0.18463391,19.00888,17.616974
Libya,1992,5,20.057312,10.627655,4.5062294,14.547590523958206,514.1899013519287,0.069052994,0.15910962,0.18762687,20.91687,19.601135
Libya,1992,6,24.92096,13.637268,4.6176357,1.1662570014595985,549.0859222412109,0.046294026,0.15131858,0.18958782,26.349182,24.190857
Libya,1992,7,25.762115,16.435852,3.7671797,0.20640980638563633,573.0181083679199,0.04466651,0.15293153,0.1926255,27.94934,26.216064
Libya,1992,8,27.332153,17.655762,3.0299246,0.29026377759873867,524.6995143890381,0.041093774,0.15521501,0.19479394,29.354431,27.925232
Libya,1992,9,25.351105,16.731232,3.4808283,2.7320167422294617,423.44409942626953,0.042653766,0.15513225,0.19219063,27.69284,27.522034
Libya,1992,10,25.41336,11.038971,4.233013,1.2040571942925453,358.93169021606445,0.042327188,0.15406436,0.19185197,26.190979,26.626434
Libya,1992,11,17.960205,10.851013,3.7187219,17.648870944976807,255.2435302734375,0.08107732,0.16379273,0.18946396,19.424103,21.787659
Libya,1992,12,13.102142,6.0025024,3.930285,16.152641654014587,233.4828815460205,0.09285562,0.16437835,0.19008093,14.13269,16.889893
Libya,1993,1,10.857971,6.5110474,3.5534887,21.768707990646362,242.95991611480713,0.14692359,0.1831286,0.19202141,11.287231,13.310333
Libya,1993,2,11.330841,5.389557,4.415813,21.772072076797485,282.41345977783203,0.107010104,0.17727421,0.19264239,12.097687,13.287689
Libya,1993,3,14.145081,5.3523254,4.4438133,8.907873064279556,435.58030891418457,0.07147669,0.17357749,0.19431603,14.635956,14.165924
Libya,1993,4,18.80191,7.9923706,4.073128,2.916162461042404,517.111988067627,0.052528676,0.16492829,0.19586767,19.687378,18.078705
Libya,1993,5,22.881012,9.903015,4.5605426,1.8103859536349773,540.7832832336426,0.047248885,0.15550998,0.19404177,23.319794,21.227142
Libya,1993,6,26.663513,15.018066,4.127629,0.6367076374590397,558.8384628295898,0.045061413,0.15202755,0.19366086,28.193237,25.88556
Libya,1993,7,27.837494,15.479645,3.9204295,0.15265724482014775,584.4234485626221,0.042574566,0.15108752,0.19317727,29.938171,28.265167
Libya,1993,8,28.271149,16.175476,3.3451898,0.2913388470187783,536.1434650421143,0.042319614,0.15165862,0.18125735,30.243744,29.016937
Libya,1993,9,26.89856,16.595306,4.325395,3.471721261739731,432.0383834838867,0.043135017,0.14863367,0.1781777,29.133911,28.963226
Libya,1993,10,24.14508,12.960205,3.8505452,1.9866943359375,355.653733253479,0.045297984,0.1499603,0.17799534,25.675568,26.491241
Libya,1993,11,18.258911,12.279938,3.6406503,24.58086848258972,229.5954179763794,0.10357142,0.1569093,0.17590736,20.045624,22.673004
Libya,1993,12,13.314911,7.6362305,3.7768085,17.3857262134552,223.38367462158203,0.0840767,0.16563812,0.17347223,14.193817,16.69928
Libya,1994,1,12.592499,6.452484,5.3878236,39.76936340332031,237.98131036758423,0.15969446,0.18596011,0.17370811,12.636047,14.628937
Libya,1994,2,13.494507,3.559021,5.466108,7.992415070533752,320.0616111755371,0.09513719,0.19295755,0.17564544,12.803864,13.499725
Libya,1994,3,15.666931,7.5365906,4.0354533,12.098623901605606,415.5545482635498,0.06576545,0.16891761,0.17670299,16.625793,16.252075
Libya,1994,4,17.257019,8.837433,4.99978,58.91522526741028,473.8425922393799,0.11412714,0.20073208,0.17899464,17.845612,17.34607
Libya,1994,5,24.256744,10.965515,3.8851712,13.984264194965363,553.166597366333,0.07253658,0.1792003,0.17634594,23.737152,21.151184
Libya,1994,6,25.925873,13.825897,4.1508393,0.38285686634480953,571.1529350280762,0.042826045,0.15796813,0.17373435,27.94989,25.933075
Libya,1994,7,26.99405,17.159607,3.4249203,1.1556797921657562,572.863489151001,0.043672424,0.15665235,0.17603335,29.19632,27.631836
Libya,1994,8,29.080444,17.112396,3.2849185,0.11073025921359658,531.9679775238037,0.041083787,0.15475303,0.1762071,31.142273,29.773804
Libya,1994,9,27.470886,16.897186,3.7349954,3.275090977549553,420.26939392089844,0.039148513,0.15370531,0.17332935,29.649017,29.22406
Libya,1994,10,22.720367,14.835876,3.6720502,16.353676199913025,325.6513080596924,0.05740582,0.15156575,0.17035006,24.888153,26.253418
Libya,1994,11,17.975403,12.070129,3.2561545,8.919108510017395,254.12115097045898,0.056320455,0.15572411,0.1701533,20.209473,22.448456
Libya,1994,12,12.88559,6.0270386,3.8949196,11.598726004362106,231.1869339942932,0.077750675,0.16141835,0.17020606,14.2291565,17.129242
Libya,1995,1,10.343628,3.6489258,4.837853,31.200132846832275,264.07572746276855,0.13295673,0.17979768,0.17249298,10.747589,13.032684
Libya,1995,2,14.181549,6.2138977,4.039491,7.89288592338562,306.86520767211914,0.082712665,0.1795204,0.1749895,13.839722,14.0911255
Libya,1995,3,15.126129,5.908661,4.662832,19.663758039474487,425.60686683654785,0.078881964,0.17301425,0.17641036,16.179932,16.163666
Libya,1995,4,17.299683,7.894043,4.680395,18.05773615837097,480.60436248779297,0.07885733,0.17221199,0.17578945,17.980255,16.963562
Libya,1995,5,22.498627,9.612793,3.9353344,0.20855990191921592,560.3168048858643,0.045956776,0.15995724,0.17495808,23.479706,21.412811
Libya,1995,6,26.703888,14.544861,4.534781,0.9644247964024544,552.9884719848633,0.04521055,0.15485613,0.17771131,27.72763,25.274292
Libya,1995,7,27.949463,17.667328,3.6105843,0.27306295558810234,579.8396835327148,0.043117955,0.15638596,0.17878701,30.196564,28.448242
Libya,1995,8,29.323822,18.293121,3.8932407,0.8965925369411707,521.3028583526611,0.042237412,0.15614085,0.17986323,31.497955,30.113647
Libya,1995,9,27.411041,18.64505,4.0597014,13.661124408245087,397.6750373840332,0.05565204,0.15276714,0.17947868,29.584412,29.587921
Libya,1995,10,20.67331,15.62381,3.08744,89.94414186477661,306.8767509460449,0.181392,0.20859572,0.17972656,22.41861,24.460602
Libya,1995,11,16.505798,7.724945,4.1807103,7.254513502120972,264.2266273498535,0.10152641,0.21424925,0.19038405,16.944733,19.235077
Libya,1995,12,14.41095,7.4045105,4.262391,8.163937151432037,228.10458660125732,0.07326531,0.17778802,0.18883558,14.770111,16.603455
Libya,1996,1,13.9627075,6.5004883,4.565409,10.754811435937881,252.75987720489502,0.08198811,0.17030814,0.18778345,14.267151,15.635986
Libya,1996,2,12.394043,5.1739807,5.4598885,40.10200500488281,296.5898656845093,0.13064975,0.17674817,0.18617444,12.78595,14.132751
Libya,1996,3,15.4852295,8.405579,4.022924,36.88822793960571,404.0340566635132,0.12777744,0.19247153,0.18486673,15.112305,14.574768
Libya,1996,4,18.53421,7.953583,4.6164274,8.12530517578125,484.1899108886719,0.058848187,0.17282632,0.18469574,19.401794,18.206635
Libya,1996,5,22.88205,11.921051,4.2550964,2.1468768790364265,522.644172668457,0.051013555,0.16102058,0.18681954,23.960114,22.258514
Libya,1996,6,24.38623,15.367401,4.199649,9.951158165931702,539.2169952392578,0.05625754,0.16012712,0.19114041,25.547546,23.864075
Libya,1996,7,27.861511,15.163513,4.0530815,0.1440568482503295,578.9306526184082,0.043554176,0.15534143,0.1895341,29.259918,27.219757
Libya,1996,8,29.886536,17.60791,3.73172,1.5975259616971016,527.8972644805908,0.04260744,0.15234298,0.18658705,31.525604,29.816315
Libya,1996,9,27.318756,17.19342,4.007757,5.668987333774567,410.40733337402344,0.04424918,0.1501774,0.1851387,29.782074,29.657745
Libya,1996,10,20.996033,11.26474,3.703449,5.795600071549416,351.80058097839355,0.049979664,0.15276654,0.18281193,23.215393,25.072449
Libya,1996,11,17.212585,8.36319,3.7945924,11.018579006195068,260.4522514343262,0.056234967,0.15630773,0.18184684,18.627808,20.793396
Libya,1996,12,15.01532,3.841034,4.938427,8.463877737522125,245.31100034713745,0.077308,0.16492619,0.18196785,14.9340515,17.138184
Libya,1997,1,13.244995,6.2720337,4.1012735,14.889456421136856,250.28209686279297,0.09221037,0.16712499,0.18295631,13.68103,15.342804
Libya,1997,2,13.041077,6.5745544,3.5240245,9.137240171432495,306.1804656982422,0.08304205,0.17096363,0.18360531,13.585175,14.32193
Libya,1997,3,13.274414,8.067078,3.8133185,28.741489589214325,418.6048336029053,0.113313444,0.17837115,0.18527536,14.392883,14.774963
Libya,1997,4,16.768433,8.26297,4.7000318,14.35609370470047,477.02322006225586,0.06842707,0.16935728,0.1844381,17.569824,16.681427
Libya,1997,5,22.810425,10.855347,4.530223,2.4339155927300453,551.4680328369141,0.04857647,0.15923345,0.18438919,23.290405,21.03955
Libya,1997,6,29.549957,14.661621,4.2783895,2.5926069170236588,545.0834083557129,0.044400554,0.15257524,0.18520546,29.738922,26.768646
Libya,1997,7,29.438385,15.641907,3.934798,0.28058829717338085,584.9957466125488,0.04166949,0.14834668,0.18428409,30.950287,29.064209
Libya,1997,8,28.45816,17.555695,3.3551612,12.5985227227211,514.4262351989746,0.04821915,0.14715809,0.18133089,30.90207,29.995178
Libya,1997,9,25.73175,18.002197,3.3701737,22.263960242271423,411.76520347595215,0.061722886,0.16178595,0.176233,28.118958,28.324371
Libya,1997,10,21.972961,15.38623,3.2082489,29.9681236743927,310.53714656829834,0.090420194,0.1668308,0.17531355,23.626434,25.184723
Libya,1997,11,17.652039,7.6221924,4.4812236,3.654826730489731,271.0081958770752,0.058047827,0.16505854,0.17727907,18.860046,21.082245
Libya,1997,12,13.2229,5.170624,4.598347,20.344265520572662,234.2565836906433,0.09733707,0.16904831,0.17935082,13.885498,16.513763
Libya,1998,1,11.865662,6.048401,4.052799,23.89838445186615,252.58586406707764,0.11939337,0.18257026,0.18151334,12.225342,14.031921
Libya,1998,2,13.240662,8.05307,3.4490452,26.097938776016235,280.01022720336914,0.09976435,0.17802808,0.18165395,13.79715,14.416138
Libya,1998,3,13.584015,7.413666,4.6739774,27.596559047698975,411.68280029296875,0.13079476,0.19006272,0.18462002,13.938721,14.317261
Libya,1998,4,20.483643,9.246918,4.498622,4.050167798995972,489.7072219848633,0.057811,0.1754409,0.18541132,20.750244,18.8815
Libya,1998,5,22.413086,12.498291,4.6751957,11.202031999826431,521.0139598846436,0.05653557,0.16261919,0.1870503,23.210388,21.406189
Libya,1998,6,26.871582,12.956482,4.453609,2.3200296610593796,552.894344329834,0.046800666,0.15794934,0.18599872,27.624298,25.225677
Libya,1998,7,27.874725,15.896881,3.5453727,0.0946044921875,592.6195087432861,0.042164024,0.15544693,0.1836528,30.144531,28.364777
Libya,1998,8,28.515808,18.503876,3.2889946,0.9718461260199547,521.6130428314209,0.040079344,0.15337364,0.18197417,30.709106,29.415497
Libya,1998,9,27.654663,18.165985,3.7489338,9.546453058719635,426.5325736999512,0.04860324,0.1501644,0.17963307,29.681305,29.452454
Libya,1998,10,22.965912,14.306732,3.9574783,9.075580775737762,335.82380390167236,0.048539296,0.15026441,0.17468688,25.169586,26.566101
Libya,1998,11,16.225586,7.75235,3.992357,20.671151876449585,262.836971282959,0.080290705,0.16051707,0.17325023,18.033234,21.009949
Libya,1998,12,11.882599,6.3810425,4.110184,22.80935925245285,209.60967445373535,0.11957852,0.1783689,0.1764059,12.644104,15.349152
Libya,1999,1,12.405945,7.0274963,4.536535,24.384307861328125,247.1853370666504,0.13192932,0.18579823,0.17865624,12.49765,14.03537
Libya,1999,2,11.301239,5.489044,4.197858,55.84494972229004,288.04125213623047,0.19567269,0.2472609,0.19332597,11.064362,12.202515
Libya,1999,3,16.02121,7.3797607,4.6980715,23.53071665763855,422.12273120880127,0.08959828,0.19058181,0.19609046,16.085083,15.652771
Libya,1999,4,19.569122,8.2647705,4.038741,3.252202793955803,502.70124435424805,0.059301596,0.17521828,0.19625698,19.632965,17.862366
Libya,1999,5,25.444458,10.5329895,3.8854237,0.049452345236204565,553.5250301361084,0.043412775,0.15904109,0.1922815,26.10028,23.720032
Libya,1999,6,29.259094,14.355499,3.9979644,1.1777010932564735,569.3879127502441,0.042415105,0.15370476,0.18927953,30.335846,27.628143
Libya,1999,7,28.075226,16.332336,3.6470153,0.008600408298661932,585.8736171722412,0.04001131,0.15329196,0.18916585,30.716095,29.1297
Libya,1999,8,31.184723,17.14154,3.368145,0.41281961277127266,535.3772277832031,0.037792787,0.15066613,0.18575846,33.17166,31.47638
Libya,1999,9,28.05252,18.168335,3.7337346,4.539142996072769,428.8678550720215,0.041465603,0.15368728,0.18636225,30.810028,30.755402
Libya,1999,10,24.96466,15.032349,3.3791883,6.057912737131119,349.2330741882324,0.043804027,0.15465942,0.18714865,26.936096,27.955902
Libya,1999,11,18.271576,9.7960205,4.072784,18.578962683677673,241.62397384643555,0.069643624,0.15918125,0.18695849,20.454407,23.311554
Libya,1999,12,12.6944275,5.4483337,4.8842597,24.216599225997925,223.64110231399536,0.13223456,0.19068356,0.18681571,13.4253235,16.579102
Libya,2000,1,10.168304,4.657837,3.3338058,17.005695164203644,260.3091678619385,0.10619972,0.18019402,0.14301209,11.051575,13.561432
Libya,2000,2,11.522888,5.939514,3.9951518,31.436452627182007,300.50003242492676,0.1294285,0.18311843,0.14828098,11.961029,13.295959
Libya,2000,3,16.185913,6.8835144,3.7187579,2.469392277300358,444.9146089553833,0.062350586,0.17153408,0.14939852,16.399445,15.429077
Libya,2000,4,20.479828,8.642975,4.69472,1.0424527153372765,516.4076614379883,0.046831958,0.15798356,0.15032595,21.717194,20.119019
Libya,2000,5,24.345093,13.074036,4.1369143,4.695822849869728,504.96826934814453,0.04781056,0.15074849,0.15113156,25.467926,23.45581
Libya,2000,6,25.046387,14.5703125,4.00627,0.3329190518707037,566.6413307189941,0.04344565,0.14898007,0.15053715,27.122955,25.31485
Libya,2000,7,28.089142,15.49292,3.997855,0.02580122579820454,594.2759742736816,0.040263392,0.14514776,0.14952692,30.081512,28.286224
Libya,2000,8,27.93158,16.094849,3.3066986,0.42572021484375,536.5182762145996,0.03924013,0.15094085,0.1506839,29.930695,28.778198
Libya,2000,9,26.707275,15.277161,3.7214558,0.8759932033717632,447.3750114440918,0.03869681,0.15085292,0.15018477,29.062653,29.00711
Libya,2000,10,22.26062,13.321655,3.697772,38.258917689323425,305.8387031555176,0.10037524,0.16949794,0.14589457,23.696014,25.324188
Libya,2000,11,18.52481,8.986206,3.5943174,0.9352944418787956,272.9128360748291,0.0481455,0.17184003,0.14570688,19.580322,21.549713
Libya,2000,12,15.129486,7.0168457,4.3619933,3.3756601214408875,243.58758735656738,0.053947296,0.16364586,0.14669776,15.676575,17.779266
Libya,2001,1,13.4062805,3.6342773,4.602467,8.231666207313538,275.3359384536743,0.058406893,0.15900753,0.14652744,13.79071,15.585541
Libya,2001,2,13.044403,4.359497,4.7742624,33.45045518875122,302.1426696777344,0.11606768,0.18290566,0.14863674,13.075012,14.2187195
Libya,2001,3,19.176788,7.2047424,4.0569706,7.602761134505272,441.1940507888794,0.06167681,0.1719991,0.1509145,19.138,17.85962
Libya,2001,4,18.081299,8.415588,4.3106575,10.675256252288818,481.90160751342773,0.06157109,0.16039385,0.15492176,19.532288,19.051788
Libya,2001,5,23.574219,11.231049,4.758683,4.071218401193619,535.805253982544,0.050749708,0.15242384,0.1558306,24.171783,22.360352
Libya,2001,6,25.700104,12.7404785,3.8199017,0.22159921936690807,585.1411628723145,0.041963603,0.1485878,0.15622987,27.682068,25.666504
Libya,2001,7,29.501343,15.558563,3.8146448,0.14298179326578975,589.113525390625,0.03919744,0.14484379,0.15386668,31.280273,29.077454
Libya,2001,8,27.719177,18.139435,3.2271335,1.5512987561523914,527.0479526519775,0.038576383,0.14975335,0.1542892,30.385376,29.501953
Libya,2001,9,28.008667,18.14679,3.988006,2.9900291562080383,423.4296226501465,0.042265516,0.15465082,0.15808693,30.055573,29.545166
Libya,2001,10,24.511078,15.856293,2.8822744,3.665924072265625,355.7876281738281,0.045705356,0.1560256,0.16568586,26.845459,27.821777
Libya,2001,11,18.600067,10.522797,4.474889,23.809953331947327,253.5637092590332,0.07493175,0.1597031,0.16423883,20.198853,22.622498
Libya,2001,12,12.65152,7.259094,4.594246,19.986274361610413,215.36053371429443,0.12125078,0.17763957,0.16623387,13.755188,16.876099
Libya,2002,1,10.97171,5.377472,3.3922622,8.211239397525787,250.25584411621094,0.08319004,0.1733603,0.16680983,11.722107,13.734833
Libya,2002,2,13.514099,6.7992554,3.93491,26.45624303817749,290.9243621826172,0.116765834,0.18089154,0.16833782,13.499268,14.298828
Libya,2002,3,16.944427,6.9496765,4.675231,9.184160679578781,412.73279190063477,0.06295947,0.16931269,0.16837092,17.362213,16.848633
Libya,2002,4,19.674622,8.903992,4.4264026,15.755394101142883,490.30517578125,0.06515101,0.16005887,0.16945852,20.191437,19.02716
Libya,2002,5,23.340942,11.3688965,4.427166,2.7897575944662094,539.5579776763916,0.046725087,0.15497163,0.1699141,24.401855,22.437225
Libya,2002,6,25.903625,13.078949,3.7651558,0.12068314477801323,578.5433578491211,0.041921984,0.15081005,0.16920172,27.395172,25.233765
Libya,2002,7,29.890106,16.231537,4.06035,0.7471605148166418,576.8903293609619,0.040232792,0.14586891,0.1674171,31.930481,29.795685
Libya,2002,8,29.559937,16.639374,4.0918922,1.6996557377278805,526.963695526123,0.03820997,0.14416878,0.16713081,31.91687,30.508728
Libya,2002,9,26.824432,16.427307,3.5830247,37.75926232337952,411.8679428100586,0.06143214,0.15175685,0.16379197,29.535034,29.759003
Libya,2002,10,22.281952,13.606842,3.3797042,17.705016374588013,351.1498203277588,0.07814912,0.17514734,0.16707772,23.549408,25.08142
Libya,2002,11,17.810638,9.221191,4.959517,33.37721228599548,245.0244140625,0.102805346,0.17880426,0.16860154,18.6492,20.992493
Libya,2002,12,13.744904,6.0565186,4.530267,7.545783177018166,242.38823890686035,0.07399676,0.17220306,0.16915296,14.502991,16.955566
Libya,2003,1,13.350464,4.224945,5.399135,35.64869475364685,264.6736869812012,0.08621778,0.16938768,0.16856416,14.04071,15.746948
Libya,2003,2,11.1622925,4.4855957,4.722087,25.201693296432495,289.27804946899414,0.12114235,0.19810906,0.17030211,11.528168,12.907135
Libya,2003,3,13.400726,7.560089,3.9195368,28.792017996311188,403.0086917877197,0.12690535,0.19862682,0.17335024,13.926941,14.067963
Libya,2003,4,18.902283,9.1414795,4.7196345,12.19419926404953,488.7719535827637,0.06707082,0.17206508,0.17508772,19.392273,17.719116
Libya,2003,5,22.657104,10.627777,4.823874,2.672576904296875,541.1852931976318,0.04642882,0.15648556,0.17424111,23.985168,22.257446
Libya,2003,6,26.698792,14.85968,3.6632352,1.3379183784127235,562.393856048584,0.042076316,0.15390235,0.17358038,28.06903,25.390076
Libya,2003,7,30.280426,16.7016,3.5015645,0.1752333273179829,588.8907318115234,0.03928747,0.1515269,0.17344086,32.242523,29.848145
Libya,2003,8,29.144623,17.712738,3.1728923,1.5975259616971016,527.9890308380127,0.036344603,0.15362915,0.17282335,31.449432,30.221405
Libya,2003,9,27.094574,18.073578,3.5692189,16.4794921875,422.0528984069824,0.054055665,0.15639754,0.17210665,29.687836,29.906586
Libya,2003,10,26.304474,14.719116,3.4166348,2.798357918858528,340.81194400787354,0.041788474,0.1537468,0.17200778,27.745117,28.01294
Libya,2003,11,19.087097,10.061005,3.9543962,9.266593158245087,251.53618812561035,0.05263989,0.15662922,0.17259835,21.022125,23.571716
Libya,2003,12,13.049957,5.4678955,4.92558,26.326926112174988,218.87228202819824,0.102365516,0.16623278,0.17202759,14.491455,17.852783
Libya,2004,1,11.943054,5.020447,4.8593154,27.40358805656433,265.43554878234863,0.10697582,0.17081623,0.17126787,12.296448,14.196381
Libya,2004,2,14.501404,5.5252075,3.7453341,3.2222401797771454,308.67262744903564,0.067951106,0.1727462,0.16972968,14.457611,14.556335
Libya,2004,3,16.439026,8.279602,4.3189325,51.4970942735672,408.99496841430664,0.1080763,0.1998782,0.17504975,16.752869,16.480042
Libya,2004,4,19.399872,8.948517,4.4379635,12.090162634849548,463.4695816040039,0.075462446,0.17486212,0.17854711,20.144287,19.381226
Libya,2004,5,21.638,9.830719,4.971995,1.3921910226345062,551.474063873291,0.045098893,0.16001022,0.17839275,23.367737,21.93924
Libya,2004,6,26.376526,12.734924,4.2383723,0.34852461889386177,573.7211608886719,0.040398456,0.15354885,0.17940976,27.702637,25.259003
Libya,2004,7,27.4086,15.907562,3.5170662,0.3762678876519203,590.3379440307617,0.03946307,0.1508409,0.17953248,29.972137,28.352814
Libya,2004,8,29.384735,17.612549,3.342672,1.0772011391818523,529.7684230804443,0.037429515,0.15014923,0.17883058,31.651703,30.191437
Libya,2004,9,24.704803,15.843842,3.4542108,14.311356246471405,419.11940574645996,0.04944814,0.15478396,0.18079562,27.826721,28.470886
Libya,2004,10,24.794281,12.6475525,3.0503533,0.3429412841796875,358.7146911621094,0.048228506,0.16075456,0.1742763,25.523834,25.886627
Libya,2004,11,16.925781,9.265259,4.1933713,12.994245886802673,248.7806224822998,0.06246285,0.15634318,0.17301103,19.317902,22.162018
Libya,2004,12,13.992126,4.9618225,4.741045,12.329760044813156,228.94436407089233,0.05893924,0.1569288,0.17294437,15.414154,17.831116
Libya,2005,1,10.604645,4.415558,4.8897066,24.416560232639313,245.4979920387268,0.11359513,0.16986932,0.17388894,11.439545,13.803467
Libya,2005,2,11.775421,1.7198181,4.993736,10.097572565078735,311.64013671875,0.07382991,0.16921997,0.17405015,11.869446,12.62915
Libya,2005,3,16.460205,6.5088806,4.306208,11.984668910503387,419.60858726501465,0.05945009,0.15972729,0.17470086,17.185791,16.229523
Libya,2005,4,18.96051,7.107025,4.880805,4.586999863386154,495.0039482116699,0.053138822,0.15449971,0.17663856,19.91452,18.735016
Libya,2005,5,23.461731,9.925568,3.9992573,0.44614618737250566,560.0296802520752,0.04236267,0.14933544,0.17696033,24.598938,22.681274
Libya,2005,6,25.873047,13.697144,3.6437812,3.3583208173513412,542.9196166992188,0.041745164,0.15098359,0.1772912,27.536926,25.512299
Libya,2005,7,29.611237,15.397247,3.6697316,0.07417851965874434,592.8636474609375,0.040316474,0.15203466,0.17912306,31.225586,28.919037
Libya,2005,8,29.070251,17.514069,3.9457705,2.2081549987196922,520.6786460876465,0.039746754,0.14934582,0.17829566,31.668884,30.5961
Libya,2005,9,27.106323,16.604065,3.9978614,6.655259281396866,412.3146629333496,0.042348072,0.15031454,0.17860946,29.564941,29.547852
Libya,2005,10,23.52945,15.653412,3.3775198,15.461383998394012,336.43503761291504,0.05629765,0.15393996,0.18024041,25.494446,26.526703
Libya,2005,11,18.201477,9.829224,3.5130117,20.93020498752594,254.0800666809082,0.0801286,0.15839323,0.1769061,20.229187,22.786652
Libya,2005,12,12.174805,7.5107727,4.036696,50.14629364013672,195.1113142967224,0.17599186,0.20110787,0.17385468,12.986633,16.044708
Libya,2006,1,10.511047,5.714691,4.31112,68.02385973930359,243.69262790679932,0.19483216,0.2192057,0.17684498,10.76416,12.878601
Libya,2006,2,11.999664,6.1734924,4.522956,39.23867177963257,287.0108947753906,0.22926097,0.26830697,0.20678523,11.684692,12.674072
Libya,2006,3,16.416748,5.643799,4.5411468,1.5330228358507156,452.9553108215332,0.060653336,0.19245265,0.2071668,16.481201,15.464935
Libya,2006,4,20.353027,8.046356,4.644843,6.517930179834366,487.07284927368164,0.05145931,0.16663666,0.2028338,21.34201,19.83847
Libya,2006,5,23.79773,11.73111,4.029374,10.336615234613419,530.9743938446045,0.056240976,0.16371557,0.20186757,24.46164,22.306885
Libya,2006,6,26.597137,11.305084,3.9430583,0.16854026354849339,577.0380592346191,0.042047087,0.15927689,0.20156847,27.927277,25.707123
Libya,2006,7,27.943146,17.25708,3.3311648,4.20989990234375,577.0525169372559,0.04469979,0.15929024,0.19919781,30.61267,29.102814
Libya,2006,8,30.056671,17.100098,3.892704,2.3231853768229485,525.8137187957764,0.03853799,0.15835512,0.19733243,31.993591,30.580475
Libya,2006,9,26.256348,16.667847,3.5594547,3.6350595206022263,428.0427360534668,0.037111394,0.15917917,0.19339748,29.203003,29.359985
Libya,2006,10,23.372437,13.878571,3.5849442,19.2100870013237,336.15568828582764,0.059371497,0.15609278,0.19089583,25.04776,26.253845
Libya,2006,11,17.439453,10.293884,3.140058,21.087300181388855,251.17650032043457,0.07684211,0.16183476,0.18766607,19.008972,21.569916
Libya,2006,12,13.97525,7.9598694,3.446489,16.48698353767395,218.4434576034546,0.08051553,0.16238476,0.18583456,15.1640625,17.708832
Libya,2007,1,13.912598,6.962097,3.7895207,8.131685703992844,255.90742778778076,0.07645552,0.1646934,0.18370987,14.10202,15.387573
Libya,2007,2,14.402466,7.2522583,4.575144,14.42975115776062,288.3443832397461,0.070368655,0.16277103,0.1852573,15.310425,16.091217
Libya,2007,3,15.70517,5.5212708,4.600214,25.615239799022675,431.73726749420166,0.09400695,0.17409872,0.1842177,16.116241,16.136597
Libya,2007,4,19.447937,10.003052,5.042345,16.057101488113403,462.6365089416504,0.06331565,0.16307905,0.18305686,20.357666,19.27179
Libya,2007,5,22.742554,10.81134,4.33835,7.3253976702690125,542.7897853851318,0.043519292,0.1550347,0.17963539,23.705841,21.776825
Libya,2007,6,28.791138,12.8203125,4.193058,1.8341758847236633,568.3244132995605,0.041096106,0.15077813,0.18008314,29.335907,26.55655
Libya,2007,7,27.313293,16.393707,3.7073433,0.2246856689453125,588.1020259857178,0.03662361,0.15116373,0.18174578,29.933136,28.772675
Libya,2007,8,29.402008,16.323822,3.691757,0.12148076575249434,538.8013191223145,0.031864647,0.15061806,0.17863949,31.342987,29.92212
Libya,2007,9,27.185638,16.036469,3.6466525,1.46484375,441.83409690856934,0.033843063,0.14907539,0.17534068,29.883636,29.75476
Libya,2007,10,22.871338,12.885773,4.2189975,25.9786097407341,334.9820308685303,0.07535856,0.15679654,0.17531839,24.535156,26.20694
Libya,2007,11,17.551575,6.346649,3.8793554,8.883736431598663,257.53692626953125,0.062063925,0.16011815,0.17439714,18.918,21.266815
Libya,2007,12,12.705841,5.769165,4.0716524,28.48078954219818,214.4188938140869,0.077966705,0.15945213,0.17568178,14.219574,17.030365
Libya,2008,1,11.895752,8.018616,3.9931045,81.1190505027771,230.3402237892151,0.26381153,0.25290248,0.1862149,12.019562,13.977142
Libya,2008,2,11.936615,6.310608,3.515283,20.38740646839142,310.8884983062744,0.17890891,0.24357711,0.20551421,11.812225,12.780426
Libya,2008,3,16.749939,5.265747,4.3254385,2.117850437760353,440.51857471466064,0.059995577,0.18736583,0.2046773,16.728699,15.968903
Libya,2008,4,20.636322,6.6783752,4.710094,5.541541278362274,518.5941123962402,0.04911286,0.16318408,0.19947897,20.977478,19.378845
Libya,2008,5,24.708069,11.278015,5.067937,1.5792500413954258,555.9505710601807,0.04448496,0.1585282,0.1977169,25.478333,23.166443
Libya,2008,6,25.853607,14.4548645,4.5601497,0.6814436428248882,568.1792449951172,0.042103253,0.15479586,0.19593203,27.627258,25.86084
Libya,2008,7,29.764862,16.59436,3.616976,0.13545642280951142,586.6617317199707,0.035797462,0.15136975,0.192014,31.594513,29.522736
Libya,2008,8,28.623688,18.109589,3.1871817,1.4513188302516937,530.1282749176025,0.03176143,0.15322325,0.18678595,31.261383,30.172699
Libya,2008,9,27.681885,16.263977,3.6010356,6.5813930332660675,417.1246147155762,0.035251345,0.15125847,0.17961438,30.269073,30.157074
Libya,2008,10,23.749023,14.0182495,3.7883408,6.152516767382622,316.28912925720215,0.04283453,0.1481646,0.17613381,25.453674,26.48117
Libya,2008,11,17.748047,8.149567,3.7465274,17.026727199554443,251.35605812072754,0.0692832,0.14890353,0.17365561,19.684906,22.472809
Libya,2008,12,12.060791,5.6219177,4.2305384,44.380260705947876,227.26423263549805,0.13880019,0.18459773,0.17388046,12.856293,16.0607
Libya,2009,1,13.091644,6.5289,4.903901,19.077317357063293,256.0124683380127,0.1049826,0.17533182,0.17374793,13.240753,14.727783
Libya,2009,2,12.744995,2.1451416,5.13646,5.8377349972724915,301.00048065185547,0.051552135,0.16301946,0.17398198,13.7118225,14.776398
Libya,2009,3,15.921448,4.4505615,4.842145,7.124363124370575,414.4684591293335,0.056761533,0.16021515,0.17625837,15.899628,15.264893
Libya,2009,4,18.798553,6.974823,4.639254,2.8235697001218796,509.3110656738281,0.04613495,0.15394233,0.17823558,20.22702,18.97351
Libya,2009,5,22.13684,10.867218,4.2272325,14.41105979681015,536.4089488983154,0.056975886,0.15052982,0.1758668,22.92398,21.262573
Libya,2009,6,27.096832,13.305878,3.7875702,0.9529807046055794,555.6287384033203,0.03910636,0.15194023,0.17677675,28.48111,26.068237
Libya,2009,7,29.072876,16.192322,3.4324963,0.10427995095960796,591.3485565185547,0.033491258,0.15013005,0.17635879,31.12387,29.14148
Libya,2009,8,29.54541,17.291504,3.408241,1.0686006993055344,523.8550510406494,0.03278656,0.15190986,0.17602758,31.72528,30.302734
Libya,2009,9,26.912048,18.026337,4.0489573,27.50223219394684,407.8713798522949,0.06327774,0.15626408,0.17486012,28.824554,29.136597
Libya,2009,10,21.77063,14.050415,3.631522,24.883132219314575,336.2260799407959,0.06879189,0.15875566,0.17257461,24.126862,25.789276
Libya,2009,11,17.138123,8.304871,3.611892,2.74658203125,271.4636993408203,0.062153023,0.16552632,0.17301027,18.268433,20.621124
Libya,2009,12,16.045288,4.370056,5.2943563,3.2918062657117844,240.57969665527344,0.048103407,0.15899397,0.17436437,16.084747,17.721375
Libya,2010,1,13.862793,3.7387695,4.9008355,21.21720814704895,267.06862926483154,0.08843434,0.14868164,0.13214485,14.726013,17.088562
Libya,2010,2,17.127075,4.1805115,4.6709704,1.5196367502212524,315.06069564819336,0.048836317,0.15381233,0.13339645,16.700409,16.626068
Libya,2010,3,18.314972,6.116089,4.3191133,6.251421883702278,431.4827518463135,0.04764413,0.14653909,0.13315034,19.623505,19.233215
Libya,2010,4,20.203033,10.749268,4.144458,7.191051095724106,477.86107063293457,0.048950303,0.14835598,0.13427678,22.320007,21.417603
Libya,2010,5,23.291565,10.003235,4.800068,8.302619576454163,532.7904453277588,0.047095813,0.14433734,0.13389395,24.804474,23.487854
Libya,2010,6,27.591919,13.742401,4.0548487,1.7270174995064735,548.9160919189453,0.041263916,0.14142412,0.13428617,29.162872,26.927765
Libya,2010,7,28.577728,16.388824,3.2662737,0.024726172618102282,588.6970882415771,0.0360561,0.14161494,0.13722172,31.090668,29.200562
Libya,2010,8,28.928314,17.279022,3.2908328,0.062352958135306835,538.4140319824219,0.030871877,0.14310785,0.13420886,31.594543,30.409088
Libya,2010,9,26.130127,16.95575,3.5888174,9.699388146400452,409.5297431945801,0.042918637,0.14659841,0.13185443,28.948303,29.23648
Libya,2010,10,22.834534,12.361359,4.189096,9.851767212152481,339.3849239349365,0.045301404,0.14460787,0.13070916,24.875427,26.521027
Libya,2010,11,19.136963,7.0272217,4.282719,5.523334890604019,270.29382705688477,0.04257851,0.14274278,0.13017625,20.053162,22.01944
Libya,2010,12,15.304932,3.4505615,4.30208,14.690572649240494,230.17487287521362,0.055522814,0.14335321,0.12997667,16.46405,19.131958
Libya,2011,1,13.328064,5.988678,3.3925765,12.001869559288025,265.9229688644409,0.075921305,0.15128563,0.13067062,13.65744,15.453918
Libya,2011,2,12.4340515,5.4659424,5.258165,39.98877573013306,276.7017402648926,0.13005038,0.16083112,0.13045777,13.229584,14.975891
Libya,2011,3,15.431061,6.7229614,4.1729054,13.107022792100906,411.3462448120117,0.06058602,0.15849534,0.13173291,16.348053,15.876862
Libya,2011,4,19.196136,7.9398804,4.5946627,5.502527207136154,494.9198913574219,0.051965952,0.14976299,0.1304977,20.143433,18.894043
Libya,2011,5,21.77121,9.8029175,4.381195,3.894909903407097,532.6715393066406,0.036799695,0.13953587,0.12597919,23.887054,22.299072
Libya,2011,6,25.36441,13.815552,4.0600038,0.7407448813319206,560.4215812683105,0.03267458,0.13609247,0.123533726,27.715973,25.459015
Libya,2011,7,29.79123,14.022614,4.1495233,0.07310347189195454,587.4461212158203,0.025361286,0.13203745,0.11836947,31.861328,29.161072
Libya,2011,8,27.960754,15.984039,3.3054316,0.388093420304358,535.0514335632324,0.02406229,0.13062067,0.11697724,31.083527,30.017792
Libya,2011,9,27.161621,15.430298,3.7381303,3.673553243279457,436.46470069885254,0.02603175,0.12999988,0.115074806,30.156921,29.843903
Libya,2011,10,20.270874,14.249298,3.5946412,46.874375104904175,309.49099826812744,0.116330415,0.15815088,0.11588866,21.981232,24.256653
Libya,2011,11,17.48471,9.352753,3.7740226,9.473626613616943,256.4810085296631,0.056360174,0.1542648,0.11697806,19.19403,21.26648
Libya,2011,12,12.878387,5.7979736,4.1391754,12.532945364713669,220.5134482383728,0.054010294,0.14594616,0.117960475,14.604797,17.398804
Libya,2012,1,10.735382,4.4845886,4.9047318,22.134226858615875,243.99043989181519,0.09236699,0.15434335,0.12019746,11.787781,13.994934
Libya,2012,2,9.906952,1.6316223,4.794151,17.03945428133011,311.5180444717407,0.08710113,0.15263565,0.12241321,11.078888,12.6362915
Libya,2012,3,13.9548645,7.0534973,4.2025833,38.3879234790802,402.75967502593994,0.098594405,0.17103069,0.1277605,14.670532,14.318115
Libya,2012,4,20.746887,5.680786,4.929846,3.34843710064888,511.8102836608887,0.050376717,0.15516979,0.13041304,21.129364,19.086761
Libya,2012,5,22.733643,10.032318,4.1491365,0.496673583984375,556.2899055480957,0.037822064,0.14195034,0.13097724,24.685913,22.548737
Libya,2012,6,27.44806,13.57254,3.7348225,0.09987571276724339,579.2756080627441,0.037722137,0.13982588,0.13381466,29.29776,26.625244
Libya,2012,7,29.595734,15.943085,3.4930236,0.4321705447509885,586.5607414245605,0.03250443,0.14266351,0.13590726,31.870453,29.640594
Libya,2012,8,29.239624,16.995087,3.3847265,0.26661265455186367,537.7269077301025,0.030681508,0.14841168,0.13570592,31.793549,30.520569
Libya,2012,9,27.956299,14.683319,3.713443,2.3564426600933075,433.839054107666,0.03205768,0.14773047,0.13432413,30.199402,29.809814
Libya,2012,10,25.137268,15.168884,3.513252,4.895782470703125,336.4575357437134,0.037387453,0.14683151,0.1338081,27.453949,28.345581
Libya,2012,11,20.248962,10.659271,3.8149056,7.73204505443573,253.40312004089355,0.04846761,0.14871383,0.13532335,22.297546,24.398163
Libya,2012,12,13.36322,4.4057007,4.357287,4.758713588118553,235.14916229248047,0.04027635,0.14912988,0.13585258,15.237793,18.31549
Libya,2013,1,12.508423,2.9513245,5.192333,12.1932293176651,264.03274154663086,0.055171963,0.14910574,0.13668211,13.700562,15.831268
Libya,2013,2,12.559784,1.1611023,5.1645894,11.538557648658752,319.1722717285156,0.06592644,0.14911981,0.136208,13.407684,14.654694
Libya,2013,3,18.670929,3.1055908,5.1415787,1.0438745357096195,450.6239604949951,0.040059555,0.14605445,0.13812931,19.071594,17.956299
Libya,2013,4,21.759338,6.4200134,4.881659,8.499839007854462,507.9038429260254,0.046972513,0.14093259,0.13975078,22.895142,21.33786
Libya,2013,5,24.308258,9.994629,4.715159,2.2318058907985687,522.709981918335,0.04210096,0.13780987,0.14179137,26.242126,24.530457
Libya,2013,6,25.31601,12.303497,4.398866,0.13628873974084854,579.8316192626953,0.038213383,0.13679628,0.14528173,27.847382,26.21347
Libya,2013,7,28.20462,15.69751,3.6490161,0.10105480044148862,585.2770767211914,0.035792038,0.13784866,0.14671616,30.8414,28.849823
Libya,2013,8,28.178558,17.77774,3.381331,2.516694523394108,510.5828685760498,0.03309868,0.14487623,0.14744277,30.82312,29.758911
Libya,2013,9,27.89563,16.897766,3.6927106,6.226626634597778,414.8176574707031,0.040610306,0.14622381,0.14762357,30.252594,30.01474
Libya,2013,10,25.32901,12.256073,3.4803948,0.4418459963053465,366.8627986907959,0.034287903,0.14359906,0.1451618,27.537231,28.33548
Libya,2013,11,17.636108,8.51886,4.060427,33.15145254135132,248.60578536987305,0.05259495,0.14587384,0.1436658,20.270508,23.119995
Libya,2013,12,12.562714,7.974762,3.7557316,14.773350656032562,215.37148714065552,0.14462185,0.18693323,0.14555733,13.568298,16.673248
Libya,2014,1,13.422089,4.9118958,4.36287,7.025458931922913,261.3639488220215,0.070445254,0.16821831,0.14620271,13.587677,15.191589
Libya,2014,2,14.476746,5.830841,4.538597,40.73597240447998,298.46717834472656,0.11058185,0.17444208,0.14683005,14.71579,15.471344
Libya,2014,3,14.530975,6.9079285,4.6590114,29.623031616210938,417.70384407043457,0.1197658,0.17772853,0.1474412,15.133575,15.383209
Libya,2014,4,19.473541,7.601471,4.090581,1.966303065419197,508.04683685302734,0.04871684,0.15862451,0.15020064,20.64972,19.16504
Libya,2014,5,22.85495,11.000519,4.2259192,2.0286212638020515,540.9407997131348,0.040712275,0.14973356,0.15204294,24.599304,22.668457
Libya,2014,6,26.866913,12.740967,4.399364,2.155650705099106,569.0302276611328,0.04202989,0.14417465,0.15375897,28.379822,26.04007
Libya,2014,7,29.185547,15.197937,3.9097922,0.37949303817003965,585.4078674316406,0.037262574,0.13922031,0.15220268,31.676453,29.454895
Libya,2014,8,29.825104,15.821136,3.642228,0.303164379671216,539.7669353485107,0.03263622,0.13510872,0.14764301,32.459778,30.963226
Libya,2014,9,29.005402,15.251678,3.6093755,1.6906043887138367,439.0437126159668,0.031028226,0.13577478,0.14317876,31.652832,31.135193
Libya,2014,10,23.57431,11.9661255,3.301515,5.712821140885353,355.15649795532227,0.037932124,0.13745795,0.14125498,26.25708,27.76889
Libya,2014,11,19.911377,7.5783386,4.2915335,8.21217656135559,272.3327922821045,0.044062633,0.145373,0.14097087,21.072205,23.087952
Libya,2014,12,13.519653,6.2099,4.708536,26.64728981256485,224.1813235282898,0.07312128,0.14960997,0.14045502,15.798218,19.095184
Libya,2015,1,11.735504,3.6002197,5.286653,15.319477260112762,265.83637619018555,0.101887524,0.11839282,0.07570124,12.376465,16.897858
Libya,2015,2,12.179138,2.971161,5.2299895,23.62865161895752,274.92250061035156,0.07730472,0.11751916,0.07966525,13.6441345,16.322968
Libya,2015,3,15.288818,6.173767,5.118936,24.267127633094788,416.19312858581543,0.08692884,0.12712039,0.0813889,15.800812,16.455444
Libya,2015,4,19.16568,6.606598,4.2797422,0.6304654106497765,523.3967399597168,0.04389104,0.13093568,0.08335324,21.006866,19.329285
Libya,2015,5,23.333435,9.636536,4.4094186,0.6203044019639492,567.3376998901367,0.036685023,0.13125114,0.08531328,25.67923,23.562317
Libya,2015,6,25.632568,13.099304,4.208755,0.7376237399876118,566.3757133483887,0.036577377,0.13831656,0.085780345,28.273376,25.675018
Libya,2015,7,27.789917,17.09439,3.448923,0.08062882791273296,588.5888843536377,0.03697844,0.14479432,0.09080209,30.667786,28.279083
Libya,2015,8,29.456757,18.900177,3.5763094,4.691522687673569,515.1124725341797,0.038163036,0.14524695,0.09578402,32.225464,30.347046
Libya,2015,9,27.289612,16.643768,3.7564938,19.01071608066559,414.19535636901855,0.055714358,0.14404353,0.0954114,29.765137,29.892578
Libya,2015,10,24.394684,15.523682,3.771922,9.378744751214981,325.70209884643555,0.05196377,0.14600861,0.0935545,26.142395,27.084106
Libya,2015,11,17.383514,11.785522,3.6094925,21.344271898269653,239.64252948760986,0.09022375,0.15543999,0.09745577,19.21521,22.369568
Libya,2015,12,13.242126,8.042206,2.931669,9.538927525281906,218.1941156387329,0.0664765,0.15747109,0.10001574,14.653015,17.747772
Libya,2016,1,13.713226,4.0878296,4.343365,8.707912981510162,265.8537006378174,0.05986189,0.1552153,0.10299525,14.253387,16.253693
Libya,2016,2,15.301422,5.0814514,4.2838755,6.596339911222458,314.6590824127197,0.057383567,0.15568964,0.10522983,15.660736,16.204865
Libya,2016,3,16.63556,3.4212036,4.6414557,3.0015425458550453,449.1766595840454,0.04348435,0.15511501,0.107269585,17.634918,17.356873
Libya,2016,4,22.009552,8.660797,5.012094,0.7032914645969868,519.008846282959,0.043821707,0.15077022,0.10955033,23.544281,21.517517
Libya,2016,5,24.21933,10.295654,4.675354,2.813408486545086,543.6731548309326,0.04218162,0.14734192,0.11325764,25.971375,23.861145
Libya,2016,6,27.077576,13.483215,4.326959,4.6379779279232025,556.593074798584,0.04288528,0.14302276,0.1130157,29.275177,27.178436
Libya,2016,7,27.93814,15.770966,3.7819912,0.3526167357340455,588.6552848815918,0.036214475,0.14506842,0.114220366,31.083893,29.198761
Libya,2016,8,27.11493,17.299255,3.4067817,2.626349814236164,516.5092487335205,0.035641927,0.1493438,0.11515131,30.385834,29.391327
Libya,2016,9,26.674255,16.683167,3.771984,6.815477013587952,414.31812286376953,0.04088163,0.14921704,0.11412676,29.513,29.351715
Libya,2016,10,26.186584,14.890839,3.7603927,5.277425676584244,346.52126598358154,0.0436439,0.14994355,0.11630037,27.730774,28.134216
Libya,2016,11,19.05783,9.694458,4.03689,6.480477154254913,256.920862197876,0.048694044,0.15351021,0.122033454,21.016663,23.598175
Libya,2016,12,13.979279,7.672821,3.4967885,21.465544939041138,212.15871858596802,0.06917199,0.14834665,0.1226157,15.684509,18.915985
Libya,2017,1,10.451691,2.5266724,4.5844283,10.5172238945961,272.98368644714355,0.088769965,0.15861507,0.12506276,11.404297,14.354218
Libya,2017,2,14.652863,4.7324524,4.4425955,2.1546798646450043,315.31407928466797,0.05233169,0.15747307,0.12884793,15.211243,15.581512
Libya,2017,3,15.633606,8.605438,4.687094,41.79099488258362,406.87863636016846,0.105075605,0.17330863,0.13380896,16.555817,16.868225
Libya,2017,4,18.065308,9.626862,4.488664,25.30080556869507,466.49436950683594,0.094132125,0.18838187,0.138243,18.710083,17.783081
Libya,2017,5,23.36673,11.965393,4.2917986,0.9331443198025227,553.0052967071533,0.049980313,0.16755709,0.14471368,24.87201,22.673492
Libya,2017,6,26.598083,13.696533,3.964316,1.256769374012947,557.746753692627,0.043334085,0.15788978,0.14734493,28.153229,25.559845
Libya,2017,7,28.284271,14.683014,3.8025107,0.5966533366590738,588.4667854309082,0.03172863,0.14731774,0.14132194,31.106537,28.988068
Libya,2017,8,28.73346,16.783539,3.23053,0.026876277173869312,540.8075256347656,0.031728607,0.14811787,0.13860162,31.713104,30.363739
Libya,2017,9,26.698364,15.779724,4.0399566,7.0370762050151825,434.4769763946533,0.040202677,0.15126546,0.14203818,29.609833,29.53421
Libya,2017,10,20.625732,14.7777405,3.4312813,37.686989188194275,318.1311378479004,0.10492557,0.17621288,0.14479266,22.294952,24.609436
Libya,2017,11,16.703827,8.227325,4.0365105,21.874862909317017,262.34350204467773,0.0934586,0.1761357,0.14725377,17.71054,20.33725
Libya,2017,12,12.628601,6.2944336,4.086644,81.87696552276611,206.4228630065918,0.1604544,0.21677348,0.15776598,13.515411,16.275543
Libya,2018,1,13.165222,6.119934,4.6480293,11.035399675369263,272.46076011657715,0.13361843,0.21892837,0.18366322,12.683716,14.230194
Libya,2018,2,13.282135,6.6029663,4.3989534,32.05219554901123,275.68182373046875,0.13413776,0.19514965,0.18323348,13.034546,13.860168
Libya,2018,3,18.86148,4.300415,5.2254477,6.334200814366341,457.1664819717407,0.050139956,0.16928422,0.1814822,18.59439,17.389435
Libya,2018,4,20.565552,8.973663,4.712043,3.8941119611263275,511.76977157592773,0.04867162,0.15430145,0.17788777,21.800049,20.04837
Libya,2018,5,22.801422,13.309753,4.211401,2.186653956770897,547.4884357452393,0.051306576,0.15866403,0.18431787,24.369202,22.617523
Libya,2018,6,26.033295,16.014252,3.970152,2.670634835958481,551.6094589233398,0.047447693,0.15852228,0.18892223,27.92691,26.029846
Libya,2018,7,29.950836,16.504364,3.5011642,0.14943209430202842,592.4616374969482,0.039688963,0.15193444,0.18513554,31.787354,29.385162
Libya,2018,8,28.364288,19.864807,3.4073899,5.5225372314453125,505.8729839324951,0.038147,0.15435094,0.18222558,31.544403,30.53656
Libya,2018,9,27.420532,15.924713,3.5072985,8.768254816532135,426.3105583190918,0.035775777,0.14451146,0.17193423,30.488586,30.460938
Libya,2018,10,22.464905,14.775574,3.5743186,38.91093850135803,325.10934257507324,0.07851303,0.14780053,0.16265887,24.498291,26.144623
Libya,2018,11,18.278442,10.960632,3.8836188,15.617024302482605,248.3558464050293,0.08888643,0.16966881,0.16116542,19.744904,22.105225
Libya,2018,12,13.408905,7.164856,4.002638,12.9661905169487,222.50293636322021,0.076275244,0.17266572,0.162668,14.928162,17.726349
Libya,2019,1,11.139862,3.4022217,5.6616993,26.11030215024948,262.3087520599365,0.10626708,0.1780811,0.16694899,11.97876,14.219147
Libya,2019,2,11.499664,5.621399,4.906025,61.17095947265625,273.4026527404785,0.1795863,0.21484557,0.17199771,11.916779,13.33078
Libya,2019,3,14.598114,7.2729187,4.0395417,16.31927490234375,419.1192455291748,0.11476418,0.20600529,0.1816336,14.608673,14.409485
Libya,2019,4,19.579681,7.672516,4.7564116,12.06207275390625,492.1522521972656,0.06062124,0.16949792,0.17852406,19.948761,17.996857
Libya,2019,5,21.876038,9.622284,4.4164753,6.530935198068619,530.9657020568848,0.037424993,0.14926781,0.16913459,23.871094,21.982758
Libya,2019,6,28.806458,13.135071,3.811208,4.673350900411606,559.3765640258789,0.045409963,0.15185006,0.17101996,29.435059,26.31723
Libya,2019,7,29.345642,17.042084,3.5268567,0.15695746475830674,590.6179141998291,0.0403847,0.15420127,0.17799474,31.834656,29.718536
Libya,2019,8,29.174683,18.207733,3.6362412,0.17093312181532383,534.2763271331787,0.039421633,0.15902047,0.18168259,31.92566,30.753632
Libya,2019,9,27.149017,18.981262,3.3817143,5.192496478557587,422.47581481933594,0.044731487,0.16349135,0.18590388,29.926788,29.876923
Libya,2019,10,23.018036,16.0065,3.3522272,27.732017159461975,332.40731048583984,0.07356491,0.16619532,0.18819226,25.249481,26.832855
Libya,2019,11,17.164215,8.942963,4.106842,10.786576867103577,273.6811065673828,0.082225434,0.17622457,0.18889013,18.396606,21.262604
Libya,2019,12,15.237732,7.0494995,4.985678,19.059580862522125,231.1049828529358,0.07063793,0.17050925,0.18938637,15.94455,18.193512
Libya,2020,1,12.23584,6.8175964,3.9126525,21.846111834049225,247.559335231781,0.14381452,0.18816918,0.18999864,12.548859,14.541046
Libya,2020,2,13.747498,6.319916,3.4417999,3.0834544003009796,311.7588777542114,0.06776125,0.17701444,0.19029666,14.206177,14.866425
Libya,2020,3,15.8993225,8.203583,4.9455576,20.05776357650757,425.1088037490845,0.082178496,0.17293261,0.19229779,16.476898,16.253235
Libya,2020,4,20.10379,8.792236,4.467229,9.583906531333923,487.06254959106445,0.04763741,0.16285786,0.18797417,20.986877,19.154388
Libya,2020,5,25.246307,10.66803,4.4245887,1.1685803942382336,558.5091495513916,0.039795272,0.15663606,0.1846106,26.660095,24.397064
Libya,2020,6,27.136627,13.451111,4.410923,1.02996826171875,566.081657409668,0.037982233,0.15805979,0.1854244,29.021942,26.757294
Libya,2020,7,27.81543,17.170013,3.5249321,0.10535499872639775,584.737771987915,0.033577483,0.15417068,0.18081851,30.695526,29.143188
Libya,2020,8,29.7836,16.961792,3.4957643,0.189208984375,534.7943458557129,0.03105856,0.15260983,0.17279099,32.25174,30.866302
Libya,2020,9,27.715088,18.615479,3.8933086,17.937052845954895,404.813232421875,0.058181785,0.15743116,0.17443247,30.105774,30.154694
Libya,2020,10,23.00467,13.574188,3.7757971,6.1557424664497375,331.7524995803833,0.050163675,0.15780926,0.17685097,25.628723,27.346985
Libya,2020,11,17.196594,12.285858,3.0358388,29.38322603702545,247.27784156799316,0.11108235,0.17373943,0.17997846,18.936829,21.687958
Libya,2020,12,14.050873,7.044525,4.546773,17.718990862369537,242.9532790184021,0.11090842,0.18621743,0.18100962,14.417694,17.144348
Libya,2021,1,14.520325,5.179535,4.694101,2.730629786849022,273.62117290496826,0.06663253,0.17659058,0.1826082,14.181976,15.479401
Libya,2021,2,15.083038,5.919098,4.277202,2.205172508955002,305.8825149536133,0.06145065,0.17031245,0.18491487,15.479004,16.043854
Libya,2021,3,15.295929,8.127563,4.210754,5.862253278493881,420.1402053833008,0.063294575,0.1709187,0.1895445,16.537292,16.535248
Libya,2021,4,20.340607,9.295898,4.963086,1.9995948672294617,488.2792854309082,0.052980192,0.169707,0.19346786,20.770782,19.104858
Libya,2021,5,23.631927,13.598602,4.173474,0.1773834228515625,558.1728897094727,0.051567875,0.16714817,0.1967475,25.168518,23.297699
Libya,2021,6,28.959534,13.722656,4.0974216,1.5584773197770119,556.4204406738281,0.046900194,0.16371292,0.19974935,29.302979,26.54126
Libya,2021,7,29.39151,17.804047,3.5525122,0.16125765582546592,591.7324142456055,0.043116886,0.15861516,0.19603564,31.870178,30.299622
Libya,2021,8,31.407318,17.332916,3.3957806,0.7170590329915285,538.5681190490723,0.039522655,0.15790209,0.19431339,33.231293,31.698517
Libya,2021,9,28.615845,16.926758,3.7263865,2.4906503409147263,442.33838081359863,0.041791394,0.15755886,0.19158356,31.065918,31.013336
Libya,2021,10,22.394714,14.769165,3.871104,18.570431292057037,330.5433654785156,0.068066955,0.1621415,0.18982227,24.6492,26.731964
Libya,2021,11,19.798126,10.240631,3.9222717,14.35609370470047,258.8283061981201,0.07342455,0.1715067,0.18997616,20.92865,23.096558
Libya,2021,12,13.463898,5.260437,4.638459,4.490488603711128,236.15399503707886,0.059576467,0.17042337,0.1899251,14.600922,17.430481
Libya,2022,1,11.23996,6.075531,4.272707,26.19523185491562,243.00263595581055,0.121229395,0.18221526,0.19164072,12.336639,14.848572
Libya,2022,2,13.35495,6.8648987,4.105307,10.660760521888733,283.62446212768555,0.09026082,0.18431105,0.19291405,13.530853,14.11734
Libya,2022,3,15.124268,6.472412,4.80008,13.540805637836456,422.1476240158081,0.0874356,0.1777294,0.19532871,15.264496,15.030792
Libya,2022,4,19.670166,8.950836,5.09784,1.455480381846428,513.1075286865234,0.05720559,0.17194328,0.19997467,20.560669,19.152252
Libya,2022,5,23.386536,10.903839,3.9260333,4.8603057861328125,551.0149364471436,0.05062607,0.16763543,0.20248057,23.803223,21.707977
Libya,2022,6,28.793976,14.645508,3.8048666,0.6481517292559147,578.2501029968262,0.045047462,0.16203809,0.2014619,29.588745,26.830414
Libya,2022,7,28.847778,18.038849,3.3800542,0.17093312181532383,588.9802513122559,0.042188533,0.16297217,0.19911702,31.279266,29.601074
Libya,2022,8,29.611908,19.483856,3.4343412,0.5923531167209148,527.0005912780762,0.04153119,0.1643153,0.19855298,31.8667,30.615051
Libya,2022,9,29.107117,17.978394,3.554978,4.562031179666519,439.02153968811035,0.045449153,0.15898797,0.19558363,31.267334,30.956482
Libya,2022,10,23.203217,15.590515,3.101149,3.9303865879774094,347.44499015808105,0.050250143,0.16340165,0.19621769,25.654755,27.223694
Libya,2022,11,18.60559,9.952728,4.093136,15.89272141456604,268.9427089691162,0.06763703,0.16770408,0.19631849,20.230286,22.72528
Libya,2022,12,17.466278,9.194641,3.7381713,1.993144579231739,245.64980268478394,0.07396689,0.17391296,0.19660321,17.331299,19.33136
Libya,2023,1,12.695801,4.5051575,4.1315556,8.16716331243515,265.71661281585693,0.06497866,0.1701441,0.19544429,13.952515,16.305817
Libya,2023,2,13.302948,6.363098,3.810363,21.51475477218628,290.4716148376465,0.12121573,0.17819074,0.19661571,13.29834,14.262268
Libya,2023,3,16.823395,7.298279,3.864109,3.1477494463324547,440.99715518951416,0.052741934,0.17177713,0.19594184,17.611328,17.07782
Libya,2023,4,18.943237,8.29718,4.190739,6.495562344789505,503.3873748779297,0.058076486,0.16751055,0.19633861,19.898682,18.787872
Libya,2023,5,22.314484,11.99765,5.0413947,14.409984409809113,525.5306148529053,0.06135255,0.16560787,0.19778629,23.625458,22.238068
Libya,2023,6,25.905914,15.31015,4.068259,3.3593610674142838,561.0379600524902,0.048610296,0.16374512,0.2013647,27.47464,25.22351
Libya,2023,7,31.241669,15.1371765,3.5234668,0.06127791036851704,597.3848552703857,0.037913848,0.15788388,0.20151968,32.416718,29.714722
Libya,2023,8,28.333893,17.73111,3.4020867,8.076858520507812,525.8347682952881,0.04266292,0.15680559,0.19815744,31.329224,30.57315
Libya,2023,9,25.92099,16.761444,3.9135623,9.200009107589722,426.9151496887207,0.049582087,0.16033845,0.19812624,28.597534,29.019135
Libya,2023,10,24.544098,13.245728,3.1794515,1.767383985221386,362.042049407959,0.045353375,0.16200642,0.19695237,25.950836,26.664398
Libya,2023,11,20.177338,9.848999,3.7066147,0.9186484850943089,279.8879814147949,0.042425882,0.15901129,0.19594589,22.05072,24.257965
Libya,2023,12,14.447418,8.063141,4.140625,34.018914341926575,223.03074073791504,0.12957643,0.17227131,0.19344574,15.164917,18.121796
Libya,2024,1,14.140778,3.6348877,4.6077332,5.951482683420181,251.71866607666016,0.056845866,0.16978893,0.1899059,14.486176,15.977051
Libya,2024,2,14.638794,5.497162,4.249678,13.46723422408104,299.7989387512207,0.06365929,0.16513465,0.18971463,15.065552,15.839752
Libya,2024,3,18.392181,5.7984924,4.2021117,0.33111572265625,463.65091037750244,0.046737522,0.16405801,0.19056228,18.705872,17.716522
Libya,2024,4,19.852112,9.787201,4.955759,10.933268666267395,482.3447799682617,0.051432196,0.1594763,0.19163036,21.574585,20.688385
Libya,2024,5,25.082184,11.291687,4.2540035,7.492030918598175,543.265645980835,0.049333125,0.15732509,0.1922123,25.744263,23.612732
Libya,2024,6,28.808136,14.733002,4.12088,0.7084932737052441,572.4334144592285,0.038724843,0.15264477,0.19025813,30.21695,27.735779
Libya,2024,7,29.763824,16.724792,3.5433955,0.13653147779405117,588.9671840667725,0.03497293,0.15008098,0.18736589,32.33786,30.553345
Libya,2024,8,29.440857,19.457123,3.5231557,2.725254237651825,523.0112380981445,0.032706026,0.1555761,0.1880948,32.502594,31.457123
Libya,2024,9,27.57019,18.870605,3.4774969,18.098312616348267,394.046573638916,0.056620132,0.15737584,0.18815832,30.307495,30.564148
Libya,2024,10,24.932007,15.048431,4.111076,11.536372035741806,345.4526195526123,0.05446995,0.15874943,0.18608287,26.792114,27.932983
Libya,2024,11,19.682648,10.171204,3.1444173,1.8294940888881683,271.662540435791,0.034496058,0.15465824,0.18345359,21.893188,24.093689
Libya,2024,12,13.852386,7.394104,4.7171187,36.3367280960083,220.22255420684814,0.10687386,0.1682559,0.18161006,15.41507,18.587036
Morocco,1985,1,7.822998,2.9103699,2.6958969,84.9646565914154,253.21211624145508,0.29494855,0.29559174,0.24218428,7.7160645,9.542938
Morocco,1985,2,12.5494995,5.6639404,2.775656,47.24491310119629,320.7256851196289,0.24276772,0.28093022,0.24847266,11.64856,11.513123
Morocco,1985,3,10.815643,4.2646484,2.8930373,26.570772886276245,480.1514415740967,0.21341513,0.24964178,0.23617713,10.9869995,11.320038
Morocco,1985,4,15.155273,5.8754272,2.843914,47.02355146408081,564.6475410461426,0.18947321,0.2231637,0.21666506,15.173431,14.022614
Morocco,1985,5,15.782074,9.459595,2.6647434,75.37819862365723,567.6089191436768,0.24649352,0.26256606,0.21557288,15.766663,14.745056
Morocco,1985,6,21.646057,12.853241,2.3703098,9.944693148136139,631.2923240661621,0.1558595,0.2210808,0.21250154,21.967102,19.317413
Morocco,1985,7,25.470062,13.98645,2.341882,8.02243784070015,658.4260387420654,0.13459706,0.2067861,0.22215514,25.816528,23.433716
Morocco,1985,8,25.40738,13.382568,2.2874715,5.715018570423126,624.9192562103271,0.1263708,0.19947776,0.22190198,26.106537,24.662567
Morocco,1985,9,23.187073,13.360809,2.1159663,14.768710434436798,494.4271659851074,0.14034979,0.1969799,0.21571411,24.085571,23.992249
Morocco,1985,10,18.685547,10.560272,2.0723832,15.465940535068512,420.7495470046997,0.1429534,0.19667763,0.20760153,20.029114,21.329498
Morocco,1985,11,13.9104,7.71579,2.5999784,78.22092533111572,271.6073226928711,0.234849,0.23014079,0.20174088,14.717102,17.084503
Morocco,1985,12,9.678528,5.1454163,2.5463529,57.687358140945435,248.90985870361328,0.27977118,0.2872719,0.22354181,10.0354,12.546509
Morocco,1986,1,8.984741,4.447632,2.808313,70.08195090293884,266.9366855621338,0.2733876,0.2938641,0.24393485,9.028839,10.729401
Morocco,1986,2,10.23233,5.740814,3.3318129,93.3444595336914,287.45384216308594,0.30775544,0.32157382,0.2689834,9.771149,10.269257
Morocco,1986,3,11.129364,6.0366516,2.6701744,60.45646119117737,454.3389015197754,0.27184275,0.3032869,0.27655816,11.382294,11.559723
Morocco,1986,4,11.650024,5.7216187,2.963154,55.207743644714355,506.8268394470215,0.25082538,0.28219813,0.26937473,12.167084,12.053619
Morocco,1986,5,19.617798,10.724884,2.5120192,20.78973811864853,632.6052799224854,0.17644782,0.23970161,0.25832844,19.288208,16.578491
Morocco,1986,6,20.38794,12.662384,2.4144802,30.42239785194397,605.7554626464844,0.18054903,0.23141523,0.25019208,20.961975,19.427643
Morocco,1986,7,25.263031,13.436188,2.4687376,5.5525602996349335,674.1911678314209,0.13172472,0.20803556,0.2438581,25.4169,23.04596
Morocco,1986,8,25.039154,13.591888,2.3321269,8.859699606895447,612.5476493835449,0.13275774,0.20204115,0.23923843,25.693237,24.419037
Morocco,1986,9,22.614838,13.966278,2.2896414,24.656463861465454,487.4783134460449,0.14968899,0.20023245,0.22806056,23.692566,23.74945
Morocco,1986,10,17.459442,12.167023,2.0285792,40.91012728214264,389.7564649581909,0.20513272,0.2203055,0.21511847,18.442871,19.972687
Morocco,1986,11,12.263245,6.7236023,2.294149,42.7634060382843,300.6065368652344,0.22118822,0.24105471,0.21250898,13.361206,15.876099
Morocco,1986,12,9.033966,3.7901917,2.15827,17.40711200237274,262.05296516418457,0.22517014,0.24991004,0.22159323,9.442444,11.943909
Morocco,1987,1,9.6562195,3.8631592,3.11615,94.73336863517761,268.19078636169434,0.252781,0.26811707,0.23186499,9.086365,10.168182
Morocco,1987,2,10.459808,6.274353,3.016365,83.57716655731201,300.4043388366699,0.31653112,0.32873133,0.27815044,9.946899,10.604309
Morocco,1987,3,13.415527,6.391449,2.3298655,17.441269397735596,475.28723335266113,0.21360087,0.2636005,0.26951563,13.261749,12.845184
Morocco,1987,4,16.811401,8.3862,2.661187,26.991112232208252,556.9695854187012,0.18798141,0.24408448,0.2550698,16.51764,14.752014
Morocco,1987,5,17.97174,10.014679,2.4355268,16.11606001853943,619.9070510864258,0.15829428,0.22119759,0.25133035,18.812988,17.728424
Morocco,1987,6,21.713135,12.141968,2.5383224,11.927965879440308,653.7955856323242,0.13548416,0.20614472,0.2411122,22.364258,20.302612
Morocco,1987,7,23.766418,14.661316,2.498256,23.453647255897522,624.1970691680908,0.15417363,0.21061447,0.23464821,24.298737,22.635712
Morocco,1987,8,24.91809,14.641357,2.427639,17.312965750694275,589.0723724365234,0.14069094,0.20741697,0.2365584,25.566467,24.410828
Morocco,1987,9,24.21872,14.83136,2.210038,25.764207243919373,479.44684982299805,0.15019938,0.20405787,0.22559497,24.842468,24.356903
Morocco,1987,10,17.6716,11.169342,2.3569489,49.53360390663147,367.6637144088745,0.22496942,0.24404864,0.2208623,18.567627,20.319458
Morocco,1987,11,12.861664,7.825409,2.664838,70.21006107330322,266.3844680786133,0.25311303,0.27368838,0.23471755,13.980804,16.554352
Morocco,1987,12,11.606201,7.4790955,2.5442953,59.622929096221924,250.70734405517578,0.2745434,0.29763255,0.26561648,11.696014,13.457428
Morocco,1988,1,9.632568,5.304352,2.577164,66.29661822319031,258.0541515350342,0.2844424,0.3009856,0.2799853,9.352753,10.971222
Morocco,1988,2,10.411896,5.572754,2.4059496,57.03560209274292,317.7484302520752,0.2760266,0.29742557,0.2827297,10.406525,11.145111
Morocco,1988,3,12.847412,4.9780884,2.3989122,28.48066020011902,512.4810485839844,0.23163576,0.27642262,0.2777499,12.1701355,11.775848
Morocco,1988,4,14.826935,8.133636,2.6569104,29.57131326198578,552.2977638244629,0.19525495,0.24340044,0.2596119,15.249817,14.458252
Morocco,1988,5,16.776672,10.391907,2.538615,50.255192279815674,598.6141815185547,0.21480781,0.25122094,0.25291702,17.078674,15.910675
Morocco,1988,6,19.51358,12.124207,2.5836136,22.439308762550354,585.494327545166,0.16473502,0.22323687,0.24256274,20.158112,18.755035
Morocco,1988,7,25.58667,14.097382,2.4028797,3.038480333983898,676.8891696929932,0.13557643,0.20822263,0.23623446,25.187347,22.36026
Morocco,1988,8,26.508575,14.258362,2.2429352,5.659621819853783,625.858678817749,0.12741853,0.19976608,0.23462527,26.913086,25.291992
Morocco,1988,9,23.278473,11.697601,2.3423326,9.776920974254608,508.90411376953125,0.12689267,0.1898194,0.22309156,24.199677,24.252228
Morocco,1988,10,18.098358,10.747406,2.328628,47.65442979335785,386.3553743362427,0.20241058,0.22189394,0.22208907,18.93866,20.434326
Morocco,1988,11,14.271423,9.325989,2.4417684,67.79374122619629,265.8186721801758,0.23658632,0.25115764,0.22253695,15.400909,17.607117
Morocco,1988,12,8.584076,2.615387,2.1627705,9.158782839775085,291.30768966674805,0.23412769,0.27037174,0.24199247,9.026978,11.911224
Morocco,1989,1,8.030273,2.4042053,2.2975097,30.03003603219986,296.93130588531494,0.21864255,0.24602409,0.23621401,8.151611,9.906799
Morocco,1989,2,10.292206,5.279907,3.017942,56.2015266418457,301.5558738708496,0.25245184,0.25602293,0.23483375,9.6302185,10.095673
Morocco,1989,3,13.150391,6.4434204,2.5102096,53.15317177772522,481.093111038208,0.23409598,0.26791793,0.24090993,12.914093,12.531036
Morocco,1989,4,12.867249,7.1474,3.2139573,72.39998817443848,523.6079978942871,0.25947097,0.28899312,0.25928134,13.0920105,12.70639
Morocco,1989,5,17.833313,10.402863,2.4811003,42.123684883117676,600.7002105712891,0.1990004,0.24628472,0.2535089,17.84845,16.185547
Morocco,1989,6,21.142548,12.686707,2.3176167,27.793031930923462,631.9270133972168,0.18412943,0.2362731,0.24022038,20.920502,18.703613
Morocco,1989,7,26.25885,14.353851,2.3062956,9.887546926736832,657.6820335388184,0.13394384,0.20711297,0.23234296,26.058594,23.492157
Morocco,1989,8,25.89981,15.170837,2.2327402,14.091362208127975,584.8229751586914,0.1362816,0.20236123,0.22957388,26.510345,25.102692
Morocco,1989,9,22.227844,13.937744,2.1713057,28.90522062778473,485.32299041748047,0.16225241,0.21056448,0.22239797,23.09616,23.263794
Morocco,1989,10,19.475128,12.430969,2.234501,48.41247045993805,384.2797517776489,0.19559447,0.22112115,0.21523821,20.227142,21.408813
Morocco,1989,11,14.331024,8.750641,3.061591,92.10383176803589,271.7695426940918,0.23750375,0.25855002,0.2237208,14.967102,17.087463
Morocco,1989,12,12.361572,8.275482,2.8841567,100.29138255119324,232.0421586036682,0.29780143,0.30670357,0.26666108,12.386444,14.431366
Morocco,1990,1,8.046631,4.401367,2.2753031,45.16905152797699,273.3337230682373,0.30627748,0.31106597,0.28405088,8.403107,10.625458
Morocco,1990,2,12.739929,5.3444214,2.0840604,2.197154551744461,375.2189750671387,0.2151429,0.269951,0.26826924,11.916962,11.788422
Morocco,1990,3,14.5078125,7.4941406,2.6803007,42.97845125198364,468.670654296875,0.20120531,0.24750529,0.25418076,14.534851,13.999847
Morocco,1990,4,13.134735,7.2466125,2.798425,79.90337133407593,529.793758392334,0.2469382,0.26444408,0.24729705,13.904999,13.923035
Morocco,1990,5,18.006226,11.50885,2.5058398,60.015297532081604,600.6917552947998,0.24937782,0.28443527,0.25266206,17.723083,16.189514
Morocco,1990,6,21.703186,12.758026,2.4504848,13.940404057502747,638.0722045898438,0.158173,0.2300254,0.24741149,22.223938,20.13559
Morocco,1990,7,25.561829,14.723877,2.3763916,8.274736195802689,659.3826675415039,0.13909784,0.21674113,0.25286096,25.864136,23.692108
Morocco,1990,8,25.793793,14.273712,2.2355897,9.028471618890762,620.4892234802246,0.13262816,0.20537367,0.24232703,26.538147,25.24582
Morocco,1990,9,23.629791,14.734436,2.2936106,25.495603680610657,444.7200679779053,0.15983027,0.20957033,0.2381005,24.233337,24.13379
Morocco,1990,10,17.519775,10.991913,2.3575284,33.72437655925751,396.49656200408936,0.18729737,0.22466601,0.23362498,19.17569,20.942719
Morocco,1990,11,12.976807,7.437866,2.2808766,49.28959250450134,292.681303024292,0.2183875,0.24297021,0.23333472,14.229462,16.715057
Morocco,1990,12,9.484039,5.9707336,2.5101144,76.78061413764954,229.8259449005127,0.3092829,0.3093308,0.262658,9.762543,12.115356
Morocco,1991,1,8.027405,2.6740417,2.0752199,15.248085051774979,303.57573413848877,0.24610542,0.277031,0.26726496,8.244904,10.171631
Morocco,1991,2,8.261353,4.0216675,2.6418912,84.72643184661865,289.90906524658203,0.29839474,0.30182025,0.26954144,8.145203,9.102081
Morocco,1991,3,11.263763,6.868469,3.257491,133.14435195922852,397.2256374359131,0.32311374,0.33182958,0.29333997,10.872955,10.775391
Morocco,1991,4,13.075439,8.022858,2.4704344,47.61297941207886,522.0350074768066,0.27854204,0.30725506,0.29052737,12.969482,12.306213
Morocco,1991,5,16.2388,8.212067,2.685994,15.725700080394745,640.7229957580566,0.18232493,0.25060272,0.2706931,16.404572,14.722351
Morocco,1991,6,21.88443,12.958649,2.3325822,17.610846161842346,647.1390151977539,0.15837243,0.22606681,0.25841746,21.756897,19.221802
Morocco,1991,7,25.44394,13.846619,2.4027035,8.294541239738464,660.2157192230225,0.13802733,0.2129065,0.25405276,25.680206,23.393646
Morocco,1991,8,26.214111,14.386078,2.268238,10.116021394729614,612.7134437561035,0.13759284,0.20941564,0.25125584,26.52826,24.949036
Morocco,1991,9,22.500732,13.810303,2.3402371,38.70880722999573,485.218505859375,0.1577797,0.21182801,0.24740846,23.997345,24.236511
Morocco,1991,10,15.291443,10.162445,2.2736545,57.764423847198486,382.0156002044678,0.25219387,0.27313128,0.24937518,16.527527,18.73288
Morocco,1991,11,12.098236,5.502289,2.4051418,14.70954716205597,307.0147705078125,0.19610773,0.24933456,0.24976468,12.840027,15.077148
Morocco,1991,12,10.262207,5.4348145,2.1587265,26.250593960285187,248.62663650512695,0.24228787,0.26161653,0.2528499,10.439087,12.434296
Morocco,1992,1,7.989441,1.402771,2.305314,6.635517969727516,298.4254951477051,0.1765951,0.23307599,0.24580736,8.06842,9.749207
Morocco,1992,2,10.657623,4.0932617,2.4601328,30.474433183670044,346.48002338409424,0.194423,0.22881278,0.23905374,10.249634,10.466644
Morocco,1992,3,11.421082,5.2485046,2.9567761,53.372894406318665,457.2492609024048,0.22367987,0.24958847,0.24095133,11.575104,11.575439
Morocco,1992,4,14.511963,7.2452393,3.003307,53.722511529922485,554.5771408081055,0.23464157,0.2741653,0.2564187,14.026398,12.695587
Morocco,1992,5,18.182983,10.40567,2.5517583,49.62459051609039,591.7089996337891,0.20354663,0.2508396,0.25460863,18.028168,16.577057
Morocco,1992,6,17.61203,11.157196,2.5393233,63.85914087295532,560.1255798339844,0.22231099,0.25636864,0.25068158,17.897827,17.076965
Morocco,1992,7,24.119415,13.483246,2.4550521,5.958705052733421,661.9967670440674,0.14625801,0.22789368,0.25041083,24.041626,21.550629
Morocco,1992,8,25.23349,13.322968,2.310756,10.845933854579926,596.4062900543213,0.13589364,0.20707284,0.24605013,25.594696,24.137115
Morocco,1992,9,22.37854,12.300812,2.2131515,12.8173828125,494.542236328125,0.13504282,0.1993649,0.23666747,23.31839,23.310425
Morocco,1992,10,15.788818,9.611542,2.57817,45.26348602771759,371.87535858154297,0.19235137,0.22328295,0.23398972,17.11969,18.847076
Morocco,1992,11,12.379578,5.873474,2.0891607,18.132635951042175,319.2912769317627,0.20761076,0.23656644,0.23298645,12.913727,15.126831
Morocco,1992,12,10.169098,4.916046,2.5840883,25.740688681602478,251.3785924911499,0.20439397,0.23942594,0.23560694,10.52771,12.434601
Morocco,1993,1,7.546936,0.8985596,2.078489,20.52280193567276,304.79926586151123,0.20520495,0.2377044,0.23453413,7.740265,9.553345
Morocco,1993,2,9.546082,3.497528,2.4300191,33.8779182434082,335.83874130249023,0.20759125,0.22706588,0.22388358,9.493652,9.999237
Morocco,1993,3,12.302673,6.3334045,2.7031581,59.426602602005005,447.1717538833618,0.26584962,0.2757738,0.23199412,11.537964,11.056519
Morocco,1993,4,13.729889,6.110443,2.8410037,51.321473121643066,540.0655174255371,0.20171468,0.23799476,0.23421076,14.294586,13.742249
Morocco,1993,5,16.536987,9.562408,2.713579,58.330443263053894,575.2501831054688,0.22888933,0.26740414,0.2444534,16.328308,14.8377075
Morocco,1993,6,21.12082,12.209595,2.563652,9.29804652929306,635.8311080932617,0.15214655,0.22263077,0.23768997,21.381104,19.126923
Morocco,1993,7,25.590363,14.103699,2.4286387,6.279602751135826,668.1156673431396,0.13066119,0.20738158,0.23586683,25.563568,22.927124
Morocco,1993,8,24.800903,13.972351,2.3770998,8.71532428264618,593.1132259368896,0.13471186,0.20494433,0.23508514,25.56131,24.628204
Morocco,1993,9,19.763947,11.869812,2.367681,16.294498443603516,479.397611618042,0.14721194,0.2059093,0.22919899,21.296051,22.034454
Morocco,1993,10,15.871002,9.761627,2.5144572,46.24885094165802,361.3551321029663,0.1894951,0.22333488,0.22120644,16.901764,18.37143
Morocco,1993,11,11.64151,8.396973,2.5978324,124.69476699829102,230.77109813690186,0.35261256,0.3385892,0.25593162,12.38974,14.790894
Morocco,1993,12,9.7708435,5.442993,2.175867,20.18410861492157,262.42133140563965,0.2897651,0.30941325,0.27314028,9.446167,11.311066
Morocco,1994,1,8.45932,4.410919,2.4764981,58.54471135139465,267.1475648880005,0.30038616,0.31032282,0.27496955,8.389008,9.950378
Morocco,1994,2,9.798492,4.642456,2.8059287,69.13816452026367,325.1304054260254,0.3065187,0.32408452,0.28547755,8.954803,9.336212
Morocco,1994,3,13.055115,7.4244995,2.6947763,24.156723082065582,487.29487895965576,0.23917608,0.28684425,0.28417557,12.48172,11.721436
Morocco,1994,4,13.608826,5.6871643,2.9448452,33.18286657333374,574.5165824890137,0.20227504,0.25271392,0.27355725,13.841034,13.267059
Morocco,1994,5,18.439972,9.8828125,2.554155,27.413488268852234,620.826961517334,0.17935699,0.23445918,0.2617027,18.214172,16.213501
Morocco,1994,6,22.737518,12.056152,2.5323606,4.610968977212906,664.2751121520996,0.14286639,0.21852605,0.2612826,22.965302,20.652832
Morocco,1994,7,27.125732,13.302612,2.3109686,7.595913857221603,651.9966583251953,0.12918352,0.2020322,0.25251752,27.122314,24.651703
Morocco,1994,8,26.01413,14.67453,2.2289689,8.011817932128906,604.6806945800781,0.1333274,0.20495644,0.25305215,26.640137,25.361816
Morocco,1994,9,20.75467,11.62204,2.4388206,33.58285188674927,509.6084976196289,0.14347585,0.20141883,0.24488142,22.440521,23.448303
Morocco,1994,10,17.89215,12.725983,2.198318,44.138620138168335,372.8469171524048,0.23363642,0.24467544,0.23532647,18.187164,19.46582
Morocco,1994,11,14.29187,8.187561,2.185742,28.518844842910767,308.7441158294678,0.21746622,0.25809127,0.23834567,14.766846,16.74591
Morocco,1994,12,10.527374,4.075531,2.0732198,4.935449376702309,289.8230791091919,0.16345651,0.22306384,0.23590189,10.828247,13.218262
Morocco,1995,1,9.289581,2.9088745,2.2350376,13.720234513282776,309.5220994949341,0.17878954,0.21521233,0.22973032,9.042694,10.566437
Morocco,1995,2,11.804962,4.4598694,2.4730458,44.51253414154053,343.6262626647949,0.17413542,0.21510257,0.22407995,11.546295,11.82077
Morocco,1995,3,12.656067,6.8035583,2.6931338,64.89994549751282,436.6441659927368,0.27377614,0.2805784,0.23301604,11.865753,11.735565
Morocco,1995,4,14.371429,6.820801,2.7385268,59.9170446395874,528.1711006164551,0.23068884,0.25079212,0.23055765,14.22168,13.896118
Morocco,1995,5,20.224945,10.45163,2.5836873,13.776779174804688,644.3834800720215,0.16418195,0.22912316,0.23294677,19.769257,17.398163
Morocco,1995,6,20.838104,12.789886,2.515714,36.659148931503296,609.9979019165039,0.16766189,0.21899346,0.24313982,21.487457,20.122528
Morocco,1995,7,25.094818,13.745361,2.444863,6.022425428032875,653.4775733947754,0.14554456,0.21730512,0.24321283,24.734497,22.43274
Morocco,1995,8,25.14862,14.788635,2.265182,13.928330212831497,591.7095317840576,0.1346844,0.20246537,0.24072848,25.680847,24.660034
Morocco,1995,9,20.068573,12.058563,2.3347983,19.38134729862213,493.9082908630371,0.15947795,0.2111302,0.23705375,21.309967,22.201508
Morocco,1995,10,19.090881,11.399475,2.0502293,24.827365458011627,400.448842048645,0.17056954,0.21185587,0.23066002,19.38913,20.10498
Morocco,1995,11,15.295837,7.644684,2.575186,32.85065531730652,301.0890197753906,0.17702952,0.22153333,0.22527961,15.909607,17.824982
Morocco,1995,12,11.799988,7.578705,3.0002213,83.88628363609314,232.0131859779358,0.25203037,0.2687452,0.23983257,11.613434,13.389038
Morocco,1996,1,11.058258,7.1245728,3.6776853,178.5217809677124,227.3627691268921,0.3190649,0.3227298,0.29049146,10.980225,12.620514
Morocco,1996,2,9.248413,5.0940247,3.041752,71.39365482330322,306.9414653778076,0.31621736,0.32617825,0.30383983,9.28653,10.689819
Morocco,1996,3,12.157867,7.356842,2.6283772,95.46902203559875,437.1505661010742,0.31886294,0.33730894,0.30971324,11.302948,10.995728
Morocco,1996,4,14.892151,8.820679,2.6310282,50.324281454086304,535.1344871520996,0.2340905,0.27834055,0.29038823,14.872467,14.175507
Morocco,1996,5,17.417114,9.917053,2.7727463,66.4214813709259,608.8863372802734,0.24001908,0.2833072,0.28061575,16.826202,15.32782
Morocco,1996,6,22.343048,13.936768,2.456185,36.109721660614014,621.3809967041016,0.17973885,0.2275042,0.2535695,22.116425,20.006592
Morocco,1996,7,24.786804,14.365601,2.52327,15.376100450754166,667.8783283233643,0.14151523,0.2068746,0.2390274,24.840942,22.784973
Morocco,1996,8,23.510986,14.158752,2.3453655,8.83558839559555,620.8180923461914,0.1322597,0.2055678,0.24081744,24.683075,23.91977
Morocco,1996,9,20.035736,12.85202,2.410478,36.84108853340149,462.3128414154053,0.1846563,0.2253697,0.23576699,20.825256,21.406677
Morocco,1996,10,17.162567,9.725159,2.1955543,26.11899024248123,432.3414945602417,0.17291611,0.22458163,0.2273583,18.005463,19.149384
Morocco,1996,11,13.396118,6.6192017,2.534224,30.14184594154358,307.4985694885254,0.18633284,0.23510042,0.22947946,14.125519,16.194519
Morocco,1996,12,10.8220825,6.5874634,3.4589083,160.6976146697998,219.11511993408203,0.29189304,0.29418957,0.2581745,10.8515625,12.781982
Morocco,1997,1,10.5668335,6.5586243,2.9974778,89.92507314682007,262.18286895751953,0.30259025,0.319399,0.2976141,10.110443,11.38739
Morocco,1997,2,12.459442,5.6006775,2.0221937,4.114576816558838,373.4725799560547,0.21047172,0.26424503,0.2769518,11.627472,11.73468
Morocco,1997,3,14.47818,4.6721497,2.515519,18.706201672554016,526.5017890930176,0.1555874,0.2103665,0.24717702,14.245026,13.746185
Morocco,1997,4,15.815002,9.910919,2.5565665,90.49721002578735,500.4828643798828,0.25341043,0.25473338,0.23683289,15.35202,14.748718
Morocco,1997,5,17.855621,11.142487,2.4321752,47.47274112701416,580.8310794830322,0.20292677,0.251312,0.2388896,18.00534,16.741608
Morocco,1997,6,20.987091,12.345612,2.673013,18.746368288993835,638.8027954101562,0.16681626,0.22559991,0.2300116,21.427002,19.79953
Morocco,1997,7,23.146118,13.638519,2.5012782,6.983970150351524,656.3134613037109,0.13875201,0.2072323,0.23000726,23.444427,21.59848
Morocco,1997,8,23.869476,14.985504,2.2679036,23.151408076286316,590.328010559082,0.14960589,0.20833163,0.23157595,24.584381,23.581604
Morocco,1997,9,22.440338,15.27005,2.121008,55.71772813796997,466.1247253417969,0.17336176,0.21250185,0.22476308,23.277374,23.206757
Morocco,1997,10,19.24942,12.78537,2.1979349,34.86531412601471,400.43722343444824,0.21774435,0.25110143,0.21842651,19.486908,20.42514
Morocco,1997,11,14.195038,9.4696045,3.0740967,94.06599283218384,265.5125141143799,0.25743815,0.27584738,0.2309629,14.771362,17.007782
Morocco,1997,12,10.791504,5.9444275,2.674085,82.53151035308838,246.0844955444336,0.2830538,0.30178082,0.26416636,10.625732,12.828308
Morocco,1998,1,9.983154,5.1185303,2.4511147,38.18967533111572,274.1618375778198,0.263663,0.292198,0.27392933,9.755371,11.334076
Morocco,1998,2,12.69165,7.57251,2.7217808,76.89340877532959,328.98865127563477,0.28620893,0.30829722,0.28933373,11.969666,12.112244
Morocco,1998,3,14.367523,5.768219,2.3622844,22.643367171287537,498.5186080932617,0.17378287,0.23022485,0.25524008,13.798737,13.170471
Morocco,1998,4,14.262878,7.6631775,2.9946609,28.029415011405945,531.7388534545898,0.20273547,0.23816976,0.24328566,14.6024475,14.313324
Morocco,1998,5,16.312317,9.636444,2.6150658,64.47744035720825,562.7532253265381,0.21675517,0.24349084,0.23653243,16.46228,15.661774
Morocco,1998,6,22.508423,12.8220825,2.4461038,22.794853448867798,652.7126312255859,0.17114156,0.22818503,0.2308454,22.22699,19.598114
Morocco,1998,7,25.810364,14.355804,2.320724,3.6177034974098206,680.7947978973389,0.12846215,0.20541957,0.23124482,25.919678,23.509949
Morocco,1998,8,25.803802,14.947815,2.4395425,7.011524632573128,610.2812805175781,0.12986289,0.19865839,0.22761977,26.34967,25.1109
Morocco,1998,9,22.36502,14.658752,2.345171,35.558069944381714,472.25807189941406,0.16741411,0.21478942,0.22573775,23.435211,23.78659
Morocco,1998,10,16.993225,8.443298,2.2633867,8.413370579481125,435.14134407043457,0.15763032,0.21664782,0.2153483,17.940735,19.537079
Morocco,1998,11,14.032776,6.993683,2.097464,5.400944799184799,322.9232597351074,0.13412699,0.19919837,0.21312606,14.9817505,17.165955
Morocco,1998,12,8.869263,3.0591125,2.2873166,39.05190658569336,272.7285795211792,0.18831834,0.21183515,0.20882592,9.288544,11.910339
Morocco,1999,1,8.648499,3.5474854,2.5309868,66.44114136695862,282.7963008880615,0.28423986,0.27740222,0.21523313,8.340454,10.223511
Morocco,1999,2,8.2901,3.038025,2.4948545,49.99583053588867,323.9531555175781,0.23615386,0.2536352,0.21842964,8.173859,9.221313
Morocco,1999,3,12.041229,6.458313,2.640784,49.44491219520569,454.8050355911255,0.27122414,0.28538615,0.2206475,11.239929,10.871277
Morocco,1999,4,16.009308,6.7809143,2.5235617,8.854727447032928,601.1103057861328,0.15730794,0.22377338,0.21558687,16.035126,14.510284
Morocco,1999,5,19.896912,9.92334,2.6019542,21.07274967432022,631.6816444396973,0.15956755,0.21539328,0.21340644,19.510468,17.285187
Morocco,1999,6,22.749725,12.516846,2.4955504,6.931453049182892,659.370174407959,0.13328253,0.20285705,0.21789205,23.024628,20.825195
Morocco,1999,7,25.494904,14.495056,2.4399364,6.344471037387848,665.6787738800049,0.12678051,0.19710645,0.21737236,25.93753,23.957245
Morocco,1999,8,25.614746,15.646759,2.2635496,9.54627138376236,612.2231559753418,0.13003358,0.19885783,0.21884568,26.142029,24.718018
Morocco,1999,9,21.611664,14.424805,2.281647,22.02182114124298,481.07471466064453,0.1560543,0.20278445,0.21448983,22.85962,23.420746
Morocco,1999,10,19.020447,12.772858,2.5703816,75.49731159210205,359.9103145599365,0.22824416,0.24375598,0.21064512,19.40622,20.575867
Morocco,1999,11,11.91153,6.338257,2.4112942,40.23542761802673,304.7541904449463,0.2424384,0.26293057,0.21825479,13.058777,16.228699
Morocco,1999,12,9.432251,4.7677,2.4312735,34.05589509010315,255.72395420074463,0.25518328,0.26953042,0.2240903,9.310333,11.640869
Morocco,2000,1,7.8643494,2.4586792,2.154011,22.95091861486435,310.13611221313477,0.2369782,0.26176205,0.22048219,7.6119995,9.473328
Morocco,2000,2,12.215637,4.3075256,2.0996037,0.23414093628525734,397.22568130493164,0.16719452,0.22669156,0.21945205,11.52829,11.412933
Morocco,2000,3,14.305023,5.54834,2.441539,8.962885946035385,514.8099155426025,0.15007289,0.20656624,0.21896827,14.063385,13.551514
Morocco,2000,4,14.0729065,6.77948,3.368574,65.79102516174316,544.9619293212891,0.21511358,0.24298997,0.22135684,14.310364,13.860413
Morocco,2000,5,18.414337,11.820374,2.3761983,67.75932192802429,592.8465003967285,0.23507716,0.26084894,0.22321625,17.959106,16.333038
Morocco,2000,6,23.792694,12.313416,2.5868728,5.00873476266861,679.7137641906738,0.13835262,0.21653281,0.21328153,23.584839,20.855713
Morocco,2000,7,25.868286,13.880188,2.4813247,4.245721191167831,672.4537563323975,0.123021916,0.19802366,0.21052378,26.080536,23.915253
Morocco,2000,8,26.240082,13.471283,2.4106455,6.300268843770027,616.6380519866943,0.123022065,0.19200526,0.20498446,26.731903,25.373077
Morocco,2000,9,22.451752,13.032776,2.3769581,19.394123554229736,501.1292266845703,0.13186827,0.19172432,0.20119935,23.774628,24.149658
Morocco,2000,10,15.856079,10.072174,2.2144072,80.82599091529846,379.07242488861084,0.24062668,0.2507409,0.20243967,16.837708,19.170105
Morocco,2000,11,12.61496,8.123169,2.3889024,39.59155797958374,284.9692153930664,0.2730023,0.2913026,0.2214973,12.562653,14.725372
Morocco,2000,12,11.145996,6.0583496,3.0207973,96.7755765914917,244.5491533279419,0.2609104,0.28892055,0.24001403,10.793884,12.693634
Morocco,2001,1,10.0563965,5.1798706,3.0008965,57.64760208129883,276.4139566421509,0.28310505,0.31000414,0.27603948,9.472809,11.00589
Morocco,2001,2,10.689301,4.4991455,2.6988294,23.53949737548828,348.9076118469238,0.23011902,0.2731383,0.26768616,10.325653,10.872162
Morocco,2001,3,15.041138,7.7512817,2.8866642,27.528586089611053,483.28843784332275,0.21075116,0.25485864,0.2577685,14.130798,13.2638855
Morocco,2001,4,15.746033,7.2003784,2.6539834,7.979477047920227,599.5865821838379,0.15395588,0.21873732,0.23953177,16.149841,15.16275
Morocco,2001,5,17.684021,9.087311,2.6310422,28.362979233264923,628.4312705993652,0.17335267,0.21789289,0.22884218,17.461182,16.016388
Morocco,2001,6,24.203491,11.318176,2.5701714,4.285979121923447,685.5948829650879,0.123415105,0.19388379,0.2137603,24.362244,21.768433
Morocco,2001,7,25.186584,12.205017,2.5097606,3.267241895198822,671.780704498291,0.11998504,0.19163522,0.21523581,25.67749,23.786041
Morocco,2001,8,25.631958,14.538391,2.2470956,7.448668986558914,612.0916557312012,0.12592413,0.19330911,0.21496573,26.510712,25.270447
Morocco,2001,9,21.818085,14.57309,2.1715055,27.599705457687378,472.4792289733887,0.15472475,0.20157251,0.21514213,23.13565,23.626373
Morocco,2001,10,20.21231,11.322327,2.3989582,26.475481033325195,396.68920040130615,0.17608786,0.21252479,0.20254463,20.317596,21.058594
Morocco,2001,11,12.538544,5.96402,2.4562218,31.2468159198761,276.1541748046875,0.19574486,0.21095397,0.1931626,14.01239,16.98816
Morocco,2001,12,11.429413,6.5313416,2.3397992,81.70889472961426,243.89200687408447,0.2543842,0.25672233,0.20009615,11.317139,13.34668
Morocco,2002,1,10.847473,4.661438,2.2233822,3.8679917380213737,305.69478607177734,0.2192395,0.26203683,0.22657906,10.421173,11.827454
Morocco,2002,2,12.118774,4.038269,2.2893467,15.621963024139404,360.96580505371094,0.17246157,0.21336004,0.21349195,11.708893,12.22348
Morocco,2002,3,13.239899,6.129883,2.6767542,62.60113024711609,462.2134838104248,0.22307214,0.23416041,0.20340776,12.901825,12.6094055
Morocco,2002,4,14.3350525,8.029388,2.8687577,105.10620832443237,513.5538482666016,0.28059876,0.29907534,0.22605105,14.150757,13.723389
Morocco,2002,5,17.73288,8.863403,2.8934996,38.37968993186951,634.4426174163818,0.19250451,0.24562795,0.22576925,17.787628,16.402985
Morocco,2002,6,22.620453,11.704346,2.72426,6.37869268655777,651.9741439819336,0.13395664,0.20619574,0.22190133,23.021637,20.588562
Morocco,2002,7,24.660217,13.427795,2.4293969,2.680843248963356,683.5663547515869,0.1240956,0.1970678,0.22008306,25.166138,23.184113
Morocco,2002,8,23.701202,14.234741,2.3164854,10.636690706014633,611.6953220367432,0.1306648,0.19507353,0.21641175,24.781433,24.088562
Morocco,2002,9,21.652313,13.011322,2.1946576,10.570229887962341,493.96047592163086,0.13096374,0.19091384,0.20676644,22.551147,22.66809
Morocco,2002,10,18.734985,11.585693,2.3942165,47.683709144592285,388.2228078842163,0.20158513,0.22265424,0.19734992,19.122253,20.270905
Morocco,2002,11,13.672943,7.704193,2.908788,135.33026218414307,281.74707412719727,0.25041646,0.2675224,0.21671392,14.297394,16.68042
Morocco,2002,12,11.609192,7.4513245,2.45571,41.12798368930817,247.60465669631958,0.28996372,0.3085938,0.26070023,11.133606,13.081055
Morocco,2003,1,8.662079,3.9203796,2.8647656,57.69438695907593,275.00751304626465,0.27875918,0.3000414,0.26427683,8.795502,10.8203125
Morocco,2003,2,9.386505,4.7355347,2.5603309,56.80557918548584,311.42822265625,0.27539822,0.2848793,0.2556958,8.955933,9.8628235
Morocco,2003,3,14.201294,8.426697,2.593068,61.18379235267639,437.7095899581909,0.25871417,0.28265485,0.2543839,13.335968,12.582123
Morocco,2003,4,14.963959,8.5347595,2.78708,54.301382303237915,531.2590026855469,0.24666707,0.27795547,0.2523937,14.8377075,13.973724
Morocco,2003,5,19.360443,10.418701,2.6222978,20.725730419158936,650.9717960357666,0.1752036,0.22878614,0.23326492,19.26825,17.274445
Morocco,2003,6,24.172913,13.7595825,2.552643,10.303016602993011,648.9862060546875,0.13794944,0.19987053,0.22125432,24.135345,21.602875
Morocco,2003,7,26.327545,14.422302,2.3726711,7.967041552066803,661.1777877807617,0.1262358,0.19123185,0.21623114,26.526825,24.230743
Morocco,2003,8,26.284882,15.147217,2.2854197,11.837617129087448,604.3380489349365,0.12913588,0.18815498,0.20937972,27.117737,25.99411
Morocco,2003,9,22.931122,13.034454,2.3897083,5.997593253850937,518.3157348632812,0.12042893,0.18389384,0.20041351,24.101196,24.24054
Morocco,2003,10,17.710693,12.445801,2.5158114,107.72886252403259,334.292275428772,0.2325901,0.2321908,0.19448937,18.95694,20.906555
Morocco,2003,11,12.995361,8.307098,2.5142033,78.70618343353271,282.96006202697754,0.29461032,0.30424374,0.2221318,13.334595,15.949127
Morocco,2003,12,9.956329,5.7840576,2.7483766,90.03758597373962,237.65391969680786,0.31619203,0.32906497,0.27356032,9.798157,12.122131
Morocco,2004,1,9.90741,5.337097,2.0444887,10.203421533107758,291.2786283493042,0.23230852,0.27687332,0.26477122,9.390839,10.788391
Morocco,2004,2,11.471619,5.802307,2.656985,41.93055963516235,341.34204387664795,0.2237108,0.2549918,0.25145176,11.035248,11.555969
Morocco,2004,3,12.231964,6.299103,2.6766555,65.50299000740051,475.6668634414673,0.25372472,0.2746087,0.24684367,11.848206,11.78952
Morocco,2004,4,14.452881,7.722931,2.8532653,50.22317290306091,530.0056457519531,0.23311637,0.26793757,0.23922318,14.319122,13.511597
Morocco,2004,5,15.672638,10.195801,2.8305774,75.36384534835815,558.2064151763916,0.25021657,0.27260068,0.24076724,15.459717,14.649017
Morocco,2004,6,23.706451,13.093506,2.4637222,11.039382219314575,656.3697624206543,0.14912218,0.2182298,0.22664304,22.80249,19.763184
Morocco,2004,7,26.001068,13.846466,2.4928398,4.312598437070847,674.9514331817627,0.12108771,0.19273481,0.21386132,25.856537,23.567352
Morocco,2004,8,26.00177,14.821075,2.4500668,4.255767375230789,606.1209888458252,0.12118144,0.19102053,0.21017362,26.03357,24.67865
Morocco,2004,9,23.02826,13.045013,2.2243936,5.409833192825317,506.7761993408203,0.1236194,0.19063626,0.20506713,23.685669,23.800598
Morocco,2004,10,19.241638,10.561279,2.5187597,50.558292508125305,383.6140613555908,0.15534312,0.19149017,0.19652466,19.882233,21.118988
Morocco,2004,11,12.379028,7.1364746,2.200333,28.79744589328766,293.08244705200195,0.2477459,0.26096708,0.20141633,12.753418,15.694244
Morocco,2004,12,8.935486,4.6466675,2.6884365,50.605509757995605,244.716721534729,0.24825709,0.2686894,0.21235886,9.566406,12.149017
Morocco,2005,1,7.3043823,0.15136719,2.1611392,5.185164123773575,323.6536750793457,0.19704339,0.24111433,0.21551092,7.432953,9.540558
Morocco,2005,2,7.8312683,1.184082,2.6048281,47.24232292175293,336.9573783874512,0.19159734,0.21105692,0.20385797,7.5713806,8.489899
Morocco,2005,3,13.5035095,7.043457,2.6296499,37.466076612472534,447.63803577423096,0.23090608,0.25546998,0.21420039,12.255035,11.187164
Morocco,2005,4,15.702148,7.1328735,2.7134228,7.169778943061829,584.6681785583496,0.14653476,0.20592026,0.2104963,15.656006,14.335327
Morocco,2005,5,20.540894,9.558624,2.6836782,12.003232270479202,660.5564727783203,0.12550227,0.18476135,0.2009163,20.4263,18.01538
Morocco,2005,6,24.148285,12.431305,2.5543795,8.78278523683548,654.3627548217773,0.1327866,0.18201926,0.19135033,24.150513,21.57898
Morocco,2005,7,25.97644,14.377411,2.4316971,5.32896526157856,669.4431457519531,0.119597584,0.18051155,0.1913778,26.376007,24.228607
Morocco,2005,8,26.137604,13.976654,2.2843528,9.120607525110245,624.272871017456,0.121700525,0.18000825,0.18667364,26.376251,25.044037
Morocco,2005,9,21.72168,12.637238,2.5342884,17.32918918132782,500.2960968017578,0.13669951,0.18362601,0.17828476,22.578094,23.335602
Morocco,2005,10,19.070526,12.023315,2.2060642,37.07571852207184,397.31536388397217,0.17356779,0.19904429,0.17559923,19.321533,20.459595
Morocco,2005,11,12.361725,7.2190857,2.5826037,67.36514568328857,280.8844470977783,0.23706497,0.235522,0.17157783,13.1684265,16.147247
Morocco,2005,12,9.300537,4.677948,2.3347507,28.10049057006836,248.70122623443604,0.2522596,0.26578012,0.18571615,9.243347,11.696777
Morocco,2006,1,7.3972473,3.8851929,2.5153358,88.37712931632996,243.4424285888672,0.29559916,0.2851598,0.2015694,7.6194763,9.664734
Morocco,2006,2,9.163879,4.9872437,2.769684,66.81657600402832,302.11081314086914,0.29043943,0.29967728,0.23211029,8.748627,9.556763
Morocco,2006,3,13.182861,6.46463,2.6107483,41.52609121799469,491.8133964538574,0.2467806,0.2832906,0.24390328,12.153564,11.221527
Morocco,2006,4,16.407288,9.155701,2.5098433,46.93522095680237,524.9826622009277,0.20822854,0.24461791,0.23060217,16.371155,15.23233
Morocco,2006,5,20.096924,11.695557,2.7636654,48.138357639312744,605.6739826202393,0.19152832,0.23662043,0.21455292,19.67212,17.557617
Morocco,2006,6,22.31488,13.266693,2.6154017,23.140398859977722,614.113712310791,0.16633764,0.21135749,0.19895157,22.377014,20.518738
Morocco,2006,7,26.761627,13.793945,2.337243,11.312641650438309,650.3508358001709,0.13057098,0.19088748,0.19290093,26.597687,23.963745
Morocco,2006,8,25.594086,14.501129,2.4400246,7.572090893983841,617.808427810669,0.123921484,0.18561137,0.18976173,26.262451,25.080353
Morocco,2006,9,22.717072,13.043091,2.3369017,16.09117090702057,480.4756736755371,0.13401696,0.17867117,0.17900795,23.789001,24.167023
Morocco,2006,10,19.955963,10.982941,2.5443962,29.26482057571411,407.96818447113037,0.14925282,0.17995287,0.170662,20.589996,21.550507
Morocco,2006,11,15.01712,8.245483,2.3170648,36.89080595970154,281.5311813354492,0.2055124,0.21326089,0.16261332,15.36084,17.78241
Morocco,2006,12,9.014557,4.0217896,2.3869994,32.177582025527954,260.5521240234375,0.23791616,0.23146051,0.16389604,9.524628,12.675812
Morocco,2007,1,9.427002,1.942688,2.0830278,19.976874887943268,298.1242389678955,0.1702232,0.209169,0.16245273,9.228149,10.789307
Morocco,2007,2,11.887909,6.2403564,2.5782084,41.44416952133179,307.9896926879883,0.2342114,0.23918757,0.16699724,11.110962,11.473022
Morocco,2007,3,12.081757,2.861847,2.936971,27.819919884204865,500.2428340911865,0.16540366,0.1999762,0.16087502,12.331116,12.514313
Morocco,2007,4,13.480225,8.490784,2.658756,109.60161924362183,485.1163673400879,0.27282503,0.26368114,0.17323057,13.318939,12.832489
Morocco,2007,5,17.726227,8.558258,2.672914,33.6569265127182,623.7085552215576,0.1951264,0.24533407,0.19039553,17.505585,15.978394
Morocco,2007,6,21.620209,11.713928,2.6749272,3.201568052172661,658.5050582885742,0.13312165,0.20355879,0.18601473,21.988586,19.677002
Morocco,2007,7,26.022003,12.916687,2.4605742,4.725632503628731,680.0104675292969,0.12179152,0.19000952,0.18854277,26.138123,23.47229
Morocco,2007,8,25.29715,13.623993,2.451812,11.14616546034813,605.8924598693848,0.1244727,0.18509254,0.18707602,26.093353,24.848572
Morocco,2007,9,21.9068,13.628235,2.2679071,21.53655767440796,477.3296356201172,0.14617327,0.19072264,0.18532346,23.020325,23.375427
Morocco,2007,10,17.993927,10.762299,2.25439,47.209821939468384,391.70067596435547,0.1837531,0.19179413,0.16895127,18.949554,20.525604
Morocco,2007,11,13.357025,6.2643127,2.2278666,58.82985591888428,300.95452308654785,0.2011927,0.21944365,0.16387388,13.896515,16.270508
Morocco,2007,12,9.708008,4.4878845,2.147559,18.92491728067398,274.6709871292114,0.23727228,0.25630575,0.17940414,9.577209,12.04892
Morocco,2008,1,10.108551,5.3688965,2.220803,43.44631111621857,297.84648609161377,0.25483882,0.27542368,0.19947791,9.414093,10.648773
Morocco,2008,2,12.18689,6.2922363,2.5400329,46.67271852493286,338.04615688323975,0.22343133,0.2390396,0.1990168,11.580658,11.724335
Morocco,2008,3,12.924713,5.0391846,2.7055533,18.24695599079132,496.582763671875,0.1871492,0.22893381,0.19511889,12.661377,12.631439
Morocco,2008,4,16.266846,5.6045227,3.2194214,35.74959397315979,575.0004386901855,0.17618646,0.21238981,0.1865493,15.982391,14.646301
Morocco,2008,5,16.868805,9.523468,2.8147871,49.162477135658264,577.2364635467529,0.18718277,0.20843267,0.18389058,17.470428,16.811005
Morocco,2008,6,22.700104,11.689087,2.4702375,7.202000319957733,680.3949737548828,0.1404495,0.19815809,0.18166944,22.283478,19.394135
Morocco,2008,7,25.802399,13.437683,2.5371163,10.065504997968674,664.7599277496338,0.12450583,0.18323798,0.18064141,26.331024,24.05838
Morocco,2008,8,25.796234,13.606537,2.2494054,8.364001631736755,622.3785343170166,0.1228252,0.18330772,0.18267545,26.61679,25.244598
Morocco,2008,9,21.571686,14.441864,2.2275193,56.7585289478302,455.0024127960205,0.17717214,0.1961737,0.17949888,22.839752,23.485504
Morocco,2008,10,16.337036,11.820984,2.4980884,118.07364201545715,351.1052083969116,0.27538192,0.2574529,0.17851701,16.97519,19.112213
Morocco,2008,11,10.511047,6.5024414,2.7159534,91.37913465499878,274.248104095459,0.31110612,0.3190958,0.23268703,10.925629,13.68689
Morocco,2008,12,8.455048,4.974182,2.867538,78.07310366630554,231.41345262527466,0.3337451,0.33916152,0.26736373,8.292145,10.345032
Morocco,2009,1,8.190521,4.9527893,2.9479966,94.3254976272583,242.89321994781494,0.35002106,0.3473356,0.29002535,8.045471,9.426514
Morocco,2009,2,10.1073,5.426361,2.9035091,85.09573268890381,321.41226959228516,0.29422173,0.324484,0.30441904,9.3576355,9.665192
Morocco,2009,3,13.422821,7.925049,3.000934,73.54379534721375,445.9013338088989,0.25604892,0.2904552,0.2849601,12.955353,12.223419
Morocco,2009,4,13.472473,5.861603,2.9724662,24.123977422714233,546.3530158996582,0.20742244,0.25272855,0.25845376,13.370972,12.847565
Morocco,2009,5,19.177612,9.4844055,2.9525065,14.296873837709427,648.3657970428467,0.15237582,0.20618002,0.23196396,18.904816,16.67871
Morocco,2009,6,23.395569,12.240021,2.4398224,14.31094765663147,638.642463684082,0.13844174,0.1882723,0.21754384,23.356445,20.842133
Morocco,2009,7,26.904114,12.444336,2.440276,5.496015638113022,672.4944953918457,0.1180055,0.17720367,0.20417228,26.75827,24.056702
Morocco,2009,8,25.943787,14.474152,2.3426836,6.134366378188133,616.3161602020264,0.11831684,0.17712775,0.2004325,26.840302,25.663788
Morocco,2009,9,20.465729,14.250671,2.112729,86.00428819656372,437.7439212799072,0.2229616,0.22194463,0.19636816,21.584259,22.877869
Morocco,2009,10,19.824158,11.429443,2.0745602,14.02046611905098,426.3422689437866,0.16702433,0.21342756,0.18344839,19.929443,20.467712
Morocco,2009,11,15.134949,6.719818,2.5837996,22.657079100608826,305.38355827331543,0.153972,0.19590071,0.18266498,15.727722,17.744873
Morocco,2009,12,12.09906,6.617981,3.2741554,128.34723901748657,241.37922286987305,0.25766838,0.2541392,0.20269608,11.668976,13.725586
Morocco,2010,1,10.383148,5.5012817,3.1611266,116.89223146438599,243.80755758285522,0.29523787,0.30610225,0.27948034,10.613953,12.615753
Morocco,2010,2,12.656067,8.235107,3.6600547,134.11094665527344,265.5177459716797,0.321533,0.32991487,0.30252296,11.596405,11.993805
Morocco,2010,3,13.6067505,8.023071,2.9234092,91.8427062034607,426.56763458251953,0.2940273,0.3206396,0.30989856,13.096924,13.0364685
Morocco,2010,4,16.548798,10.562103,2.5947082,54.48193073272705,524.9566268920898,0.22610316,0.26104322,0.27559626,16.19513,15.163757
Morocco,2010,5,17.653564,9.073578,2.8545058,26.038336217403412,621.0014476776123,0.17981857,0.22781122,0.25089934,17.820282,16.882446
Morocco,2010,6,21.094513,11.869263,2.4608939,18.579150438308716,639.118537902832,0.14781322,0.20065498,0.23447357,21.482788,19.804138
Morocco,2010,7,26.637054,15.215607,2.3639245,12.52189216017723,653.5374698638916,0.13431637,0.19561656,0.2322655,26.505035,23.899597
Morocco,2010,8,26.935364,15.284729,2.20747,26.469740092754364,601.5071277618408,0.14360721,0.18990125,0.22029707,27.046173,25.572449
Morocco,2010,9,23.011261,14.1727295,2.3681839,20.947410464286804,487.3879051208496,0.14222407,0.18805277,0.20679832,24.345367,24.715973
Morocco,2010,10,17.366943,11.217194,2.4638152,90.33638095855713,377.3040008544922,0.2251561,0.2466654,0.21047686,18.349335,20.269348
Morocco,2010,11,12.882294,7.729553,2.7792552,106.85754060745239,271.2867736816406,0.23896262,0.26253724,0.22038153,13.559601,15.870056
Morocco,2010,12,12.043335,6.533722,3.0958383,58.27791929244995,242.4782314300537,0.2747779,0.29663646,0.2721663,11.895264,13.8281555
Morocco,2011,1,9.970703,4.6831055,2.4207087,42.19113492965698,278.80437564849854,0.24014264,0.27229032,0.27022877,10.056,11.648621
Morocco,2011,2,9.489258,3.743103,2.621468,40.35181140899658,350.4664192199707,0.25444844,0.2784809,0.27142626,9.222412,10.220276
Morocco,2011,3,12.037598,5.6941223,2.695399,57.45156383514404,464.2766008377075,0.24047983,0.2655352,0.26479876,11.646393,11.479584
Morocco,2011,4,17.038055,9.238068,2.8150475,72.96775102615356,532.7613830566406,0.21029782,0.2329096,0.24629928,16.753998,15.440491
Morocco,2011,5,19.288177,12.100708,2.69896,80.73500061035156,564.0846061706543,0.25436014,0.27503952,0.24372594,18.393616,16.787354
Morocco,2011,6,23.260101,13.412537,2.2709975,39.35850977897644,646.2274932861328,0.18539672,0.23849383,0.22585844,22.407501,19.986786
Morocco,2011,7,25.343994,13.363037,2.5440328,3.8085770681500435,669.1508178710938,0.124629475,0.1995022,0.22062384,25.816437,23.967682
Morocco,2011,8,26.209106,14.540894,2.3301814,12.007537513971329,599.9605808258057,0.12526408,0.18812889,0.21384867,26.830872,25.380188
Morocco,2011,9,22.783264,13.739868,2.2962298,12.3721182346344,501.7924690246582,0.13174023,0.18724172,0.20665894,23.805939,23.974731
Morocco,2011,10,18.655762,9.968475,2.2959812,42.97874319553375,405.19296169281006,0.15698342,0.1874914,0.19591533,19.945404,21.538452
Morocco,2011,11,12.920044,7.6003723,2.744924,95.85621356964111,275.8651542663574,0.2773656,0.28087607,0.2160044,13.542389,16.234009
Morocco,2011,12,9.345825,4.588318,1.9799792,11.711611151695251,275.97933769226074,0.24770352,0.27129194,0.23144995,9.470428,12.098785
Morocco,2012,1,8.297638,2.3256836,2.143522,33.16983902454376,304.00642108917236,0.2181922,0.24061678,0.22208203,8.170013,10.025757
Morocco,2012,2,7.3684998,0.56921387,2.555393,14.648038625717163,374.4817600250244,0.2092558,0.23780268,0.21548353,7.350769,8.490631
Morocco,2012,3,12.735474,4.5547485,2.5914474,32.69911515712738,495.33924674987793,0.16282815,0.20212072,0.20963468,12.486877,11.437775
Morocco,2012,4,12.943726,6.9068604,3.1033597,72.13819026947021,516.4318084716797,0.25114733,0.26136535,0.21259952,13.088013,12.742401
Morocco,2012,5,20.287994,8.827301,2.6284025,10.623774975538254,646.3866710662842,0.15805732,0.2147928,0.20727532,19.572266,16.894348
Morocco,2012,6,24.03949,12.587494,2.5257375,7.038949728012085,657.8963470458984,0.12944208,0.1943276,0.21175705,24.045929,21.212067
Morocco,2012,7,25.993378,12.633301,2.4890256,4.864266887307167,674.405387878418,0.12068025,0.18522583,0.210887,26.31128,24.302338
Morocco,2012,8,27.027893,12.443939,2.3620791,5.504339724779129,615.689287185669,0.11807425,0.1829403,0.20990774,27.37146,25.770782
Morocco,2012,9,22.404175,12.785706,2.3913245,35.75584530830383,484.405574798584,0.13467622,0.18218964,0.204217,23.88861,24.348846
Morocco,2012,10,18.497253,11.723541,2.570902,92.49684453010559,369.9696989059448,0.20861967,0.21945526,0.19213858,19.209015,20.826172
Morocco,2012,11,13.928131,9.77417,2.8654153,123.55397701263428,252.30843544006348,0.32454047,0.32548198,0.25423124,14.487061,16.949738
Morocco,2012,12,10.00238,4.944824,2.0572984,21.44143557548523,266.39788341522217,0.2846063,0.30956417,0.27789828,9.882294,12.264252
Morocco,2013,1,9.667908,4.443451,2.8907456,70.51393127441406,264.95637702941895,0.26350486,0.286262,0.27064228,9.073944,10.573853
Morocco,2013,2,9.312836,3.2197876,3.0336342,41.490315437316895,329.565860748291,0.2500257,0.27954063,0.26975417,9.27124,10.345337
Morocco,2013,3,13.12677,7.4484253,3.6446853,114.53056335449219,409.37622451782227,0.28056666,0.2997254,0.27655587,12.066467,11.5894165
Morocco,2013,4,15.144562,7.91687,2.9466434,35.95833778381348,563.8212776184082,0.2151685,0.26343235,0.26731992,15.385529,14.347931
Morocco,2013,5,16.689575,8.044037,2.7424912,31.20599389076233,630.6117267608643,0.17731448,0.21465705,0.23550223,16.99942,15.92514
Morocco,2013,6,21.405762,10.23349,2.7410884,5.010678917169571,678.065357208252,0.13154897,0.19499223,0.22015372,21.378693,18.851074
Morocco,2013,7,25.312225,13.703644,2.422556,6.480522736907005,671.5388717651367,0.11996522,0.18045405,0.2079873,25.676453,23.259491
Morocco,2013,8,26.309326,13.520416,2.3680313,10.951847463846207,609.8408374786377,0.11914601,0.17632894,0.19973269,27.00064,25.3768
Morocco,2013,9,21.952972,14.266083,2.2888887,41.88260078430176,457.87739753723145,0.17322588,0.1915183,0.18553557,22.817383,23.139252
Morocco,2013,10,19.797699,10.97934,2.1704206,16.00555384159088,407.47443771362305,0.14342055,0.1824115,0.1747766,20.91214,21.744904
Morocco,2013,11,12.654144,5.6385193,2.4476805,59.0759539604187,296.3298225402832,0.19197485,0.20116484,0.17044756,14.032074,17.06717
Morocco,2013,12,9.43866,3.95755,2.5988135,39.69197988510132,265.55256271362305,0.23424903,0.24079534,0.17247774,9.575348,12.090759
Morocco,2014,1,9.891235,4.5401,2.7908764,79.34578537940979,250.87798690795898,0.26200604,0.2631508,0.1818242,9.428436,11.050537
Morocco,2014,2,10.532623,4.9510803,2.922574,42.227365016937256,320.90897369384766,0.26983818,0.28701296,0.21195711,10.006378,10.713409
Morocco,2014,3,12.13974,5.3315735,3.0155063,34.28522968292236,461.1669807434082,0.20436555,0.23996063,0.21193375,11.985168,11.872925
Morocco,2014,4,16.766052,8.196106,2.730305,34.69559669494629,573.252124786377,0.19302253,0.23435074,0.2068157,16.340118,14.647797
Morocco,2014,5,19.83554,9.7743225,2.5364156,22.014487504959106,652.9689559936523,0.15207595,0.19757897,0.20072405,20.287933,18.528168
Morocco,2014,6,21.520447,11.044189,2.6037161,17.448906898498535,633.1465530395508,0.13826504,0.18960834,0.19389857,21.90097,20.014435
Morocco,2014,7,24.432556,12.820435,2.3701482,5.466451734304428,669.9719257354736,0.11918144,0.18302962,0.18865463,25.095367,22.929749
Morocco,2014,8,25.642517,13.144592,2.3740773,5.653307154774666,624.6804389953613,0.11437945,0.18108283,0.18995588,26.242218,24.646301
Morocco,2014,9,22.68692,13.828735,2.259569,30.056297779083252,464.78668212890625,0.14419447,0.18039812,0.18151465,23.86554,24.200684
Morocco,2014,10,20.543518,9.724426,2.3321333,19.44587206840515,413.06169033050537,0.15177953,0.18652257,0.16230194,20.778656,21.48767
Morocco,2014,11,14.217529,8.827789,3.0465927,125.28767108917236,239.72246646881104,0.25954252,0.2491292,0.16352464,14.921997,17.629578
Morocco,2014,12,9.553131,4.8569946,2.5966818,45.353323340415955,257.85929584503174,0.2850407,0.29892904,0.21389583,9.812653,12.719849
Morocco,2015,1,8.947113,2.7305298,2.7933707,59.6476149559021,273.2219123840332,0.24087012,0.257625,0.20856574,8.697845,10.924316
Morocco,2015,2,8.579437,3.9552002,3.2794096,55.1026930809021,294.1614990234375,0.28589895,0.28486568,0.21848069,8.469421,9.957764
Morocco,2015,3,12.299561,5.674103,2.4231002,52.41507935523987,478.3544588088989,0.22610314,0.26124033,0.21492247,11.947296,11.706512
Morocco,2015,4,16.59494,9.53363,2.6318944,41.52205467224121,547.8743362426758,0.21790609,0.2574763,0.21437469,16.586548,14.844238
Morocco,2015,5,20.844727,9.934204,2.671811,50.852782249450684,643.4369029998779,0.17105372,0.20845859,0.19524482,20.849945,18.778717
Morocco,2015,6,22.55777,12.277527,2.5603604,17.853060364723206,631.7379570007324,0.1627378,0.21324025,0.17905337,22.497345,20.20337
Morocco,2015,7,27.311493,13.74939,2.310783,9.009240299463272,665.3206367492676,0.12560165,0.18980634,0.18423408,27.539673,24.773071
Morocco,2015,8,25.797485,15.590912,2.400574,17.036558032035828,585.6396484375,0.13325769,0.18657313,0.18590707,26.678802,25.578857
Morocco,2015,9,21.709747,13.203766,2.1805692,26.327521204948425,481.5442657470703,0.13695052,0.181029,0.17736079,23.242096,23.737427
Morocco,2015,10,19.011658,12.591553,2.138032,55.6473046541214,372.9120168685913,0.20707838,0.20330648,0.15806882,19.467712,20.945068
Morocco,2015,11,13.578888,6.560608,2.1564364,17.662233710289,319.1503715515137,0.18258874,0.21378547,0.15579642,14.442505,17.126953
Morocco,2015,12,12.302063,2.2990112,1.9994792,0.6555724069476128,283.6260118484497,0.12796377,0.18131143,0.15260443,12.401123,14.273468
Morocco,2016,1,12.011536,5.08902,2.4805808,23.251866221427917,285.6875915527344,0.16357574,0.18121454,0.15052685,11.88855,13.322937
Morocco,2016,2,11.245514,4.4042664,3.2757528,58.23584818840027,329.10208225250244,0.18833917,0.1914416,0.15043658,11.521973,12.722473
Morocco,2016,3,11.444,4.255829,2.7157426,39.16614520549774,475.19990158081055,0.21093686,0.22400796,0.1535263,11.300446,11.686371
Morocco,2016,4,15.474426,7.6089478,2.6438181,28.337459564208984,556.1494445800781,0.17886688,0.21101578,0.1557023,15.683533,14.3785095
Morocco,2016,5,18.700378,9.885681,2.9136162,61.67518138885498,601.4458713531494,0.19752418,0.22354953,0.15893908,18.735748,17.159119
Morocco,2016,6,23.414734,10.909729,2.6698935,6.786735355854034,668.4262275695801,0.12322442,0.18327296,0.15885161,23.751373,21.037384
Morocco,2016,7,27.06366,14.06488,2.4841847,11.40363010764122,653.0959625244141,0.124542385,0.17977698,0.16319054,27.311005,24.47641
Morocco,2016,8,26.8143,13.909882,2.4821603,11.73973935842514,606.2615356445312,0.1227755,0.17659652,0.1621611,27.744293,26.139435
Morocco,2016,9,22.969513,12.646118,2.3749776,14.743434190750122,491.25383377075195,0.13030653,0.17625138,0.16152667,24.568085,24.942017
Morocco,2016,10,19.890503,10.512878,2.3699138,25.91462790966034,406.45726203918457,0.14945272,0.1829035,0.15367094,20.869446,21.949402
Morocco,2016,11,13.027191,6.0875244,2.7668445,69.6300745010376,276.7407703399658,0.19262262,0.19196634,0.1450318,14.439117,17.784729
Morocco,2016,12,10.084808,6.2761536,2.3935056,81.90435647964478,245.40007638931274,0.3144215,0.2999465,0.18702216,10.5442505,13.4001465
Morocco,2017,1,7.962921,1.9413147,2.5896232,35.92703151702881,291.42987728118896,0.2334933,0.2548675,0.18952997,7.9386597,10.156372
Morocco,2017,2,11.866394,6.1376038,2.7324984,58.569010734558105,319.26578521728516,0.2500571,0.26698494,0.1900575,11.132721,11.3194275
Morocco,2017,3,13.318878,5.8092346,2.675652,26.641957223415375,493.14625549316406,0.20819665,0.24424507,0.19224426,13.061279,12.813477
Morocco,2017,4,17.385132,7.752716,2.6105688,32.10206866264343,575.2385330200195,0.16132048,0.20696807,0.18536565,17.62561,15.851868
Morocco,2017,5,21.023315,10.688446,2.7511244,12.33474987745285,630.5957622528076,0.14943603,0.19796483,0.17405553,21.241669,18.972137
Morocco,2017,6,25.205688,12.07135,2.5976734,11.070214211940765,656.1677742004395,0.12758367,0.18352221,0.17190078,25.623444,22.90332
Morocco,2017,7,26.72815,11.101593,2.6023161,3.8504832088947296,676.565149307251,0.112182744,0.17797525,0.17124718,27.15503,24.990051
Morocco,2017,8,26.941986,13.520355,2.369157,23.901411056518555,583.9419708251953,0.12506092,0.17651759,0.17012705,27.96518,26.70694
Morocco,2017,9,22.959503,11.4539795,2.332521,7.760872542858124,515.9709548950195,0.12206464,0.17773834,0.1588207,24.266235,24.671356
Morocco,2017,10,20.493103,8.4783325,2.3021128,18.89449232816696,423.75637340545654,0.13334277,0.16805887,0.1445034,21.496735,22.693817
Morocco,2017,11,14.134338,2.310608,2.2613964,28.491345047950745,320.80821990966797,0.12466303,0.16134828,0.13675301,15.40567,18.188812
Morocco,2017,12,9.167908,3.3595276,2.4842544,40.738486647605896,261.51800632476807,0.23255828,0.22002351,0.13570046,9.688446,13.193085
Morocco,2018,1,9.330139,4.1491394,2.7096984,64.6446316242218,269.23557472229004,0.25286853,0.25420249,0.15839414,9.462952,11.588776
Morocco,2018,2,9.013275,3.8740234,2.64462,52.62697219848633,328.2921600341797,0.2640554,0.26435834,0.17446777,8.841156,10.117584
Morocco,2018,3,12.514557,6.99292,4.1252174,138.4847903251648,397.83344173431396,0.28132024,0.29448852,0.2135699,12.016785,12.039673
Morocco,2018,4,14.40802,8.365051,3.1710742,89.36752080917358,493.05158615112305,0.2587816,0.27762088,0.2241886,14.325836,13.491852
Morocco,2018,5,16.403473,9.84259,2.4379375,47.58094871044159,587.7378578186035,0.22228971,0.2545649,0.21636131,16.57248,15.38739
Morocco,2018,6,20.853058,12.053467,2.5778525,6.585074812173843,630.3952789306641,0.14574035,0.20797868,0.20276679,21.15216,18.733734
Morocco,2018,7,25.207062,12.715271,2.3493872,2.2167188301682472,668.8774108886719,0.117313236,0.18797487,0.19634394,25.509491,22.833557
Morocco,2018,8,25.876373,14.264893,2.2504408,16.76732510328293,606.4020233154297,0.12858634,0.1822042,0.18763712,26.568787,24.908997
Morocco,2018,9,23.204742,14.928955,2.239756,44.93667125701904,456.4111804962158,0.17029521,0.19293965,0.17761162,23.751343,23.701508
Morocco,2018,10,17.430054,10.730225,2.6099072,111.70692229270935,351.9816303253174,0.21459496,0.21172254,0.16263391,18.746216,20.796082
Morocco,2018,11,12.61911,8.1698,2.5320227,58.60319495201111,271.50014877319336,0.2920026,0.29286516,0.2082693,12.802307,15.346771
Morocco,2018,12,11.344727,4.574646,1.9986852,6.477078080177307,288.80815029144287,0.2134987,0.25475845,0.2134167,11.083191,13.103882
Morocco,2019,1,8.730774,1.8109436,2.4781804,33.38654613494873,288.8317127227783,0.1911073,0.22439712,0.19856824,8.632294,10.484558
Morocco,2019,2,10.935822,1.8959045,2.534518,20.021976947784424,367.5400276184082,0.19543032,0.23016137,0.1955539,10.678558,11.100128
Morocco,2019,3,13.596832,4.7922363,2.7903957,32.655197978019714,482.3201313018799,0.1577797,0.18931158,0.18178807,13.536285,12.939117
Morocco,2019,4,14.3160095,7.0181274,2.8199034,62.620017528533936,514.991340637207,0.23023759,0.22869945,0.1769724,14.327301,13.735565
Morocco,2019,5,20.277557,8.56665,2.696195,8.9874267578125,683.6208114624023,0.14323913,0.20172937,0.17527208,20.444855,17.918884
Morocco,2019,6,21.860107,10.432159,2.5994043,4.701521694660187,677.7224922180176,0.11869042,0.18046701,0.17216319,22.802795,20.653381
Morocco,2019,7,25.080536,13.750427,2.543447,6.293379992246628,660.29518699646,0.11979657,0.1844416,0.17608164,25.804474,23.548218
Morocco,2019,8,26.172302,14.030762,2.3220809,11.720796287059784,608.2941722869873,0.121860035,0.18237402,0.17806888,27.064423,25.40207
Morocco,2019,9,22.773376,13.009979,2.1889913,26.153916120529175,497.87841796875,0.14989106,0.18897982,0.16848506,23.659668,23.76535
Morocco,2019,10,18.59497,9.214783,2.252636,30.19622766971588,413.10322761535645,0.15574731,0.18489334,0.16090335,19.844818,21.55893
Morocco,2019,11,12.66272,7.3796387,3.0170658,65.40048122406006,260.17064094543457,0.23646699,0.2352906,0.16181383,13.523346,16.301392
Morocco,2019,12,11.36441,5.892029,2.6591012,50.90272676944733,255.48658561706543,0.26324382,0.27686715,0.19092315,11.379364,13.471588
Morocco,2020,1,8.994293,2.2391052,2.0766826,23.30295819044113,306.0021324157715,0.20445569,0.23262869,0.19030036,9.069336,11.13974
Morocco,2020,2,13.523315,4.574127,2.1472595,2.1537207439541817,387.39305686950684,0.15585542,0.20906967,0.18505327,12.989838,12.6458435
Morocco,2020,3,13.541077,6.327301,2.7522998,61.82358109951019,444.85760974884033,0.19634856,0.20631868,0.18130773,13.82196,13.918304
Morocco,2020,4,15.458405,9.569641,2.759801,78.04620265960693,494.5983123779297,0.24869202,0.25951356,0.1890343,15.375519,14.637604
Morocco,2020,5,20.118256,10.359192,2.6877189,46.19517767429352,644.6140785217285,0.19160983,0.23583885,0.19027609,19.818054,17.64627
Morocco,2020,6,22.361847,11.88623,2.6565394,12.873491942882538,652.0667839050293,0.14353727,0.20503566,0.18640855,22.77118,20.737762
Morocco,2020,7,27.773804,13.607056,2.3534129,7.521286711096764,664.8505706787109,0.12207444,0.19008264,0.18667367,27.769958,24.94754
Morocco,2020,8,26.601501,13.5780945,2.384949,7.678578227758408,617.2591304779053,0.121214725,0.18647417,0.18663464,27.438416,26.12793
Morocco,2020,9,23.671295,12.628967,2.374823,9.898861348628998,507.5085639953613,0.122517265,0.18039548,0.17716399,24.77951,24.901611
Morocco,2020,10,17.783173,8.417389,2.2912114,24.905722737312317,407.23429012298584,0.14763911,0.18372439,0.16471243,19.270996,21.267242
Morocco,2020,11,14.896881,6.6141663,2.4908242,32.33678340911865,306.556978225708,0.17145607,0.19231573,0.15554312,15.662384,17.95288
Morocco,2020,12,10.942139,6.656433,2.763342,52.84848988056183,237.5192413330078,0.25906453,0.24960068,0.16356607,11.375977,14.016846
Morocco,2021,1,9.50412,4.5440063,2.7839296,86.85989499092102,271.7305612564087,0.2682904,0.28375655,0.20350656,9.3324585,11.0494995
Morocco,2021,2,12.249695,4.57135,2.8828077,38.669920444488525,336.3965377807617,0.21737288,0.2556918,0.21411215,12.104492,12.67746
Morocco,2021,3,12.612488,6.191162,2.4903007,58.21175527572632,459.52650928497314,0.2523568,0.26467237,0.21196046,12.314301,12.443726
Morocco,2021,4,15.788147,9.404633,2.496533,63.30693483352661,514.3049240112305,0.2121039,0.24366243,0.20637,16.163727,15.151581
Morocco,2021,5,19.46759,10.142822,2.6126854,20.521081686019897,630.7674694061279,0.18198758,0.22707108,0.20099199,19.39206,17.522186
Morocco,2021,6,22.054321,12.540192,2.5339906,18.04222047328949,633.5892677307129,0.14882378,0.20128039,0.19651046,22.613342,20.704376
Morocco,2021,7,26.965698,11.942657,2.626892,3.787911206483841,675.1168727874756,0.115181476,0.1869554,0.19006614,26.858856,24.165833
Morocco,2021,8,26.10025,13.236603,2.415732,3.979071870446205,618.0913543701172,0.11868814,0.18885039,0.1918091,26.856567,25.552155
Morocco,2021,9,23.333801,13.581604,2.2697122,17.982501983642578,490.7757568359375,0.13739884,0.18427466,0.18490905,24.239532,24.380737
Morocco,2021,10,19.348114,8.907074,2.2774398,3.491124026477337,429.04251766204834,0.115728974,0.17386566,0.17114182,20.565887,21.886292
Morocco,2021,11,12.005859,5.264435,2.598838,36.71414852142334,293.5800075531006,0.17028734,0.18071091,0.15958413,13.546692,16.836182
Morocco,2021,12,11.319641,5.242798,2.4968562,40.602145314216614,261.9388484954834,0.21699882,0.23084779,0.16118346,11.035217,13.145569
Morocco,2022,1,10.068726,2.0714111,2.4439416,10.781927078962326,316.5762243270874,0.17658097,0.21490191,0.16613594,10.123322,11.99472
Morocco,2022,2,12.633972,3.8001099,2.3775072,14.85250449180603,352.1609306335449,0.13812232,0.17684701,0.15630156,12.610138,12.680817
Morocco,2022,3,12.103912,6.51651,2.9107401,93.48034691810608,415.79067516326904,0.2501982,0.23559907,0.1629148,12.270142,12.811981
Morocco,2022,4,14.217804,6.8285522,3.1405678,45.739978551864624,529.3569946289062,0.22492371,0.2566672,0.17989054,14.285675,13.832336
Morocco,2022,5,20.883484,8.743622,2.7093809,17.777377724647522,659.4685211181641,0.15150096,0.20457162,0.17126441,20.546997,17.859406
Morocco,2022,6,23.884338,12.01767,2.5716124,10.408567786216736,636.9430160522461,0.126398,0.18650022,0.17273146,24.502625,22.198395
Morocco,2022,7,27.66269,12.092865,2.4952395,5.7549150586128235,671.7590045928955,0.11616958,0.18240707,0.17390493,27.569489,24.739655
Morocco,2022,8,26.562439,13.325836,2.4318314,6.925416067242622,601.5134544372559,0.115490526,0.1806844,0.17182033,27.546997,26.260803
Morocco,2022,9,22.583008,13.150909,2.459807,16.77198350429535,468.7383556365967,0.13020292,0.18109591,0.16989733,24.193542,24.791656
Morocco,2022,10,21.29303,8.703613,2.5186753,21.79634654521942,409.5804224014282,0.14629847,0.18402913,0.15657607,21.179962,21.911224
Morocco,2022,11,15.748596,6.0565796,2.4131444,12.774884104728699,310.93488693237305,0.13068864,0.17272897,0.14626536,17.01764,19.463654
Morocco,2022,12,12.905518,6.9668884,2.8336291,84.4319224357605,244.12507390975952,0.23565453,0.24104188,0.1703114,12.990448,15.4566345
Morocco,2023,1,9.02066,3.2756958,2.3812215,24.37701666355133,288.6093626022339,0.1984723,0.2270162,0.1830127,9.91507,12.551331
Morocco,2023,2,10.574249,3.5890503,2.9056542,47.9088568687439,318.1229553222656,0.20295836,0.21805601,0.17641675,10.464264,11.327087
Morocco,2023,3,15.250824,6.027771,2.3184433,8.087449789047241,500.8413257598877,0.18241204,0.22563009,0.17699884,14.65918,13.676117
Morocco,2023,4,18.70169,5.65271,2.6598766,7.89225697517395,603.9085006713867,0.12540422,0.18573283,0.1696245,18.97168,17.20102
Morocco,2023,5,18.31137,9.226257,2.5394804,61.76933133602142,607.0814609527588,0.18056066,0.20369874,0.1701148,19.470825,19.01294
Morocco,2023,6,23.675049,13.146606,2.4620552,27.7963650226593,621.2648963928223,0.16995026,0.21555978,0.16546583,23.331573,20.569275
Morocco,2023,7,27.767242,12.524811,2.4997208,2.743415482342243,680.8739700317383,0.11320495,0.18386686,0.1656308,28.088623,25.572144
Morocco,2023,8,28.029053,11.307404,2.4569085,4.44262233376503,628.078987121582,0.10682522,0.174191,0.16030191,28.708893,27.05478
Morocco,2023,9,22.34375,13.609863,2.291837,25.89614689350128,483.99513244628906,0.14452536,0.17944081,0.15184444,23.733704,24.439209
Morocco,2023,10,20.351776,10.161102,2.4624038,35.44052052497864,394.14111709594727,0.1489981,0.1792087,0.14183977,21.501648,22.776276
Morocco,2023,11,14.672699,5.394806,2.2130995,7.8811463713645935,313.8749599456787,0.15619023,0.1959672,0.13987204,15.64093,18.29486
Morocco,2023,12,11.4019165,2.6278381,2.210372,10.603107959032059,279.85365772247314,0.15395571,0.18807052,0.1415488,12.088501,14.830078
Morocco,2024,1,12.306854,2.3083801,2.4237256,25.9694504737854,302.60999965667725,0.17440781,0.19330582,0.13963124,11.93515,13.251526
Morocco,2024,2,12.749329,4.643341,3.1313603,57.136565804481506,340.24075984954834,0.19346453,0.21181275,0.14324328,12.913666,13.87207
Morocco,2024,3,14.351654,6.455658,3.5285494,103.17400360107422,428.4600200653076,0.22177649,0.23587874,0.15394005,14.171112,14.05249
Morocco,2024,4,16.578094,7.027527,2.8333683,30.727940797805786,562.0985984802246,0.19252792,0.23123385,0.17076784,17.061798,16.34613
Morocco,2024,5,19.652008,9.503296,2.5599256,10.569238811731339,638.3773365020752,0.14702703,0.20187837,0.16338229,19.815155,17.905182
Morocco,2024,6,22.215027,12.383789,2.655616,17.513349652290344,616.3899421691895,0.13858432,0.19376527,0.16647401,23.1893,21.44989
Morocco,2024,7,27.273254,12.393982,2.4745054,3.0970341861248016,674.0253734588623,0.113710634,0.1834279,0.16173653,27.377777,24.542267
Morocco,2024,8,26.984283,14.507477,2.4135516,8.006651639938354,606.5383129119873,0.11727665,0.18238679,0.16287832,28.086578,26.670044
Morocco,2024,9,22.452728,14.224762,2.2004116,42.758402824401855,481.4300537109375,0.17207243,0.19691908,0.15890323,23.464142,24.238556
Morocco,2024,10,18.64154,12.076843,2.4932332,56.85224807262421,367.7568702697754,0.18688162,0.21211897,0.15309411,19.947723,21.60736
Morocco,2024,11,16.160309,8.206299,2.3909023,10.33301442861557,308.04253578186035,0.18635337,0.22307633,0.15301782,16.25299,17.912384
Morocco,2024,12,10.764008,2.9858704,2.1210017,7.91968110203743,275.3579339981079,0.14878272,0.19600593,0.1513436,11.973419,14.796509
Portugal,1985,1,6.514435,2.9277954,3.067683,158.29272413253784,201.14851474761963,0.35691875,0.35883632,0.34654304,6.5621033,8.207886
Portugal,1985,2,10.816254,7.7766724,3.5514126,187.92673110961914,207.4356288909912,0.36995065,0.3719745,0.3761099,10.244354,10.192017
Portugal,1985,3,9.928772,4.1875916,3.4828804,35.76795184612274,423.6087017059326,0.30021068,0.31677568,0.34211347,9.779938,9.92511
Portugal,1985,4,13.424866,7.741852,3.050885,121.3313341140747,491.5543556213379,0.30449247,0.30745938,0.3070542,13.117981,12.128632
Portugal,1985,5,14.04718,8.40509,2.9730043,67.96173119544983,565.2917003631592,0.27002764,0.2823146,0.29278857,14.597321,13.65802
Portugal,1985,6,19.511597,12.469574,2.544701,26.25968098640442,653.0375862121582,0.21781866,0.25244203,0.27753228,19.594757,17.235962
Portugal,1985,7,22.571655,13.481171,2.7549558,16.905309081077576,699.8830871582031,0.14017302,0.1855004,0.24428865,23.74887,21.67331
Portugal,1985,8,22.077972,11.323883,3.036684,1.461592748761177,670.953742980957,0.11497065,0.16264395,0.22565001,23.40805,22.234497
Portugal,1985,9,23.17218,13.001556,2.2310574,9.520299732685089,495.7684135437012,0.1183124,0.15300985,0.21113594,23.959656,23.155457
Portugal,1985,10,17.785858,9.303589,2.2409947,6.215119257569313,393.86522674560547,0.119822085,0.15779401,0.20814472,19.294525,20.592773
Portugal,1985,11,11.00708,7.081604,3.0319557,115.94076633453369,204.00175094604492,0.29137492,0.27287406,0.23624146,12.452667,15.34079
Portugal,1985,12,9.160156,6.1115417,3.0792763,122.52082920074463,176.54738521575928,0.33767733,0.33132327,0.2798566,9.590912,11.53421
Portugal,1986,1,7.7313232,4.7826233,3.0588667,66.06090521812439,207.61482048034668,0.33889842,0.34058225,0.32461682,8.142456,9.673004
Portugal,1986,2,8.469849,5.8624268,3.3733034,168.9650421142578,196.29091453552246,0.3633194,0.36209783,0.34395123,8.303833,8.777588
Portugal,1986,3,10.394897,5.7762756,2.8411427,40.33157277107239,412.98077392578125,0.3192445,0.33095565,0.34767142,10.37442,10.340668
Portugal,1986,4,9.492004,4.3868103,3.200589,75.00756025314331,475.1829242706299,0.30528867,0.30544198,0.3128208,10.180054,10.213043
Portugal,1986,5,16.886292,9.459137,2.93583,19.074105978012085,639.4816074371338,0.21128218,0.2496782,0.28570268,16.639008,14.298981
Portugal,1986,6,19.882935,10.2630005,3.0138807,13.574215471744537,702.8047370910645,0.13555747,0.17883015,0.2453807,20.946411,18.874298
Portugal,1986,7,23.834198,12.151398,2.8522613,1.0945926830172539,741.9858703613281,0.1180851,0.16404226,0.22908264,24.74295,22.113647
Portugal,1986,8,20.897522,11.588348,2.9414606,9.876382857561111,629.3693332672119,0.12259134,0.15848908,0.21874401,22.785614,22.26181
Portugal,1986,9,20.312012,14.12207,2.6308515,93.08725833892822,423.22360038757324,0.22996058,0.22653808,0.21813682,21.366577,21.53305
Portugal,1986,10,16.748474,12.205658,2.248414,53.498430132865906,340.32685947418213,0.25766397,0.25683463,0.21977215,17.617432,18.836578
Portugal,1986,11,11.188141,7.095154,2.539825,75.26999473571777,239.56159114837646,0.28559512,0.29146793,0.24267231,12.125702,14.402313
Portugal,1986,12,8.598999,5.275879,2.4834764,41.78034818172455,197.4577717781067,0.3067328,0.30762473,0.27507427,8.991669,11.0850525
Portugal,1987,1,7.677002,4.1947327,3.1886482,133.6390299797058,197.1619110107422,0.33780986,0.3380811,0.30786687,7.5959167,8.7789
Portugal,1987,2,9.054108,5.991211,2.9484088,95.28350925445557,236.86849212646484,0.36376008,0.36666456,0.3573603,8.878571,9.426453
Portugal,1987,3,12.416443,7.099182,2.7349591,34.5283077955246,443.27455139160156,0.29636505,0.3087104,0.33365846,11.989136,11.476501
Portugal,1987,4,13.834351,8.983093,3.2250247,110.97301483154297,469.1184139251709,0.3166861,0.3239566,0.32585183,13.439667,12.391754
Portugal,1987,5,16.718353,8.914215,2.7779322,14.756319999694824,650.116512298584,0.19955723,0.24102078,0.28986067,17.032593,15.552795
Portugal,1987,6,20.160278,11.384247,3.0483606,19.038909673690796,650.2082633972168,0.14781615,0.18819305,0.2522034,20.566528,18.299225
Portugal,1987,7,22.889465,14.073883,2.6876311,26.893540501594543,670.847785949707,0.15581395,0.16659796,0.2212554,24.155151,22.288666
Portugal,1987,8,23.31018,13.740173,2.6872938,39.80408251285553,613.1152172088623,0.13608454,0.16342759,0.21327125,24.738647,23.51062
Portugal,1987,9,22.74472,13.895569,2.458732,50.42475342750549,463.15961837768555,0.18559642,0.19602694,0.19733104,23.393677,23.133575
Portugal,1987,10,14.068634,10.715454,3.0956285,160.07761526107788,269.17715644836426,0.3146302,0.29210487,0.2353466,15.718414,18.0643
Portugal,1987,11,11.389954,7.737335,2.9408014,42.00601816177368,229.72264766693115,0.32611942,0.3312196,0.30312553,12.254883,14.585754
Portugal,1987,12,10.863556,8.792053,3.229255,170.0603108406067,157.79349327087402,0.3623575,0.36216247,0.35151327,10.912842,12.135376
Portugal,1988,1,9.367065,7.0776367,3.502857,143.37940502166748,167.74295902252197,0.36801735,0.36990014,0.36501274,9.338501,10.417297
Portugal,1988,2,9.180084,4.749298,3.3366559,50.346919536590576,279.3964214324951,0.34164214,0.34811503,0.36080804,9.217316,10.149384
Portugal,1988,3,11.708649,5.264496,2.8396862,11.558175414800644,481.2031478881836,0.22992949,0.2623131,0.30623955,11.158997,10.639343
Portugal,1988,4,12.718994,8.067261,3.139926,74.6290111541748,464.18829917907715,0.26762322,0.26805326,0.28319526,13.160828,12.569733
Portugal,1988,5,14.817505,10.132111,2.9098096,89.11201405525208,533.9445610046387,0.29746372,0.30700305,0.29899833,15.174042,14.172241
Portugal,1988,6,17.898315,12.718353,2.5189257,123.1525182723999,547.1939849853516,0.28292412,0.2847058,0.2822626,18.394806,17.016266
Portugal,1988,7,21.421967,14.006836,2.8893766,42.88397240638733,669.0948829650879,0.23038624,0.2696958,0.28584877,21.35431,19.3667
Portugal,1988,8,22.31955,12.60141,2.907258,0.8863345552235842,674.3652992248535,0.12475385,0.1842259,0.24987672,23.602142,22.302795
Portugal,1988,9,21.75653,9.975891,2.7052567,4.442900866270065,531.6427230834961,0.11656604,0.16525622,0.22963348,22.47586,22.045471
Portugal,1988,10,16.455933,10.911011,2.8770397,96.61162996292114,332.5794610977173,0.23556161,0.23846836,0.23273052,17.478485,18.838898
Portugal,1988,11,12.764221,9.290924,2.9868226,118.86043310165405,204.38900470733643,0.34582126,0.34038228,0.29626498,13.4687195,15.632263
Portugal,1988,12,7.894745,3.7669678,2.6804876,4.49371337890625,228.99027681350708,0.30077365,0.3109949,0.31532678,8.075684,10.439606
Portugal,1989,1,7.7655334,4.1012573,2.5066714,35.56828832626343,241.18418979644775,0.30409458,0.3061868,0.30487487,7.4425354,8.799103
Portugal,1989,2,10.049408,4.9248047,3.3695025,75.73686695098877,273.51338958740234,0.29969582,0.29884374,0.29018295,9.138489,9.303375
Portugal,1989,3,12.545959,6.5906982,3.0238774,34.02280938625336,453.3993606567383,0.25997224,0.27541536,0.28416714,12.110809,11.443665
Portugal,1989,4,11.074707,6.485077,3.8205667,83.82205724716187,439.77344512939453,0.3087923,0.30503473,0.28491014,11.6214905,11.440491
Portugal,1989,5,17.594696,10.826355,2.3002322,77.77928280830383,626.3126621246338,0.22663112,0.24291508,0.26595813,17.89743,15.872894
Portugal,1989,6,20.724457,12.6970825,2.6413126,21.39650523662567,686.5009689331055,0.20760466,0.24253117,0.25504574,20.867706,18.550873
Portugal,1989,7,25.297302,13.769684,2.622044,11.256710439920425,725.765811920166,0.1271133,0.17434786,0.22904304,25.76178,23.093994
Portugal,1989,8,23.201843,14.381714,2.5201528,15.740230739116669,603.5289440155029,0.13125753,0.16160943,0.21082415,25.071747,24.222443
Portugal,1989,9,20.05127,11.435547,2.504222,23.647271990776062,495.6001853942871,0.15969293,0.17497742,0.20828742,21.485046,21.976501
Portugal,1989,10,17.956451,11.503113,2.6751063,71.65679049491882,346.61046028137207,0.21887888,0.20919117,0.20587705,18.922638,20.159729
Portugal,1989,11,12.628357,9.939209,3.4426956,210.20316123962402,170.66685676574707,0.33553442,0.328935,0.2715739,13.702911,15.77002
Portugal,1989,12,11.822662,9.8168335,4.2283497,309.00396251678467,126.0513505935669,0.3859692,0.3887248,0.38547075,12.237122,13.795349
Portugal,1990,1,7.884033,4.9273376,2.6703603,82.40916752815247,210.34231233596802,0.34710866,0.35176864,0.36263046,8.262329,10.178467
Portugal,1990,2,11.712738,8.406494,2.7916079,22.776504278182983,268.0253601074219,0.3236628,0.33561522,0.35041872,11.15625,11.138245
Portugal,1990,3,12.983368,6.1622314,3.432124,40.81741118431091,443.19050121307373,0.2656909,0.28464624,0.3071592,12.516388,12.3063965
Portugal,1990,4,12.15918,6.657654,3.5785904,84.82045412063599,509.88733291625977,0.2888892,0.29317686,0.2913557,12.683777,12.482697
Portugal,1990,5,17.78836,10.452942,2.598066,22.399243235588074,644.6272640228271,0.20903507,0.24025969,0.27276376,17.666504,15.875824
Portugal,1990,6,19.85791,12.235504,2.8576756,11.674101054668427,678.5623741149902,0.14775293,0.19096656,0.2531693,21.177368,19.3237
Portugal,1990,7,24.63086,13.2317505,2.7816982,7.865454435348511,718.880615234375,0.12404394,0.17166528,0.23733252,25.286346,22.963776
Portugal,1990,8,23.942902,13.517853,2.5731082,15.512165546417236,653.4138927459717,0.13668849,0.17102012,0.2276641,25.516907,24.422363
Portugal,1990,9,21.149841,13.896393,2.3365493,34.38554763793945,468.9106750488281,0.15251853,0.17452094,0.22115988,22.581696,22.820923
Portugal,1990,10,15.426788,10.953064,3.4748466,169.1198091506958,278.3495349884033,0.2941584,0.27920496,0.23971725,16.829468,18.819672
Portugal,1990,11,10.550171,7.0319824,2.693314,67.94069766998291,243.98829460144043,0.3365031,0.33759087,0.30693066,11.648499,14.340179
Portugal,1990,12,7.7314453,4.353119,3.001708,47.63778901100159,177.96555089950562,0.33156472,0.3310875,0.3184538,7.9472046,9.896912
Portugal,1991,1,7.556549,4.017273,2.7936761,72.14349365234375,215.91713333129883,0.33606777,0.34013018,0.33568284,7.768097,9.348114
Portugal,1991,2,7.59433,4.0736694,3.088127,97.48090934753418,243.6942024230957,0.35293987,0.35041824,0.33791083,7.3923645,7.96817
Portugal,1991,3,11.25473,7.279999,3.345403,119.83488202095032,369.2798547744751,0.34953457,0.3562701,0.36035407,10.876892,10.29068
Portugal,1991,4,12.423828,6.310669,3.0334504,35.71345925331116,515.5118179321289,0.2615814,0.27891046,0.31242394,12.551147,11.847015
Portugal,1991,5,17.511047,6.488098,3.199159,9.473265171051025,707.8708400726318,0.15042797,0.20924059,0.27074257,17.441864,15.076019
Portugal,1991,6,20.764404,10.986694,3.1879044,14.538506269454956,706.3094902038574,0.1542364,0.18800204,0.24556917,21.304047,19.088196
Portugal,1991,7,23.638,12.533844,2.932196,9.735990345478058,700.5100784301758,0.1250584,0.16655524,0.2309717,24.826202,22.77475
Portugal,1991,8,24.616333,13.668884,2.5880182,10.36629831790924,636.8061332702637,0.12199504,0.16122219,0.2207235,25.617828,24.249664
Portugal,1991,9,21.267426,13.387817,2.5228775,34.43318724632263,474.4211483001709,0.15319523,0.16529244,0.2108266,22.7836,23.09372
Portugal,1991,10,14.091919,8.782532,2.7730265,75.5504822731018,334.2345371246338,0.25903195,0.24017905,0.20602743,15.438629,17.75299
Portugal,1991,11,11.117004,6.757324,3.1760068,65.66963911056519,225.1907730102539,0.27707455,0.2766806,0.2271312,11.72644,13.986389
Portugal,1991,12,9.038391,5.272339,2.5404885,44.04890847206116,188.44910335540771,0.31834915,0.31217825,0.26126742,9.286743,11.341156
Portugal,1992,1,6.1414795,1.8783264,2.8457012,37.924808621406555,247.6146936416626,0.29557228,0.3009099,0.2838319,6.25473,8.059784
Portugal,1992,2,8.951813,3.3728333,2.463763,30.738829851150513,295.2607469558716,0.26068458,0.26553267,0.2683649,8.214661,8.526398
Portugal,1992,3,12.209381,4.892517,3.262486,33.994993448257446,467.75680446624756,0.19221744,0.22717465,0.25289452,11.998199,11.192139
Portugal,1992,4,13.913727,6.5890503,3.3955112,60.27456521987915,565.8907127380371,0.2503575,0.27614862,0.26346952,13.709503,12.376068
Portugal,1992,5,17.949432,9.095215,3.2210267,60.42541539669037,628.4761486053467,0.1729346,0.19720954,0.24129479,18.482025,16.749237
Portugal,1992,6,17.182648,10.579834,2.9550576,46.06500506401062,590.5363082885742,0.23303702,0.24392642,0.23679724,17.889801,16.784973
Portugal,1992,7,23.81363,12.827881,2.8293226,4.662067338824272,722.8231983184814,0.12881568,0.1805309,0.22248498,24.285889,21.592651
Portugal,1992,8,22.950073,12.835297,2.9399586,30.67655611038208,607.6124877929688,0.13428567,0.1612313,0.2088479,24.478088,23.619995
Portugal,1992,9,19.371521,10.706116,2.6823077,33.41336488723755,497.22644805908203,0.16152038,0.17862721,0.20322844,20.75119,21.284882
Portugal,1992,10,13.466583,9.100708,3.0349061,85.89697647094727,305.8504695892334,0.26920584,0.25380033,0.20917585,14.953217,16.910889
Portugal,1992,11,12.492859,9.228729,2.4319494,25.70438861846924,236.63025856018066,0.27517417,0.2831442,0.2443096,12.727753,14.357727
Portugal,1992,12,9.483429,6.3298645,3.5114272,94.63463997840881,175.04188776016235,0.32568157,0.31846103,0.2786795,9.947632,11.790436
Portugal,1993,1,7.497528,3.9062195,2.1793516,29.963234543800354,239.68463468551636,0.29824507,0.30471668,0.2954934,7.1896973,8.785278
Portugal,1993,2,9.29129,3.159607,3.2364194,24.72686767578125,313.4211120605469,0.28851408,0.29803053,0.28488255,8.692413,9.164154
Portugal,1993,3,11.527069,5.482849,2.804351,34.52175569534302,425.79016304016113,0.24807374,0.25722212,0.2635473,10.907074,10.283142
Portugal,1993,4,11.913269,6.24765,3.17597,92.18948364257812,499.2942237854004,0.24437821,0.2431912,0.25066003,12.781738,12.317108
Portugal,1993,5,14.204498,9.799438,2.8356037,132.84764862060547,521.034595489502,0.3301613,0.32454693,0.27785286,14.428253,13.46228
Portugal,1993,6,19.498474,12.577118,2.670029,39.935370683670044,626.5669441223145,0.23571052,0.26210868,0.28103748,19.505615,17.282104
Portugal,1993,7,23.34085,11.754486,3.2268069,2.3237519413232803,742.8542213439941,0.13424061,0.19204915,0.24676448,23.638306,21.157593
Portugal,1993,8,22.304993,12.576691,2.7400303,18.15951704978943,621.0826892852783,0.13697189,0.17033805,0.22689332,23.654602,22.824402
Portugal,1993,9,17.129883,11.393646,3.154449,62.34661817550659,412.3158931732178,0.21146156,0.21566579,0.22484654,18.749786,19.811157
Portugal,1993,10,13.107391,9.230896,3.7983387,206.4332399368286,283.61965560913086,0.32398862,0.314778,0.28125802,13.980804,15.732178
Portugal,1993,11,10.526123,7.444275,2.639288,97.56229162216187,220.82822799682617,0.34474424,0.3479334,0.33678326,10.942993,12.757751
Portugal,1993,12,9.238281,6.884674,2.5735633,18.2369966506958,171.7191710472107,0.31795415,0.32341978,0.32899946,9.2899475,10.561554
Portugal,1994,1,8.100098,4.4255066,3.3374763,102.4095106124878,215.69187116622925,0.3371573,0.34186998,0.34015694,8.14566,9.4496155
Portugal,1994,2,8.459473,4.9772034,3.1827497,105.38903427124023,246.9357452392578,0.34226298,0.340954,0.33144426,8.015747,8.362579
Portugal,1994,3,13.639465,7.9754333,2.5249715,10.8313108086586,484.58055782318115,0.26483315,0.29261503,0.31982115,12.731964,11.6119995
Portugal,1994,4,12.624939,5.040558,3.4781122,39.49170112609863,544.3441772460938,0.21786724,0.23860365,0.28078464,12.840759,12.2734375
Portugal,1994,5,15.324402,9.687286,3.4115794,142.3567452430725,554.9170761108398,0.26996437,0.28071117,0.2749301,15.880493,14.822388
Portugal,1994,6,21.00235,11.181946,3.0274177,9.65024471282959,718.7266731262207,0.16933191,0.22402668,0.2698854,20.94928,18.463776
Portugal,1994,7,22.54187,13.083405,2.9063816,5.396358951926231,726.3007411956787,0.12631385,0.17615698,0.24035066,24.043274,22.04721
Portugal,1994,8,22.328522,13.475494,2.817016,12.1019766330719,644.8411293029785,0.13106313,0.1745625,0.22946677,23.723938,22.667969
Portugal,1994,9,18.23117,10.401794,3.0797944,18.239513039588928,471.01375579833984,0.1484142,0.17608666,0.22513708,19.938843,20.904785
Portugal,1994,10,16.277588,12.285339,2.4508889,75.25892305374146,309.29088020324707,0.26208958,0.2366443,0.22634576,17.094421,18.3042
Portugal,1994,11,12.870972,9.755188,2.6122096,83.34089040756226,226.49198055267334,0.31354508,0.31136364,0.26982734,13.094421,14.851898
Portugal,1994,12,9.893433,6.967804,2.588709,60.83202624320984,179.32451486587524,0.30409592,0.30292147,0.28298265,10.038879,12.023987
Portugal,1995,1,9.136597,5.3229675,3.1592698,69.07205533981323,210.21064949035645,0.3125227,0.3121492,0.2941463,8.773529,9.728668
Portugal,1995,2,10.572845,6.826782,3.1791093,79.08301162719727,262.7936248779297,0.32611892,0.32896176,0.3093248,10.553528,11.005341
Portugal,1995,3,12.604523,5.4067383,3.1643758,25.23373979330063,462.14338779449463,0.25231743,0.2770697,0.29174826,11.75412,11.123627
Portugal,1995,4,15.121338,5.5520325,2.9252527,32.40989327430725,584.7615051269531,0.15928693,0.19169308,0.24393068,15.765228,14.858154
Portugal,1995,5,18.122742,10.292236,3.0297093,38.310739517211914,623.2179126739502,0.19925044,0.21599369,0.2342161,18.350464,16.5831
Portugal,1995,6,20.522156,12.065552,2.5223496,32.03190207481384,676.1732482910156,0.15882555,0.18228142,0.22541559,21.859772,19.949493
Portugal,1995,7,23.329926,13.736603,2.8384368,21.54873776435852,678.9954204559326,0.15395868,0.18613845,0.2148627,23.967957,21.998169
Portugal,1995,8,23.971466,13.253967,2.8286889,3.921950250864029,648.7200317382812,0.11541711,0.16154249,0.20710458,25.259888,23.944061
Portugal,1995,9,18.498749,10.954681,3.146101,35.65088152885437,456.7063236236572,0.1741015,0.18272054,0.20277134,20.169617,21.399628
Portugal,1995,10,18.56607,11.876587,2.6005747,54.144471645355225,363.68834495544434,0.17360193,0.18630125,0.19873467,19.351898,20.067627
Portugal,1995,11,13.805908,10.459808,2.9222178,149.89392757415771,192.37189292907715,0.32220933,0.30753186,0.24459039,14.781708,16.840515
Portugal,1995,12,10.787079,8.320221,3.8281276,235.2325472831726,149.12189769744873,0.36238173,0.35960987,0.31897604,10.9401245,12.557068
Portugal,1996,1,9.674713,7.6903076,3.9200904,290.7818069458008,146.76040697097778,0.38871926,0.39151764,0.3900444,10.278259,11.869629
Portugal,1996,2,7.884674,3.8315125,3.3948066,71.92775130271912,271.1147766113281,0.35324612,0.35767347,0.3687252,8.138153,9.534302
Portugal,1996,3,11.340546,6.666748,3.1030393,89.70678806304932,410.57959365844727,0.34040573,0.34193987,0.33473763,10.606964,10.196289
Portugal,1996,4,14.2170105,8.37561,2.6762216,43.86103391647339,531.0539817810059,0.273732,0.29003626,0.3133754,14.195374,13.272949
Portugal,1996,5,15.589905,10.146118,3.1061876,108.9119656085968,602.691930770874,0.30410922,0.31111553,0.2983422,15.609161,14.305176
Portugal,1996,6,22.209778,11.400299,2.89253,5.4793524742126465,724.0346717834473,0.13877937,0.20036171,0.26279065,22.395844,19.836395
Portugal,1996,7,23.404297,12.035767,3.0624478,7.089802920818329,718.7047691345215,0.11877844,0.16474827,0.23013726,24.569092,22.583008
Portugal,1996,8,21.082855,12.925262,2.9872124,9.43481731414795,615.0048236846924,0.13148294,0.16558103,0.22321239,23.009705,22.639587
Portugal,1996,9,18.545654,11.627258,2.8295913,45.37808060646057,459.0476417541504,0.18960313,0.18444133,0.21583587,19.787476,20.455841
Portugal,1996,10,15.91153,9.905212,2.5940678,45.10170125961304,364.22714710235596,0.21626423,0.22641632,0.2111781,16.83133,18.10202
Portugal,1996,11,11.632599,7.7048035,3.0741787,77.50835180282593,225.34921646118164,0.2788082,0.27943465,0.23180474,12.439514,14.50415
Portugal,1996,12,9.415253,7.0719604,3.5144365,229.30433416366577,154.70916509628296,0.35917562,0.35489404,0.31463224,9.992645,11.82312
Portugal,1997,1,8.340607,5.879883,2.8367174,122.8253448009491,193.08014106750488,0.3696102,0.37339482,0.37809527,8.286682,9.512024
Portugal,1997,2,11.376709,7.676117,2.3183873,13.30566418170929,279.6346778869629,0.31135267,0.32407483,0.34992236,10.546661,10.542847
Portugal,1997,3,15.804504,5.5346985,2.4726226,0.8321583550423384,533.5157661437988,0.16890515,0.2255724,0.2865837,14.606964,13.389893
Portugal,1997,4,16.63321,8.666687,2.6026552,51.16298317909241,530.299015045166,0.19334726,0.19816524,0.24323231,16.818146,15.632111
Portugal,1997,5,15.8307495,10.159637,3.2330515,112.77158498764038,548.9635562896729,0.243514,0.23872463,0.23602118,16.727966,16.115631
Portugal,1997,6,17.711914,11.54306,3.4261248,58.521026372909546,599.805965423584,0.24885067,0.26962984,0.25789326,18.493378,17.643677
Portugal,1997,7,22.354523,13.329224,2.6690488,28.750094532966614,681.7419662475586,0.16249955,0.19582194,0.23575328,22.569824,20.329987
Portugal,1997,8,22.112,14.316986,2.613185,36.536033153533936,607.0089702606201,0.1620315,0.18204428,0.22365835,23.751953,22.961304
Portugal,1997,9,21.429413,14.036438,2.2312884,37.40188479423523,476.0761070251465,0.16847222,0.18597208,0.21552499,22.410278,22.15216
Portugal,1997,10,17.734344,12.6315,3.0123856,119.9406099319458,329.8652582168579,0.27155373,0.2634654,0.21855287,18.613495,19.826965
Portugal,1997,11,12.424225,10.1623535,3.6669855,267.6127624511719,175.50653457641602,0.37733838,0.3766007,0.33848703,13.384888,15.433258
Portugal,1997,12,9.894318,7.626953,2.956247,157.1896800994873,152.92297315597534,0.37001026,0.37233967,0.37520012,10.545532,12.353516
Portugal,1998,1,9.300568,6.716614,2.9175901,75.80126547813416,189.20166730880737,0.35808983,0.36162323,0.37042227,9.503052,10.984161
Portugal,1998,2,11.667999,7.385742,2.8632731,49.61211013793945,292.42001724243164,0.3347437,0.3443509,0.35851297,10.909637,10.989105
Portugal,1998,3,13.775757,6.2999573,2.7409039,43.65350604057312,480.0826759338379,0.22152251,0.25471604,0.30103078,13.050568,12.404602
Portugal,1998,4,11.566345,7.275818,3.9240355,101.62070989608765,443.3639717102051,0.3146557,0.31137863,0.29521748,12.234619,12.355255
Portugal,1998,5,15.661163,10.740387,2.7721066,109.62353920936584,571.119514465332,0.29893503,0.29722083,0.28918427,16.200165,15.034363
Portugal,1998,6,20.220337,12.1094055,3.1049564,22.832372188568115,707.101879119873,0.20875046,0.25777176,0.2866368,20.216644,18.003723
Portugal,1998,7,23.32483,13.210541,3.0258572,7.433210298418999,730.9310398101807,0.13352206,0.18457408,0.24759653,24.19815,22.008575
Portugal,1998,8,24.640076,13.385773,2.497491,7.1040748953819275,655.9960041046143,0.12100312,0.16742809,0.22972308,25.893616,24.327576
Portugal,1998,9,19.773804,13.648682,3.1040895,90.4322862625122,424.0679168701172,0.19308299,0.1997506,0.22653191,21.664032,22.454865
Portugal,1998,10,15.511169,9.69281,2.5297647,19.92811107635498,365.7364435195923,0.23862502,0.26084563,0.2437067,16.303741,17.964447
Portugal,1998,11,11.915894,7.379303,2.7183523,32.91557550430298,242.63957977294922,0.2472167,0.25290367,0.24493158,12.865875,15.133118
Portugal,1998,12,7.6660156,3.2100525,2.403018,56.73953938484192,213.0679121017456,0.22118697,0.23541489,0.24388815,7.9849854,10.4039
Portugal,1999,1,7.9246216,4.090149,2.728018,61.04217755794525,227.11527490615845,0.32871798,0.32391354,0.26664585,7.544159,8.870331
Portugal,1999,2,8.694794,2.9028015,2.8724012,15.509243488311768,311.52862548828125,0.25092304,0.26707292,0.26456413,8.172211,8.684418
Portugal,1999,3,11.613983,6.174225,3.352988,70.01140403747559,409.8514051437378,0.273641,0.26931387,0.2527674,11.076874,10.562286
Portugal,1999,4,14.113586,6.95874,3.3332531,65.2090573310852,543.7970352172852,0.22271799,0.23266594,0.23619297,14.491547,13.388855
Portugal,1999,5,16.824951,10.643311,2.985342,64.98262095451355,594.6156635284424,0.26099455,0.27206832,0.25103784,16.7789,15.136353
Portugal,1999,6,20.776276,11.199097,2.973834,10.01047968864441,702.4563789367676,0.14717932,0.19309062,0.2296914,21.47107,19.138489
Portugal,1999,7,23.555023,13.393311,2.922713,9.92298573255539,724.0722141265869,0.12376687,0.16731083,0.21713682,24.92154,22.735596
Portugal,1999,8,22.060028,14.0121155,2.9214983,29.807405054569244,619.6767482757568,0.15292871,0.1803664,0.20934935,23.464325,22.677246
Portugal,1999,9,19.195587,13.321838,2.8932095,96.80743217468262,436.0741424560547,0.2196699,0.2199966,0.21125636,20.80658,21.597656
Portugal,1999,10,15.720276,11.3927,3.075071,180.42922925949097,305.46670055389404,0.3005563,0.30250037,0.24633694,16.554626,17.945496
Portugal,1999,11,10.111725,5.4293213,2.9755702,29.563245177268982,266.67162895202637,0.2958475,0.30688086,0.30484092,10.94931,13.634155
Portugal,1999,12,9.031097,6.3754883,2.9368715,67.63259625434875,175.51226425170898,0.3276927,0.3254743,0.31046692,9.303009,10.785889
Portugal,2000,1,6.358734,2.3831482,2.5223446,16.101113617420197,250.9682159423828,0.3126112,0.31758392,0.31649894,6.308838,8.174408
Portugal,2000,2,11.421539,7.1531067,2.4037116,16.32227313518524,307.8623733520508,0.2706832,0.28780976,0.29645747,10.454773,9.936432
Portugal,2000,3,12.909882,5.2433167,2.6486158,28.16770040988922,480.72486305236816,0.19283585,0.21726826,0.2599951,12.797485,12.235565
Portugal,2000,4,11.099213,7.5410767,4.030074,189.52599048614502,397.8610897064209,0.34371036,0.33051887,0.28565794,11.652252,11.579926
Portugal,2000,5,16.716278,12.197845,2.4586253,94.77663540840149,570.984525680542,0.31938285,0.3323859,0.3320127,16.393005,14.61145
Portugal,2000,6,21.534882,11.370544,3.0807722,6.4521002769470215,716.0247230529785,0.14631331,0.20695126,0.27166182,21.79535,19.298096
Portugal,2000,7,22.117249,12.26712,3.0125768,17.679504573345184,698.2952098846436,0.1352598,0.17150791,0.23434292,23.140839,21.494415
Portugal,2000,8,22.611847,11.695862,2.993899,8.663534790277481,654.7544384002686,0.122169174,0.16378073,0.21539575,24.091705,23.087524
Portugal,2000,9,20.420837,11.178955,2.5778608,24.236104488372803,504.7822952270508,0.13260394,0.16261593,0.203927,22.131866,22.290192
Portugal,2000,10,15.326752,9.585358,2.8320832,53.12531888484955,345.9086723327637,0.22051647,0.20491192,0.20283553,16.486298,18.15738
Portugal,2000,11,10.8107605,8.064697,3.4626923,166.80384635925293,182.98852443695068,0.32895932,0.310577,0.2526064,11.606964,13.728394
Portugal,2000,12,10.344971,8.226227,4.0339403,288.8075885772705,131.19357776641846,0.3773517,0.37738436,0.34840736,10.7453,12.3576355
Portugal,2001,1,9.3815,7.2255554,3.97547,217.261492729187,167.5548439025879,0.37989163,0.38288075,0.3813715,9.4878845,10.644165
Portugal,2001,2,10.187988,5.923889,3.144213,94.46795654296875,281.05204010009766,0.3403836,0.34742907,0.36597404,9.8776245,10.477051
Portugal,2001,3,12.580261,9.760132,4.0217547,237.0072684288025,321.3780822753906,0.36223257,0.3649753,0.3706749,12.032318,11.550079
Portugal,2001,4,13.7421875,6.838501,3.2990646,26.504348516464233,542.2328567504883,0.24108395,0.27596003,0.3167734,13.999573,13.2960205
Portugal,2001,5,16.645844,10.0486145,2.6080267,64.29755878448486,621.6128883361816,0.25540614,0.2639761,0.28245136,16.265015,14.54184
Portugal,2001,6,21.549469,10.790955,2.9374425,6.369229406118393,733.5820770263672,0.12996525,0.1851377,0.24287824,22.454254,20.213837
Portugal,2001,7,21.52591,12.752075,3.3046176,23.10819673538208,679.0317249298096,0.14183359,0.17582996,0.22796482,22.9552,21.589294
Portugal,2001,8,22.662903,13.887451,2.7049482,13.932899683713913,630.6246757507324,0.13651033,0.16876955,0.2184012,24.09967,23.032745
Portugal,2001,9,20.456573,11.852264,2.478738,39.47704195976257,476.4503574371338,0.16178562,0.17804,0.2102398,21.937683,22.314636
Portugal,2001,10,16.779083,12.903412,3.0061822,133.92127656936646,293.07312774658203,0.3161336,0.2964452,0.23571007,17.313446,18.544128
Portugal,2001,11,9.987549,4.5503235,3.0373704,30.39618730545044,267.6038074493408,0.2800538,0.28903863,0.27649736,11.106293,13.997284
Portugal,2001,12,7.1562805,2.8153687,2.8216999,40.11807334423065,200.5549898147583,0.27723345,0.28143832,0.27612913,7.525543,9.887695
Portugal,2002,1,9.461304,6.649109,2.7021544,81.79997372627258,199.18069696426392,0.33769575,0.33567828,0.30392224,8.83609,9.405243
Portugal,2002,2,10.323395,5.8638,2.7634993,31.790110111236572,292.2967834472656,0.29790348,0.3117225,0.3177712,9.723328,10.062286
Portugal,2002,3,12.431335,7.2977905,2.8716912,105.68178391456604,414.3729085922241,0.31782988,0.32145488,0.31656095,11.569977,10.933838
Portugal,2002,4,13.567993,7.3148193,2.9050086,55.50750732421875,546.7664909362793,0.269895,0.28954947,0.30342826,13.577637,12.639526
Portugal,2002,5,15.174561,8.756958,3.2431343,42.12375509738922,612.4331188201904,0.21156287,0.23162763,0.27149007,15.786499,14.784149
Portugal,2002,6,20.104095,11.889648,3.0667844,17.395582795143127,664.8176765441895,0.15983056,0.1974709,0.25014004,20.858704,18.566162
Portugal,2002,7,22.467926,11.9653015,3.2529638,7.684284523129463,726.3603420257568,0.12625717,0.16714016,0.2292539,23.50061,21.46576
Portugal,2002,8,21.73053,12.487122,2.8327198,10.657569289207458,641.4313468933105,0.1269126,0.16026865,0.2187435,23.391144,22.608612
Portugal,2002,9,18.87378,13.849884,2.5639288,124.99428749084473,400.7157039642334,0.24992861,0.24311693,0.22377345,20.035065,20.664093
Portugal,2002,10,16.351501,12.835815,2.9359705,105.38760089874268,289.7192802429199,0.32703218,0.32312274,0.27000847,16.863739,18.035095
Portugal,2002,11,11.858459,9.210876,3.0754788,133.9263153076172,189.40067768096924,0.33674723,0.33609092,0.30509046,12.768158,14.760345
Portugal,2002,12,10.643311,8.470825,3.4479263,173.4072995185852,153.2568974494934,0.36612567,0.3677598,0.35129818,10.714081,12.078522
Portugal,2003,1,8.021637,4.0027466,3.5411017,121.45318055152893,219.14103269577026,0.36132178,0.36683452,0.36967254,8.010437,9.723755
Portugal,2003,2,8.544769,5.3615417,2.876571,90.28757381439209,232.4835319519043,0.3372427,0.34034702,0.34336594,8.383423,9.069763
Portugal,2003,3,12.684753,7.92218,2.690735,84.72986006736755,394.3838367462158,0.32385787,0.32994348,0.3436688,11.864136,11.205109
Portugal,2003,4,13.296814,8.264984,3.2615614,103.2465648651123,463.26038360595703,0.32989204,0.33636302,0.33056545,13.102173,12.489929
Portugal,2003,5,18.096375,8.946808,2.9938366,8.8318892121315,697.2380046844482,0.20021029,0.2508561,0.29943615,17.703094,15.606049
Portugal,2003,6,21.893158,12.805176,3.0145824,19.47525143623352,686.239185333252,0.13614249,0.17704843,0.24958177,22.770721,20.406372
Portugal,2003,7,22.166077,12.852264,2.9094791,15.341190099716187,714.1500949859619,0.146113,0.1769729,0.23070052,23.07956,21.489594
Portugal,2003,8,24.963379,14.4392395,2.58484,20.159960448741913,611.9368591308594,0.12780069,0.1569668,0.21361743,26.271393,24.873718
Portugal,2003,9,21.390747,12.197144,2.6743352,30.23833394050598,487.01745986938477,0.13405909,0.1594301,0.20592558,22.510345,22.507538
Portugal,2003,10,14.963562,10.896698,3.1395755,172.51309490203857,310.26022148132324,0.31434464,0.29221082,0.22571318,16.422699,18.661896
Portugal,2003,11,11.981598,9.104614,2.9654672,118.36544752120972,197.33998775482178,0.35387036,0.35467482,0.3135891,12.64975,14.665253
Portugal,2003,12,8.772064,6.342987,2.838425,73.86607146263123,171.38452243804932,0.35885635,0.36266097,0.35964563,9.149567,11.200806
Portugal,2004,1,9.588104,7.065094,2.7192678,65.85410571098328,187.3399543762207,0.33410943,0.3367615,0.34463122,9.396027,10.393433
Portugal,2004,2,9.50589,5.936798,2.6113117,54.80929780006409,287.8336067199707,0.33330607,0.33975056,0.34683907,9.626831,10.389343
Portugal,2004,3,10.567261,5.3841248,2.8929746,53.7340692281723,422.45872497558594,0.31049624,0.3200432,0.3340214,10.284515,10.206329
Portugal,2004,4,13.149872,6.1445007,2.9899364,36.64956450462341,548.1208419799805,0.2554148,0.28024185,0.30245328,12.8932495,11.911957
Portugal,2004,5,15.902771,9.252655,2.8790202,57.26804959774017,597.3943157196045,0.23569776,0.23570216,0.2621293,15.802521,14.368561
Portugal,2004,6,23.229095,13.114899,2.7291708,8.226498663425446,706.5283584594727,0.13686366,0.18354294,0.23337243,23.370514,20.260132
Portugal,2004,7,23.419159,12.083221,3.005924,3.699128955602646,737.6150245666504,0.11456422,0.15823007,0.21766903,24.684082,22.63556
Portugal,2004,8,22.130646,14.137939,3.0221841,44.235756039619446,595.3868083953857,0.16618924,0.17807771,0.21442236,23.61435,23.03305
Portugal,2004,9,20.864624,11.903168,2.3327181,15.64119815826416,501.3420295715332,0.1455372,0.17162962,0.20804928,22.194458,22.171997
Portugal,2004,10,15.811035,11.149445,3.0907876,168.24162817001343,301.8873987197876,0.25066394,0.24042611,0.22499706,17.444092,19.349213
Portugal,2004,11,10.581299,6.23822,2.5360982,21.638352870941162,260.3330612182617,0.2936858,0.30373454,0.2876241,11.131714,13.673004
Portugal,2004,12,8.048981,4.4630127,2.9956737,29.601767778396606,214.938627243042,0.3065493,0.31055796,0.29532698,8.419708,10.601288
Portugal,2005,1,6.775879,1.9511414,2.4095538,5.4872351586818695,261.4482650756836,0.24774334,0.26682743,0.2828937,6.6795044,8.396881
Portugal,2005,2,6.885071,0.028686523,2.8427253,18.400259256362915,322.87879180908203,0.19149989,0.21322289,0.25079423,6.834381,7.5844116
Portugal,2005,3,11.83313,5.0504456,3.0791593,53.43027424812317,394.05538177490234,0.20675336,0.19995299,0.22132555,10.591492,9.488129
Portugal,2005,4,13.889709,7.260071,3.105117,36.8753457069397,506.8512153625488,0.22221221,0.23257445,0.22021244,13.6935425,12.495453
Portugal,2005,5,17.463348,9.460175,3.0131638,43.70360577106476,649.3045692443848,0.1864761,0.20010683,0.21044548,17.808167,15.707947
Portugal,2005,6,22.87149,12.18631,2.898454,9.274224042892456,708.0378341674805,0.12993313,0.16612735,0.20095928,23.793152,20.892242
Portugal,2005,7,23.360931,12.642792,3.1532412,6.76707549393177,727.7552852630615,0.12041078,0.15722632,0.20212846,24.894623,23.04126
Portugal,2005,8,24.320343,11.75058,2.7859678,4.799546882510185,668.067419052124,0.11531503,0.15501209,0.20101728,25.532562,24.021484
Portugal,2005,9,20.31491,10.125183,2.7685282,15.516892075538635,512.4703788757324,0.13365865,0.1589254,0.19870096,21.99701,22.51767
Portugal,2005,10,16.612122,10.545868,2.9174526,174.66586446762085,313.35426139831543,0.24799256,0.2352306,0.20828858,17.907288,19.50351
Portugal,2005,11,10.308655,6.6342163,2.965885,78.47743034362793,227.715482711792,0.34015584,0.34175846,0.3066126,11.612762,14.460022
Portugal,2005,12,8.430359,4.5285645,3.0007842,70.98656940460205,197.09310102462769,0.32766035,0.3317988,0.3264603,8.388519,10.41153
Portugal,2006,1,6.680786,3.2573547,2.522963,39.927290081977844,228.36476373672485,0.3304939,0.33271807,0.3199986,7.152069,8.891571
Portugal,2006,2,7.9726562,3.5668945,2.866555,63.31686973571777,289.79002380371094,0.32305747,0.3242547,0.31654447,7.6572876,8.307953
Portugal,2006,3,11.486786,7.833893,3.2907522,119.47370719909668,359.74700355529785,0.34245962,0.34650996,0.32981676,10.673462,9.889954
Portugal,2006,4,14.65567,9.048584,2.8384492,55.05340933799744,520.0020217895508,0.29700688,0.30812952,0.32154602,14.240936,12.886963
Portugal,2006,5,18.349823,9.221497,2.814913,10.788640856742859,688.3206443786621,0.1654923,0.2179677,0.27418873,18.516754,16.348999
Portugal,2006,6,21.271698,12.257935,2.7158759,40.00865578651428,664.995002746582,0.16596812,0.1850391,0.22856933,22.143036,20.209656
Portugal,2006,7,24.340332,13.843689,2.6934667,9.432487308979034,718.8222560882568,0.12643628,0.1663203,0.2130976,25.385712,23.064209
Portugal,2006,8,23.990509,12.273468,3.0488067,21.641943514347076,657.3707847595215,0.13617606,0.15942964,0.19923428,25.107605,24.0195
Portugal,2006,9,20.949982,12.935913,2.662267,60.80815315246582,455.7594394683838,0.17865287,0.17949072,0.19539575,22.567322,23.109772
Portugal,2006,10,17.440887,13.368622,3.3749137,211.64201545715332,291.5183620452881,0.2999419,0.2920147,0.23592676,18.023163,19.286438
Portugal,2006,11,13.658264,11.174438,2.954053,185.62710285186768,192.51232624053955,0.36433184,0.3650342,0.3405826,14.522522,16.517517
Portugal,2006,12,8.057953,4.7535706,2.8012927,65.24534797668457,204.0729465484619,0.34033215,0.34789336,0.35671765,8.662964,11.347107
Portugal,2007,1,7.9381104,5.0603333,2.2569728,23.148972749710083,221.55622625350952,0.30598632,0.30959612,0.32645947,8.257599,9.793976
Portugal,2007,2,10.393768,7.6982117,3.1903224,108.24176979064941,231.03460693359375,0.35649148,0.35640457,0.34050465,9.812073,9.831512
Portugal,2007,3,11.203888,5.140686,3.2414906,29.587787747383118,448.51386642456055,0.27189645,0.29287004,0.3260928,10.997437,11.003876
Portugal,2007,4,13.513123,8.234467,2.5277786,66.66973114013672,523.5815620422363,0.27914813,0.2744045,0.28757086,13.537018,12.471588
Portugal,2007,5,16.210297,9.929413,3.051485,73.78276038169861,612.8685359954834,0.25387836,0.26746827,0.26691514,16.535278,15.334503
Portugal,2007,6,18.9357,11.997192,3.0621817,57.712329626083374,628.7514495849609,0.21930341,0.24218258,0.25067,19.173737,17.587402
Portugal,2007,7,22.140991,12.03714,3.1948955,11.198457539081573,724.8632850646973,0.14169513,0.18547815,0.22978766,22.767975,20.600159
Portugal,2007,8,21.98175,12.078369,3.0926363,20.151806354522705,640.4646663665771,0.13799304,0.1614,0.2128745,23.437225,22.4617
Portugal,2007,9,20.534271,12.698883,2.3965368,59.140305519104004,476.70069694519043,0.17883836,0.17921208,0.1997631,21.850983,21.852997
Portugal,2007,10,16.171448,10.095825,2.3031821,37.9932564496994,381.65193462371826,0.23284574,0.24708846,0.21145543,17.013,18.449738
Portugal,2007,11,11.018921,3.9293823,2.5940623,45.771857500076294,278.7981605529785,0.20746864,0.22775887,0.21303171,11.852234,14.317749
Portugal,2007,12,8.142273,4.7338257,2.5385916,27.564044296741486,202.76957750320435,0.2774745,0.27394763,0.23091714,8.472992,10.560181
Portugal,2008,1,9.799347,7.091339,2.5728056,82.20250844955444,213.65394258499146,0.33153352,0.3298303,0.27886686,9.378204,10.139557
Portugal,2008,2,11.187775,7.1246643,2.8319807,68.31142163276672,271.46488094329834,0.30887842,0.3075896,0.28614408,10.360931,10.372528
Portugal,2008,3,11.066071,5.659088,3.3711905,35.39046883583069,421.74286460876465,0.2722565,0.2811898,0.2807498,11.087952,11.156006
Portugal,2008,4,14.021423,7.880554,3.5722256,156.47428035736084,501.5177536010742,0.30225763,0.30962566,0.28100982,13.634827,12.695129
Portugal,2008,5,14.809265,10.189301,2.839996,88.2489845752716,531.3444747924805,0.2732465,0.2732389,0.2800209,15.44278,14.667419
Portugal,2008,6,20.791931,11.703369,2.8164792,10.930235087871552,699.6633338928223,0.18950436,0.23336639,0.26334363,20.508118,17.792694
Portugal,2008,7,21.876556,12.167175,2.9829001,7.626031160354614,718.1769351959229,0.12580669,0.16800584,0.22857426,23.505066,21.733002
Portugal,2008,8,21.866089,12.349426,2.998648,7.8852613270282745,645.2153491973877,0.12478952,0.15725335,0.21421464,23.477753,22.431305
Portugal,2008,9,19.086792,11.666534,2.524108,48.64697456359863,461.07656478881836,0.17801696,0.17254426,0.20386037,20.473846,20.989685
Portugal,2008,10,15.244415,9.087524,2.903606,52.14956223964691,356.46298599243164,0.22274464,0.20222221,0.19243142,16.45581,18.092834
Portugal,2008,11,9.430695,4.7707214,2.8748713,36.181368827819824,247.57347106933594,0.24893735,0.23880014,0.19740453,10.492065,13.171753
Portugal,2008,12,7.9549866,4.9049377,3.173902,76.08204865455627,177.07459831237793,0.31117767,0.29181117,0.22096142,7.9622498,9.86145
Portugal,2009,1,7.575287,4.9634094,3.2710586,124.5208420753479,177.09140539169312,0.34753156,0.33904386,0.26895583,7.6804504,8.743103
Portugal,2009,2,9.355774,4.5577087,2.730856,66.3548231124878,298.817813873291,0.3241613,0.3347301,0.3274581,8.71579,9.092133
Portugal,2009,3,13.411865,5.124878,3.1233244,22.19797772169113,487.37502670288086,0.22007851,0.24965186,0.27668232,12.598846,11.661957
Portugal,2009,4,12.103607,5.94281,3.122324,45.87840557098389,522.2539329528809,0.20541202,0.2165431,0.24908821,12.914734,12.455353
Portugal,2009,5,17.658966,7.8909607,2.9744956,31.564053416252136,677.0049419403076,0.1801695,0.19805996,0.22821867,17.614777,15.520264
Portugal,2009,6,21.305756,12.555359,2.7924798,35.10940432548523,632.567195892334,0.16058844,0.1812962,0.21727371,22.141846,19.858093
Portugal,2009,7,21.915436,11.601654,3.1280503,13.98649349808693,733.6220645904541,0.13542609,0.16609041,0.20814797,23.429535,21.762848
Portugal,2009,8,23.8414,12.803589,2.691006,4.187879875302315,652.7986679077148,0.11585912,0.15482776,0.19756459,25.207764,23.562927
Portugal,2009,9,20.927094,11.227112,2.5034442,14.616304636001587,494.7198486328125,0.124169186,0.14869179,0.19243638,22.790802,22.986633
Portugal,2009,10,18.14621,11.3593445,2.6016963,80.4033305644989,351.1994285583496,0.22227803,0.2069294,0.18113601,18.87909,20.145142
Portugal,2009,11,12.669098,9.43515,3.3695025,96.13178014755249,197.007737159729,0.2692198,0.2617385,0.21064931,14.012573,16.351898
Portugal,2009,12,9.144165,6.485443,3.7365937,239.78219556808472,158.1130347251892,0.34817776,0.33840278,0.28344938,9.7482605,11.902466
Portugal,2010,1,8.266449,5.2991943,3.3679187,134.03137254714966,175.28372049331665,0.369842,0.37460703,0.37295383,8.635345,10.278809
Portugal,2010,2,8.6091,5.504883,3.8196142,192.00950813293457,213.99368286132812,0.37242153,0.37259784,0.36524272,8.553009,9.225983
Portugal,2010,3,10.721008,6.0227356,3.1796494,123.18245458602905,363.3576135635376,0.3574334,0.36310863,0.37387848,10.363586,10.363953
Portugal,2010,4,14.882599,8.753387,2.8503163,76.17818355560303,520.502815246582,0.31331235,0.32641852,0.33835614,13.934143,12.561615
Portugal,2010,5,16.119232,8.549469,3.2305646,43.41321063041687,641.0625667572021,0.2348768,0.2636722,0.29577273,16.105072,14.933441
Portugal,2010,6,20.195282,12.020386,2.838727,39.36626315116882,654.8481559753418,0.18407822,0.2140108,0.25478536,20.71405,18.589539
Portugal,2010,7,24.654907,12.773621,2.9143023,3.378149263560772,742.7394542694092,0.11815459,0.16700111,0.22819556,25.506958,22.860504
Portugal,2010,8,24.960663,12.378937,2.6876016,3.7949566543102264,657.4825954437256,0.11202949,0.15210408,0.21163791,26.318298,24.802094
Portugal,2010,9,20.69574,12.261475,2.4069002,15.156092047691345,485.0376319885254,0.13612844,0.14851083,0.20038176,22.744904,23.34439
Portugal,2010,10,15.139221,9.417633,2.862598,131.1180863380432,338.6878366470337,0.24919356,0.2459253,0.212482,16.47461,18.54718
Portugal,2010,11,10.565796,7.132263,3.0398016,88.0614423751831,211.40005588531494,0.3226924,0.31369945,0.24335319,11.733887,14.396027
Portugal,2010,12,8.886505,5.7348022,3.4411843,169.5663275718689,167.82826566696167,0.36537534,0.36457807,0.33103853,9.081604,10.881836
Portugal,2011,1,8.44397,5.3101807,2.9243846,92.54753923416138,198.78015041351318,0.35540095,0.35912347,0.36449277,8.8463745,10.210022
Portugal,2011,2,9.6067505,5.467682,2.9739158,79.06630897521973,280.9223175048828,0.33567035,0.34140113,0.34622002,8.710907,8.967651
Portugal,2011,3,11.24884,6.3084717,2.8975165,77.2734887599945,401.28700828552246,0.3269006,0.3308565,0.33889642,10.583862,10.357513
Portugal,2011,4,16.777435,9.717102,2.8011014,84.3500018119812,539.3649673461914,0.25624254,0.27673042,0.29765972,16.053589,14.410187
Portugal,2011,5,18.86679,12.231903,2.4475086,70.74307370185852,614.7546539306641,0.264864,0.27057374,0.2693367,18.585663,16.80426
Portugal,2011,6,20.552887,11.113373,2.9842021,8.968108892440796,714.9402809143066,0.1655221,0.20604478,0.2402459,21.33371,19.371979
Portugal,2011,7,21.851593,11.909027,3.3889565,4.69498074054718,732.6718807220459,0.12295392,0.1646104,0.22469178,23.539307,21.95642
Portugal,2011,8,22.338959,13.126801,2.7846267,23.50927358865738,613.3006420135498,0.13911787,0.15634175,0.21121864,24.156647,23.34494
Portugal,2011,9,20.76007,12.080688,2.364958,27.093181014060974,494.8821830749512,0.15835771,0.17923072,0.19759385,21.824738,21.834381
Portugal,2011,10,18.477478,8.789764,2.828928,82.77339482307434,397.6389408111572,0.16616808,0.18701494,0.19820963,19.67044,20.860748
Portugal,2011,11,11.845978,8.528534,3.0006151,136.18440628051758,205.28034210205078,0.34976825,0.34499705,0.275594,12.801117,15.261902
Portugal,2011,12,8.607666,5.3750916,2.460393,31.00277531147003,197.13258361816406,0.3150945,0.3186744,0.30626392,9.047394,11.377533
Portugal,2012,1,7.779297,3.8782654,2.2246172,15.440221786499023,251.4456434249878,0.27787086,0.28316298,0.29001617,7.7596436,9.258636
Portugal,2012,2,7.473999,-1.3825073,2.7953,1.441683068871498,361.3741292953491,0.18861823,0.2253439,0.25645652,7.1870728,7.9584656
Portugal,2012,3,12.964081,3.1623535,2.7779508,16.582583963871002,481.3923864364624,0.1447664,0.17392887,0.22189066,12.514465,11.309937
Portugal,2012,4,11.21167,6.3397827,3.560283,82.74810791015625,444.12397384643555,0.24407235,0.21876274,0.22148262,12.346588,12.24588
Portugal,2012,5,17.897339,10.154846,3.0330222,70.49229049682617,630.2791919708252,0.240224,0.26130226,0.24225442,17.36905,15.174133
Portugal,2012,6,20.418915,11.228516,3.2607179,16.088815927505493,660.0299835205078,0.1469883,0.18227178,0.22178821,21.477356,19.1745
Portugal,2012,7,22.218506,10.718353,3.1164842,5.082369968295097,742.5143547058105,0.115244105,0.15540074,0.20316437,23.737274,21.767273
Portugal,2012,8,22.507141,11.919983,2.8964186,11.23690539598465,655.07301902771,0.12276282,0.15303159,0.1949494,24.209564,23.177063
Portugal,2012,9,21.091858,10.921509,2.7002954,50.771459341049194,472.27901458740234,0.15203415,0.157551,0.18454166,22.626587,22.763062
Portugal,2012,10,15.701111,10.760345,2.5531182,96.39463829994202,327.4179878234863,0.25708205,0.24935047,0.18405621,17.007324,18.736084
Portugal,2012,11,10.944733,7.7296143,3.1739328,144.58285331726074,198.1454372406006,0.35627514,0.35269797,0.2819442,11.929718,14.24707
Portugal,2012,12,9.301727,6.980713,2.6611717,93.98452234268188,169.52133131027222,0.34997198,0.35114646,0.33464718,9.588776,11.281067
Portugal,2013,1,8.990875,6.430664,3.160484,103.7314383983612,183.74968433380127,0.3556331,0.3568698,0.34830743,8.88147,10.046234
Portugal,2013,2,8.112579,4.0955505,3.1652534,60.40875244140625,268.85726165771484,0.3362101,0.33955604,0.34293813,8.369659,9.354889
Portugal,2013,3,10.52713,7.173004,3.9465892,238.67623949050903,310.27952671051025,0.3758909,0.3766968,0.3665155,9.958618,9.700928
Portugal,2013,4,13.229065,6.9321594,3.287412,50.88279962539673,538.238639831543,0.29471752,0.32100403,0.3540419,13.15567,12.2309265
Portugal,2013,5,15.149017,7.113434,3.1072822,25.79545396566391,641.1273708343506,0.1896899,0.22089788,0.27921432,15.598602,14.426147
Portugal,2013,6,20.053345,9.220306,3.1193256,13.071069717407227,692.8530120849609,0.14206359,0.17912017,0.24225329,20.216492,17.626587
Portugal,2013,7,23.989502,12.734863,2.5408063,8.182939350605011,728.9938354492188,0.11954003,0.15591516,0.21875718,25.389496,23.016663
Portugal,2013,8,24.053253,11.762146,2.7590961,1.4350872077047825,679.0021018981934,0.11023439,0.14820322,0.2062549,25.444733,23.748444
Portugal,2013,9,21.666351,11.958984,2.722775,58.9830207824707,483.8055610656738,0.1396513,0.15231541,0.19713335,23.40387,23.409424
Portugal,2013,10,16.822021,12.272583,2.737368,142.3666491508484,315.6129140853882,0.28674716,0.28144652,0.22567658,17.941772,19.690308
Portugal,2013,11,10.5121155,5.634491,3.0769157,21.020767092704773,241.70270919799805,0.27674252,0.28781924,0.2663907,11.714661,14.5642395
Portugal,2013,12,8.307953,4.273407,3.0493968,106.45598125457764,195.5334277153015,0.2726349,0.27329606,0.25781327,8.406555,10.406677
Portugal,2014,1,9.720917,7.443207,3.7393723,148.67498016357422,159.07340335845947,0.36124262,0.35895813,0.32597777,9.607117,10.516571
Portugal,2014,2,9.085663,6.432617,4.020527,164.8135986328125,207.66846466064453,0.36679786,0.3666424,0.35270336,9.063263,9.692291
Portugal,2014,3,11.61795,6.06015,3.222711,56.28442895412445,417.06201171875,0.2794343,0.2913667,0.31776065,11.305328,11.1091
Portugal,2014,4,14.801575,10.309448,2.797353,80.65322399139404,482.1492004394531,0.3041601,0.31462166,0.31597885,14.412476,13.186951
Portugal,2014,5,17.066711,8.364838,3.4055612,43.023199915885925,681.3147678375244,0.19736904,0.23163605,0.27015257,17.691742,16.32071
Portugal,2014,6,19.781097,11.068878,2.8869684,26.15341365337372,667.8203773498535,0.16669463,0.19692762,0.2392882,20.454712,18.55368
Portugal,2014,7,21.951172,12.796448,2.922048,15.43060889840126,708.2454147338867,0.1429966,0.17164108,0.2210527,23.126587,21.09903
Portugal,2014,8,21.86264,12.6562195,2.9860532,6.32929690182209,644.9730434417725,0.124564484,0.1617457,0.21672495,23.529572,22.52829
Portugal,2014,9,20.02832,14.907867,2.401955,98.36873531341553,420.26195526123047,0.23364522,0.20896935,0.20680532,21.360352,21.81961
Portugal,2014,10,18.326752,13.243256,2.750158,104.21814894676208,325.6819362640381,0.28919512,0.2948797,0.23881102,18.410828,19.190887
Portugal,2014,11,12.386322,10.014099,3.178118,181.6201400756836,184.85548496246338,0.34784555,0.34088033,0.29069424,13.475159,15.580261
Portugal,2014,12,7.712799,4.5725403,2.6236622,26.366342186927795,217.3866662979126,0.33478937,0.3404695,0.33565468,8.575287,11.177063
Portugal,2015,1,7.3001404,3.9474792,2.9239845,58.86858022212982,228.21159315109253,0.31956866,0.3228462,0.3235432,6.965027,8.38205
Portugal,2015,2,8.092255,3.8234558,3.7311962,29.185330867767334,262.30514907836914,0.31436384,0.3208484,0.32412234,7.928833,8.539459
Portugal,2015,3,11.953003,5.1887817,3.1159542,24.62279987335205,459.956072807312,0.24064502,0.25728714,0.28960168,11.430908,10.749359
Portugal,2015,4,14.800476,8.633514,2.6956456,73.66556167602539,493.52731704711914,0.23619051,0.23211974,0.24766175,14.836548,13.604889
Portugal,2015,5,19.031708,8.856323,3.1341999,27.729485750198364,689.0308284759521,0.18608856,0.22849208,0.24265404,18.958374,16.638062
Portugal,2015,6,22.228058,11.410095,2.5935233,26.2624990940094,691.8759155273438,0.14705396,0.17106391,0.21655862,22.97052,20.531555
Portugal,2015,7,23.83191,13.477234,3.0358899,6.182788357138634,732.9908752441406,0.11609214,0.15579383,0.20829146,25.674164,23.678162
Portugal,2015,8,22.429565,12.811951,2.859737,9.074225455522537,618.2657814025879,0.12113549,0.14842008,0.19849625,24.362457,23.644379
Portugal,2015,9,19.204712,10.913452,2.6556435,40.059674978256226,478.2311153411865,0.1543879,0.16871555,0.19414814,21.13388,21.811523
Portugal,2015,10,16.401306,12.0902405,2.9562454,151.08173322677612,292.197208404541,0.29371527,0.26747477,0.2115496,17.458557,19.04483
Portugal,2015,11,12.835449,9.110687,2.446887,39.53989863395691,251.9699764251709,0.30166987,0.30956623,0.2714662,13.479126,15.5903015
Portugal,2015,12,11.000061,7.961792,2.6114664,57.78359603881836,182.77976655960083,0.2852065,0.28260702,0.2698695,11.051849,12.558197
Portugal,2016,1,10.220001,8.008301,3.2525742,147.31852912902832,164.30828380584717,0.3552165,0.34957162,0.31543705,10.398285,11.521393
Portugal,2016,2,9.484619,5.71286,4.018439,101.9878408908844,257.9091863632202,0.33782417,0.3389334,0.3279194,9.692413,10.639984
Portugal,2016,3,9.819885,5.286438,3.1837447,55.304596185684204,413.36123180389404,0.29909053,0.30562785,0.3122958,9.992676,10.119415
Portugal,2016,4,12.679871,7.9499207,3.289175,133.3524227142334,468.8064193725586,0.32371724,0.32562616,0.31557375,12.544098,11.851135
Portugal,2016,5,15.579132,9.866241,3.2003322,139.7542495727539,546.8445930480957,0.30499235,0.31664625,0.31849125,15.558777,14.473724
Portugal,2016,6,20.823212,12.069977,3.0441177,12.138911783695221,707.0862007141113,0.17309724,0.2219111,0.27537346,20.974457,18.375427
Portugal,2016,7,24.747437,12.833832,2.850816,9.461614221334457,751.7877235412598,0.12431393,0.1647004,0.2308882,25.785889,23.062866
Portugal,2016,8,24.582703,12.299042,2.7559903,4.480606406927109,669.7830123901367,0.11409505,0.15038486,0.21224064,26.214142,24.762726
Portugal,2016,9,21.45581,11.302399,2.6115434,17.806838750839233,511.5069580078125,0.13626032,0.14943577,0.19643424,23.216675,23.478485
Portugal,2016,10,17.117706,11.249084,2.4095855,78.10870599746704,344.5795679092407,0.2259293,0.20413044,0.194182,18.57251,20.026855
Portugal,2016,11,11.334473,7.652466,2.8880515,91.36021614074707,220.30137062072754,0.3014605,0.29098594,0.21319093,12.714661,15.494232
Portugal,2016,12,9.487671,6.4847107,2.6668139,52.094802498817444,203.60796546936035,0.32960588,0.32963806,0.277249,10.018219,12.128479
Portugal,2017,1,7.4856567,3.33078,2.741864,52.6161767244339,230.46901893615723,0.29572207,0.29710144,0.28014237,7.481659,9.170044
Portugal,2017,2,10.516113,6.6483765,3.386583,104.53651809692383,262.45967864990234,0.34017542,0.34052834,0.30958652,10.039856,10.114136
Portugal,2017,3,11.941681,6.6688232,3.2397172,68.80932831764221,415.34032821655273,0.29676262,0.30100748,0.2971629,11.652069,11.44162
Portugal,2017,4,15.974243,6.8135986,2.9060113,18.255300521850586,588.9301872253418,0.18716417,0.22986566,0.25970867,16.060242,14.478668
Portugal,2017,5,18.536896,10.89682,2.9014537,62.41303730010986,617.1146812438965,0.21557814,0.21990503,0.2332258,18.518372,16.713776
Portugal,2017,6,22.884918,12.419891,3.111176,11.252980828285217,700.0661659240723,0.13558625,0.17276418,0.2165189,24.101898,21.661652
Portugal,2017,7,23.22345,12.103577,3.1762257,8.02361485362053,733.5073566436768,0.12510563,0.15804015,0.20669542,24.680817,22.884033
Portugal,2017,8,23.376312,11.568176,2.931103,11.632741123437881,664.057430267334,0.11951172,0.14709686,0.19623935,25.350494,24.348175
Portugal,2017,9,20.031769,9.968353,2.8972821,1.417827196419239,529.3556213378906,0.11935467,0.14243203,0.18568254,22.130798,22.604492
Portugal,2017,10,19.447968,8.511688,2.3709214,28.99039363861084,398.80597591400146,0.1496637,0.15067354,0.17719297,20.40567,21.3154
Portugal,2017,11,11.977966,5.7633667,2.673706,44.3994140625,261.2179756164551,0.2027279,0.18157655,0.17041942,13.341278,16.175629
Portugal,2017,12,8.696442,4.881531,2.9980173,74.91434836387634,192.53745126724243,0.27977547,0.26121232,0.18943807,9.096313,11.523376
Portugal,2018,1,8.527618,5.413666,2.953366,61.63404321670532,210.96030139923096,0.32104278,0.3140486,0.23546344,8.852814,10.444916
Portugal,2018,2,8.127533,2.2793884,3.1239867,58.14309310913086,283.5203742980957,0.24993236,0.26102814,0.24013752,8.412109,9.295929
Portugal,2018,3,9.88739,6.352417,4.49677,245.50535345077515,345.4973201751709,0.37083656,0.36906374,0.32297257,10.022095,10.208496
Portugal,2018,4,12.967743,8.430603,3.2155218,116.01799964904785,474.4002628326416,0.33575636,0.3394754,0.33730033,12.781158,11.819611
Portugal,2018,5,15.932037,9.758667,2.6475337,51.104485630989075,605.1146335601807,0.24263655,0.25773427,0.28909415,16.300232,14.934113
Portugal,2018,6,19.372772,13.166748,2.8675723,48.34339499473572,598.5055732727051,0.2227913,0.24696891,0.26542133,19.761536,17.62915
Portugal,2018,7,21.20102,14.298676,2.843474,14.330192357301712,680.5005187988281,0.16025141,0.19722936,0.24456716,22.55133,20.91278
Portugal,2018,8,24.831116,12.469421,2.7169003,4.1302085518836975,675.7217502593994,0.11470837,0.15787801,0.21883176,26.031555,23.952148
Portugal,2018,9,22.917175,13.106659,2.1750906,9.64968055486679,499.1788101196289,0.124666825,0.15127239,0.2051621,24.39975,23.763062
Portugal,2018,10,16.272888,8.726318,2.9341364,68.97477531433105,361.2956790924072,0.1993527,0.17850515,0.19378737,18.460236,20.617676
Portugal,2018,11,11.425934,9.080444,3.0536923,143.9041042327881,195.86331367492676,0.34600645,0.3301153,0.24885516,12.536957,14.885284
Portugal,2018,12,9.813293,7.197571,2.3977926,39.35203194618225,196.3696427345276,0.32838535,0.3303044,0.30585966,10.187622,12.1111145
Portugal,2019,1,7.7426453,3.6508484,2.9270167,42.15463089942932,224.03094673156738,0.28487134,0.288218,0.29293746,7.5217896,9.158356
Portugal,2019,2,10.152985,4.74469,2.601458,26.93544626235962,313.06283950805664,0.29350066,0.29934287,0.28519934,9.558655,9.841064
Portugal,2019,3,12.634552,4.7509155,2.984961,37.01487970352173,490.1444549560547,0.22471374,0.24888077,0.2560567,12.381683,11.757629
Portugal,2019,4,12.798248,7.6397705,3.3233883,106.85286283493042,493.4638023376465,0.27673435,0.25526854,0.23843741,13.31134,12.764618
Portugal,2019,5,18.598022,8.295837,3.3828697,12.016052842140198,692.3417491912842,0.16938126,0.21136986,0.2268411,18.808441,16.552216
Portugal,2019,6,18.839355,9.744812,3.097018,21.2733256816864,656.1104393005371,0.14696579,0.1655717,0.20854753,20.45404,18.94577
Portugal,2019,7,22.552399,13.520966,2.8919547,8.470423370599747,695.0628700256348,0.13008642,0.16257969,0.20929077,24.169464,22.178162
Portugal,2019,8,22.82309,12.915436,2.846606,15.501387655735016,637.994010925293,0.13052616,0.15429348,0.20074843,24.34842,23.013947
Portugal,2019,9,20.898743,11.38623,2.7403853,18.43231737613678,497.80683517456055,0.14088564,0.14797467,0.18925253,22.746185,22.919617
Portugal,2019,10,16.51233,11.065857,2.7445395,68.65408086776733,335.6667604446411,0.20277002,0.1880612,0.19009046,17.961182,19.454773
Portugal,2019,11,11.710022,8.96521,3.9378524,125.4449987411499,179.1432237625122,0.3065753,0.27922952,0.23035783,12.881287,15.104187
Portugal,2019,12,10.50415,7.510254,3.4532278,165.32687854766846,176.05199766159058,0.33959007,0.33659416,0.29180127,10.860931,12.656708
Portugal,2020,1,8.674957,5.537567,2.8916888,64.74233293533325,198.23853969573975,0.3279288,0.32785678,0.31423613,8.566223,9.996857
Portugal,2020,2,11.969086,7.817566,2.3938723,11.840548247098923,294.4726457595825,0.29252258,0.307078,0.31212828,11.548676,11.631348
Portugal,2020,3,12.134247,7.061157,3.1909463,80.04347133636475,411.46923065185547,0.2759594,0.28279093,0.28738588,12.403473,12.264679
Portugal,2020,4,13.7052,9.997894,2.873605,116.64855480194092,411.961612701416,0.3419613,0.336623,0.29633516,13.722168,13.14679
Portugal,2020,5,18.95163,12.187683,2.6173012,55.16187274456024,633.8249092102051,0.2564394,0.28117317,0.28798506,18.523682,16.341461
Portugal,2020,6,19.646515,11.560822,3.1597915,14.096527397632599,658.3640670776367,0.15144418,0.18973885,0.24320717,20.833252,19.329712
Portugal,2020,7,25.609985,12.970337,2.7150059,3.81388933211565,755.5527458190918,0.11487582,0.15411706,0.2143793,26.849243,24.019196
Portugal,2020,8,22.780182,12.698456,3.059574,9.595015794038773,642.5705623626709,0.1235589,0.14777859,0.20022045,25.031433,24.442963
Portugal,2020,9,21.055847,11.208588,2.6417503,38.665244579315186,477.1886730194092,0.15978085,0.15754622,0.18151559,22.757019,23.151184
Portugal,2020,10,15.086029,9.167847,3.038785,107.25289106369019,335.76245880126953,0.23354018,0.2335189,0.18307142,16.645111,18.638458
Portugal,2020,11,13.099213,9.776703,2.6806872,100.91772079467773,212.01656341552734,0.33028913,0.32461157,0.25047404,13.79071,15.634033
Portugal,2020,12,9.269501,6.472229,3.264081,88.54957556724548,164.4195327758789,0.34867415,0.34474975,0.2995366,10.162201,12.306915
Portugal,2021,1,7.20224,3.9142761,3.249003,75.25950694084167,201.85150003433228,0.33143887,0.33062682,0.31259283,6.979767,8.401184
Portugal,2021,2,11.150116,7.84079,3.3914025,155.53494834899902,224.7696304321289,0.36340356,0.36434838,0.3498813,10.852692,11.040222
Portugal,2021,3,12.273041,5.163025,2.8234878,21.49965798854828,479.088116645813,0.26660794,0.29372233,0.31947517,11.850494,11.44223
Portugal,2021,4,14.497894,9.07666,2.5107286,90.25611162185669,475.20435333251953,0.264549,0.25469208,0.26799935,14.978058,14.099915
Portugal,2021,5,16.429047,8.7282715,3.1511507,31.664544820785522,650.173807144165,0.21420905,0.24011928,0.2501842,16.709991,15.266266
Portugal,2021,6,19.85846,11.088867,2.9045153,31.996947526931763,678.1944465637207,0.16543351,0.18379347,0.22517632,21.240875,19.444092
Portugal,2021,7,22.226532,11.914734,3.2122228,3.8389385044574738,732.0192279815674,0.12306152,0.16255504,0.21128881,23.810944,21.773651
Portugal,2021,8,23.013367,12.72348,2.7710514,3.5045603588223457,658.5768146514893,0.11735035,0.1495504,0.20250988,24.72998,23.345459
Portugal,2021,9,20.040192,13.2213745,2.7140932,88.13783168792725,448.6445903778076,0.21725495,0.20564398,0.19029056,21.47519,22.110626
Portugal,2021,10,17.43283,10.741608,2.650057,83.03612184524536,365.17798137664795,0.20056506,0.21188708,0.17254739,18.412842,19.409088
Portugal,2021,11,10.320435,5.3611145,2.867724,14.35247004032135,261.5471363067627,0.25654894,0.2579285,0.1963043,11.778992,14.632538
Portugal,2021,12,10.959625,7.936493,3.3467536,85.46444177627563,175.58474016189575,0.2854561,0.2719582,0.20896424,10.879517,12.108063
Portugal,2022,1,8.662445,3.3155518,2.657219,9.711524367332458,257.2099838256836,0.2730306,0.28239712,0.2412953,8.813812,10.598633
Portugal,2022,2,10.71405,4.527527,2.4501052,13.326447367668152,295.6923484802246,0.184286,0.20484053,0.21293548,10.5065,10.589172
Portugal,2022,3,11.46521,6.779846,3.337034,125.77052307128906,361.984902381897,0.30044127,0.27168104,0.21896817,11.657135,11.518555
Portugal,2022,4,13.031342,6.750244,3.3338141,62.97012805938721,511.1993980407715,0.28104582,0.28152645,0.23764767,13.168304,12.645081
Portugal,2022,5,19.606384,9.857361,2.9255579,14.049699276685715,666.0591430664062,0.1628582,0.2020943,0.2147262,19.924194,17.362
Portugal,2022,6,20.784088,11.856171,3.0854032,25.366984605789185,643.780517578125,0.15368356,0.17275512,0.20358868,22.102997,20.40866
Portugal,2022,7,25.980957,12.264465,2.720829,4.184675887227058,748.6166400909424,0.11492692,0.15051258,0.19418521,26.775818,23.754028
Portugal,2022,8,23.799866,13.3151245,2.6181812,3.6306804344058037,666.8694305419922,0.11200692,0.14276206,0.19151028,26.248047,25.125916
Portugal,2022,9,20.075348,13.330231,2.8640068,54.61650609970093,448.6896800994873,0.18039027,0.17383595,0.18516229,21.8945,22.841797
Portugal,2022,10,18.529327,12.354034,2.839564,115.67991924285889,333.05162620544434,0.21806733,0.20572375,0.17977032,19.45404,20.425629
Portugal,2022,11,12.856171,10.023346,2.8821084,100.50280809402466,199.43016529083252,0.3140463,0.3011274,0.23979887,14.185303,16.557587
Portugal,2022,12,12.016998,10.171753,3.3111572,224.2583818435669,141.57847547531128,0.3713253,0.36712793,0.32483354,12.241852,13.6345215
Portugal,2023,1,8.226685,4.5723877,3.19811,72.01708579063416,228.0935297012329,0.34168544,0.34743452,0.34791037,9.08786,11.347382
Portugal,2023,2,9.057556,2.692627,2.8649454,13.914437294006348,315.7631149291992,0.2550993,0.2681051,0.2984451,8.826447,9.584778
Portugal,2023,3,12.753601,7.1871033,2.8036292,44.89111387729645,426.9157495498657,0.2433311,0.25305885,0.26740333,12.132324,11.39682
Portugal,2023,4,16.78955,6.502014,2.8143585,15.518301129341125,594.8791122436523,0.15682542,0.18854542,0.2340915,16.876678,15.115692
Portugal,2023,5,18.102081,8.715851,3.1304703,50.51786386966705,649.7366752624512,0.16543564,0.171018,0.2153972,19.404602,18.026611
Portugal,2023,6,22.152283,14.102295,2.705843,54.23681974411011,649.3244934082031,0.21212925,0.22159721,0.2144273,22.52832,20.149506
Portugal,2023,7,23.18332,12.635864,3.139879,2.396278202533722,751.5515670776367,0.11969956,0.16171306,0.20555508,25.093658,23.473114
Portugal,2023,8,24.674774,12.646545,3.1345525,1.9459749087691307,674.9004650115967,0.11064914,0.14564477,0.19498424,26.242767,24.81961
Portugal,2023,9,20.215668,13.824097,2.4689398,78.24432849884033,438.85239601135254,0.2214423,0.19826427,0.18256354,21.523407,22.340546
Portugal,2023,10,18.58899,12.436615,3.08272,180.17144680023193,304.7352600097656,0.24312356,0.24682166,0.19502474,19.876678,21.073212
Portugal,2023,11,13.051453,10.222107,3.016914,99.12415981292725,207.2590684890747,0.3225487,0.32397646,0.28420606,13.922577,15.996368
Portugal,2023,12,8.899506,6.308899,2.4207644,57.94059145450592,189.37337446212769,0.33533064,0.33651686,0.3099438,9.80719,12.230408
Portugal,2024,1,10.448059,7.806427,2.7222345,115.29077696800232,199.6337194442749,0.34885454,0.34848848,0.33222446,10.170349,10.999634
Portugal,2024,2,11.654114,8.004944,3.3784544,94.9494481086731,266.56864738464355,0.34151807,0.3455319,0.34086943,11.396698,11.836548
Portugal,2024,3,11.896423,7.9797363,3.6070352,155.6546778678894,368.56278228759766,0.34180546,0.34391466,0.34119287,11.823212,11.764404
Portugal,2024,4,15.273773,8.452942,2.9959419,49.52811241149902,557.8791618347168,0.2799222,0.301817,0.32936633,15.150543,14.218842
Portugal,2024,5,16.63742,9.052948,3.1249018,30.82248169183731,637.9878616333008,0.20601897,0.23555532,0.2765438,16.927338,15.488831
Portugal,2024,6,20.083557,12.628418,2.800212,45.63599467277527,626.4261245727539,0.17845036,0.19069795,0.23859456,21.438782,19.68457
Portugal,2024,7,23.758179,13.735321,2.799127,7.758267730474472,733.0327377319336,0.13664138,0.16984874,0.21996766,24.754852,22.339966
Portugal,2024,8,24.330444,14.240936,2.9037986,1.1120688766241074,670.8126640319824,0.1166308,0.15166523,0.21129926,26.257843,24.868713
Portugal,2024,9,19.529846,11.004883,2.9854584,28.759342432022095,481.2777328491211,0.14325978,0.15143314,0.20312327,21.69516,22.554138
Portugal,2024,10,16.840546,13.597992,3.2565188,150.13366317749023,268.7940378189087,0.300372,0.27850607,0.23167384,17.95221,19.446136
Portugal,2024,11,14.263184,10.899719,2.914929,60.165345668792725,219.3671178817749,0.3267531,0.3216069,0.26688552,14.729553,16.322662
Portugal,2024,12,9.009125,5.2627563,2.6693494,10.136487007141113,218.0812849998474,0.28208995,0.2897346,0.27685508,9.900665,12.363098
Spain,1985,1,4.6385803,0.6914978,2.930795,98.40514636039734,211.59419584274292,0.34843096,0.34637702,0.3236745,4.7711487,6.4670105
Spain,1985,2,9.423462,5.6834717,3.245615,97.65548610687256,232.8123779296875,0.35804552,0.35910586,0.34940144,8.646271,8.655029
Spain,1985,3,8.606537,2.092041,3.321104,21.395397186279297,444.0642623901367,0.28696018,0.3035098,0.32213023,8.237488,8.347107
Spain,1985,4,12.848206,5.8941345,2.8338876,69.43268537521362,521.209659576416,0.26186824,0.2662555,0.2805584,12.515198,11.267914
Spain,1985,5,13.8567505,7.1220703,2.6993153,67.33031272888184,573.1511459350586,0.2693618,0.26935858,0.26468396,14.014801,12.826691
Spain,1985,6,20.593842,11.755341,2.3157046,26.81228220462799,636.2433815002441,0.20983462,0.23450622,0.2462474,20.071533,17.303131
Spain,1985,7,24.400574,12.131287,2.5146925,11.464037477970123,695.4095363616943,0.14571668,0.18480465,0.22782063,24.733643,22.17218
Spain,1985,8,23.689362,10.501678,2.423476,2.4507420733571053,655.0878601074219,0.12534676,0.16770749,0.21738625,24.627075,23.184723
Spain,1985,9,22.697968,11.686768,2.0610108,13.344730138778687,483.44547271728516,0.13573863,0.15853493,0.20310439,23.636047,23.25766
Spain,1985,10,16.931519,7.901642,2.1188443,7.607848435640335,384.1784954071045,0.13257417,0.16000421,0.19742958,18.515686,20.079224
Spain,1985,11,9.683502,5.201721,2.893222,84.33151245117188,215.1132345199585,0.28381625,0.24827947,0.2074629,11.223053,14.5034485
Spain,1985,12,7.2461243,4.001343,2.7336264,75.01650643348694,180.6722002029419,0.33087686,0.3182884,0.24383463,7.5918884,9.865143
Spain,1986,1,5.9754944,2.2404785,3.1537828,43.34163272380829,215.99388122558594,0.33159575,0.33290666,0.2932255,6.177246,8.0234375
Spain,1986,2,6.71286,3.3469543,3.4718843,108.36047744750977,214.37389183044434,0.35385302,0.34870407,0.31221673,6.4425964,7.023712
Spain,1986,3,9.569916,4.021393,2.623486,44.92372286319733,426.0704584121704,0.3193884,0.32801446,0.32232586,9.101868,8.954926
Spain,1986,4,8.798096,3.0102234,3.1065147,69.19639348983765,471.10668182373047,0.30038738,0.29534376,0.29128334,9.209503,9.165649
Spain,1986,5,17.552216,8.599365,2.5722373,27.63918834924698,635.1492538452148,0.20989361,0.23962362,0.26322705,16.763672,13.967224
Spain,1986,6,20.668304,9.862152,2.5673752,17.79178261756897,679.7846603393555,0.1629358,0.19241168,0.23192607,20.830933,18.357117
Spain,1986,7,24.522858,11.134979,2.5262797,13.1629059612751,708.5521697998047,0.14072882,0.17371471,0.21957554,24.856873,22.270874
Spain,1986,8,22.991364,10.441589,2.5555,8.320972293615341,626.3206443786621,0.12977058,0.1674049,0.21103223,24.136139,23.093262
Spain,1986,9,20.495178,13.005798,2.3504927,64.08527612686157,420.0135898590088,0.2153426,0.20138837,0.20128736,21.37851,21.770142
Spain,1986,10,15.699768,11.097046,2.0742252,70.91430044174194,326.28353214263916,0.28791833,0.26791936,0.20324342,16.543488,18.146423
Spain,1986,11,9.837402,5.275055,2.364317,44.744049310684204,246.32829666137695,0.27761984,0.27980396,0.2200472,10.796783,13.392853
Spain,1986,12,6.5740967,2.6933289,2.49182,26.056462585926056,209.67019176483154,0.2968642,0.29403776,0.24406123,6.953491,9.508057
Spain,1987,1,5.7048035,1.9094238,3.0472116,106.81819081306458,201.26034021377563,0.33312756,0.3275492,0.27354845,5.4374695,6.8277893
Spain,1987,2,7.5384216,3.977539,2.8707016,69.59619235992432,246.52452087402344,0.3636377,0.3620235,0.32469103,7.200531,7.811981
Spain,1987,3,11.183441,4.989044,2.6883533,19.896930396556854,442.50597858428955,0.27905703,0.29460216,0.30909818,10.550537,9.963959
Spain,1987,4,13.516083,7.1939087,3.0031304,72.42587327957153,497.69222259521484,0.2830113,0.29025984,0.28863907,12.773804,11.357208
Spain,1987,5,16.347229,7.2302246,2.6225357,21.776243090629578,636.4704647064209,0.19316368,0.22113903,0.25801086,16.474854,14.857605
Spain,1987,6,20.948486,9.790985,2.7605054,13.531821370124817,666.8206214904785,0.14638942,0.18605988,0.23453835,21.07492,18.425812
Spain,1987,7,23.029327,13.471222,2.4176092,42.71498513221741,644.8288898468018,0.18433486,0.18278739,0.2110243,23.830109,21.996094
Spain,1987,8,24.318268,12.722931,2.5144835,26.060052752494812,601.9196033477783,0.1461238,0.17452268,0.2054895,24.99939,23.516296
Spain,1987,9,22.678955,12.409424,2.195371,27.748242616653442,471.4621639251709,0.17376712,0.18421738,0.19540656,23.339752,23.07547
Spain,1987,10,13.971039,9.819763,2.8082037,100.59340000152588,289.412052154541,0.30460134,0.27620798,0.21264835,15.428986,17.851624
Spain,1987,11,9.677551,5.8409424,2.8658707,56.557416915893555,233.60652923583984,0.33275303,0.33312842,0.277754,10.680206,13.519562
Spain,1987,12,8.959503,6.7469177,2.681534,119.68862199783325,167.22755670547485,0.36430642,0.3617674,0.3291166,8.953247,10.558777
Spain,1988,1,8.08963,5.4366455,3.3525937,87.57789134979248,177.02827167510986,0.37063864,0.36985868,0.35161424,7.692993,8.78418
Spain,1988,2,7.511627,2.7771606,3.167024,28.17096710205078,290.8344259262085,0.33901164,0.34667227,0.3517224,7.5402527,8.629974
Spain,1988,3,10.762939,3.0917053,2.8792405,10.950153082609177,490.8408031463623,0.23201771,0.26329044,0.3025002,9.84903,9.149109
Spain,1988,4,12.249054,6.967987,2.7995868,78.43902826309204,470.50063133239746,0.2849425,0.27944693,0.27930048,12.305328,11.636658
Spain,1988,5,15.047516,9.422607,2.5537148,78.74989533424377,539.2853984832764,0.30059353,0.30769005,0.2921788,14.738434,13.454315
Spain,1988,6,17.841125,11.690674,2.3723917,103.77972364425659,550.3705215454102,0.27750477,0.27711132,0.27536318,17.966553,16.512787
Spain,1988,7,23.082611,13.223389,2.5264654,18.642785251140594,678.771858215332,0.20489644,0.24605274,0.264019,22.329956,19.710052
Spain,1988,8,24.133759,12.06958,2.3528466,2.5418621823191643,647.7022647857666,0.13457258,0.18532602,0.24146724,24.795715,23.206665
Spain,1988,9,21.044128,9.20285,2.501939,7.662534713745117,504.05628204345703,0.13244165,0.17490311,0.22844258,21.891998,21.949677
Spain,1988,10,15.740692,10.013916,2.527498,71.4909074306488,340.5029420852661,0.24634211,0.24424352,0.23419663,16.660522,18.281677
Spain,1988,11,10.880035,7.3094482,2.599276,78.47275257110596,211.74848556518555,0.32922602,0.32049605,0.27080724,11.791229,14.366699
Spain,1988,12,5.921234,1.664978,2.5665877,7.138098791241646,231.77354097366333,0.2997788,0.3082919,0.29010108,6.049225,8.709442
Spain,1989,1,5.877899,2.1585693,2.2559311,27.975952625274658,242.58526754379272,0.30209723,0.30290785,0.2907404,5.4822083,7.010376
Spain,1989,2,8.346161,3.1806946,3.3206232,57.19705009460449,264.2320556640625,0.29524717,0.2908694,0.27873608,7.380707,7.578949
Spain,1989,3,11.539459,4.9726562,2.7203293,45.376527309417725,444.01696014404297,0.2651715,0.2722556,0.2595296,10.830322,10.055634
Spain,1989,4,10.537598,5.0250244,3.622277,69.34955835342407,462.2735595703125,0.30946007,0.30032265,0.25828913,10.632874,10.330139
Spain,1989,5,17.04065,9.019623,2.273024,72.25164580345154,613.3196811676025,0.22980575,0.24461086,0.24810055,16.82843,14.664856
Spain,1989,6,21.02002,11.255707,2.1869485,29.22596275806427,657.9238700866699,0.22517698,0.2504164,0.24316578,20.389618,17.804321
Spain,1989,7,25.85382,12.75708,2.4073806,12.10039958357811,702.41943359375,0.14340527,0.18456402,0.22457623,25.783875,22.912476
Spain,1989,8,24.675934,13.143982,2.2909145,15.493174433708191,599.024824142456,0.14199436,0.17187935,0.21374024,25.666107,24.408081
Spain,1989,9,19.694244,11.636169,2.2689443,54.30303454399109,453.0578327178955,0.20625456,0.21495308,0.20800978,20.779694,21.532745
Spain,1989,10,16.531403,9.818268,2.5982618,40.90144658088684,358.20648765563965,0.20687506,0.21316563,0.2060829,17.497986,19.027618
Spain,1989,11,11.864319,8.462219,3.3148723,168.0503511428833,185.8518648147583,0.31208012,0.29952505,0.2482808,12.688171,14.851776
Spain,1989,12,10.2836,7.980255,3.6880972,183.65704584121704,138.10941743850708,0.39022762,0.38942924,0.3555649,10.642212,12.454224
Spain,1990,1,6.3888245,3.3836975,2.486749,53.157166600227356,216.1364827156067,0.35981262,0.36323443,0.36269724,6.7626343,8.808746
Spain,1990,2,10.560791,6.1896973,2.5699158,5.336856961250305,305.84683990478516,0.31336927,0.3295888,0.34622282,9.585754,9.621887
Spain,1990,3,11.383789,4.59375,3.2112608,33.86545181274414,439.46698665618896,0.2510152,0.26707682,0.3016005,11.083221,10.968262
Spain,1990,4,11.061768,5.2131653,3.123674,82.71084308624268,485.8121109008789,0.2972689,0.29081962,0.281174,11.291931,11.07959
Spain,1990,5,17.064636,8.849396,2.4570885,29.970935940742493,628.043155670166,0.23047458,0.25167724,0.26511398,16.389038,14.456818
Spain,1990,6,21.349945,11.116241,2.5936513,10.820593535900116,685.5146026611328,0.15760542,0.19949728,0.24852654,21.570038,19.060516
Spain,1990,7,25.314789,12.196533,2.4365194,8.489063411951065,698.6571311950684,0.1358075,0.17866047,0.2347904,25.538818,23.081024
Spain,1990,8,24.707184,12.822845,2.3111765,13.618084758520126,620.0233554840088,0.14351453,0.17526598,0.22361964,25.678284,24.421143
Spain,1990,9,21.777924,13.223511,2.2178535,30.23069143295288,454.4612216949463,0.16966057,0.18356799,0.21838978,22.669891,22.897217
Spain,1990,10,14.941315,9.907379,3.2500114,96.51442384719849,290.0614528656006,0.2741116,0.2523453,0.22372742,16.273926,18.506805
Spain,1990,11,9.428253,5.537903,2.6429865,48.970903158187866,245.1298713684082,0.32338122,0.32089314,0.26597962,10.553558,13.517181
Spain,1990,12,5.8100586,2.3782654,2.7929218,34.86909461021423,185.7718997001648,0.3264357,0.3242526,0.29104894,6.0904236,8.470673
Spain,1991,1,5.7878113,2.1202087,2.6163187,37.58427309989929,215.17803573608398,0.32309055,0.323917,0.3070621,6.0358887,7.7395935
Spain,1991,2,6.1635437,2.379303,2.8277733,77.23484516143799,238.34930038452148,0.34972733,0.34309217,0.31393358,5.817383,6.4815063
Spain,1991,3,10.287384,5.9497986,3.2039804,99.19977974891663,362.5543327331543,0.35795954,0.3600836,0.34225515,9.46521,8.9079895
Spain,1991,4,11.36084,4.452362,2.8325791,42.88050055503845,518.294734954834,0.2783746,0.2919527,0.30896857,11.159882,10.436829
Spain,1991,5,15.539673,4.603302,3.0293684,15.69938451051712,681.4171180725098,0.17485856,0.22263047,0.27079988,15.392273,13.23526
Spain,1991,6,21.599579,10.603241,2.6023717,16.433921456336975,682.1051216125488,0.17032634,0.20145312,0.24934393,21.323395,18.50113
Spain,1991,7,24.716187,11.640533,2.5479708,9.610592275857925,693.0161018371582,0.14067633,0.18060017,0.23636156,25.063934,22.67871
Spain,1991,8,25.59555,12.505951,2.3904135,6.46541465818882,634.2621002197266,0.1323227,0.17419282,0.22838144,25.86911,24.243195
Spain,1991,9,21.366608,12.365051,2.285728,39.812257289886475,465.9975814819336,0.17418347,0.18047826,0.21737482,22.648346,23.127167
Spain,1991,10,12.907654,7.7981567,2.6352522,68.97142720222473,322.3985986709595,0.2788462,0.25999224,0.21891682,14.248352,16.875702
Spain,1991,11,9.499603,4.766388,2.9173596,31.65446162223816,238.14392566680908,0.26891926,0.27285257,0.23652132,10.067841,12.61496
Spain,1991,12,7.213928,3.5059204,2.3579226,30.83499276638031,187.25525379180908,0.318346,0.3106455,0.2605694,7.4692383,9.734711
Spain,1992,1,4.3757935,0.36209106,2.5569308,19.102084517478943,237.19003248214722,0.2877348,0.29288283,0.27906594,4.4263916,6.367584
Spain,1992,2,7.1621704,1.4668274,2.402899,40.554829239845276,298.0990562438965,0.27171385,0.2755939,0.26747924,6.351532,6.744385
Spain,1992,3,10.551086,3.032135,3.0618439,32.678778886795044,453.3050813674927,0.223786,0.24724983,0.25687125,10.002045,9.297333
Spain,1992,4,13.343414,4.661865,3.1955197,43.14606785774231,566.5244293212891,0.24677697,0.26650795,0.25059685,12.608917,10.9436035
Spain,1992,5,17.751862,8.087433,2.8901668,45.047048687934875,607.9059982299805,0.1833261,0.2042781,0.23648104,17.658905,15.708374
Spain,1992,6,16.764832,9.555206,2.7334704,74.89392042160034,563.356990814209,0.26902822,0.26683214,0.23969841,16.861298,15.835571
Spain,1992,7,24.286774,11.9599,2.2463257,6.222145766019821,684.4703006744385,0.14984778,0.2030828,0.23067658,23.830872,20.897491
Spain,1992,8,24.124146,11.55481,2.5598314,18.088779866695404,607.1052303314209,0.14611578,0.17481653,0.2184389,24.789917,23.561584
Spain,1992,9,20.194122,9.961029,2.324834,26.478357911109924,488.49369049072266,0.15977626,0.176864,0.20690614,21.188385,21.613647
Spain,1992,10,12.975708,8.014648,2.9543734,86.22629618644714,304.12751483917236,0.28191894,0.26279232,0.21399947,14.226105,16.393799
Spain,1992,11,10.998688,6.8584595,2.2809372,11.053970754146576,256.4766025543213,0.2808676,0.28928265,0.25103799,11.071075,13.1371155
Spain,1992,12,7.706604,4.4776306,3.1450503,51.3766804933548,180.17591094970703,0.31604433,0.31067166,0.28025422,8.114716,10.176544
Spain,1993,1,5.6257935,1.3927612,1.9624516,12.86790069937706,255.42030334472656,0.29095462,0.30041316,0.2947485,5.046051,6.889679
Spain,1993,2,7.216797,1.6869507,2.9845707,31.184959411621094,288.52430725097656,0.29623976,0.29830414,0.28402644,6.8503113,7.4123535
Spain,1993,3,10.22699,3.440979,2.5251913,34.97642266750336,431.70935916900635,0.25251782,0.25697178,0.25752226,9.235626,8.537445
Spain,1993,4,11.501526,3.995758,3.0236664,61.58106565475464,517.9150772094727,0.22302587,0.2234481,0.23409492,11.957581,11.246796
Spain,1993,5,14.589355,8.616119,2.7482584,87.45098090171814,558.4178562164307,0.30411965,0.29636586,0.24763969,14.129089,12.732483
Spain,1993,6,20.153534,11.017792,2.5439963,29.440743327140808,641.1028289794922,0.21228994,0.24149701,0.24782096,19.690918,17.152252
Spain,1993,7,24.245667,11.216064,2.7469184,5.367115631699562,710.8061809539795,0.13981111,0.1872771,0.22836387,24.110199,21.334473
Spain,1993,8,23.737549,11.965668,2.5724585,11.448938637971878,613.6235389709473,0.14192346,0.17846966,0.22241616,24.506409,23.491364
Spain,1993,9,17.834656,9.952698,2.7865922,30.394692420959473,442.01820373535156,0.18197703,0.19772676,0.22389792,19.10379,20.120667
Spain,1993,10,12.22168,7.9482727,3.5570948,124.45358419418335,281.7671813964844,0.3048226,0.28614002,0.24774785,13.160492,15.361877
Spain,1993,11,9.206116,6.0637207,2.37227,61.263999938964844,210.25596141815186,0.33921593,0.33758694,0.2995004,9.580994,11.7196045
Spain,1993,12,7.4385376,4.391266,2.4767656,11.243681073188782,190.8413848876953,0.31116104,0.31497297,0.30515587,7.298401,8.993195
Spain,1994,1,6.425598,2.1411133,3.2225409,55.27304410934448,228.91480016708374,0.32713497,0.3307823,0.3140894,6.1891174,7.693268
Spain,1994,2,7.5231934,2.859192,3.0712566,61.50351047515869,271.8064613342285,0.3154575,0.31416997,0.30399153,6.691681,6.94339
Spain,1994,3,12.610718,5.5925293,2.3227222,7.300014287233353,490.9769744873047,0.2464332,0.27334556,0.2853244,11.439087,10.229553
Spain,1994,4,11.864624,3.019928,3.2912803,36.90198540687561,543.9645195007324,0.21020381,0.22514789,0.2562114,11.917145,11.30661
Spain,1994,5,16.440674,8.543213,2.9909172,68.42703008651733,587.0160846710205,0.23721893,0.24308106,0.24548945,16.176117,14.468658
Spain,1994,6,21.723145,9.226715,2.7744665,6.560325622558594,716.7158889770508,0.15647458,0.20527932,0.24047868,21.434479,18.70758
Spain,1994,7,25.81662,11.046997,2.523671,3.424661599099636,721.9709300994873,0.12929003,0.17476672,0.22242658,26.068542,23.342682
Spain,1994,8,25.003662,12.240692,2.4951274,5.294895172119141,634.5227355957031,0.13147895,0.1733955,0.21665828,25.517456,24.17984
Spain,1994,9,18.50946,8.843872,2.690958,21.005528569221497,479.8721408843994,0.15436274,0.18105237,0.21637838,20.308807,21.681885
Spain,1994,10,15.538483,11.23053,2.3073215,62.041433811187744,306.4494342803955,0.2736897,0.25081864,0.22514088,16.21814,17.813477
Spain,1994,11,11.781158,8.270538,2.4320319,51.297322511672974,237.09857940673828,0.31502247,0.31459823,0.26321554,11.938385,14.063751
Spain,1994,12,8.023987,4.5259094,2.4897518,21.369739413261414,200.8968963623047,0.28424862,0.28958657,0.27936646,8.16626,10.61972
Spain,1995,1,7.4720154,2.8289795,3.1466787,37.45756959915161,219.4235601425171,0.29507336,0.29637924,0.2796284,6.8837585,8.028473
Spain,1995,2,9.593933,4.7545166,2.9993806,42.81277561187744,285.6691017150879,0.29619348,0.30039322,0.28168437,9.155792,9.534485
Spain,1995,3,11.3012085,3.1193848,3.111579,22.98324304819107,468.88035106658936,0.23661557,0.2547459,0.2565383,10.392212,9.857697
Spain,1995,4,13.884857,3.2581482,2.7462482,20.561864376068115,579.2853927612305,0.15934885,0.18848461,0.22257315,14.252838,13.301483
Spain,1995,5,18.406494,8.091644,2.8635488,24.831356585025787,648.393232345581,0.18393038,0.19898306,0.21909516,18.123322,15.832367
Spain,1995,6,21.014557,11.08194,2.4048688,38.97500038146973,631.256160736084,0.17479871,0.18508324,0.21048713,21.453735,19.429596
Spain,1995,7,24.975647,11.950104,2.5644748,11.519363552331924,689.5095272064209,0.14903566,0.17940061,0.19975998,24.87793,22.304962
Spain,1995,8,24.546326,12.501129,2.3875916,17.21706783771515,621.7444477081299,0.13917914,0.16628821,0.19167733,25.531494,24.408966
Spain,1995,9,18.38504,9.098541,2.793356,19.729818105697632,463.044490814209,0.16636215,0.1759681,0.1869883,19.774353,21.10672
Spain,1995,10,17.664093,10.070801,2.3393948,19.871483266353607,370.6360692977905,0.15783888,0.1775033,0.18622558,18.349182,19.238861
Spain,1995,11,12.569214,8.082672,2.8782039,89.14875984191895,214.12835597991943,0.2762811,0.26459324,0.21320409,13.382111,15.774078
Spain,1995,12,9.297607,6.7446594,3.4146206,147.95477390289307,150.50840044021606,0.35428682,0.34179252,0.27095625,9.320557,11.190674
Spain,1996,1,8.570892,6.05011,3.574684,192.06612873077393,160.1478295326233,0.38511673,0.3831162,0.35222435,8.795502,10.459198
Spain,1996,2,6.618103,1.7740784,3.3676248,54.22492516040802,288.22317695617676,0.35541567,0.35904086,0.3521261,6.704254,8.222076
Spain,1996,3,10.1250305,4.672394,2.8754854,49.94874393939972,412.1889934539795,0.30705157,0.31071028,0.31371605,9.208771,8.773346
Spain,1996,4,13.459381,6.6010437,2.5771458,44.6988844871521,526.4102554321289,0.25748873,0.2673471,0.2803204,13.1953125,12.1936035
Spain,1996,5,15.563995,8.662231,2.844888,80.80807518959045,589.8587131500244,0.28725195,0.29247132,0.27241862,14.951691,13.431702
Spain,1996,6,22.131104,10.1996765,2.5969665,11.511223912239075,704.985179901123,0.15267527,0.19734524,0.24181406,22.002777,19.359497
Spain,1996,7,24.298431,11.103149,2.7485518,10.93970039486885,695.2277183532715,0.13292305,0.17037499,0.21762297,24.626495,22.297455
Spain,1996,8,22.750214,11.792786,2.5343335,14.83706733584404,613.1828002929688,0.13947935,0.16613768,0.19889756,24.040192,23.243195
Spain,1996,9,18.225983,10.349396,2.7058666,52.913392782211304,438.14303398132324,0.21341228,0.20150419,0.19251035,18.991882,20.018799
Spain,1996,10,15.087158,7.905304,2.4586203,28.25760054588318,367.58164501190186,0.20173183,0.21261795,0.18630688,15.825073,17.267761
Spain,1996,11,10.616821,5.899109,3.0697625,75.7406759262085,226.83783531188965,0.2826058,0.2798377,0.20814615,11.266846,13.625153
Spain,1996,12,8.124573,5.622864,3.252063,200.6331124305725,145.61409616470337,0.36670446,0.3569283,0.28460988,8.605164,10.6311035
Spain,1997,1,7.2062683,4.704132,2.7709475,120.03652262687683,182.7438464164734,0.38203102,0.38235047,0.36298493,7.125305,8.402496
Spain,1997,2,10.207428,5.4333496,2.2598233,5.247878789901733,310.7711982727051,0.30615956,0.32197684,0.34437513,9.094391,9.220978
Spain,1997,3,13.774658,3.3122253,2.3812444,2.6605402380228043,524.4639492034912,0.16065143,0.2145511,0.2731122,12.852844,11.847076
Spain,1997,4,15.339966,6.73053,2.55797,54.914066791534424,517.5596237182617,0.20484097,0.20846418,0.23619829,15.12561,13.942688
Spain,1997,5,16.316406,8.89682,2.8819103,75.62065958976746,579.9155445098877,0.22782779,0.23071374,0.22348666,16.59018,15.489563
Spain,1997,6,19.142548,10.645569,3.0054157,45.72772979736328,612.1942520141602,0.2310173,0.25076,0.22496077,19.160065,17.807495
Spain,1997,7,22.719727,11.758972,2.4036438,33.19340145587921,664.552152633667,0.17172933,0.19065993,0.20588064,22.56482,20.340454
Spain,1997,8,23.461578,12.817657,2.340023,29.87654209136963,595.7506809234619,0.16402596,0.17785303,0.19537894,24.33075,23.228119
Spain,1997,9,21.480743,12.63678,2.2172058,46.116013526916504,454.070463180542,0.16943282,0.17720449,0.18682069,22.296875,22.164948
Spain,1997,10,17.163757,10.833557,2.6611526,50.259482741355896,349.006555557251,0.23858953,0.22917129,0.18789913,17.924622,19.362549
Spain,1997,11,11.009613,8.202118,3.5398834,174.76457118988037,179.4312858581543,0.35944548,0.3430163,0.26245356,11.792664,14.306061
Spain,1997,12,8.24292,5.552765,2.8886166,130.3481092453003,160.8351902961731,0.37073126,0.36717436,0.32869658,8.659729,10.779144
Spain,1998,1,7.80661,4.6477356,2.794509,52.99731087684631,198.1737208366394,0.35460684,0.35538018,0.3451012,7.671753,9.256409
Spain,1998,2,9.991058,5.5364685,2.5235298,41.790008544921875,288.09399032592773,0.33957496,0.34799984,0.34618223,9.163788,9.4123535
Spain,1998,3,12.634674,3.9791565,2.553304,26.16447800397873,478.22591495513916,0.20044494,0.23622134,0.28403142,11.651642,10.928436
Spain,1998,4,11.317078,5.145996,3.81395,56.95499539375305,477.26646423339844,0.27131906,0.2579964,0.2603815,11.50882,11.394989
Spain,1998,5,15.168243,9.423767,2.523009,104.05163764953613,551.9071750640869,0.298742,0.28190365,0.25247738,15.104431,13.897522
Spain,1998,6,21.422424,11.635773,2.5395956,27.0736563205719,681.6592025756836,0.21306053,0.25227988,0.25541323,20.548737,17.772339
Spain,1998,7,25.055176,11.747528,2.5722399,4.21137809753418,721.2221355438232,0.13401765,0.18034434,0.22779384,25.222992,22.577972
Spain,1998,8,25.180511,12.158569,2.339347,14.397621154785156,625.7675628662109,0.13496575,0.16527809,0.20819987,25.80017,24.341522
Spain,1998,9,20.424011,11.893066,2.9600601,55.04035949707031,430.1891326904297,0.17810671,0.18022238,0.19811016,21.91745,22.717987
Spain,1998,10,14.583099,7.5245667,2.4535048,17.551455914974213,370.65061473846436,0.22411019,0.23746559,0.20207469,15.334656,17.310303
Spain,1998,11,10.518219,5.2382507,2.6039233,26.106938123703003,245.49041748046875,0.23060845,0.23281762,0.20510586,11.460632,14.124573
Spain,1998,12,6.135742,1.2866516,2.3205326,42.02989339828491,214.6366467475891,0.22742157,0.22791295,0.20889677,6.2601624,8.98288
Spain,1999,1,6.3508606,1.7432861,2.6561244,41.01183819770813,236.23553228378296,0.30445778,0.29104656,0.22426707,5.9865723,7.4390564
Spain,1999,2,7.3455505,0.6893921,2.8186295,23.769761323928833,306.2111473083496,0.23529072,0.24088094,0.21490303,6.706085,7.247589
Spain,1999,3,10.55542,4.018524,3.1453512,51.28967761993408,428.80387783050537,0.25950897,0.23635793,0.19861843,9.882233,9.384491
Spain,1999,4,13.733337,4.390167,3.0786958,37.00354814529419,559.7463226318359,0.19511528,0.20539068,0.18814206,13.829742,12.436981
Spain,1999,5,17.749939,8.825134,2.8531659,41.24470567703247,620.8396148681641,0.22226736,0.23084235,0.1980097,17.19815,14.989136
Spain,1999,6,21.743805,10.149414,2.5990133,18.41027319431305,685.6395721435547,0.16174158,0.18928885,0.1948967,21.940613,19.326965
Spain,1999,7,25.236206,12.016357,2.555409,12.819964677095413,698.3946628570557,0.1335628,0.16701712,0.18908331,25.857391,23.3172
Spain,1999,8,24.457458,12.415436,2.5762656,10.64321693778038,620.7551803588867,0.13712612,0.16785738,0.1841639,25.239014,23.873413
Spain,1999,9,19.84488,11.771057,2.6634178,64.37792301177979,444.4899559020996,0.20816639,0.19948487,0.17404474,21.09616,22.182312
Spain,1999,10,15.461761,10.548553,2.9437594,128.69072723388672,300.9390478134155,0.28656045,0.2711396,0.18670866,16.174072,17.905334
Spain,1999,11,8.397705,3.6437683,2.743768,27.470213770866394,260.00773429870605,0.29442212,0.2950728,0.23818326,9.525116,12.806976
Spain,1999,12,7.414795,4.0895996,2.978548,43.52915287017822,184.92110967636108,0.3064207,0.2992718,0.24948134,7.5780334,9.471588
Spain,2000,1,4.764221,0.78912354,2.1998253,18.473164200782776,254.43535232543945,0.31184295,0.310882,0.27648515,4.7894287,6.8443604
Spain,2000,2,10.424072,4.232422,2.2672048,5.001589477062225,335.01898097991943,0.2277228,0.2550059,0.25705332,9.173889,8.705322
Spain,2000,3,11.734131,3.2756653,2.548963,26.355797111988068,473.5883140563965,0.18267734,0.20128252,0.22984608,11.538055,11.02832
Spain,2000,4,10.964508,5.904541,3.8156445,117.13957786560059,438.9613151550293,0.31743708,0.297824,0.24570839,10.976105,10.671173
Spain,2000,5,17.261627,10.947479,2.1856022,69.90501093864441,587.7328910827637,0.28842598,0.2953566,0.2681478,16.31369,14.157349
Spain,2000,6,22.471039,9.738403,2.8911557,9.864398539066315,713.6416053771973,0.15078543,0.1965261,0.22972508,22.273438,19.388916
Spain,2000,7,23.876831,10.644043,2.793797,6.4221247881650925,711.9660911560059,0.1305308,0.16826467,0.20939194,24.457062,22.37738
Spain,2000,8,24.218018,10.252838,2.6814327,5.812685698270798,642.6463642120361,0.12470688,0.16047345,0.19392914,25.122314,23.847809
Spain,2000,9,21.089447,9.6006775,2.4098783,15.95980703830719,497.44428634643555,0.13331477,0.15662456,0.18095134,22.591034,22.862366
Spain,2000,10,14.96048,7.8975525,2.6386712,53.19960927963257,347.78790187835693,0.22264256,0.19598718,0.18132809,16.033997,18.088043
Spain,2000,11,9.709869,5.9743347,3.4027445,89.50321912765503,207.20250606536865,0.32163903,0.30009985,0.2105135,10.348541,12.960266
Spain,2000,12,8.611328,5.409668,3.468476,143.3577938079834,159.91693544387817,0.35414556,0.3485909,0.28156978,8.811157,10.863342
Spain,2001,1,8.134186,5.165436,3.7742121,124.92597103118896,179.44333219528198,0.37060562,0.36937612,0.33612707,7.899536,9.229401
Spain,2001,2,8.577881,3.722229,3.08191,49.79505491256714,288.6278877258301,0.33196086,0.33647254,0.3327457,8.176239,8.949921
Spain,2001,3,12.424377,7.800659,3.7828586,108.8446855545044,366.29159450531006,0.33037725,0.33623436,0.32966962,11.22525,10.513794
Spain,2001,4,13.539185,4.941101,3.0470777,13.903549611568451,560.8800315856934,0.20656714,0.24347237,0.28097034,13.499908,12.545624
Spain,2001,5,16.483765,8.646881,2.3298614,59.474969148635864,604.6408424377441,0.24615116,0.24116614,0.25138283,15.825378,14.076508
Spain,2001,6,23.13382,8.893616,2.6326396,7.535219192504883,730.341682434082,0.14162332,0.18476908,0.22120348,23.12262,20.283752
Spain,2001,7,23.528198,10.56723,2.8439944,12.172092974185944,687.1690711975098,0.13545105,0.16825926,0.20781267,24.332703,22.47525
Spain,2001,8,24.725586,12.266266,2.4558616,7.1623836904764175,623.1039733886719,0.13156924,0.16550559,0.19859688,25.596893,24.187744
Spain,2001,9,20.539978,11.14267,2.3744748,48.09011936187744,460.59059143066406,0.17397963,0.1771018,0.18706308,21.95401,22.700867
Spain,2001,10,16.62201,11.591034,2.7662575,83.21425914764404,323.5387897491455,0.28918827,0.26989153,0.19443202,17.071442,18.549713
Spain,2001,11,8.519623,3.3224182,2.8521774,42.7858829498291,244.63903427124023,0.2850574,0.28268948,0.22550273,9.815552,13.236847
Spain,2001,12,5.469879,1.1505737,2.4518843,37.65734028816223,201.1962752342224,0.28339207,0.28260797,0.23993228,5.840973,8.628174
Spain,2002,1,7.7536926,4.3664246,2.5474741,43.98454415798187,217.62342882156372,0.3239639,0.31821224,0.26561525,7.1297607,8.000183
Spain,2002,2,9.139832,3.2716675,2.5985096,12.818717956542969,308.8801803588867,0.25889522,0.2764659,0.26322085,8.314026,8.655792
Spain,2002,3,11.305756,5.3907776,2.8513622,77.09970474243164,405.86039638519287,0.28761172,0.27956977,0.24991766,10.433319,9.828186
Spain,2002,4,13.106354,5.5818787,2.5965755,64.68609094619751,532.9474639892578,0.27121177,0.2755046,0.24142374,12.70636,11.539856
Spain,2002,5,15.64444,6.6332703,3.0552218,46.1772323846817,625.4670162200928,0.2106009,0.23326391,0.22374855,15.752533,14.371246
Spain,2002,6,22.161377,10.076691,2.8893661,23.11563491821289,678.1266403198242,0.15908763,0.18931618,0.20720294,22.191376,19.186981
Spain,2002,7,24.155884,10.700226,2.7379816,7.1544647216796875,713.0102882385254,0.13370846,0.16762306,0.1943185,24.714172,22.401886
Spain,2002,8,23.02008,11.34317,2.4420216,18.07769340276718,611.6473693847656,0.14325753,0.16289465,0.18816371,24.256958,23.43872
Spain,2002,9,19.374176,11.815796,2.3882458,62.0208477973938,432.8895950317383,0.20861442,0.2012657,0.18420132,20.440643,21.107117
Spain,2002,10,15.445099,10.676483,2.7992668,61.37983798980713,310.5187578201294,0.27495024,0.25583214,0.19559208,16.040771,17.647186
Spain,2002,11,11.005585,7.1124573,3.0982416,95.46272993087769,203.70994091033936,0.30263525,0.2921438,0.22038962,11.756775,14.103241
Spain,2002,12,9.312317,6.388733,3.1289227,96.56837797164917,167.99413394927979,0.3490331,0.34262037,0.2757874,9.255829,10.98288
Spain,2003,1,6.3563232,1.7855225,3.5767334,69.74505543708801,220.66864395141602,0.34816262,0.34755024,0.30921444,6.475525,8.456085
Spain,2003,2,6.9753723,2.9831848,2.8526769,79.93517398834229,245.46161270141602,0.32967025,0.3263676,0.30011573,6.6556396,7.540924
Spain,2003,3,11.596497,5.7117004,2.720004,62.366533279418945,410.5844717025757,0.30058178,0.3068423,0.29751214,10.548218,9.914093
Spain,2003,4,12.796295,6.525238,3.0374947,61.69254541397095,487.51155853271484,0.3001893,0.3010649,0.27605057,12.234772,11.359283
Spain,2003,5,17.976624,8.235901,2.55343,34.9295380115509,655.7155609130859,0.21411788,0.2452477,0.24734889,17.306824,15.0885315
Spain,2003,6,23.804535,11.848602,2.6024835,14.649663269519806,681.3644599914551,0.1499977,0.18127157,0.21950701,23.767975,20.645874
Spain,2003,7,24.784698,10.6145935,2.5456214,4.887019082903862,721.2982921600342,0.12889048,0.1633919,0.20361719,25.265533,23.008362
Spain,2003,8,25.92102,12.168854,2.3893788,14.652715146541595,620.7866954803467,0.1338011,0.15339069,0.19214946,26.941315,25.554657
Spain,2003,9,21.198547,10.850098,2.5419755,33.293724060058594,477.35913276672363,0.14198045,0.15991855,0.1802143,22.36383,22.73639
Spain,2003,10,14.455383,9.893616,2.9820015,138.19318675994873,294.4015522003174,0.3024074,0.26382917,0.18826659,15.831909,18.420044
Spain,2003,11,10.823883,7.5493164,2.7414215,77.51328706741333,208.438982963562,0.34766033,0.3417699,0.2568256,11.4227295,13.816376
Spain,2003,12,7.393158,4.2356873,2.7885346,64.11608076095581,184.12419986724854,0.35140178,0.3490456,0.30414215,7.6759644,10.060944
Spain,2004,1,8.157684,4.474945,2.7837725,30.033759236335754,213.5557165145874,0.30482122,0.30955496,0.29659572,7.7187195,8.9574585
Spain,2004,2,8.156891,3.8768005,2.513349,65.73666548728943,286.2451801300049,0.3098353,0.31209606,0.2957088,8.122589,8.979675
Spain,2004,3,9.541321,4.181549,2.7371216,76.52806448936462,397.31698989868164,0.31573594,0.31513917,0.29492906,9.062805,9.011902
Spain,2004,4,11.976959,4.937561,2.9854465,55.96038222312927,532.3872756958008,0.29374415,0.30461392,0.28314856,11.407257,10.5
Spain,2004,5,14.739899,8.236694,2.6829042,85.18056917190552,563.6394920349121,0.291024,0.28781638,0.25894585,14.17981,12.829895
Spain,2004,6,23.41977,11.617706,2.3978453,9.927544891834259,697.3201560974121,0.1597436,0.2039621,0.23158774,22.749573,19.287842
Spain,2004,7,24.674011,11.084351,2.5256336,8.215491980314255,714.8487491607666,0.13080175,0.16582589,0.20973288,25.24701,22.789246
Spain,2004,8,23.802948,12.340393,2.645993,19.6719269156456,603.9133930206299,0.14629725,0.16293964,0.19541234,24.68988,23.604767
Spain,2004,9,21.438599,10.611389,2.2190845,16.577176451683044,491.45050048828125,0.14275636,0.1615465,0.18026078,22.49121,22.592194
Spain,2004,10,15.827637,8.991394,2.884518,82.17677307128906,322.5648365020752,0.20138551,0.18755287,0.17928402,17.339111,19.39444
Spain,2004,11,9.20929,4.031067,2.3215642,13.936758041381836,262.9201412200928,0.26124883,0.26629162,0.21489747,9.8654175,12.924683
Spain,2004,12,6.892517,3.0979004,2.8515654,38.419453382492065,196.60321235656738,0.30266428,0.2964197,0.23394702,7.244751,9.740326
Spain,2005,1,4.9856567,-0.95840454,2.359271,2.9197521582245827,273.04219341278076,0.2292469,0.24880317,0.23136435,4.8452454,6.941742
Spain,2005,2,5.1858215,-1.661377,2.813755,33.62608003616333,299.6982078552246,0.20563124,0.20659646,0.20964518,5.139038,6.1393433
Spain,2005,3,10.569611,3.198883,2.849405,33.18062615394592,405.7960948944092,0.21777047,0.20519812,0.193303,9.237213,8.058319
Spain,2005,4,13.575684,4.9216003,3.0938053,27.67917037010193,532.6226806640625,0.20779479,0.21259217,0.18862535,13.0928955,11.57251
Spain,2005,5,18.345947,7.335327,2.751929,30.30521684885025,649.2100238800049,0.16952753,0.18386486,0.18310097,18.347443,15.810059
Spain,2005,6,23.801147,10.920197,2.624589,10.750191807746887,697.7205848693848,0.14598435,0.16857257,0.18180302,24.031586,20.773895
Spain,2005,7,25.258362,11.126526,2.773623,4.508389547467232,715.3791255950928,0.12662117,0.15923029,0.18120176,26.120483,23.728058
Spain,2005,8,24.716675,10.500336,2.6217055,9.78860855102539,637.8894729614258,0.12760866,0.15248358,0.174272,25.553223,24.191956
Spain,2005,9,20.007172,8.652191,2.5367799,24.34965491294861,495.3619194030762,0.1557504,0.15796788,0.16458067,21.394989,22.243286
Spain,2005,10,15.795166,9.296204,2.5021322,91.65253639221191,335.731032371521,0.23194632,0.21073757,0.16692863,16.940796,18.736328
Spain,2005,11,8.974335,4.4938354,2.7023072,47.24570631980896,235.1318120956421,0.30387652,0.29404467,0.21494181,10.307343,13.602905
Spain,2005,12,6.6007996,2.402893,2.866267,42.04177439212799,198.6969428062439,0.29750508,0.2939727,0.23664849,6.6233826,9.058716
Spain,2006,1,5.380127,1.9058228,2.3258772,52.09856820106506,213.83166599273682,0.3196493,0.3083093,0.24444738,5.8246765,7.681732
Spain,2006,2,6.6411743,1.816864,2.726687,52.150532722473145,282.07868576049805,0.30693492,0.29844344,0.25101978,6.3003235,7.0731506
Spain,2006,3,10.990967,5.3357544,3.2670693,63.971853256225586,408.3811330795288,0.30059227,0.29955715,0.25206307,9.810791,8.859283
Spain,2006,4,14.406738,7.1523743,2.6948526,45.39636254310608,525.5072021484375,0.2546651,0.2540485,0.23876427,14.00235,12.507721
Spain,2006,5,18.834839,8.343384,2.6267254,29.64583832025528,653.8743801116943,0.18573008,0.21288109,0.21661264,18.673859,16.164703
Spain,2006,6,22.20108,10.724182,2.5120883,33.771618604660034,670.0242805480957,0.17720592,0.18555999,0.19564544,22.323273,19.942902
Spain,2006,7,26.11621,11.547058,2.4445968,8.281166344881058,704.9148635864258,0.13466291,0.16466148,0.18406858,26.471924,23.692688
Spain,2006,8,24.281708,10.745056,2.7496696,15.196058124303818,638.2578983306885,0.13743336,0.15563416,0.17211679,25.360321,24.353363
Spain,2006,9,21.267365,11.117432,2.4475732,40.33224821090698,455.6558418273926,0.17526262,0.1658518,0.16267437,22.575073,23.151917
Spain,2006,10,17.223175,11.113831,3.0822563,119.7720365524292,314.0710973739624,0.24685423,0.23685987,0.17912799,17.89389,19.32022
Spain,2006,11,12.384766,9.122162,2.7841868,117.30387926101685,197.9267978668213,0.35126248,0.34294158,0.25841483,13.081879,15.530609
Spain,2006,12,6.5927124,2.7704163,2.556923,31.063111543655396,207.3922781944275,0.32048365,0.3230456,0.28503075,7.2266235,10.272949
Spain,2007,1,6.510193,2.732727,2.224598,33.281882524490356,225.1480484008789,0.27809614,0.28147626,0.27138257,6.609436,8.305511
Spain,2007,2,9.503265,5.779846,3.1487403,62.55793380737305,234.79784393310547,0.34509325,0.33633214,0.2834737,8.563385,8.69458
Spain,2007,3,9.958313,2.3423462,3.212991,30.28600400686264,452.9050521850586,0.24535547,0.2606972,0.2630765,9.7829895,9.862915
Spain,2007,4,12.370728,6.923462,2.4356563,86.02962970733643,482.7707862854004,0.30435082,0.28824058,0.24461253,12.052765,11.0468445
Spain,2007,5,16.365143,8.220673,2.9172988,73.40505933761597,622.7266788482666,0.258405,0.26708856,0.23074268,16.10019,14.553772
Spain,2007,6,20.242554,10.49295,2.7257476,28.208255767822266,648.0131149291992,0.19306485,0.2211696,0.21490732,20.020966,17.751526
Spain,2007,7,24.267822,10.008362,2.741334,2.6456527337431908,725.0140609741211,0.12773766,0.17064299,0.19663782,24.624298,21.882904
Spain,2007,8,23.374725,10.891174,2.8155384,26.6501704454422,618.2002086639404,0.14564618,0.15794146,0.18142082,24.496674,23.424469
Spain,2007,9,20.450958,11.904449,2.2509599,45.158793926239014,459.2593574523926,0.18364273,0.172033,0.16834584,21.651611,21.98413
Spain,2007,10,15.167023,8.693512,2.281888,42.88360285758972,360.37692165374756,0.23054709,0.21999241,0.17290045,16.213043,18.073425
Spain,2007,11,9.379761,1.7716675,2.4189181,35.60451149940491,274.313907623291,0.21314594,0.21700925,0.17647633,10.107361,13.094177
Spain,2007,12,6.601227,2.6326904,2.4540012,22.483823716640472,207.22083711624146,0.2587158,0.24924791,0.18987954,6.8150024,9.261749
Spain,2008,1,8.070709,4.4096375,2.4840305,41.84886622428894,228.2689471244812,0.30234936,0.29275668,0.21248475,7.4748535,8.525238
Spain,2008,2,9.49884,4.966858,2.7276235,48.888789892196655,271.13551902770996,0.2728218,0.26297334,0.21448919,8.7344055,8.851685
Spain,2008,3,10.503235,2.9873047,3.3924453,20.417678236961365,450.02582359313965,0.23003821,0.23654957,0.20746243,10.273529,10.144775
Spain,2008,4,13.434357,5.6150513,3.5184007,113.15703392028809,514.9559211730957,0.2738346,0.27062738,0.20824191,12.963165,11.861542
Spain,2008,5,15.042664,8.863464,2.579417,89.11995935440063,538.5676460266113,0.26974812,0.26172632,0.21576717,15.320923,14.31842
Spain,2008,6,20.934479,10.439545,2.5033789,25.618212819099426,663.6934089660645,0.20706505,0.23655576,0.21605563,20.149963,17.248688
Spain,2008,7,23.861237,10.33844,2.6529157,7.9989373087883,714.2176780700684,0.13566487,0.16845144,0.19473596,24.660889,22.277313
Spain,2008,8,24.178833,10.379364,2.581455,4.450423508882523,642.8942279815674,0.12246581,0.15247613,0.18018334,25.330536,23.804443
Spain,2008,9,19.356903,10.43631,2.4588253,49.22338843345642,446.4763641357422,0.18025188,0.16333103,0.17067237,20.84613,21.688416
Spain,2008,10,14.731903,8.690918,2.7642136,84.57705163955688,326.79537200927734,0.25230926,0.2196147,0.16536465,15.815887,17.745667
Spain,2008,11,7.9976196,3.270935,2.7722495,36.200934648513794,244.6787452697754,0.2860474,0.28135148,0.19246496,8.994843,12.097321
Spain,2008,12,6.1796875,2.5737305,2.9361823,56.41605854034424,180.29319095611572,0.31827253,0.30299935,0.21265194,6.1886597,8.402466
Spain,2009,1,5.863495,2.6579895,3.1681674,70.00299310684204,188.05933284759521,0.33577076,0.32324046,0.24627525,5.8382874,7.1250916
Spain,2009,2,7.731964,2.4925232,2.844616,51.67274475097656,291.465763092041,0.3113417,0.31931114,0.27988166,7.1400757,7.593811
Spain,2009,3,11.520477,3.2063293,2.839625,40.54245948791504,459.5607147216797,0.23159403,0.24674007,0.24195889,10.851227,10.009094
Spain,2009,4,11.678925,3.9422607,3.0091395,42.18486428260803,537.1959686279297,0.22580214,0.22403723,0.22269288,11.892181,11.194519
Spain,2009,5,17.980103,6.656494,2.7278454,20.78764832019806,677.8936920166016,0.17276128,0.1932001,0.20676465,17.724213,15.17807
Spain,2009,6,22.551666,9.919189,2.6998677,17.0595645904541,660.5875396728516,0.15182449,0.17360029,0.19796792,22.793427,19.927765
Spain,2009,7,24.887543,8.897766,2.8242383,3.9326325207948685,732.2431449890137,0.12528157,0.15586032,0.18539882,25.675934,23.172974
Spain,2009,8,25.311249,10.817749,2.3603613,8.836228638887405,632.2554798126221,0.12463841,0.14686324,0.17077307,26.437286,24.718048
Spain,2009,9,20.289886,10.343384,2.4364207,35.0954532623291,449.4532871246338,0.15708876,0.15221314,0.16272517,22.181,23.070618
Spain,2009,10,17.310547,9.238464,2.400035,41.43919551372528,371.95062828063965,0.20350699,0.18509671,0.15328796,18.075745,19.499054
Spain,2009,11,11.748871,6.1900024,3.194381,33.82127523422241,230.88390827178955,0.2098535,0.21003793,0.16182905,12.9644165,15.626282
Spain,2009,12,7.6055603,4.4101257,3.478171,194.2588095664978,162.0719666481018,0.33096245,0.30627504,0.21285577,8.1336975,10.692566
Spain,2010,1,6.4776917,3.1576538,3.2393167,104.09418749809265,180.9914755821228,0.37203446,0.3717072,0.33194086,6.884033,8.822113
Spain,2010,2,7.38916,3.6438599,3.6304214,138.74616622924805,217.40789985656738,0.37196735,0.3685647,0.33995578,7.0204163,7.716339
Spain,2010,3,9.416016,3.8864746,3.1053097,85.42764210700989,373.81829833984375,0.3464516,0.34958023,0.34496143,8.966827,8.970306
Spain,2010,4,13.812378,7.065918,2.5963366,63.31454515457153,511.4039611816406,0.28777698,0.29476023,0.29904747,12.788605,11.359985
Spain,2010,5,15.60434,6.648529,2.9874508,38.55027365684509,642.8164749145508,0.2227893,0.24415499,0.26129195,15.536407,14.105408
Spain,2010,6,20.278534,10.535095,2.4544857,44.46908354759216,632.0193672180176,0.20009263,0.21344164,0.23241408,20.376678,18.119629
Spain,2010,7,25.900421,11.570496,2.4742422,5.831585809588432,720.5585441589355,0.13218522,0.17270987,0.2105496,26.170471,23.072998
Spain,2010,8,25.33725,11.5466,2.4368052,13.963770866394043,624.0446376800537,0.13232093,0.15650369,0.19209845,26.316437,24.714844
Spain,2010,9,20.581238,10.7118225,2.2293487,31.807934045791626,467.03012466430664,0.16834998,0.16069853,0.1799155,22.226227,23.019775
Spain,2010,10,14.332581,6.637268,2.6386795,71.5275444984436,354.29065990448,0.21890905,0.21056993,0.17458247,15.679657,17.949097
Spain,2010,11,9.030823,4.9692383,2.9708588,64.18939590454102,214.66516971588135,0.29434496,0.2712286,0.18814415,10.156738,13.196228
Spain,2010,12,7.3221436,3.4959412,3.0630472,129.39804363250732,180.40242958068848,0.35289118,0.34255373,0.26578864,7.451416,9.601135
Spain,2011,1,6.8382874,3.3329468,2.6238186,52.47867500782013,207.39354944229126,0.33921725,0.33738598,0.30733785,7.015381,8.521698
Spain,2011,2,8.193176,2.921692,2.8746223,47.919034004211426,292.3333930969238,0.31365666,0.3139999,0.29445663,7.203186,7.5224
Spain,2011,3,9.973114,4.5761414,3.0702055,71.32239317893982,386.84311962127686,0.31421182,0.30717388,0.2847815,9.091888,8.893066
Spain,2011,4,15.688812,7.767578,2.6576974,72.6621150970459,532.1406555175781,0.24604724,0.25314638,0.2495624,15.049957,13.283203
Spain,2011,5,18.296967,10.2213745,2.3782132,62.77325129508972,608.6220951080322,0.25572905,0.25855336,0.2295742,17.64917,15.625092
Spain,2011,6,21.718323,10.037842,2.5744,17.9654860496521,683.6721611022949,0.17514847,0.19931404,0.20766602,21.72165,19.103241
Spain,2011,7,23.88623,10.325714,2.8185215,4.992287367582321,711.7803707122803,0.12806998,0.16276906,0.1943409,24.900482,22.843323
Spain,2011,8,24.605042,11.574921,2.5562842,14.697905421257019,624.233491897583,0.133727,0.15337574,0.18187137,25.800232,24.41513
Spain,2011,9,21.58316,9.67923,2.2587862,15.22738516330719,499.1883087158203,0.13763914,0.15270987,0.164549,22.770203,22.853088
Spain,2011,10,17.279968,6.9255066,2.518135,45.47984206676483,383.7812156677246,0.15428965,0.15395679,0.16126758,18.714996,20.51712
Spain,2011,11,11.085602,7.329712,2.7687523,97.32372522354126,211.85511589050293,0.32766,0.3046492,0.19965385,12.061523,14.903839
Spain,2011,12,7.2345276,3.1655273,2.4731462,15.827985644340515,207.2065577507019,0.29037514,0.29005826,0.22887431,7.598633,10.364227
Spain,2012,1,6.3704224,1.8119507,2.2239513,15.900311887264252,250.5602045059204,0.2464103,0.24691838,0.22086199,6.33432,8.132263
Spain,2012,2,5.4598694,-4.497406,2.9405308,7.571771919727325,350.27779388427734,0.18991525,0.20448232,0.19986574,5.063751,6.25354
Spain,2012,3,11.121826,0.59747314,2.7245877,17.924278914928436,487.05845642089844,0.15316457,0.15965877,0.17821403,10.880524,9.790466
Spain,2012,4,11.146057,4.688751,3.5888531,75.83049058914185,474.8305034637451,0.24125268,0.20518662,0.18177505,11.759399,11.246674
Spain,2012,5,18.465912,7.5311584,2.7967494,37.37088453769684,653.2691478729248,0.21564949,0.22887269,0.1880328,17.60373,14.871307
Spain,2012,6,22.886688,8.875,2.9017284,10.43619453907013,691.955394744873,0.1387181,0.16919288,0.17944796,23.316956,20.144714
Spain,2012,7,24.473175,8.329834,2.681132,5.3516999036073685,733.8215026855469,0.1198437,0.15050656,0.1694835,25.542084,23.168518
Spain,2012,8,25.338287,9.22702,2.6644893,5.999255180358887,646.5605659484863,0.12244677,0.14459127,0.16351466,26.510834,24.848633
Spain,2012,9,20.69162,8.884033,2.642504,61.304261684417725,460.25742530822754,0.15102534,0.15175845,0.15482616,22.498322,23.244965
Spain,2012,10,15.284088,9.131439,2.3556635,82.76921892166138,338.74134731292725,0.26089358,0.25065723,0.15678498,16.430878,18.573792
Spain,2012,11,10.397705,6.992981,2.9506507,125.19876480102539,196.68850421905518,0.35885632,0.35125417,0.24944043,11.314941,13.864197
Spain,2012,12,7.6454773,4.418274,2.6071148,39.69999170303345,186.00507020950317,0.32456222,0.3240618,0.2838821,7.855713,10.060516
Spain,2013,1,7.2253113,3.5773315,3.3426683,67.46852397918701,208.68772411346436,0.32962716,0.32636267,0.29416975,6.930908,8.432861
Spain,2013,2,6.814148,1.7790527,3.305061,56.764984130859375,272.6156120300293,0.3140029,0.31409454,0.29578018,6.882721,7.9516907
Spain,2013,3,9.626801,5.448944,3.9040384,162.19739151000977,326.49925994873047,0.36461687,0.35843,0.31899467,8.76944,8.473297
Spain,2013,4,12.491272,5.817566,3.0293138,55.63504457473755,519.1440582275391,0.2913932,0.3072077,0.31642708,12.287811,11.328491
Spain,2013,5,14.74173,6.342041,2.7792978,36.231831669807434,617.7141189575195,0.22959559,0.24347216,0.2584026,14.667572,13.403564
Spain,2013,6,20.32956,8.372742,2.7321422,12.653384506702423,681.8044853210449,0.15649976,0.19091344,0.22546801,20.081177,17.250244
Spain,2013,7,25.262451,10.630005,2.4013374,6.108113631606102,713.8992748260498,0.12615749,0.15870072,0.19990371,25.846924,22.924713
Spain,2013,8,25.062164,10.560608,2.4261932,17.298579216003418,637.1073894500732,0.12832403,0.150025,0.18549594,26.099518,24.365662
Spain,2013,9,21.42685,11.11322,2.4357347,31.47574782371521,472.8606605529785,0.14734955,0.15330347,0.17175819,22.774231,22.867035
Spain,2013,10,16.700043,10.402008,2.3899243,74.6095814704895,345.09814834594727,0.23875119,0.21981052,0.1761842,17.776733,19.562134
Spain,2013,11,9.207367,3.5419312,3.0767171,19.10335600376129,244.6541404724121,0.23781973,0.2343312,0.191525,10.563385,14.0017395
Spain,2013,12,6.554077,1.9770508,2.7736053,64.79087686538696,205.45473384857178,0.25213963,0.24037068,0.19251107,6.465637,8.975861
Spain,2014,1,8.246429,5.01886,3.481414,86.51728630065918,177.8750410079956,0.34095573,0.32802004,0.24387436,7.8066406,8.962769
Spain,2014,2,7.979889,4.2819214,3.8283703,92.13371086120605,227.4465675354004,0.34633854,0.34036532,0.2838323,7.6284485,8.355713
Spain,2014,3,10.589691,3.7120361,3.2644613,41.871671080589294,431.43994331359863,0.26104146,0.27086732,0.26907045,10.003998,9.736206
Spain,2014,4,15.144196,8.021362,2.7905793,50.345009565353394,519.6437644958496,0.25792167,0.25951776,0.2497039,14.338989,12.690277
Spain,2014,5,17.490204,6.3388977,2.9990926,22.148855447769165,672.4416351318359,0.16898032,0.19611637,0.22108212,17.998169,16.256378
Spain,2014,6,21.066376,9.388916,2.6683342,19.949299693107605,672.7248001098633,0.1581094,0.17485248,0.20202926,21.350769,18.953888
Spain,2014,7,23.533905,10.783447,2.643309,15.789975702762604,699.7751789093018,0.14456894,0.16585453,0.18580763,24.179596,21.814697
Spain,2014,8,24.115662,10.841553,2.5834062,3.678594283759594,643.3855800628662,0.12118637,0.15193781,0.1810376,25.248749,23.786835
Spain,2014,9,20.921143,12.666321,2.2352889,52.22020626068115,439.11048889160156,0.18488419,0.16387907,0.16924965,22.339752,22.902893
Spain,2014,10,17.735199,10.819855,2.5164065,62.26665163040161,349.8863182067871,0.2451316,0.23605148,0.17780401,18.059265,19.248688
Spain,2014,11,11.525024,8.1214905,3.0709574,121.55264854431152,205.50521850585938,0.3167642,0.2915883,0.20539609,12.490173,15.056824
Spain,2014,12,6.6039124,2.7738037,2.5075762,29.464548766613007,214.47156190872192,0.3275061,0.32482746,0.25472578,7.3070984,10.363403
Spain,2015,1,5.9032288,1.0401917,2.8469071,41.655961751937866,244.88967037200928,0.2889821,0.2876414,0.25732315,5.2573547,7.0754395
Spain,2015,2,6.7194214,1.7948303,3.7346737,35.64357614517212,262.6309509277344,0.3080447,0.29967594,0.257839,6.4315186,7.2078857
Spain,2015,3,11.115967,3.4888306,2.8401356,49.428629875183105,441.30198860168457,0.24744281,0.25184184,0.23323305,10.31015,9.6154785
Spain,2015,4,14.159485,6.6491394,2.7906764,46.1487078666687,514.244556427002,0.22765934,0.22767583,0.20917374,13.99295,12.599457
Spain,2015,5,19.420013,6.8737183,2.8625734,11.514506757259369,683.8764801025391,0.16343565,0.19858463,0.20373425,19.26181,16.633453
Spain,2015,6,22.834503,9.274689,2.428603,28.319630026817322,673.2159805297852,0.16013095,0.17026314,0.18722841,22.955383,20.168854
Spain,2015,7,27.186676,11.311829,2.5675492,9.845835953950882,716.3735370635986,0.122372344,0.1503875,0.17627753,27.945251,24.976288
Spain,2015,8,24.63852,11.920898,2.6017816,12.97517517209053,604.5082187652588,0.13075364,0.14331938,0.16640724,25.952698,24.994629
Spain,2015,9,19.751495,9.579498,2.480528,31.384094953536987,465.8473491668701,0.16004798,0.15628679,0.16020274,21.417847,22.413452
Spain,2015,10,15.950836,10.424561,2.5583026,86.81059718132019,306.00408363342285,0.2486415,0.20451562,0.16260052,17.038757,19.050995
Spain,2015,11,11.623779,6.6083984,2.3638234,35.813162326812744,263.21319580078125,0.27065432,0.2726358,0.194849,12.238434,14.898041
Spain,2015,12,9.44458,5.0887756,2.0557675,17.372381806373596,204.23568105697632,0.22524889,0.23619899,0.19933343,9.399811,11.354675
Spain,2016,1,8.952545,5.940979,3.1239755,77.52807092666626,184.69729614257812,0.3126758,0.29467693,0.22785957,8.961487,10.304382
Spain,2016,2,8.435516,3.801941,3.98862,62.76496863365173,267.8298969268799,0.30817914,0.2983705,0.24781854,8.429535,9.516052
Spain,2016,3,9.13446,2.8881836,3.0287285,38.929959177970886,433.2731122970581,0.27339062,0.26902434,0.24038061,8.983673,9.062439
Spain,2016,4,12.404541,6.3098145,3.030884,96.08153343200684,475.7013988494873,0.29687086,0.28796118,0.23657502,12.023682,11.240387
Spain,2016,5,15.785919,8.040314,2.9550111,86.38826203346252,581.8298664093018,0.2696702,0.27660352,0.23959607,15.497589,14.04361
Spain,2016,6,22.232727,9.624268,2.7772691,6.704092025756836,702.6516723632812,0.14993438,0.19111925,0.21498337,22.055145,18.922272
Spain,2016,7,26.235504,11.363495,2.5800822,8.713749080896378,712.5779457092285,0.12988108,0.15752047,0.19123502,26.784454,23.715332
Spain,2016,8,25.711243,11.241943,2.565508,5.618725702166557,645.4157333374023,0.121406674,0.14501214,0.17749324,26.914001,25.264313
Spain,2016,9,22.002869,9.473785,2.3834655,12.121848464012146,491.71606063842773,0.132702,0.13612317,0.16420932,23.626465,24.00241
Spain,2016,10,17.01596,9.699127,2.1690004,67.70884156227112,342.33350944519043,0.21853448,0.18097205,0.1593964,18.367523,20.143524
Spain,2016,11,10.106323,5.9084473,2.6640432,100.91676235198975,218.76989364624023,0.29694656,0.28109956,0.17688948,11.454926,14.664734
Spain,2016,12,8.063507,5.153595,2.319211,59.599037766456604,194.11725759506226,0.3441217,0.3400141,0.2526731,8.637207,11.092529
Spain,2017,1,5.9554443,1.205719,2.6614697,32.568971157073975,230.66411113739014,0.28719294,0.28503928,0.2601262,5.786804,7.7590027
Spain,2017,2,9.400299,4.8112183,3.3272727,64.0490493774414,264.35539627075195,0.31861675,0.30867398,0.25496572,8.652344,8.805267
Spain,2017,3,11.30719,4.566101,3.038397,54.81575334072113,435.34595584869385,0.269837,0.26663858,0.23609726,10.7595825,10.428162
Spain,2017,4,14.9747925,4.421631,2.8776424,30.475720167160034,569.3276596069336,0.17507955,0.19726518,0.20608015,15.236328,13.579437
Spain,2017,5,18.85025,8.47406,2.6964328,37.32918095588684,637.9565830230713,0.20066449,0.20208143,0.1910263,18.514038,16.182373
Spain,2017,6,24.572601,10.420807,2.7373784,15.404974222183228,685.4173851013184,0.14441471,0.16694872,0.18023887,25.194336,22.085052
Spain,2017,7,25.440125,10.199585,2.6714337,17.64331465959549,714.9269161224365,0.13679928,0.16059582,0.17294349,26.081482,23.746735
Spain,2017,8,25.275543,10.410309,2.5128171,26.75849997997284,622.6038703918457,0.13173823,0.14637724,0.16209859,26.825104,25.62033
Spain,2017,9,20.878693,8.07074,2.4309247,4.018920063972473,508.94554138183594,0.1298346,0.1470084,0.15039183,22.453583,23.061066
Spain,2017,10,18.435516,7.430237,2.2154622,24.284213721752167,388.20030975341797,0.15086241,0.14448535,0.14497219,19.698029,21.145355
Spain,2017,11,10.518616,3.0976562,2.4242022,31.404529809951782,264.6175003051758,0.187278,0.16637461,0.14415964,11.887238,15.354736
Spain,2017,12,6.9933777,2.622467,3.033209,45.16044843196869,199.50700855255127,0.26819393,0.23582494,0.15590683,7.2247925,10.233307
Spain,2018,1,7.199188,3.4743958,2.9029584,51.55189836025238,219.57684898376465,0.30400395,0.2862368,0.18666287,7.427826,9.2378845
Spain,2018,2,6.452301,0.46246338,2.9037948,53.87606620788574,276.0849304199219,0.26057985,0.2547759,0.19579479,6.625458,7.8634644
Spain,2018,3,9.096161,4.3766174,4.419588,181.06687831878662,361.0723237991333,0.3584774,0.3465979,0.26136208,8.780457,8.912506
Spain,2018,4,12.745422,6.5025024,3.243353,82.82345294952393,491.71789169311523,0.30600092,0.30959788,0.2760457,12.193176,11.008301
Spain,2018,5,15.85614,8.5289,2.3756063,59.572744369506836,598.797004699707,0.24017544,0.24002536,0.24484815,15.9808655,14.400574
Spain,2018,6,20.653595,11.465027,2.507868,37.83018350601196,621.6958236694336,0.21185635,0.2341937,0.22538686,20.449768,17.748932
Spain,2018,7,23.908325,11.082764,2.5242727,5.823244631290436,714.0843448638916,0.13957588,0.17435803,0.20253812,24.707428,22.280518
Spain,2018,8,25.884369,11.469696,2.3526835,10.64490669965744,631.2626647949219,0.12686257,0.15084822,0.18267703,26.85431,24.858795
Spain,2018,9,22.750946,12.700714,2.0497541,28.22511613368988,468.5570812225342,0.1593135,0.15538092,0.17008007,23.987549,23.773407
Spain,2018,10,15.336639,8.106323,2.6799195,86.27829170227051,336.2653408050537,0.22460923,0.18899034,0.16575065,17.388336,19.932648
Spain,2018,11,10.467194,7.3668213,2.9087594,93.70872259140015,201.7096710205078,0.34763008,0.32884085,0.21164346,11.314575,13.901978
Spain,2018,12,8.329346,4.7500305,2.2329159,17.731690406799316,215.93657159805298,0.3123931,0.3128979,0.2587519,8.51297,10.788727
Spain,2019,1,6.294739,1.0567322,2.8884726,24.722445011138916,236.3188877105713,0.25642177,0.25854582,0.24366122,5.670929,7.5312195
Spain,2019,2,8.8749695,1.7964478,2.5372813,16.20512056350708,332.262264251709,0.24295545,0.25187093,0.22562857,8.287018,8.549072
Spain,2019,3,11.639069,2.1967773,2.861387,23.0288028717041,482.9904041290283,0.17735575,0.19288373,0.20077166,11.546631,10.853851
Spain,2019,4,12.143951,5.7886047,3.18603,95.37996768951416,484.5636749267578,0.2754106,0.23999953,0.19408652,12.268646,11.665985
Spain,2019,5,18.26004,6.467041,3.0317903,10.923757135868073,682.9798069000244,0.168945,0.20580624,0.19146754,18.294678,15.846466
Spain,2019,6,21.491577,7.578827,2.8940058,7.667643427848816,700.4720306396484,0.13428158,0.16303927,0.18316387,22.246002,19.562408
Spain,2019,7,25.237183,11.361938,2.647275,10.216122925281525,695.3379325866699,0.13268274,0.1557952,0.17970376,26.312408,23.807129
Spain,2019,8,24.888885,11.018524,2.4282758,14.687241166830063,627.4198303222656,0.13056447,0.14624055,0.16970065,26.179443,24.720367
Spain,2019,9,20.86322,10.985809,2.5611567,44.780627489089966,462.125186920166,0.18093902,0.16850157,0.16232848,22.283081,22.905304
Spain,2019,10,16.494598,9.062012,2.4684405,41.11948037147522,357.31510639190674,0.18875708,0.17760001,0.15892895,17.97461,19.701721
Spain,2019,11,10.107056,6.103546,3.925613,76.45981550216675,190.21207809448242,0.2869773,0.2556705,0.17540596,11.331696,14.164886
Spain,2019,12,9.073151,5.2740784,3.246147,104.37029218673706,183.2481918334961,0.33489946,0.32493532,0.22841348,9.3828125,11.490814
Spain,2020,1,6.8511353,3.0631104,2.593418,48.33751118183136,208.78720664978027,0.31397936,0.308968,0.2603298,6.7149963,8.444794
Spain,2020,2,10.764282,5.2592163,2.2542045,4.774311795830727,311.55637645721436,0.26491424,0.28118655,0.25469297,10.251099,10.302551
Spain,2020,3,10.955353,5.067108,3.2433832,87.69066286087036,394.3710651397705,0.26211247,0.25320315,0.22892216,11.351685,11.266724
Spain,2020,4,13.1073,8.362549,2.594079,95.11563062667847,423.4855270385742,0.33873475,0.32506463,0.24310692,13.000488,12.218262
Spain,2020,5,18.641754,9.722168,2.5406442,50.67738699913025,633.702751159668,0.24134533,0.25811544,0.23194204,18.227814,15.880951
Spain,2020,6,20.992676,9.248749,2.8832748,17.015933990478516,671.9483184814453,0.15946142,0.18823686,0.20585577,21.682129,19.473755
Spain,2020,7,26.682129,11.435608,2.472812,8.557694166898727,713.561595916748,0.13053863,0.15949513,0.19196114,27.417816,24.413574
Spain,2020,8,24.670807,10.410004,2.564736,11.624949187040329,639.3304767608643,0.13370332,0.15044881,0.18106626,26.484894,25.48352
Spain,2020,9,20.739197,9.436249,2.5648487,30.770201683044434,469.74223136901855,0.15818048,0.15243787,0.16512471,22.473999,23.239838
Spain,2020,10,14.315277,6.408203,2.9075537,60.86479413509369,355.8982267379761,0.20521952,0.18918163,0.15767534,15.947174,18.302032
Spain,2020,11,11.839233,7.737488,2.3767364,79.97121334075928,218.52966785430908,0.2991368,0.27823552,0.18732531,12.653015,14.899231
Spain,2020,12,7.632202,4.0066223,3.2385218,53.00205957889557,179.8476185798645,0.32684964,0.31314644,0.22049828,8.424408,10.995483
Spain,2021,1,5.625366,1.7887573,3.279789,76.83669686317444,195.009747505188,0.33216682,0.32095066,0.24563178,5.435089,7.0852966
Spain,2021,2,10.040344,5.417511,3.2007518,73.6105432510376,263.89567947387695,0.3280447,0.3278454,0.27703482,9.63443,9.864502
Spain,2021,3,10.798767,3.0952759,2.7796576,22.908278226852417,470.3497066497803,0.24577868,0.26167566,0.2502576,10.535217,10.171661
Spain,2021,4,13.182953,6.8707275,2.500527,77.33375787734985,465.01665115356445,0.25312898,0.22872096,0.21800262,13.740265,12.845154
Spain,2021,5,17.158203,7.4095154,2.8241236,28.06543517112732,643.6070137023926,0.20669886,0.22517028,0.20714194,17.119019,15.129791
Spain,2021,6,21.155334,9.951599,2.580233,38.72506856918335,661.9306182861328,0.18261965,0.18801329,0.1917327,21.88913,19.634521
Spain,2021,7,24.62854,9.834686,2.8208058,3.7967443466186523,726.5970306396484,0.12875819,0.16332465,0.18663451,25.596375,22.92389
Spain,2021,8,25.193146,11.024902,2.478988,10.3865385055542,634.0126991271973,0.12843016,0.1476262,0.17864287,26.32965,24.716064
Spain,2021,9,20.513458,11.746002,2.447078,63.296663761138916,443.01727294921875,0.2025106,0.17959382,0.16437016,21.935333,22.743713
Spain,2021,10,16.555908,8.525635,2.4232538,63.56682777404785,364.278883934021,0.18148871,0.17607096,0.15135099,17.901947,19.403961
Spain,2021,11,8.80191,3.5411682,2.893853,38.3305549621582,247.69171714782715,0.27089095,0.25521007,0.1664615,10.440613,13.846985
Spain,2021,12,9.162964,5.272156,3.1175728,54.68730926513672,185.8107614517212,0.28321016,0.26934385,0.17706704,9.028198,10.662659
Spain,2022,1,6.678009,0.6024475,2.539407,8.941286742687225,259.066951751709,0.2637215,0.26739967,0.19981876,6.636139,8.821381
Spain,2022,2,9.472839,2.2599792,2.3657665,13.631057977676392,300.9645652770996,0.17693295,0.19035326,0.17912032,9.075104,9.117584
Spain,2022,3,10.027313,5.420105,3.321545,137.40742254257202,329.41133403778076,0.32029516,0.28072178,0.19141242,10.156921,10.141998
Spain,2022,4,12.046631,5.1058655,3.1171865,72.01419353485107,499.2455291748047,0.30251706,0.295716,0.22203471,11.846588,11.222443
Spain,2022,5,19.560944,7.9718018,2.706907,17.293300211429596,676.9166049957275,0.1834705,0.21884868,0.20269142,19.312592,16.429138
Spain,2022,6,23.073883,9.12262,2.8377638,10.839905440807343,682.741813659668,0.13984275,0.1705824,0.19459595,23.761353,21.199585
Spain,2022,7,27.578522,10.1474,2.5607567,6.084990501403809,729.8005752563477,0.12271118,0.1505791,0.17976959,28.032227,24.738434
Spain,2022,8,25.917358,11.424622,2.5333781,10.261314123868942,637.813907623291,0.12555414,0.13936564,0.17025523,27.52066,26.213501
Spain,2022,9,20.726624,10.594116,2.6109061,39.12040114402771,460.65135955810547,0.1674125,0.14927526,0.15927003,22.62976,23.697968
Spain,2022,10,18.53415,9.850494,2.5228117,51.17036509513855,342.39964389801025,0.1950472,0.16817912,0.14992897,19.27124,20.495667
Spain,2022,11,12.059357,7.394928,3.004546,53.84016036987305,214.6109390258789,0.26124948,0.22919965,0.17011039,13.507782,16.44104
Spain,2022,12,10.356567,7.4417114,2.8636618,138.83145666122437,161.66612815856934,0.3431713,0.32774878,0.23987138,10.662109,12.647369
Spain,2023,1,6.51593,1.9391174,3.083189,36.826276779174805,233.56013202667236,0.3109228,0.31319728,0.27682298,7.3103943,9.909332
Spain,2023,2,7.2792664,0.2876892,2.8008525,13.910627961158752,309.3949317932129,0.23247027,0.24081154,0.24206734,7.164856,8.089752
Spain,2023,3,12.322174,3.825531,2.8293054,18.046597719192505,460.9577569961548,0.19696072,0.2071276,0.21495089,11.538422,10.472565
Spain,2023,4,16.604797,3.158722,2.8221772,7.4677808582782745,604.0699768066406,0.13945581,0.16806746,0.19713016,16.774323,14.749023
Spain,2023,5,17.351532,6.760803,2.7575376,70.75191330909729,620.3597927093506,0.18779284,0.17781202,0.190855,18.733093,17.577972
Spain,2023,6,22.329071,12.753906,2.2779014,57.207995653152466,621.1576652526855,0.23419672,0.24013424,0.1895367,22.116455,19.49643
Spain,2023,7,26.07608,11.047638,2.647274,4.2331288158893585,729.2175159454346,0.13146001,0.16978885,0.18510255,27.05719,24.60971
Spain,2023,8,26.476105,10.043518,2.6788342,2.550203360617161,658.288330078125,0.11719062,0.14795128,0.1751119,27.829773,26.220947
Spain,2023,9,20.685547,12.336792,2.31797,65.74396133422852,447.1688747406006,0.2113818,0.1903529,0.16093765,22.063293,23.019562
Spain,2023,10,17.896393,9.876526,3.0050247,100.40070986747742,328.2516899108887,0.22181137,0.2161148,0.16157818,19.47461,21.052917
Spain,2023,11,11.869598,7.41037,3.111258,43.735231161117554,224.46028232574463,0.28047025,0.2823247,0.21467586,12.6527405,15.213165
Spain,2023,12,7.4660034,3.5341797,2.329317,31.680150866508484,202.52542400360107,0.30046317,0.29607126,0.23740728,8.255463,11.19873
Spain,2024,1,9.031677,5.288666,2.5911627,74.74441504478455,210.7306637763977,0.32295224,0.313069,0.2611747,8.693909,9.692291
Spain,2024,2,10.074921,4.993408,3.3625512,63.05240321159363,278.2379159927368,0.31314385,0.31152654,0.27310836,9.801819,10.463623
Spain,2024,3,11.108429,5.7332764,3.6189253,134.9431676864624,377.6116428375244,0.32259133,0.3151068,0.2754052,10.885468,10.735565
Spain,2024,4,14.3541565,5.738373,2.7994034,27.233465909957886,569.0325736999512,0.2499791,0.27137485,0.2745713,14.33432,13.341492
Spain,2024,5,17.25772,6.62088,2.8044975,17.38378608226776,668.0183429718018,0.18180707,0.20390362,0.23194234,17.441956,15.441345
Spain,2024,6,21.17279,10.731567,2.6334245,48.69093418121338,629.9847793579102,0.17655234,0.17975762,0.20133935,22.16098,20.058502
Spain,2024,7,26.06958,11.159882,2.561324,5.112126961350441,723.6152153015137,0.13853873,0.16638961,0.18411346,26.49646,23.489777
Spain,2024,8,26.481781,12.561981,2.4380398,9.175052225589752,635.7219066619873,0.12537701,0.1467443,0.17751907,27.987396,26.303467
Spain,2024,9,19.991364,9.832916,2.6466687,28.656721115112305,465.21924018859863,0.16133048,0.15238105,0.16716371,22.06424,23.262695
Spain,2024,10,16.17099,11.398773,3.0796204,131.20776844024658,285.15972805023193,0.27527753,0.24288777,0.17794527,17.479584,19.368011
Spain,2024,11,12.841461,9.032349,2.6017563,37.55634427070618,225.315899848938,0.31493545,0.30750647,0.21819605,13.457642,15.524506
Spain,2024,12,7.5371704,3.034729,2.423364,9.273880660533905,219.478253364563,0.26213163,0.26617292,0.22452466,8.342682,11.169922
Syria,1985,1,7.679291,4.725525,2.4157963,85.43909072875977,208.40015602111816,0.33926293,0.33050427,0.27124226,7.9276123,9.322144
Syria,1985,2,5.391327,0.5484009,3.7811103,89.99885559082031,270.81792068481445,0.3446083,0.35119957,0.3065543,6.8262634,8.616791
Syria,1985,3,9.363983,0.9704895,2.9842994,44.115257263183594,462.12210178375244,0.24581672,0.29547608,0.29785916,8.403137,7.8500366
Syria,1985,4,16.042755,7.7459717,3.2705941,30.501365661621094,532.8176307678223,0.2045203,0.2662463,0.28188038,15.676636,13.707031
Syria,1985,5,21.742859,11.413452,3.0917459,19.399242401123047,619.2213459014893,0.13475716,0.21338086,0.25699112,21.865845,18.833588
Syria,1985,6,24.692596,12.999115,4.1160326,3.0178070068359375,660.135498046875,0.09287714,0.18310794,0.23017415,25.472443,22.679138
Syria,1985,7,26.539398,12.960266,4.152326,0.6551361083984375,684.1877880096436,0.07923769,0.16631535,0.20453863,27.78543,25.313812
Syria,1985,8,28.881805,14.95636,3.2818964,0.8118247985839844,617.7999725341797,0.0851072,0.16924506,0.20560852,30.289215,28.181366
Syria,1985,9,24.424652,12.807159,3.0412138,5.497169494628906,494.5125389099121,0.088762686,0.17054862,0.20487691,26.669403,26.859863
Syria,1985,10,17.233887,8.687103,2.5120718,48.741416931152344,368.96083068847656,0.1647585,0.20340724,0.20998053,19.764801,22.321777
Syria,1985,11,14.235291,8.338745,2.0971384,39.472389221191406,257.44789123535156,0.18669523,0.2219055,0.21595255,15.205444,17.47342
Syria,1985,12,7.695343,3.0332336,2.6120706,51.092634201049805,221.60311460494995,0.23990935,0.24650607,0.22592829,9.467926,12.782806
Syria,1986,1,7.0462036,3.4254456,2.9706573,78.87472152709961,236.03569507598877,0.3270231,0.312789,0.2601305,7.8311462,10.102539
Syria,1986,2,9.417511,5.5679016,2.7450576,63.47007751464844,279.18313217163086,0.324781,0.3312019,0.28684184,9.212067,9.676971
Syria,1986,3,12.302612,4.7500305,2.6556997,37.66914367675781,445.27454948425293,0.2065547,0.26805347,0.27567157,12.482605,11.928741
Syria,1986,4,17.335327,8.260345,2.686879,29.15782928466797,539.5246124267578,0.20024897,0.2549492,0.2678427,17.129364,15.35733
Syria,1986,5,18.345734,9.6597595,3.2807238,41.56625747680664,576.0051860809326,0.15653351,0.21919271,0.25161925,19.683868,18.047943
Syria,1986,6,24.164581,13.006744,4.001126,11.101341247558594,634.0872001647949,0.11487834,0.19352551,0.23189726,25.067352,22.406921
Syria,1986,7,27.133514,15.532837,4.3241835,0.8201026916503906,674.6938133239746,0.08929593,0.17806429,0.2158344,28.12442,25.53537
Syria,1986,8,27.586304,17.022705,3.5675576,1.6283798217773438,603.6729202270508,0.08713348,0.17706178,0.21278219,29.446014,27.67157
Syria,1986,9,25.762665,14.291046,2.6530824,2.748870849609375,491.6700553894043,0.09431019,0.18123709,0.21800926,27.855408,27.534302
Syria,1986,10,19.334198,11.811005,2.2311447,44.4788932800293,352.0352592468262,0.17264578,0.21232346,0.21731023,21.172516,23.022064
Syria,1986,11,10.555664,4.679901,2.419046,43.007469177246094,268.2666778564453,0.20102295,0.23886476,0.23623253,13.064758,17.004242
Syria,1986,12,7.0223083,1.9165955,2.8819375,67.79003143310547,231.11933612823486,0.21565709,0.24492615,0.24844238,8.029541,11.148102
Syria,1987,1,7.6553955,3.6313477,2.9618604,101.15053176879883,235.2923994064331,0.29631647,0.30808222,0.2894167,8.091339,9.895355
Syria,1987,2,9.879547,4.304779,3.1906726,51.5386962890625,308.3980598449707,0.2581918,0.29694265,0.29725343,10.056366,10.509918
Syria,1987,3,8.256439,2.9577942,3.121462,127.98095703125,405.1948537826538,0.31542286,0.3142745,0.30809972,8.910309,9.633179
Syria,1987,4,14.67572,6.2018127,3.2310946,29.23908233642578,529.4900894165039,0.19718437,0.2697683,0.2923551,14.814514,13.190643
Syria,1987,5,20.542694,8.731445,2.9909654,8.655719757080078,630.5824584960938,0.12795655,0.21822391,0.26311353,20.885498,18.073822
Syria,1987,6,24.287994,11.780945,3.7920783,4.14276123046875,660.7226943969727,0.09267287,0.18076459,0.22949453,25.272247,22.405487
Syria,1987,7,28.066925,14.770355,3.7228754,2.7790069580078125,667.2506275177002,0.08406022,0.16902667,0.2108775,29.202728,26.118835
Syria,1987,8,27.516418,14.807983,3.4326296,3.269176483154297,613.8087863922119,0.08818259,0.17067073,0.2139703,29.604645,28.326935
Syria,1987,9,25.018646,11.974731,2.850809,1.6811370849609375,506.5624237060547,0.088605955,0.17001028,0.21331596,26.952301,26.812927
Syria,1987,10,18.092041,8.06955,2.2960267,72.73902893066406,363.317702293396,0.1903705,0.20213182,0.2162838,20.41153,22.82492
Syria,1987,11,11.455261,6.2581787,2.3824291,50.15830993652344,273.4738826751709,0.27759314,0.3036774,0.24877033,12.587677,15.713867
Syria,1987,12,8.542755,4.7705994,2.6971078,82.34138488769531,183.49413394927979,0.298593,0.3028036,0.26701096,9.942932,12.766174
Syria,1988,1,6.6683655,3.601654,2.6692007,86.10250473022461,209.38549137115479,0.3614498,0.34998906,0.2983786,7.1831055,9.100037
Syria,1988,2,7.938751,3.9482727,2.9030497,88.47940444946289,270.8741645812988,0.36337677,0.36745244,0.32826114,8.241852,9.256958
Syria,1988,3,10.032715,5.51947,3.6474152,122.00371956825256,387.71070194244385,0.35594895,0.37030587,0.3473173,10.053375,9.980316
Syria,1988,4,15.282928,8.515625,2.776126,61.18755340576172,520.1114273071289,0.2671763,0.3191188,0.33169696,14.769196,13.26123
Syria,1988,5,21.076935,9.641296,3.5088987,25.108623504638672,636.547981262207,0.15200269,0.24874258,0.29935277,20.935852,18.222198
Syria,1988,6,24.444,12.895447,3.874978,13.486862182617188,633.2700347900391,0.11409711,0.20282045,0.25451148,25.213593,22.477234
Syria,1988,7,28.570374,14.559998,3.8848426,1.5124893188476562,674.9893341064453,0.0911257,0.18484165,0.23254901,29.653198,26.62262
Syria,1988,8,27.65625,16.145294,4.040851,2.985363006591797,601.5003871917725,0.08988475,0.17682882,0.2192389,29.625,28.165192
Syria,1988,9,24.855011,12.721283,2.906884,3.7748336791992188,496.78356170654297,0.09480196,0.18123476,0.21744229,26.818909,26.76532
Syria,1988,10,18.090912,11.489807,2.5855176,68.99150848388672,351.8477945327759,0.19181925,0.22077692,0.21820165,20.672089,22.922974
Syria,1988,11,9.827087,4.757538,2.4871016,58.81004333496094,250.123929977417,0.26480916,0.28210106,0.24322885,11.8880005,15.606598
Syria,1988,12,7.7297974,4.4732056,2.6752443,86.73280715942383,200.51287603378296,0.3144488,0.31223294,0.2740538,9.287964,12.169891
Syria,1989,1,4.3309326,-0.99227905,2.707037,31.337146759033203,275.7136173248291,0.3310467,0.33875614,0.3039635,5.1383667,7.735962
Syria,1989,2,6.59552,-0.355896,2.7235978,15.211563110351562,333.2076530456543,0.24512324,0.28950933,0.2942431,5.7557373,6.613098
Syria,1989,3,12.308411,5.985138,3.2573202,62.55337715148926,432.51198959350586,0.23120524,0.27674443,0.2771552,12.118195,11.170624
Syria,1989,4,20.171783,7.0760803,2.6252265,4.3430328369140625,586.2153053283691,0.13472006,0.23233873,0.26481482,18.926025,15.748657
Syria,1989,5,22.082642,8.877319,3.317412,10.802059173583984,654.6644458770752,0.11308901,0.20215246,0.2507067,22.857574,20.480286
Syria,1989,6,24.29181,11.634277,4.1225452,3.8761138916015625,665.2670860290527,0.08876315,0.17722772,0.2244753,25.537018,23.135498
Syria,1989,7,27.783875,14.652557,4.2478414,0.37487030029296875,683.085823059082,0.08158144,0.16920204,0.20630708,28.979858,26.460663
Syria,1989,8,26.869202,16.239746,3.8795483,1.0702133178710938,612.0641613006592,0.08067646,0.1660764,0.19794817,28.938599,27.576996
Syria,1989,9,24.20816,13.049316,3.118071,5.407905578613281,491.539249420166,0.089423396,0.16317254,0.19383673,26.394806,26.61789
Syria,1989,10,18.18454,10.770142,2.5062673,52.70771026611328,365.3911962509155,0.16979998,0.20690496,0.20309721,20.274994,22.456024
Syria,1989,11,12.905914,7.268585,2.5782068,61.93256378173828,258.91016006469727,0.22028771,0.23507594,0.21079072,14.408844,17.298492
Syria,1989,12,7.892395,4.3247986,2.031076,61.035566329956055,208.9345531463623,0.2834669,0.2862841,0.24229327,9.11795,12.19043
Syria,1990,1,4.445801,-0.87945557,2.625401,35.096492767333984,265.5674629211426,0.28616798,0.29217738,0.2567244,5.275116,8.3177185
Syria,1990,2,7.446106,2.63974,3.0106037,73.50208282470703,289.66374588012695,0.29327646,0.3020774,0.26988667,7.2879944,8.10376
Syria,1990,3,11.74942,2.639679,3.0091789,16.201610565185547,477.78248596191406,0.19300252,0.26254982,0.26756424,11.524414,10.596466
Syria,1990,4,15.983429,5.8060913,3.1499884,24.23114776611328,533.7182235717773,0.16094078,0.22286999,0.24629934,16.203003,14.231171
Syria,1990,5,20.85019,7.6104736,3.2217069,12.471237182617188,653.4439296722412,0.1187841,0.19772434,0.23058441,21.256348,18.489258
Syria,1990,6,24.746643,11.1250305,3.8916714,7.09075927734375,664.3547630310059,0.095262125,0.17750074,0.2131304,26.052277,23.345306
Syria,1990,7,27.209839,15.703888,4.618419,1.9878768920898438,665.8273620605469,0.078532495,0.16483225,0.197025,28.577728,26.16394
Syria,1990,8,26.950592,14.774658,3.9158475,1.1127853393554688,628.7324676513672,0.07998132,0.16508844,0.19087136,28.72287,27.292847
Syria,1990,9,24.169586,13.735138,2.8974438,6.1214447021484375,498.2903480529785,0.09153394,0.16758853,0.18934023,26.44339,26.403412
Syria,1990,10,20.447937,9.380066,2.5993464,11.629257202148438,385.5800905227661,0.10838209,0.17358671,0.19639991,22.285828,23.773926
Syria,1990,11,14.534271,6.8787537,2.465054,34.11884307861328,283.8566493988037,0.16578871,0.21139492,0.20682964,16.060059,18.733429
Syria,1990,12,9.063721,3.389038,2.4195678,32.60366439819336,244.12865114212036,0.19641353,0.2259556,0.21605745,10.846252,14.327545
Syria,1991,1,6.3251343,2.0526733,2.3446062,47.7983283996582,249.76733016967773,0.25211945,0.24916817,0.22577631,7.1197815,9.772583
Syria,1991,2,7.2836,1.0621033,2.8245678,50.58673858642578,288.40849685668945,0.2618809,0.2733297,0.23894575,7.3682556,8.380524
Syria,1991,3,12.441315,6.308197,2.9574237,77.49704360961914,409.27189350128174,0.26811126,0.2868762,0.25091276,12.096252,11.348602
Syria,1991,4,16.694885,7.2273865,3.329025,41.58039093017578,529.0030288696289,0.19582532,0.27287212,0.25385144,16.481384,14.825134
Syria,1991,5,19.37445,9.408844,3.8406157,33.27003479003906,595.971996307373,0.15733965,0.22747327,0.23901524,20.266449,18.602875
Syria,1991,6,25.186554,13.015564,3.7890992,1.3721466064453125,664.6718788146973,0.09907754,0.19141899,0.21748759,25.558685,22.277435
Syria,1991,7,26.289581,15.701874,4.7908325,2.2078323364257812,663.7875118255615,0.08688957,0.17351793,0.20192389,27.833527,25.696136
Syria,1991,8,26.752441,16.76242,4.401442,1.6774559020996094,608.6981925964355,0.08502699,0.16947412,0.1969777,28.384308,26.97998
Syria,1991,9,24.46045,12.70639,2.8743186,4.2720794677734375,501.8112373352051,0.0926715,0.17302859,0.19654948,26.12265,25.98877
Syria,1991,10,20.026917,11.579254,2.4410594,49.032325744628906,365.2572422027588,0.16135713,0.1982341,0.200563,21.516571,23.162323
Syria,1991,11,13.369354,6.898987,2.0851066,42.61951446533203,259.7647762298584,0.1887171,0.22976744,0.2070655,14.936066,17.786926
Syria,1991,12,6.680298,2.75943,2.7367632,108.86848449707031,198.7547402381897,0.30975568,0.29245672,0.23679766,8.142151,11.79895
Syria,1992,1,3.4140625,-1.4676208,2.6413946,54.530029296875,237.1005425453186,0.31964314,0.31536698,0.27160367,4.732666,7.8869934
Syria,1992,2,3.782318,-0.42868042,3.2269132,117.93335914611816,254.90289115905762,0.35869926,0.34548375,0.2930864,4.6180725,6.1073303
Syria,1992,3,8.610657,1.755188,2.9590738,38.94512176513672,431.92470264434814,0.29314038,0.32378772,0.2973445,7.939331,7.615509
Syria,1992,4,15.491943,6.0134583,3.08671,9.352684020996094,530.9148788452148,0.16192973,0.25130063,0.27558044,14.989807,12.848633
Syria,1992,5,19.420013,9.949219,2.921029,46.638832092285156,591.3234272003174,0.17338887,0.23725937,0.26011348,19.530731,16.939423
Syria,1992,6,23.511597,12.731537,3.7137072,16.05548858642578,626.2479400634766,0.1179301,0.20159593,0.23867923,24.275055,21.487488
Syria,1992,7,25.76419,13.920349,4.2600465,4.4085693359375,660.3999614715576,0.09468415,0.17930734,0.21926942,26.708618,24.341034
Syria,1992,8,27.498688,15.3394165,3.6894894,1.73126220703125,611.1902523040771,0.08377003,0.16693085,0.20695637,28.531952,26.433197
Syria,1992,9,23.891907,11.462097,2.7450228,5.38330078125,494.2423439025879,0.09253174,0.16895142,0.20890537,26.05658,26.245209
Syria,1992,10,20.720276,8.967041,2.3267202,5.022315979003906,400.311842918396,0.1005561,0.1724234,0.21229608,21.659424,22.664978
Syria,1992,11,11.790985,3.3639832,2.968773,54.80203628540039,258.97682189941406,0.17942554,0.1987225,0.21747282,14.222565,17.873474
Syria,1992,12,5.431122,2.0909119,2.498362,61.12957954406738,191.69502782821655,0.31792322,0.28968027,0.2480411,7.328064,11.067963
Syria,1993,1,5.58902,1.2935486,2.6467993,65.24871826171875,241.2634506225586,0.32053635,0.3232436,0.27154574,5.716736,7.648651
Syria,1993,2,5.6806335,0.786499,2.650031,60.77201843261719,292.76950454711914,0.33471924,0.339877,0.2929081,6.133087,7.2845154
Syria,1993,3,10.290131,3.5704956,3.0138102,62.14923858642578,454.91711235046387,0.27210832,0.31065854,0.2973514,9.741089,9.314117
Syria,1993,4,15.792877,6.5460815,3.1225915,31.227493286132812,525.2388381958008,0.18051407,0.25449586,0.28007945,15.492889,13.634155
Syria,1993,5,18.501099,11.447784,3.0005598,67.91893005371094,561.7384738922119,0.22305399,0.266391,0.26651263,18.537872,16.373901
Syria,1993,6,24.657532,11.898102,3.5779693,7.913017272949219,651.1621856689453,0.1111976,0.20637685,0.24274735,24.990051,21.861725
Syria,1993,7,27.3797,14.120636,4.1558466,0.5977821350097656,679.3074378967285,0.08694587,0.18193701,0.22102077,28.177216,25.497742
Syria,1993,8,27.849274,15.553497,3.8003297,1.7164802551269531,614.4114170074463,0.087056495,0.17527921,0.21538985,29.177887,27.35144
Syria,1993,9,24.578339,12.533997,2.9137287,0.8520126342773438,508.18639755249023,0.090022564,0.17558236,0.21438079,26.589996,26.594055
Syria,1993,10,21.472961,8.937012,2.348008,4.640941619873047,396.5706491470337,0.099519126,0.18007158,0.21939836,22.602753,23.761963
Syria,1993,11,10.362762,4.304657,2.696855,55.60283660888672,257.6077938079834,0.22864105,0.2389189,0.22248964,12.553925,16.655365
Syria,1993,12,9.417145,5.946289,2.3581924,27.813720703125,212.46940565109253,0.23701769,0.25338596,0.23040465,10.016693,12.362518
Syria,1994,1,8.92984,5.5873413,2.5837471,91.40360832214355,231.42787981033325,0.3044798,0.2891687,0.25260672,9.407959,11.263336
Syria,1994,2,8.474182,3.74411,2.8983216,102.31636047363281,288.74839782714844,0.32642707,0.32781237,0.29374254,8.639862,9.797882
Syria,1994,3,11.916107,6.2767334,2.5784702,51.98664665222168,429.07908821105957,0.2685907,0.30532077,0.2993235,11.616364,11.212616
Syria,1994,4,18.35434,8.132233,3.163964,18.300247192382812,553.2357215881348,0.17844437,0.25624838,0.27959037,17.976715,15.843262
Syria,1994,5,21.901917,10.540588,3.0772064,24.77396011352539,630.180980682373,0.1545652,0.2271196,0.26111957,21.840546,19.191528
Syria,1994,6,25.109924,11.64978,4.3156605,2.6493072509765625,675.5509185791016,0.0908916,0.18278258,0.23081087,26.243103,23.899292
Syria,1994,7,26.707947,15.805206,5.1939282,4.9880218505859375,664.9168529510498,0.08771567,0.17282869,0.21476963,28.099487,26.073456
Syria,1994,8,27.553528,15.53717,4.040555,2.1676254272460938,621.7421417236328,0.087463684,0.16787153,0.20434088,29.088165,27.491852
Syria,1994,9,27.066986,14.388947,2.6047192,10.455322265625,482.5996398925781,0.1022748,0.17550497,0.20972504,28.365875,27.855469
Syria,1994,10,22.021973,12.107208,2.2727482,28.94542694091797,363.61816024780273,0.14827481,0.19150037,0.21156636,23.591187,25.00943
Syria,1994,11,12.27063,7.8493347,2.7274725,106.34593963623047,228.89841556549072,0.28129426,0.25993076,0.21514192,14.446564,18.203339
Syria,1994,12,5.7316895,2.3052673,2.7245092,83.18750381469727,203.57522344589233,0.35500768,0.34791875,0.27094,7.348938,11.144226
Syria,1995,1,8.128052,4.938568,2.4475596,48.3765983581543,214.4776964187622,0.32656482,0.33521938,0.29581928,8.659821,10.279663
Syria,1995,2,9.610626,4.917633,2.28908,37.25318908691406,302.5729064941406,0.28764012,0.31741756,0.3009768,9.364349,10.088806
Syria,1995,3,12.038025,5.4174194,2.8918662,36.19922637939453,443.55141735076904,0.21114062,0.2742652,0.28637126,12.322296,12.014038
Syria,1995,4,15.19693,7.043274,2.9367738,53.19557189941406,514.3553924560547,0.20918742,0.2632348,0.2778903,15.093475,13.754578
Syria,1995,5,21.751678,9.783844,2.8489034,20.129470825195312,641.3538303375244,0.142301,0.22962947,0.2651697,21.75586,18.738098
Syria,1995,6,25.689606,13.99646,4.0816555,12.221145629882812,643.6248779296875,0.107956104,0.18663302,0.23388213,26.370789,23.676025
Syria,1995,7,26.829407,15.647949,4.5655074,6.778411865234375,655.184061050415,0.09358562,0.16969968,0.21053475,28.109436,25.963165
Syria,1995,8,27.610748,16.491364,4.099732,2.2362136840820312,615.6301002502441,0.08166964,0.1578443,0.19888334,29.215576,27.646576
Syria,1995,9,24.58017,13.585999,3.298835,6.960296630859375,491.9854545593262,0.08836219,0.15507257,0.19129203,26.511383,26.666046
Syria,1995,10,19.145905,7.19693,2.3791144,23.256149291992188,401.3201789855957,0.124092855,0.17061512,0.1945212,20.880676,22.744476
Syria,1995,11,10.444855,4.17511,2.746335,78.61976623535156,267.3417377471924,0.23666468,0.23269528,0.20939179,12.447327,16.636383
Syria,1995,12,7.1323853,3.0523682,2.2539742,30.990066528320312,226.35598516464233,0.25270537,0.2569397,0.23076746,7.914856,10.894928
Syria,1996,1,7.022278,3.785675,2.7634683,88.95069122314453,212.41576194763184,0.3344626,0.30943608,0.25495765,7.7380066,9.737976
Syria,1996,2,8.891998,4.3516235,2.665803,62.195167541503906,304.5259418487549,0.3185447,0.3244997,0.27795592,8.817993,9.4539795
Syria,1996,3,10.737457,6.801483,2.8693342,129.2255973815918,369.8520050048828,0.33899957,0.33909658,0.29757476,10.863983,10.782227
Syria,1996,4,14.205597,7.544647,3.2349033,51.36909484863281,504.2346954345703,0.25820252,0.31064785,0.30065486,14.035126,12.867493
Syria,1996,5,22.362305,11.40271,3.18447,10.307159423828125,649.8398532867432,0.13907014,0.23530106,0.2735357,22.064331,18.849518
Syria,1996,6,25.475006,11.993713,3.660192,4.024314880371094,667.7441024780273,0.10212837,0.19571386,0.24342212,25.876404,22.919647
Syria,1996,7,28.437103,16.112427,4.150445,1.3232803344726562,670.9950141906738,0.08821569,0.18057387,0.2249912,29.443268,26.78714
Syria,1996,8,27.686066,16.34314,3.7495368,1.8465614318847656,619.768928527832,0.08748117,0.17383985,0.2120832,29.476196,27.986115
Syria,1996,9,24.008759,14.428497,3.3634493,13.180732727050781,479.8135757446289,0.10891168,0.1795663,0.20654868,26.212738,26.531006
Syria,1996,10,18.221191,10.43045,2.5314803,65.62713623046875,359.3546018600464,0.16254967,0.19900589,0.20689377,20.692902,22.962494
Syria,1996,11,13.69046,6.5466614,2.5673504,22.303390502929688,263.0426216125488,0.20047092,0.22434357,0.21851517,14.480774,17.031616
Syria,1996,12,11.060913,7.9507446,2.5501182,90.85046768188477,191.95343112945557,0.31935048,0.3029656,0.23783356,11.857483,14.264832
Syria,1997,1,7.3225403,3.1095886,2.6746237,54.282875061035156,257.5754232406616,0.3112046,0.3160464,0.2657161,8.290344,11.088745
Syria,1997,2,6.1085815,0.87561035,2.4847062,53.77799987792969,300.7397270202637,0.32005566,0.32797155,0.28272352,6.2533875,7.7644653
Syria,1997,3,8.737701,2.0211487,3.218062,66.01205825805664,446.7269058227539,0.28057885,0.3069063,0.28270447,9.102356,9.459503
Syria,1997,4,13.43457,6.039551,3.5758572,57.98149108886719,494.60105895996094,0.23535001,0.29252055,0.28635368,13.251465,11.746185
Syria,1997,5,22.071991,10.552948,3.084001,19.42821502685547,644.9593257904053,0.139922,0.22874567,0.2638681,21.90158,18.548004
Syria,1997,6,25.2612,13.313568,3.9115512,5.2379608154296875,645.252857208252,0.09379878,0.18301015,0.22838324,25.923584,22.869598
Syria,1997,7,27.632812,14.804474,4.4937606,1.3374710083007812,674.9874420166016,0.08534774,0.16877425,0.20760508,28.757812,26.256805
Syria,1997,8,25.666412,16.279144,4.6695695,5.179004669189453,599.5811576843262,0.08775197,0.16312987,0.19648145,27.510803,26.534485
Syria,1997,9,23.37555,11.343475,2.786461,18.123435974121094,488.64057540893555,0.09914681,0.16744731,0.1957224,25.424194,25.590302
Syria,1997,10,19.891174,11.742981,2.3394825,52.41325378417969,344.5692205429077,0.18110323,0.20938429,0.20051166,21.170624,22.620667
Syria,1997,11,13.47998,8.123108,2.4500651,41.510581970214844,254.1006374359131,0.22174864,0.24533992,0.20907722,14.617462,17.455383
Syria,1997,12,9.133759,5.6435547,2.6196434,63.45478057861328,192.4775252342224,0.26868176,0.26013783,0.22067092,10.299164,13.322754
Syria,1998,1,6.5851746,2.7506104,2.9066532,71.2099838256836,225.27971124649048,0.32907313,0.3033253,0.23923193,7.235565,9.470825
Syria,1998,2,8.07724,1.3657532,2.8991036,37.03956604003906,304.77260971069336,0.2820499,0.3049014,0.25661615,7.9656982,9.086792
Syria,1998,3,10.788574,4.689453,3.3897789,86.42297744750977,412.0893039703369,0.23894203,0.27021798,0.24979638,11.087341,10.9921875
Syria,1998,4,17.190308,9.013275,2.9717515,54.595184326171875,524.6891212463379,0.22168963,0.271296,0.259684,16.537842,14.600708
Syria,1998,5,21.09732,12.0659485,3.1854398,35.97217559814453,585.6832847595215,0.17809363,0.24958065,0.25618073,21.059082,18.551056
Syria,1998,6,25.818848,14.53775,3.8013253,2.7099609375,661.3253974914551,0.10680216,0.19763204,0.23061274,26.192017,23.030853
Syria,1998,7,28.578003,17.180756,4.351644,4.352989196777344,665.5124473571777,0.08964426,0.17570269,0.21321896,29.35437,26.638947
Syria,1998,8,29.74646,17.567749,3.2690208,1.39068603515625,619.5204734802246,0.08672504,0.17091814,0.21066412,31.06662,29.167786
Syria,1998,9,25.48642,15.008636,2.9585526,7.767677307128906,482.4762725830078,0.09232743,0.16978613,0.2056222,27.406982,27.643524
Syria,1998,10,20.941711,8.70929,2.3838522,9.498291015625,406.9045934677124,0.10681029,0.17675924,0.20628615,22.43686,24.094452
Syria,1998,11,16.545074,9.59375,2.2100728,33.863067626953125,261.43458366394043,0.14967935,0.19767787,0.20977077,17.765839,20.014648
Syria,1998,12,10.3107605,5.935272,2.3201125,78.19061279296875,211.94801664352417,0.24297005,0.24453956,0.22858846,11.822479,15.155701
Syria,1999,1,8.669861,4.5609436,2.4441943,43.19138526916504,251.25551795959473,0.30359873,0.2956646,0.25325578,9.144562,11.586243
Syria,1999,2,9.902679,4.210846,3.059165,54.70191955566406,287.71622467041016,0.27025568,0.3015802,0.2625694,9.787079,10.945526
Syria,1999,3,12.444336,4.442566,3.1029062,62.970523834228516,447.3234462738037,0.21037994,0.26071048,0.255617,12.487793,12.38382
Syria,1999,4,16.52243,8.084015,3.1311636,26.694488525390625,538.8120460510254,0.2070301,0.26318637,0.25986558,16.3031,14.705353
Syria,1999,5,22.890076,10.016113,3.288256,3.8285255432128906,665.0204448699951,0.113638915,0.20737667,0.2434537,23.191772,20.394318
Syria,1999,6,25.417877,14.681854,4.0992103,10.7940673828125,635.6565856933594,0.09487146,0.17475416,0.21033224,26.495575,24.002014
Syria,1999,7,28.142242,17.406464,4.6502852,3.1727981567382812,654.7599964141846,0.08252369,0.15718965,0.18534428,29.375092,26.858826
Syria,1999,8,28.389069,17.916382,3.6002,3.9574241638183594,602.6379470825195,0.08430424,0.15398844,0.17716074,30.27713,28.525604
Syria,1999,9,25.013031,13.551361,3.1355424,6.456756591796875,492.1886444091797,0.09553791,0.16081633,0.17870596,26.976074,27.235992
Syria,1999,10,20.810577,11.980164,2.3243406,22.459697723388672,376.0187692642212,0.12050538,0.16385919,0.17985229,22.752533,24.460266
Syria,1999,11,13.6597595,4.0784607,2.300054,12.157058715820312,284.0732002258301,0.1308235,0.17042194,0.17944175,15.473419,18.859863
Syria,1999,12,9.795929,3.5272217,2.4452226,27.52340316772461,247.1389513015747,0.17488283,0.18824972,0.18356904,10.375427,13.593109
Syria,2000,1,6.277771,1.7936096,2.8945498,99.26701545715332,240.63777494430542,0.29166856,0.26583096,0.20666611,7.548584,10.648254
Syria,2000,2,7.447693,1.7398376,2.7416534,50.776052474975586,312.8911371231079,0.2924786,0.2967381,0.23172332,7.452118,8.941895
Syria,2000,3,10.72876,3.4433594,3.0469818,41.18281364440918,447.6560697555542,0.22610268,0.2746296,0.23500472,10.5173645,10.22937
Syria,2000,4,17.70816,9.066742,3.281087,47.38025665283203,509.4769477844238,0.17424501,0.23363149,0.22375947,17.637085,15.563019
Syria,2000,5,21.013763,10.761108,3.3980994,14.862957000732422,642.5249156951904,0.14031827,0.20930134,0.21411937,21.350739,18.81308
Syria,2000,6,26.490814,12.357086,3.7917328,2.0267486572265625,682.7832984924316,0.09524668,0.17815252,0.1961371,26.898102,23.648468
Syria,2000,7,30.12439,15.730835,4.023496,0.24478912353515625,692.1557331085205,0.0757363,0.16047953,0.1821683,30.546844,27.49591
Syria,2000,8,28.20517,16.696655,3.502364,3.0545425415039062,606.689266204834,0.07588627,0.15244304,0.17663518,30.268372,28.812286
Syria,2000,9,24.906067,14.732178,3.0411558,13.447952270507812,485.23887634277344,0.09011701,0.1503588,0.1722592,26.893768,27.119415
Syria,2000,10,19.060333,10.957123,2.3082721,38.19538116455078,364.57461166381836,0.16173314,0.16940723,0.17568181,20.831726,23.271362
Syria,2000,11,14.118103,5.299103,2.2131822,29.534910321235657,286.1575698852539,0.14659522,0.1830304,0.17861108,14.77533,17.81903
Syria,2000,12,8.697845,5.4268494,2.5677378,66.37451171875,201.39932012557983,0.29818198,0.25920904,0.18355112,9.64679,13.106018
Syria,2001,1,8.338654,4.7842712,2.2243104,31.68008804321289,246.24266242980957,0.3009132,0.29462597,0.2132941,8.683197,10.862976
Syria,2001,2,9.519043,4.596405,2.8391404,84.62944030761719,289.43151092529297,0.28580225,0.29416606,0.22405949,9.023773,9.898804
Syria,2001,3,15.364441,8.21756,2.7172,43.6274528503418,456.5898380279541,0.24141912,0.281857,0.23333807,14.122253,12.971619
Syria,2001,4,17.872375,9.081787,3.2012882,40.424537658691406,508.47164154052734,0.19704078,0.24921279,0.22651695,17.508118,16.003815
Syria,2001,5,20.843658,10.162598,3.1621554,60.01176834106445,604.1941909790039,0.18659611,0.23885897,0.2224985,20.79181,18.731354
Syria,2001,6,26.507202,12.618042,4.020114,1.6382217407226562,678.6645698547363,0.08917716,0.17753115,0.1979734,26.971619,24.057251
Syria,2001,7,28.544373,17.064758,4.6624284,1.2783432006835938,669.0416088104248,0.06692626,0.1447452,0.16890907,29.355743,26.653442
Syria,2001,8,28.331573,18.36856,3.8171375,4.334068298339844,597.466215133667,0.064584985,0.12737459,0.15307313,30.076477,28.352722
Syria,2001,9,25.437408,16.189484,3.006315,8.535003662109375,483.3643913269043,0.07557124,0.12004263,0.15184523,27.351624,27.162476
Syria,2001,10,20.594269,11.136993,2.3264053,22.94809341430664,380.5456533432007,0.11698718,0.11683878,0.14802095,22.498352,24.596375
Syria,2001,11,12.233002,5.1208496,2.618863,46.93336486816406,261.33564949035645,0.185959,0.15284775,0.15335348,14.025848,18.737122
Syria,2001,12,9.407532,6.046692,2.682932,114.88710403442383,185.76682949066162,0.3203699,0.27527437,0.19510591,10.217499,13.627777
Syria,2002,1,5.818512,1.0405579,2.7308743,74.4685173034668,265.38333892822266,0.32086933,0.29967287,0.23448345,6.2314453,9.555481
Syria,2002,2,10.490662,3.331543,2.7895966,42.86399841308594,325.7549057006836,0.24401292,0.27134863,0.2246879,9.56189,10.113434
Syria,2002,3,13.491272,4.726227,2.9837186,75.28270721435547,431.77058601379395,0.22219172,0.25474775,0.21900538,13.069,12.709015
Syria,2002,4,15.512817,9.059814,3.2631898,48.344993591308594,488.1523132324219,0.23076214,0.26959798,0.23080751,15.379822,14.189056
Syria,2002,5,20.347534,10.868408,3.4058104,25.91217041015625,624.575309753418,0.155685,0.21686637,0.21496153,20.651947,18.155762
Syria,2002,6,25.621796,13.361176,3.815242,4.443168640136719,658.3559989929199,0.09902457,0.17531584,0.18850166,26.177887,22.971771
Syria,2002,7,28.648102,16.57196,4.078737,4.47479248046875,658.2396087646484,0.0807172,0.14883353,0.16613463,29.497162,26.488312
Syria,2002,8,27.516113,16.814728,4.2797003,4.672870635986328,605.1517658233643,0.08229209,0.14162184,0.15646218,29.25357,27.729004
Syria,2002,9,24.955902,14.655518,3.094122,6.0733795166015625,485.6641387939453,0.09395023,0.14623672,0.15808499,26.501465,26.326538
Syria,2002,10,21.453217,10.721649,2.0942276,13.08084487915039,379.0516119003296,0.116457656,0.15095924,0.16511685,22.84378,24.269867
Syria,2002,11,14.652496,6.8304443,2.4360328,33.160400390625,282.7152442932129,0.1669744,0.17195436,0.17078276,15.766907,19.04898
Syria,2002,12,6.624756,2.2542725,2.8097067,78.58381271362305,198.6680736541748,0.25815818,0.24074127,0.18738857,8.531982,12.771301
Syria,2003,1,8.854614,5.420044,2.6130383,85.333251953125,217.27228355407715,0.3415903,0.32768124,0.22696638,8.823456,10.580627
Syria,2003,2,6.882843,2.8847046,3.2403507,125.42343139648438,253.05935668945312,0.36606342,0.3585584,0.2629784,7.7375183,9.541321
Syria,2003,3,9.794434,4.4540405,3.1429162,112.33160018920898,410.3154697418213,0.34247953,0.35242558,0.29267108,9.590515,9.878174
Syria,2003,4,15.826721,8.381378,3.1831064,38.06591033935547,511.5904998779297,0.2174864,0.2890875,0.28953895,15.16806,13.519043
Syria,2003,5,23.42456,8.605164,2.9957497,17.005157470703125,651.330997467041,0.12791958,0.2250066,0.2624355,22.687164,19.470581
Syria,2003,6,25.621521,13.500641,3.822115,5.1097869873046875,651.9527435302734,0.10888073,0.19528592,0.23440057,25.91806,23.039001
Syria,2003,7,28.066925,16.304016,4.5865073,1.9281578063964844,675.0820465087891,0.07478381,0.16150388,0.20477207,28.952118,26.496796
Syria,2003,8,28.65622,17.20343,3.8562539,0.38669586181640625,623.467077255249,0.06622099,0.1505151,0.18927126,30.01883,28.172028
Syria,2003,9,24.408508,13.58786,3.4989774,6.562042236328125,501.28074645996094,0.082958214,0.15183604,0.18345828,26.439117,26.707794
Syria,2003,10,20.915985,11.826111,2.6310236,28.40322494506836,380.1162967681885,0.11056331,0.15711066,0.18177626,22.74881,24.206635
Syria,2003,11,13.067169,6.45401,2.3697479,29.441644549369812,266.7810916900635,0.19061327,0.20526166,0.1860118,14.345795,17.9693
Syria,2003,12,8.379456,4.2246704,2.8767278,71.66349411010742,209.7013373374939,0.2590612,0.24542384,0.2017055,9.39859,12.852661
Syria,2004,1,7.4146423,4.4165955,2.8420398,134.33926582336426,203.99566650390625,0.3516448,0.32807338,0.25014573,7.94693,10.107727
Syria,2004,2,7.888794,4.04068,3.1002946,80.43632507324219,272.93250370025635,0.3655312,0.36421117,0.2943701,8.030273,9.326721
Syria,2004,3,13.501099,4.086273,2.7817636,9.106864929199219,478.9714574813843,0.2025705,0.28259906,0.28468952,12.716034,11.744873
Syria,2004,4,16.179688,5.1574097,3.0261471,38.83323669433594,545.7698249816895,0.16504104,0.22972265,0.25861987,16.396423,15.060333
Syria,2004,5,20.201843,10.1091,3.8031957,22.81209945678711,634.005781173706,0.14025536,0.21277004,0.23437631,20.646088,18.400696
Syria,2004,6,25.122986,12.855713,4.09248,2.5543212890625,663.5066986083984,0.090621926,0.18093334,0.21409468,25.90802,22.971191
Syria,2004,7,28.397644,14.739319,3.9806695,0.8443450927734375,680.8605480194092,0.08083968,0.17012674,0.20327143,29.512726,26.799866
Syria,2004,8,27.129456,16.9581,4.114792,1.773834228515625,611.1532974243164,0.07967239,0.16572945,0.19515692,28.922028,27.535645
Syria,2004,9,24.989227,12.555878,2.7052286,0.688934326171875,509.4166374206543,0.08181895,0.16767575,0.19439295,26.944,26.807495
Syria,2004,10,21.680115,10.307556,2.4273596,8.433399200439453,383.4595899581909,0.10023328,0.17198433,0.20004404,23.260162,24.470093
Syria,2004,11,13.416534,7.584076,2.8946846,96.38729095458984,246.60358428955078,0.22436102,0.2233053,0.19759342,15.649109,19.345306
Syria,2004,12,6.56839,1.6152039,2.3872194,37.87224769592285,224.138352394104,0.2988024,0.29416737,0.22880638,7.2872314,10.972656
Syria,2005,1,7.4906006,2.5770874,2.9067428,66.17229461669922,253.51727485656738,0.29895023,0.30594093,0.24502409,7.595978,9.592712
Syria,2005,2,8.040314,2.503662,2.989432,52.25273132324219,297.01021575927734,0.28503114,0.31080297,0.2681165,8.000488,8.943665
Syria,2005,3,12.646698,4.321106,3.0495973,47.518062591552734,452.10200786590576,0.20942736,0.2692817,0.25675148,12.4183655,11.7838745
Syria,2005,4,16.795532,7.151184,3.2345705,34.88616943359375,534.3083381652832,0.17016575,0.23923777,0.25256374,16.932556,15.128662
Syria,2005,5,20.73285,9.740967,3.3163693,16.008262634277344,639.4922504425049,0.129303,0.20953083,0.23724698,21.465057,19.046173
Syria,2005,6,24.355133,12.828217,3.8354363,7.872962951660156,653.5468482971191,0.10550794,0.18832293,0.22008419,25.231415,22.638
Syria,2005,7,27.98703,16.876099,4.5868363,2.0269012451171875,670.4988136291504,0.08246116,0.16943543,0.20280524,28.797485,26.149902
Syria,2005,8,27.72113,17.389587,4.213021,3.4353256225585938,608.3809127807617,0.08673381,0.1678947,0.19784468,29.223969,27.725098
Syria,2005,9,24.285126,14.225159,3.2510653,9.269142150878906,484.7761917114258,0.09546873,0.16957705,0.19584431,26.453918,26.631866
Syria,2005,10,18.411346,8.153351,2.3822737,31.151485443115234,385.21660232543945,0.14253311,0.19693236,0.20437294,20.487122,22.690948
Syria,2005,11,11.817963,5.5005493,2.4485164,37.28370666503906,259.30492401123047,0.21460696,0.24170072,0.21486196,12.922852,16.121979
Syria,2005,12,9.812714,4.7149353,2.4231958,43.70284080505371,219.458016872406,0.21211842,0.24344656,0.22338633,10.815155,13.590668
Syria,2006,1,6.452667,2.331665,2.8124437,76.40081405639648,237.38178396224976,0.30329642,0.2889551,0.24339518,7.055176,9.437866
Syria,2006,2,9.197144,4.1269836,2.8212903,58.89106750488281,285.4304847717285,0.31134495,0.31891897,0.27070308,8.615692,9.232452
Syria,2006,3,12.761932,6.322937,3.156577,50.14984130859375,427.7668647766113,0.21332803,0.2710758,0.26549724,12.652283,11.946075
Syria,2006,4,16.803986,9.323029,3.3844395,49.786376953125,502.46864318847656,0.21392752,0.26110822,0.2607934,16.69455,15.117859
Syria,2006,5,21.687042,9.72757,2.998335,6.175899505615234,655.7628040313721,0.119472116,0.20774883,0.23774582,22.078705,19.142365
Syria,2006,6,26.027924,12.794464,3.8378217,1.9002914428710938,670.264892578125,0.08263377,0.17624244,0.21433592,27.112885,24.313416
Syria,2006,7,27.283356,16.528107,4.621349,5.303764343261719,655.9129295349121,0.085071094,0.16184261,0.19128044,28.593842,26.30191
Syria,2006,8,28.272522,17.32843,3.9114988,2.1628952026367188,608.7931518554688,0.076515414,0.15088104,0.17990924,29.81131,27.979675
Syria,2006,9,24.944641,13.327606,2.9691257,11.653518676757812,490.0128936767578,0.08694452,0.14874215,0.17676027,27.124542,27.247498
Syria,2006,10,19.610992,12.159607,2.3962264,64.88626480102539,350.9616756439209,0.15653779,0.17380387,0.17877117,21.907806,23.900848
Syria,2006,11,11.722168,3.5118103,2.2729385,40.12584686279297,275.1301574707031,0.22116604,0.2510295,0.20248978,12.894562,16.70044
Syria,2006,12,6.8862305,-2.4786987,2.367999,16.08631134033203,264.2916326522827,0.14437835,0.19522144,0.19389135,7.933258,11.828217
Syria,2007,1,5.901581,0.9606018,2.5184045,52.743186950683594,267.7049331665039,0.24195932,0.22278295,0.1970518,5.6441956,8.218384
Syria,2007,2,9.299103,5.104706,2.5711215,73.97045135498047,272.93148040771484,0.30032346,0.28026477,0.22197576,8.727905,9.173126
Syria,2007,3,12.124054,5.08136,3.0780137,43.866920471191406,442.2409381866455,0.2343812,0.26579288,0.23087281,11.908417,11.477905
Syria,2007,4,14.309998,6.557678,3.214667,50.86097717285156,513.9010620117188,0.20264135,0.23968397,0.22648169,14.791016,13.633881
Syria,2007,5,22.62674,13.344482,2.7825582,57.52485275268555,587.4047908782959,0.19425549,0.23594633,0.21572024,21.946594,18.907318
Syria,2007,6,25.986023,12.547668,3.9689224,2.29339599609375,668.0841064453125,0.099923745,0.19542278,0.19951782,26.388702,23.125427
Syria,2007,7,28.938965,14.777039,4.1606846,1.7596435546875,667.8701095581055,0.08423349,0.17398992,0.18566777,29.761383,26.84317
Syria,2007,8,27.984161,17.880524,4.106096,3.193492889404297,596.5924835205078,0.08478573,0.16693224,0.18047649,29.847198,28.398773
Syria,2007,9,25.474182,13.355469,2.9345002,1.3349533081054688,504.8390007019043,0.08388092,0.16012087,0.17739525,27.646576,27.610718
Syria,2007,10,21.485199,9.775085,2.5504801,12.318687438964844,389.6553564071655,0.101575114,0.15978254,0.1797001,23.255402,24.675232
Syria,2007,11,13.705933,6.299469,2.6256304,42.63496398925781,256.28514289855957,0.18238871,0.19066973,0.17904174,15.503021,19.203552
Syria,2007,12,7.7535095,2.2103577,2.34791,66.31656646728516,232.02292728424072,0.24808086,0.24761683,0.20316967,8.887573,12.886749
Syria,2008,1,4.0730286,-3.9094543,2.7568302,47.01251983642578,280.98900032043457,0.20178284,0.23767525,0.21187897,4.45578,7.643585
Syria,2008,2,7.8058167,0.7598572,3.0054016,44.11275863647461,329.6101608276367,0.23734024,0.25504673,0.22496572,7.405121,8.365295
Syria,2008,3,15.464966,4.615082,3.3104386,28.842544555664062,463.80813121795654,0.16779843,0.21792112,0.2172249,14.440582,12.681641
Syria,2008,4,18.846771,6.7549744,3.516027,8.555030822753906,553.5141563415527,0.13498385,0.18995535,0.20480883,18.698608,16.384918
Syria,2008,5,20.428802,9.189728,3.4184322,15.578994750976562,637.0414619445801,0.11806829,0.16839491,0.19210285,21.388397,19.153809
Syria,2008,6,26.516113,11.400421,4.091094,3.6844253540039062,670.4253959655762,0.084048346,0.14767417,0.1713522,26.996094,23.48639
Syria,2008,7,28.370148,15.326172,4.299501,0.799407958984375,679.5344295501709,0.06976686,0.13475713,0.15515842,29.64441,26.821869
Syria,2008,8,29.06958,17.597992,3.8689206,4.8366546630859375,595.3813095092773,0.07636386,0.13286497,0.14953595,30.289124,27.94046
Syria,2008,9,25.020386,15.629425,3.0192218,28.49578857421875,460.09325981140137,0.10423708,0.13839869,0.1531186,27.484833,27.557953
Syria,2008,10,19.86728,11.712341,2.3517597,27.49797821044922,369.6081027984619,0.15418103,0.16734879,0.15419048,21.47464,23.43341
Syria,2008,11,14.578766,6.39682,2.2469425,25.39215087890625,275.7239627838135,0.14913571,0.1725683,0.15787187,15.789917,18.967285
Syria,2008,12,7.5535583,1.0961914,2.4016678,41.49057388305664,235.28716659545898,0.20996347,0.19697313,0.16739142,8.713196,13.398926
Syria,2009,1,7.1382446,1.2604675,2.4737966,39.21297073364258,243.61441659927368,0.22269304,0.21648496,0.18094869,7.2290955,9.88089
Syria,2009,2,9.704376,5.122101,3.0163755,78.86722564697266,272.3858871459961,0.24973282,0.23694938,0.19773993,10.008026,11.156342
Syria,2009,3,11.326752,5.313141,3.384258,58.426551818847656,417.9293575286865,0.24342811,0.24776445,0.21319534,11.390991,11.644867
Syria,2009,4,16.285675,7.11792,3.082537,36.86084747314453,537.2997093200684,0.18319267,0.22271924,0.21270804,16.416199,14.654846
Syria,2009,5,20.992828,8.731323,3.2497556,15.025558471679688,639.1059093475342,0.13506818,0.19143118,0.20182894,21.512848,18.668182
Syria,2009,6,26.555908,12.208038,3.5346396,3.7153244018554688,663.2368469238281,0.09113744,0.15645431,0.17902808,27.219757,23.626343
Syria,2009,7,27.968903,16.127228,4.7249045,5.176639556884766,650.8194828033447,0.08370778,0.14343908,0.15967734,28.987701,26.197021
Syria,2009,8,27.839447,14.958252,3.607626,1.7324447631835938,617.8777256011963,0.07740483,0.14026195,0.15113737,29.647614,27.771912
Syria,2009,9,23.799805,13.436554,3.025993,19.171142578125,466.406307220459,0.1070051,0.14777341,0.1464401,26.069916,26.476105
Syria,2009,10,21.800934,9.9687805,2.3943245,26.339073181152344,377.2031583786011,0.12451525,0.15262894,0.14823991,22.74356,23.7641
Syria,2009,11,13.104645,7.594452,2.4558554,37.940025329589844,259.3477535247803,0.20434774,0.21338515,0.16287506,14.525482,18.363525
Syria,2009,12,11.149231,7.2767334,2.7605655,70.5099105834961,191.51124382019043,0.25062934,0.2283828,0.17617226,11.6297,14.350616
Syria,2010,1,9.836395,5.4791565,3.0686047,102.9527473449707,225.37192106246948,0.28578323,0.27775133,0.2301137,10.572479,13.090607
Syria,2010,2,10.444855,5.069275,3.06983,56.51451110839844,273.95291900634766,0.26700994,0.29079187,0.24948522,10.394196,11.229858
Syria,2010,3,14.462891,6.2252502,2.962637,25.190811157226562,436.93253231048584,0.22490664,0.26875028,0.24365564,14.053741,13.707428
Syria,2010,4,17.660034,7.2106934,3.1326394,28.897476196289062,543.3444786071777,0.15491135,0.21851608,0.2195496,18.069366,16.500824
Syria,2010,5,22.132263,10.065308,3.544332,10.198955535888672,641.5378360748291,0.11559671,0.18633747,0.19660486,22.882294,20.49234
Syria,2010,6,25.770538,13.129974,4.06743,8.300399780273438,644.3988418579102,0.09092431,0.16035606,0.1731635,27.128143,24.53769
Syria,2010,7,28.54483,16.455719,4.4207172,1.4527702331542969,666.2978420257568,0.072747275,0.1440129,0.15047851,29.579224,26.898743
Syria,2010,8,30.62909,16.42984,3.3210328,1.3161849975585938,615.250617980957,0.064235784,0.13218261,0.13752608,32.276154,29.742157
Syria,2010,9,26.624146,15.904358,3.1463299,5.39703369140625,486.4621925354004,0.06681128,0.13023588,0.12906429,28.940094,28.731445
Syria,2010,10,21.48053,12.343353,2.747717,22.798500061035156,366.9230499267578,0.10633168,0.14062509,0.12850526,23.779602,25.578278
Syria,2010,11,16.122437,2.2051086,2.095783,0.439453125,308.68346214294434,0.10872973,0.14681235,0.1302801,17.094849,20.513336
Syria,2010,12,10.714447,3.729889,2.518569,63.09173583984375,228.06588745117188,0.19692348,0.19265626,0.14129004,11.804626,15.856384
Syria,2011,1,8.339111,3.4059143,2.5099435,55.994625091552734,247.9246120452881,0.2359782,0.22485973,0.16020967,9.047424,11.953522
Syria,2011,2,9.198212,3.6603088,2.7844748,61.565093994140625,285.99415588378906,0.25741923,0.24668568,0.17770255,9.365143,10.982147
Syria,2011,3,12.547424,3.9924316,2.7365546,38.57084274291992,467.0929765701294,0.20389718,0.23846346,0.19202913,12.758331,12.757233
Syria,2011,4,15.9157715,7.798279,3.1852689,78.59058380126953,485.40470123291016,0.20054293,0.22043248,0.18922277,16.419647,15.413116
Syria,2011,5,20.144623,10.869019,3.0842876,37.37468719482422,600.6723613739014,0.17311218,0.20547457,0.1847846,20.53537,18.337128
Syria,2011,6,24.953033,14.108215,4.1133122,13.573265075683594,642.3516654968262,0.11303026,0.16849266,0.15965629,25.771606,22.711456
Syria,2011,7,28.40741,15.797333,4.1176414,0.8739089965820312,672.542329788208,0.07451335,0.14053881,0.13613988,29.312897,26.016907
Syria,2011,8,28.012878,16.97342,4.042227,3.1249046325683594,607.217809677124,0.07061164,0.12991594,0.1227201,29.980896,27.85373
Syria,2011,9,25.456818,15.200623,3.1496832,17.462539672851562,479.8322296142578,0.08364465,0.13096099,0.11344573,27.598846,27.177032
Syria,2011,10,18.873047,8.710999,2.595547,20.172042846679688,386.27957248687744,0.13423847,0.1563056,0.112153284,20.92331,23.320343
Syria,2011,11,10.051392,3.0804443,2.2356422,55.12561798095703,264.97581481933594,0.23019005,0.20382494,0.11982835,11.6658325,16.471039
Syria,2011,12,7.4395447,1.6689453,2.3157477,49.11628723144531,245.74935913085938,0.22745107,0.22441258,0.13400942,7.4940186,11.198608
Syria,2012,1,6.8956604,3.3667908,2.8574927,114.1604232788086,211.86372995376587,0.30019143,0.27050042,0.16893129,7.454956,9.948029
Syria,2012,2,7.073822,1.0549011,3.3750207,94.48308944702148,312.13271141052246,0.30646557,0.29930693,0.20759705,7.128357,8.809082
Syria,2012,3,10.078888,1.0752258,3.1196718,48.60719680786133,459.6581869125366,0.23372608,0.2680555,0.21315423,10.047913,9.911438
Syria,2012,4,18.29303,7.0232544,2.9958684,12.751007080078125,559.987678527832,0.14684054,0.2099276,0.19300732,17.88144,15.11554
Syria,2012,5,21.029114,11.278351,3.6824121,25.983715057373047,606.4378547668457,0.14138052,0.19249083,0.1809011,21.845093,19.377106
Syria,2012,6,27.126984,13.143219,3.522764,8.635711669921875,658.7039566040039,0.0956,0.1619049,0.15984228,27.635254,23.757172
Syria,2012,7,29.453278,15.194122,3.7336328,2.8570556640625,664.7614059448242,0.079622805,0.14574018,0.14141543,30.673828,27.240051
Syria,2012,8,28.765717,16.134125,3.9931402,1.44744873046875,610.8957958221436,0.07474846,0.1380671,0.12624116,30.494904,28.57779
Syria,2012,9,26.108002,14.190094,2.9850192,2.5320053100585938,497.7505874633789,0.07601153,0.13919747,0.11646738,28.137909,27.757812
Syria,2012,10,21.18695,12.23877,2.3255029,50.0037956237793,348.63005924224854,0.16149196,0.16833685,0.11686734,22.68039,24.613617
Syria,2012,11,15.200287,9.948029,2.1434536,60.282325744628906,258.5874366760254,0.23389825,0.21674931,0.12287602,16.289673,19.506989
Syria,2012,12,9.908417,6.2906494,2.5508213,116.86847686767578,204.12661981582642,0.3212568,0.30821466,0.17465742,10.641357,14.086517
Syria,2013,1,7.828003,3.7818909,2.8104317,67.72794723510742,246.99673414230347,0.29657668,0.3028671,0.22208379,8.21048,10.567047
Syria,2013,2,11.102478,6.6537476,3.0416355,64.334716796875,285.0167236328125,0.29731262,0.30751953,0.23332512,10.756866,11.502258
Syria,2013,3,13.7901,3.5100708,3.6108625,30.489255845546722,455.38292121887207,0.19228254,0.25960788,0.22781105,13.491577,13.067078
Syria,2013,4,17.58191,6.8365173,3.2020211,40.411376953125,533.3157348632812,0.1712184,0.22686122,0.21346644,17.868011,16.314606
Syria,2013,5,23.068542,10.9953,3.0253155,30.192432403564453,616.6605796813965,0.14310256,0.20331024,0.19609913,23.594238,20.82962
Syria,2013,6,25.717285,12.561035,4.4314814,1.842498779296875,671.1416816711426,0.0853063,0.16347772,0.16604157,26.711792,23.968628
Syria,2013,7,27.956543,14.913971,4.7141547,1.1660003662109375,678.5951251983643,0.06958343,0.14292769,0.13750763,29.310944,26.870636
Syria,2013,8,28.477936,15.824371,3.9691412,0.7911300659179688,621.7257633209229,0.06433738,0.13737293,0.12183788,30.122498,28.244629
Syria,2013,9,24.601929,13.157379,3.105766,14.358901977539062,481.48487091064453,0.084221646,0.14264323,0.11546258,26.964386,27.248596
Syria,2013,10,18.794464,3.4376526,2.6443386,12.848472595214844,410.5597562789917,0.10766363,0.1575636,0.114660196,20.393097,22.766754
Syria,2013,11,16.183167,8.016602,2.4400303,12.586784362792969,273.04198265075684,0.11238571,0.15107512,0.114930525,17.24701,19.524231
Syria,2013,12,6.9404907,0.65164185,2.864838,73.51301193237305,214.59768152236938,0.23303303,0.20890409,0.1215415,8.222992,13.029816
Syria,2014,1,9.515625,5.2391663,2.4583445,28.243579864501953,237.7947916984558,0.23952287,0.23744203,0.12946032,9.104126,10.825806
Syria,2014,2,10.645233,0.77719116,2.6080081,19.677886962890625,338.47925567626953,0.16276354,0.21524568,0.1341715,10.277924,11.104553
Syria,2014,3,14.494141,5.173004,3.030124,62.207183837890625,453.851037979126,0.21040165,0.2310752,0.13979918,14.283325,13.819702
Syria,2014,4,18.590942,6.422241,3.1562893,14.290237426757812,553.0038070678711,0.12204587,0.18900824,0.13493617,19.053925,16.901184
Syria,2014,5,21.998138,9.815643,3.504616,16.11705780029297,621.1969242095947,0.10591874,0.163356,0.122924425,23.09375,20.613434
Syria,2014,6,25.62201,12.114136,4.1823945,10.452461242675781,645.5819892883301,0.09208164,0.14332077,0.11127999,26.715088,23.553528
Syria,2014,7,27.948944,17.001068,5.0023117,3.226604461669922,655.9678592681885,0.0680473,0.12433453,0.101180956,29.368073,26.63095
Syria,2014,8,28.8208,17.67392,3.952541,4.2453765869140625,596.8260974884033,0.0648983,0.11210466,0.092665836,30.274841,27.612976
Syria,2014,9,24.902344,16.067444,3.5548162,34.27562713623047,458.9381217956543,0.08564735,0.11409645,0.085274555,27.290802,27.230255
Syria,2014,10,19.806671,11.795563,2.3331106,61.984859585762024,368.3640537261963,0.18412195,0.17392483,0.08870158,21.011444,23.212494
Syria,2014,11,12.926788,4.705658,2.4675095,43.691253662109375,269.26769256591797,0.1890857,0.19946423,0.09602706,14.07373,17.823822
Syria,2014,12,11.177063,8.042755,2.4746304,64.32868957519531,194.98973274230957,0.300836,0.26475585,0.1185295,11.549622,14.422028
Syria,2015,1,7.305664,3.1955872,2.8878007,81.33089065551758,251.8157835006714,0.2967502,0.28897375,0.20814577,8.024078,11.268372
Syria,2015,2,9.388153,4.4275513,3.00738,89.06585693359375,276.24440002441406,0.27811137,0.28578734,0.22369383,9.717804,11.225891
Syria,2015,3,13.309753,4.722931,3.3601663,71.77347183227539,425.7268075942993,0.22808592,0.2609782,0.22909287,13.021027,12.708771
Syria,2015,4,16.052673,5.933197,3.368164,35.762786865234375,535.9732246398926,0.19290027,0.23112439,0.21293919,16.006287,14.875214
Syria,2015,5,22.078064,9.3263855,3.2929764,16.469459533691406,636.8489418029785,0.11717491,0.17520435,0.1829853,22.683044,19.567108
Syria,2015,6,24.35205,13.581207,4.4501686,7.94677734375,643.4995079040527,0.09326777,0.14475805,0.156732,25.595184,22.805206
Syria,2015,7,28.34845,15.4392395,4.081969,1.2097549438476562,674.5815887451172,0.07397917,0.12905379,0.13842006,29.29535,25.683228
Syria,2015,8,29.080414,16.403595,3.848336,3.9337730407714844,607.4296646118164,0.07267978,0.124289304,0.12934911,30.66092,28.145782
Syria,2015,9,27.923279,14.271149,2.5753238,5.438804626464844,495.6512260437012,0.07507127,0.12129885,0.12271332,29.607025,28.273132
Syria,2015,10,22.058441,13.092712,2.1107426,47.56950378417969,356.41766452789307,0.1369806,0.13718274,0.114634894,24.069824,25.529419
Syria,2015,11,14.966248,5.0867004,2.618461,21.759796142578125,286.84475898742676,0.1382284,0.16673598,0.115367845,16.058075,19.85495
Syria,2015,12,9.353821,1.0546265,2.4879813,22.302417755126953,250.2257480621338,0.15666234,0.1728378,0.1174911,10.389954,14.818939
Syria,2016,1,6.945526,1.9559326,2.8944144,71.89231872558594,236.1655101776123,0.2667262,0.23119597,0.13489184,7.7087097,11.561188
Syria,2016,2,12.684479,4.649597,2.4840055,29.783344268798828,327.10962104797363,0.19077194,0.2191091,0.14750208,11.727814,11.838715
Syria,2016,3,14.464783,4.1531982,3.6358783,53.399505615234375,452.75427627563477,0.16876207,0.2029515,0.14590742,14.8750305,14.725555
Syria,2016,4,20.105408,4.6574097,2.8948734,11.15570068359375,580.425968170166,0.11902105,0.16595498,0.13862686,20.246674,17.65689
Syria,2016,5,21.482635,10.110291,3.7395856,26.040477752685547,611.4025802612305,0.11650343,0.1477767,0.12898637,22.971558,20.730865
Syria,2016,6,27.27356,12.55896,3.9143937,5.255126953125,656.3792037963867,0.08958639,0.12873293,0.11655417,27.916534,23.760345
Syria,2016,7,29.013428,16.357025,4.179646,1.1482620239257812,671.713357925415,0.073231064,0.11809597,0.10718749,30.384491,27.057709
Syria,2016,8,29.38211,17.64798,3.73504,2.4957847595214844,603.6716785430908,0.06948302,0.11156763,0.098132305,31.214691,28.468536
Syria,2016,9,24.99765,13.432098,3.3248324,15.765953063964844,484.69493865966797,0.086058445,0.11364117,0.09085783,27.3992,27.518555
Syria,2016,10,21.658112,9.580109,2.3971786,14.1717529296875,397.0847358703613,0.07940655,0.11518077,0.08612358,23.243683,24.63913
Syria,2016,11,13.129974,0.713562,2.582308,31.50615692138672,293.470458984375,0.13695367,0.15548229,0.08700276,14.940674,19.682892
Syria,2016,12,7.1473694,2.6213074,2.8547487,109.11386489868164,200.35003805160522,0.27322417,0.22379142,0.10485168,8.403473,13.33078
Syria,2017,1,6.5295715,1.5115662,2.752385,62.566680908203125,254.36277294158936,0.2833304,0.26884878,0.16111496,7.3301697,10.700165
Syria,2017,2,8.682617,-1.9561157,2.4991348,13.836098551750183,347.5552444458008,0.19106436,0.22470462,0.1611816,8.229126,9.637512
Syria,2017,3,13.151611,5.6782227,2.9692,58.30238342285156,426.743332862854,0.201593,0.20840637,0.14887275,13.177032,12.680511
Syria,2017,4,17.51297,5.5274353,3.1579053,40.4571533203125,544.3523025512695,0.16182654,0.19597039,0.14252277,17.610657,15.593842
Syria,2017,5,21.634583,9.247742,3.4256454,28.86087417602539,627.5187511444092,0.12276298,0.16613382,0.13108166,22.729156,19.90036
Syria,2017,6,26.230621,13.1528015,3.8096986,4.65545654296875,666.5128326416016,0.09251187,0.14605622,0.119118586,27.138397,23.287933
Syria,2017,7,30.228943,14.701416,3.8217573,0.21759033203125,689.2484188079834,0.07375315,0.13206352,0.10974827,31.35025,27.360077
Syria,2017,8,28.84314,17.218872,3.5142753,1.5722084045410156,615.4164714813232,0.07005917,0.12750182,0.098886214,30.9982,28.586426
Syria,2017,9,26.801178,14.4236145,2.929072,3.014373779296875,496.6794204711914,0.06875536,0.12945746,0.0934358,28.946869,28.119354
Syria,2017,10,20.477661,8.287415,2.4719713,20.606632232666016,382.21474266052246,0.0957352,0.1358127,0.08711666,22.457794,24.503387
Syria,2017,11,14.661835,6.8316345,2.474986,29.980087280273438,264.22024726867676,0.14925258,0.16282566,0.09044198,16.29126,19.935791
Syria,2017,12,10.76123,4.269745,2.4702768,36.94068908691406,239.22166395187378,0.18828478,0.1846943,0.09888883,11.519806,15.335358
Syria,2018,1,9.229706,5.0276794,2.7525668,101.01956367492676,231.527081489563,0.2942382,0.24921824,0.12610781,9.678101,12.834564
Syria,2018,2,11.616913,6.3155212,2.5106752,65.09681701660156,273.75724029541016,0.28111896,0.27669916,0.15783785,11.185272,12.341949
Syria,2018,3,15.815369,6.8696594,3.1609921,22.107295989990234,456.69978618621826,0.19192061,0.25665903,0.16751532,15.490509,14.616211
Syria,2018,4,18.91211,5.5830994,2.7123878,45.126914978027344,547.3447036743164,0.16468267,0.20955713,0.1531773,19.4346,17.87738
Syria,2018,5,23.366058,11.21817,2.8451703,49.56270217895508,589.0257797241211,0.15643091,0.19407825,0.14129305,23.74356,21.119934
Syria,2018,6,25.673615,14.900024,4.08685,19.95105743408203,624.8927307128906,0.116001226,0.16530968,0.122364976,27.04773,24.504059
Syria,2018,7,28.191437,16.736237,4.7615404,2.9693984985351562,663.975419998169,0.078443654,0.14665644,0.1082714,29.61502,26.997162
Syria,2018,8,28.47931,17.642517,4.4037824,2.4390220642089844,608.9932403564453,0.07349,0.14079122,0.0975506,30.112518,28.197845
Syria,2018,9,26.761292,14.719788,3.080231,4.653167724609375,488.90235900878906,0.07830496,0.1420218,0.09324061,28.822693,28.199615
Syria,2018,10,21.241852,10.606506,2.4904995,43.388872146606445,377.02873134613037,0.13418305,0.15730332,0.09322673,23.261017,25.473328
Syria,2018,11,13.963257,9.408783,2.4332132,83.917236328125,225.6760311126709,0.27194178,0.23049727,0.100158185,14.945099,18.568481
Syria,2018,12,10.605835,7.741211,2.7661202,129.40593719482422,176.37569284439087,0.3532042,0.32976556,0.1661965,11.600708,14.830048
Syria,2019,1,7.879425,3.5915833,3.295457,106.16279602050781,244.2932481765747,0.34374276,0.3448454,0.24498287,8.305389,10.966461
Syria,2019,2,9.633606,5.290985,2.9893415,97.75924682617188,276.1024742126465,0.3347194,0.33668754,0.2607811,9.785461,10.935059
Syria,2019,3,11.903442,6.130371,3.0372427,93.98246765136719,400.1756715774536,0.294052,0.3198808,0.26762584,11.748413,11.9104
Syria,2019,4,15.075226,8.141449,2.8027616,68.79158020019531,499.23871994018555,0.28360015,0.3136456,0.26886928,14.8461,13.915558
Syria,2019,5,23.827423,8.226196,3.1814978,5.164813995361328,658.6403770446777,0.11424994,0.21097134,0.22576773,23.24939,19.58722
Syria,2019,6,27.114746,14.381256,3.6981614,9.584426879882812,638.4752655029297,0.08991796,0.16391149,0.18416372,28.283386,25.049316
Syria,2019,7,28.090149,15.840759,4.4054933,6.0546875,667.1588611602783,0.08147304,0.14763087,0.1564153,29.43396,26.981384
Syria,2019,8,28.695404,17.277008,4.0262294,2.219066619873047,611.345817565918,0.07031409,0.13829753,0.14367488,30.398224,28.346405
Syria,2019,9,25.78537,14.669525,3.1277487,3.911590576171875,494.26231384277344,0.0735346,0.13797817,0.13402638,28.125214,27.968262
Syria,2019,10,22.07257,12.311554,2.4365396,24.109363555908203,378.99987506866455,0.10755103,0.14239894,0.13120098,24.07248,25.550842
Syria,2019,11,15.450653,3.8081665,2.4899962,18.7774658203125,284.87053871154785,0.122425646,0.15994585,0.13330927,16.700745,20.14386
Syria,2019,12,10.014648,6.4415283,2.4991844,110.22724151611328,192.957022190094,0.2757391,0.24180046,0.15071124,11.125244,14.996399
Syria,2020,1,7.7934875,3.407898,2.8531675,84.80642318725586,231.07139825820923,0.3368472,0.31149992,0.2126171,8.351837,11.29483
Syria,2020,2,8.363647,2.8392944,3.0176115,58.39405059814453,280.7633466720581,0.29137877,0.30570757,0.22795822,8.276855,9.773315
Syria,2020,3,13.795105,7.290344,3.2953458,75.90768814086914,415.0458126068115,0.2490568,0.27668318,0.22099726,13.433136,12.995453
Syria,2020,4,17.161835,8.034637,2.9755847,35.904693603515625,524.6369361877441,0.18831909,0.2478254,0.21853851,17.374298,15.664429
Syria,2020,5,22.4906,8.727234,3.4821122,25.95296859741211,636.5354461669922,0.13738757,0.1949893,0.19442004,22.804688,20.112183
Syria,2020,6,25.08075,12.365051,4.1222124,5.0365447998046875,662.6122856140137,0.091724545,0.15661483,0.16534851,26.076874,23.250946
Syria,2020,7,29.52185,16.308136,3.753064,0.5889129638671875,671.6263809204102,0.07230553,0.13807131,0.1470792,30.54068,27.010254
Syria,2020,8,28.713654,15.770294,4.127632,2.2965240478515625,616.1881484985352,0.06642929,0.13066733,0.12967528,30.2677,28.377686
Syria,2020,9,28.648438,14.646027,2.9465692,2.2052764892578125,497.3444366455078,0.068772264,0.1297727,0.12431692,30.183197,28.981049
Syria,2020,10,23.343536,8.951721,2.3449564,1.03118896484375,401.3930540084839,0.067123584,0.12658468,0.113788515,25.07721,26.284363
Syria,2020,11,14.11853,8.5807495,2.2736776,64.39476013183594,257.942476272583,0.21573704,0.19216883,0.115786426,15.988007,20.370483
Syria,2020,12,10.423492,5.3103027,2.6360373,40.2406120300293,232.84239435195923,0.24440527,0.23030579,0.12390585,11.086243,14.834198
Syria,2021,1,9.499847,2.367981,3.0750844,96.82060241699219,252.66113376617432,0.23270881,0.24520822,0.13742618,9.750153,12.394897
Syria,2021,2,10.857788,3.3230286,2.5492246,22.384490966796875,332.84078216552734,0.24358179,0.2676394,0.16693853,10.766083,11.925171
Syria,2021,3,12.514252,4.3965454,3.388791,63.36076736450195,439.58009815216064,0.20057555,0.23437406,0.1647788,12.935272,13.028839
Syria,2021,4,18.026917,6.365753,3.140251,21.91314697265625,549.8156547546387,0.15839411,0.21545812,0.16827574,17.930725,15.775452
Syria,2021,5,23.910095,9.254028,3.616142,1.4119720458984375,682.0733184814453,0.087469466,0.16606313,0.15005659,24.93576,21.749512
Syria,2021,6,25.281067,13.017242,4.028698,2.3992538452148438,671.4503860473633,0.07315177,0.14545453,0.12873648,26.806946,24.023895
Syria,2021,7,29.563293,16.1333,4.2199583,1.0057640075683594,674.778247833252,0.066029504,0.13918711,0.116322234,31.002716,27.655487
Syria,2021,8,29.491638,16.211212,3.605073,3.9420509338378906,609.2440013885498,0.07291895,0.13585348,0.1063617,31.446533,29.256134
Syria,2021,9,25.094757,14.117126,3.37561,10.883903503417969,485.61412811279297,0.081978455,0.13817921,0.09711525,27.561066,27.859741
Syria,2021,10,20.835205,8.138275,2.432992,8.011226654052734,394.71492290496826,0.091727324,0.14244157,0.09351181,22.783936,24.597382
Syria,2021,11,15.671814,5.6664734,2.2108474,15.399169921875,277.97776222229004,0.121193536,0.14666972,0.09298549,16.953552,20.254608
Syria,2021,12,10.092438,3.7062073,2.9007385,56.58590316772461,224.71101999282837,0.19132496,0.19041155,0.100704454,11.608826,15.744415
Syria,2022,1,7.469879,1.679718,2.974544,85.76547622680664,235.9618740081787,0.24029902,0.23139247,0.12400265,8.644775,11.948425
Syria,2022,2,10.595764,4.8291016,2.734638,38.48846435546875,291.663631439209,0.24407603,0.25348967,0.15137078,10.272217,11.164551
Syria,2022,3,8.902924,1.7962341,3.1689615,86.31950378417969,417.2973108291626,0.2712854,0.2650879,0.16676322,9.752899,11.184692
Syria,2022,4,19.450348,4.562866,3.2371476,7.2635650634765625,570.8935546875,0.12667015,0.20156957,0.15757903,19.06778,15.940033
Syria,2022,5,21.812958,8.628571,3.4710636,18.3721923828125,640.4216804504395,0.11921115,0.1745472,0.14224802,22.769775,20.133179
Syria,2022,6,25.923706,13.709137,3.865677,13.518905639648438,648.9311599731445,0.09352913,0.15084326,0.124293774,27.442719,24.285461
Syria,2022,7,28.648438,14.5876465,4.1761603,0.4215812683105469,689.498706817627,0.07795301,0.14165647,0.1094719,30.087708,26.763824
Syria,2022,8,28.497498,17.225128,3.8917234,1.7679214477539062,608.7302398681641,0.073460914,0.14080912,0.10397353,30.470581,28.392456
Syria,2022,9,26.19159,14.2881775,3.124446,6.311988830566406,496.54781341552734,0.07956142,0.13681859,0.09944344,28.579102,28.206818
Syria,2022,10,21.628143,11.136383,2.3621137,13.36111068725586,379.05524826049805,0.093652226,0.13020022,0.08659175,23.775604,25.252106
Syria,2022,11,14.858459,9.085541,2.3728635,57.84873962402344,251.01957321166992,0.1951462,0.16258742,0.08365876,16.42041,20.330505
Syria,2022,12,10.733093,6.9816284,2.164852,37.63071060180664,227.57353019714355,0.24525413,0.22123913,0.094620936,11.587006,15.41861
Syria,2023,1,8.530731,4.163086,2.535452,44.14186477661133,265.44699001312256,0.2673966,0.25254866,0.10890996,8.952545,11.837891
Syria,2023,2,7.9011536,0.5326843,2.6153226,61.53491973876953,324.7989959716797,0.2747125,0.2851747,0.1438873,8.0979,10.105621
Syria,2023,3,13.848053,6.477295,3.2591696,74.62461471557617,421.5270481109619,0.22777426,0.25263935,0.14649488,14.098511,13.708038
Syria,2023,4,16.733276,7.134796,3.2794857,39.3310546875,516.0503768920898,0.17312913,0.23482908,0.15182075,17.160461,15.66394
Syria,2023,5,21.57669,7.638672,3.2400515,21.092662811279297,627.1262016296387,0.12040188,0.18268116,0.13717376,22.548828,19.85617
Syria,2023,6,25.33545,13.214142,3.9844286,7.550239562988281,639.9036026000977,0.093989976,0.15345834,0.119795054,26.629364,23.519623
Syria,2023,7,29.54486,13.87439,4.0667815,0.9945297241210938,682.9735984802246,0.07157054,0.13693112,0.10474178,30.799957,27.11972
Syria,2023,8,29.822235,17.9505,3.9592068,5.9908294677734375,602.0116062164307,0.0707597,0.13172792,0.0954664,31.730438,29.299744
Syria,2023,9,26.28769,14.243286,3.151938,6.7760467529296875,493.42906951904297,0.07794912,0.13220076,0.085460685,28.646454,28.168182
Syria,2023,10,22.098907,11.967438,2.3433213,31.304035186767578,364.3663635253906,0.12761799,0.15987496,0.08515202,23.821411,25.308777
Syria,2023,11,16.280273,8.983185,2.549938,62.51335144042969,264.58396911621094,0.18527073,0.17958134,0.09022216,18.045898,21.611694
Syria,2023,12,11.787506,7.0621033,2.5383463,48.50667953491211,229.97162103652954,0.25470895,0.24243478,0.110451266,12.166992,15.63736
Syria,2024,1,10.118347,6.4621277,2.4918509,122.96042227745056,211.28806161880493,0.3002422,0.28255507,0.14252664,10.854279,13.474915
Syria,2024,2,10.715057,5.3967896,2.3456442,48.70872497558594,304.52162742614746,0.30619034,0.3115218,0.18759896,10.782043,12.271515
Syria,2024,3,13.466888,5.463135,3.1619523,71.4914321899414,444.037802696228,0.21854135,0.26168174,0.1893968,13.368317,13.303436
Syria,2024,4,20.41043,9.176422,2.7607114,29.80499267578125,539.0051651000977,0.15739721,0.2171159,0.17571233,20.53601,17.880829
Syria,2024,5,21.516846,10.648315,3.8774645,40.180301666259766,592.7945861816406,0.14764321,0.19753306,0.15977071,22.872406,21.034668
Syria,2024,6,29.624298,13.70929,3.482597,3.749084249138832,661.9323921203613,0.08689435,0.1518082,0.1355352,30.32904,26.041412
Syria,2024,7,29.758514,17.62088,4.7237535,4.697704315185547,649.778715133667,0.07592235,0.13105732,0.11293432,31.413757,28.444214
Syria,2024,8,29.198334,18.26236,4.4027376,5.151214599609375,592.1826133728027,0.06998053,0.12376553,0.09791341,31.385773,29.412872
Syria,2024,9,25.727692,15.788361,3.385177,15.301895141601562,462.3051166534424,0.08898099,0.12911181,0.086341985,28.144257,28.192902
Syria,2024,10,20.18695,6.07547,2.4240117,4.960231781005859,400.754207611084,0.08564514,0.13450304,0.08544397,22.839783,25.237823
Syria,2024,11,13.804169,6.4145813,2.3247643,33.76436233520508,257.7590560913086,0.13958715,0.14686556,0.08670428,15.8038025,19.882965
Syria,2024,12,9.530426,2.364563,2.4510458,47.53934860229492,220.54286432266235,0.16377985,0.17795753,0.092258155,10.501953,14.447784
Tunisia,1985,1,8.300171,3.4525146,3.5505834,43.27777099609375,239.48739910125732,0.284317,0.2888585,0.2334086,8.121674,9.786499
Tunisia,1985,2,12.516327,5.760254,3.1638737,27.465086221694946,303.1980209350586,0.20718203,0.24810651,0.23379311,11.77597,11.769012
Tunisia,1985,3,11.160706,5.6974487,3.1375904,64.07420349121094,403.38826274871826,0.24756464,0.26032478,0.24198313,11.298981,11.491333
Tunisia,1985,4,15.80188,7.673065,3.6164715,33.5357666015625,511.8588638305664,0.19419219,0.22915673,0.2355237,15.237457,13.971649
Tunisia,1985,5,18.57434,10.91095,3.0694478,40.66526794433594,553.5716228485107,0.19030263,0.22617622,0.22917816,18.183258,16.688751
Tunisia,1985,6,24.53009,13.154388,3.0401387,5.72845458984375,622.3750305175781,0.1152218,0.1744918,0.21309362,23.987244,21.368439
Tunisia,1985,7,27.667877,14.556305,2.5378213,4.18341064453125,636.631233215332,0.10803869,0.16119358,0.19985966,27.357819,24.942108
Tunisia,1985,8,26.424408,14.313232,2.7013693,1.790863037109375,573.5348262786865,0.09856181,0.15591359,0.1892371,27.368591,26.36084
Tunisia,1985,9,22.861145,14.48941,2.2217796,26.06231689453125,442.0807456970215,0.13761193,0.16779087,0.18344441,24.014587,24.39215
Tunisia,1985,10,18.460419,11.973267,2.3325987,24.637374877929688,350.0014696121216,0.15564847,0.17569043,0.17956237,19.58252,21.177582
Tunisia,1985,11,15.465393,8.435181,2.9343383,17.256088256835938,254.6934986114502,0.1555075,0.18467906,0.17763102,16.260315,18.261475
Tunisia,1985,12,11.28772,5.687317,2.9875295,16.274574279785156,218.17523908615112,0.17538704,0.19931401,0.18668903,11.511444,13.66095
Tunisia,1986,1,9.628021,3.5751953,3.8329918,31.948410034179688,244.46548748016357,0.1989945,0.21716703,0.19535689,9.960541,11.765472
Tunisia,1986,2,10.579102,3.093689,3.777245,20.926513671875,305.3042640686035,0.1857209,0.21760191,0.20312001,10.233185,10.764313
Tunisia,1986,3,12.024872,6.3338623,3.2775533,88.34356689453125,397.9175510406494,0.26017228,0.2608043,0.21504548,12.12381,12.35199
Tunisia,1986,4,15.239136,7.4058533,3.6376562,23.654022216796875,522.8926277160645,0.17154148,0.21907865,0.21635959,15.271881,14.258514
Tunisia,1986,5,20.65625,11.436249,2.8127725,23.270339965820312,597.1662006378174,0.1568736,0.19072556,0.20588295,19.99112,17.770142
Tunisia,1986,6,22.900085,13.045166,2.6910424,15.401458740234375,596.7323684692383,0.13787052,0.17886047,0.20097849,22.724854,20.751343
Tunisia,1986,7,25.780548,14.891083,2.779043,17.945053100585938,610.194953918457,0.12712832,0.16624136,0.1928297,25.868378,24.02179
Tunisia,1986,8,27.766876,16.27893,2.5023596,7.712158665060997,566.0621948242188,0.10974906,0.15952085,0.18637557,27.916626,26.303223
Tunisia,1986,9,23.687836,15.130463,2.7225366,32.56072998046875,428.79767417907715,0.12697642,0.1583799,0.17860329,24.85727,25.134277
Tunisia,1986,10,19.5654,14.243805,2.869475,49.068511962890625,324.2223072052002,0.21072854,0.20947888,0.17821531,20.437836,22.0372
Tunisia,1986,11,13.50415,9.128052,3.1443164,47.519989013671875,232.36411571502686,0.22775352,0.23395628,0.18712172,14.48764,16.874573
Tunisia,1986,12,9.689087,5.643402,3.178294,53.49836730957031,202.4157419204712,0.28685346,0.27419358,0.21053761,10.257446,12.86557
Tunisia,1987,1,8.963806,2.9534302,3.611133,33.3045654296875,241.8991780281067,0.2519711,0.26397666,0.2252146,8.613312,10.121307
Tunisia,1987,2,10.450226,4.8117065,3.8757281,60.281005859375,265.3520278930664,0.2430882,0.2589743,0.2301036,10.204895,10.927765
Tunisia,1987,3,10.845154,5.265503,3.380055,46.462158203125,375.76475620269775,0.24589872,0.2659589,0.24054846,11.024719,11.067993
Tunisia,1987,4,15.315704,7.994049,2.9969919,35.467071533203125,522.5506210327148,0.21178864,0.24171643,0.23710325,14.810883,13.54538
Tunisia,1987,5,17.40387,10.137421,3.1693451,37.70982360839844,539.6364402770996,0.17909743,0.2142131,0.23474792,17.45456,16.209595
Tunisia,1987,6,23.821625,12.671143,2.9076366,3.717041015625,608.745059967041,0.12406286,0.18180871,0.21508835,23.220764,20.660126
Tunisia,1987,7,27.515411,15.233063,2.862477,10.80572509765625,613.2635688781738,0.11145776,0.16031072,0.1983309,26.975922,24.41568
Tunisia,1987,8,28.502594,15.430359,2.5609112,6.4676361083984375,565.7524833679199,0.1057339,0.15282768,0.18504108,28.387146,26.66632
Tunisia,1987,9,25.608917,14.268188,2.350127,15.8660888671875,464.56655502319336,0.11556884,0.15597335,0.17767754,26.225891,25.951416
Tunisia,1987,10,21.477264,12.763672,2.7295618,36.170135498046875,352.7784366607666,0.16349992,0.18769391,0.17159566,21.892303,23.108215
Tunisia,1987,11,14.1675415,6.746826,3.6361003,28.9141845703125,248.8418197631836,0.16809012,0.18560727,0.16863197,15.714691,18.711823
Tunisia,1987,12,12.880554,7.039093,2.6669092,16.988128662109375,213.86238288879395,0.16982077,0.19616187,0.17482145,13.159027,15.027008
Tunisia,1988,1,11.237549,4.15979,3.6756234,21.212692260742188,258.0403747558594,0.18319121,0.20547505,0.18175511,11.002594,12.579559
Tunisia,1988,2,10.491577,3.6948547,3.2984674,18.517059326171875,315.39311504364014,0.16484441,0.19881296,0.1865915,11.405884,12.585114
Tunisia,1988,3,12.829315,3.736145,4.1758537,31.761566162109375,451.963885307312,0.1776454,0.20964731,0.19154914,12.596039,12.311615
Tunisia,1988,4,16.175049,8.182129,2.986052,29.40262019634247,516.0353851318359,0.15449926,0.18558608,0.19205187,16.532928,15.617126
Tunisia,1988,5,21.299042,10.8454895,2.9637263,21.431228637695312,568.0262432098389,0.14864343,0.18555528,0.19185008,20.695343,18.75708
Tunisia,1988,6,23.53955,14.096222,3.127813,35.86029052734375,578.411865234375,0.1593603,0.19317791,0.18922788,23.398285,21.52707
Tunisia,1988,7,28.19394,13.884186,2.754909,6.2604522705078125,637.9804706573486,0.105380155,0.16043414,0.17888127,27.86316,25.492798
Tunisia,1988,8,27.536987,16.00879,2.5811782,5.0589752197265625,567.0059928894043,0.1068345,0.15749967,0.18024641,28.027618,26.865631
Tunisia,1988,9,22.693817,13.770294,2.680099,30.46234130859375,435.6859874725342,0.14139993,0.16349126,0.17693752,24.000275,24.811798
Tunisia,1988,10,20.946136,13.448181,2.7053773,9.671890258789062,356.8333921432495,0.13021623,0.16636367,0.17021456,21.702515,22.646027
Tunisia,1988,11,14.539764,9.553192,2.8232636,44.05242919921875,227.55741119384766,0.19103321,0.1881133,0.1769928,15.884857,18.494446
Tunisia,1988,12,9.471893,5.4293823,3.3495784,45.988189697265625,202.43999910354614,0.2727023,0.25827834,0.19173092,10.119263,12.794403
Tunisia,1989,1,9.006989,4.953491,2.3846004,20.747474670410156,238.3293809890747,0.22391327,0.24182773,0.20399678,9.169281,10.855408
Tunisia,1989,2,10.295349,4.3447266,2.8944635,25.401275634765625,305.4201011657715,0.21851587,0.23490465,0.20846127,9.857758,10.399689
Tunisia,1989,3,13.732056,6.6207275,3.6706877,19.680809020996094,462.4525966644287,0.17237248,0.21269864,0.20789534,13.407318,12.88028
Tunisia,1989,4,15.643921,6.6244507,3.7046878,30.5804443359375,534.4835472106934,0.15566714,0.18899971,0.20426545,16.110748,15.218597
Tunisia,1989,5,18.697235,10.136719,3.299235,14.143844604492188,585.5188503265381,0.14674236,0.18968818,0.20649625,18.445068,16.93631
Tunisia,1989,6,22.591858,13.014954,2.624614,17.99468994140625,577.1396827697754,0.14517716,0.18210684,0.20794772,22.407166,20.365173
Tunisia,1989,7,26.672302,15.021576,2.4805014,9.268402099609375,615.0171222686768,0.11759163,0.16791588,0.2006565,26.59613,24.379395
Tunisia,1989,8,27.440521,17.003754,2.3459222,15.128204345703125,546.7016220092773,0.122511744,0.16260476,0.19529058,27.739319,26.413727
Tunisia,1989,9,23.95282,16.424683,2.7403424,28.834075927734375,430.0338363647461,0.14062953,0.17073433,0.19543049,24.9039,25.035889
Tunisia,1989,10,18.161469,13.210236,2.680722,49.519775390625,331.803674697876,0.20608534,0.21663262,0.19764397,19.177612,20.825592
Tunisia,1989,11,15.443756,8.8663025,2.5830514,18.41766357421875,258.107213973999,0.16989206,0.20843118,0.2005296,15.954956,17.771545
Tunisia,1989,12,13.479889,7.7762146,2.667779,29.941139221191406,221.89819192886353,0.19633716,0.22492544,0.20533705,13.475922,15.285919
Tunisia,1990,1,10.09552,6.923706,3.2820642,122.04523468017578,206.7927370071411,0.29808724,0.2888032,0.23548308,10.434174,12.226044
Tunisia,1990,2,12.922882,7.0842285,2.8354175,4.36517333984375,316.05730056762695,0.23626046,0.27441013,0.27156672,12.028015,12.327454
Tunisia,1990,3,12.928864,7.394165,2.7244055,54.26324462890625,396.26983642578125,0.2201927,0.24125104,0.25404218,13.185242,13.375458
Tunisia,1990,4,14.761261,8.61026,3.3900573,46.2799072265625,463.8248062133789,0.21625419,0.2389336,0.2460157,14.704773,14.180115
Tunisia,1990,5,18.857635,12.6145935,2.8409142,55.66102600097656,525.6310729980469,0.22852391,0.2422017,0.24136224,18.135101,16.68332
Tunisia,1990,6,24.893036,13.794373,2.6775994,7.465667724609375,604.529857635498,0.13756686,0.19652687,0.22509913,23.8443,21.267181
Tunisia,1990,7,26.234436,14.559479,2.614325,4.6427154541015625,625.5153827667236,0.11179797,0.17038013,0.21721436,26.476562,24.598022
Tunisia,1990,8,25.066284,16.903595,2.2505572,22.088729858398438,542.4460754394531,0.14188479,0.18042445,0.21834916,25.919891,25.181976
Tunisia,1990,9,25.818878,15.644257,2.4964283,10.89111328125,458.171911239624,0.12407245,0.16783223,0.20971142,26.125336,25.571503
Tunisia,1990,10,21.901184,13.996338,2.6523013,17.884506225585938,353.6257381439209,0.14172462,0.17429204,0.20808639,22.517029,23.477356
Tunisia,1990,11,14.313293,9.130859,3.3342774,69.90921020507812,232.0602321624756,0.245723,0.23564646,0.21397135,15.630493,18.385529
Tunisia,1990,12,8.684937,3.6513367,3.4545443,67.68572998046875,217.2198667526245,0.25324655,0.26857385,0.2316719,9.359222,12.152954
Tunisia,1991,1,8.904358,5.097595,2.7115989,46.30558776855469,241.78044939041138,0.2741943,0.28303072,0.25145268,8.964874,10.670502
Tunisia,1991,2,9.268219,4.7700806,3.1057498,51.21270751953125,274.2494010925293,0.29351437,0.303488,0.26879105,8.988831,9.84259
Tunisia,1991,3,13.589508,7.68042,3.8456416,78.62532043457031,391.8821392059326,0.25965175,0.28673622,0.2709478,12.776642,12.199951
Tunisia,1991,4,12.994751,6.9457397,3.3107588,36.69342041015625,493.41064453125,0.23197208,0.26678035,0.27175578,13.432831,13.119019
Tunisia,1991,5,16.210999,8.002319,3.323578,17.839569091796875,581.6412487030029,0.16699712,0.21346407,0.25268507,16.098389,14.859619
Tunisia,1991,6,22.764984,12.350128,3.0661557,14.542236328125,600.2360916137695,0.14198926,0.18816467,0.23479329,22.05362,19.58487
Tunisia,1991,7,26.58017,13.940033,2.479946,3.332916259765625,637.985969543457,0.10858705,0.16758052,0.21982855,26.230804,23.702637
Tunisia,1991,8,26.839722,15.340851,2.561633,2.871246337890625,570.7172679901123,0.10557323,0.16099928,0.20625702,27.11145,25.577637
Tunisia,1991,9,24.34845,16.909882,2.4566667,35.539398193359375,422.6190662384033,0.15858181,0.16841409,0.19023728,25.035583,24.993134
Tunisia,1991,10,19.233826,12.717041,2.7642715,46.457427978515625,324.27306842803955,0.18220069,0.18865572,0.1881152,20.331665,21.955078
Tunisia,1991,11,13.481079,7.3726196,2.9975526,30.103912353515625,259.4581890106201,0.19894949,0.21945094,0.19251734,14.362396,16.851532
Tunisia,1991,12,9.168091,4.097931,3.5800972,20.671554565429688,211.97246599197388,0.21737307,0.23649164,0.20841432,9.916779,12.364777
Tunisia,1992,1,8.077454,3.6885986,2.4048862,40.40699768066406,239.21566247940063,0.2139229,0.23035412,0.2180621,8.252319,10.000153
Tunisia,1992,2,9.467468,4.9174805,2.92211,58.583885192871094,275.33309268951416,0.27136645,0.28227282,0.23242159,9.204193,9.94989
Tunisia,1992,3,11.912262,6.475952,3.7288394,34.921356201171875,395.7498960494995,0.2610606,0.28604966,0.25156936,11.36145,11.171234
Tunisia,1992,4,14.461975,6.830414,3.5829346,56.55853271484375,507.33306884765625,0.2127478,0.24432048,0.24718016,14.196808,13.009491
Tunisia,1992,5,18.313538,10.66272,3.0297287,43.41731262207031,550.1649150848389,0.19775328,0.22936095,0.24412227,17.492737,15.989563
Tunisia,1992,6,22.180573,11.924072,3.2711725,7.008819580078125,598.0450057983398,0.13340169,0.189735,0.22775003,21.99588,19.970428
Tunisia,1992,7,24.732819,14.600952,2.622132,12.00152587890625,612.4596080780029,0.12586406,0.17196013,0.21499316,24.53833,22.538818
Tunisia,1992,8,26.94223,15.613281,2.1839216,2.6527099609375,570.50417137146,0.10679828,0.16237673,0.20792504,27.037537,25.32309
Tunisia,1992,9,23.978577,15.411224,2.34336,16.56646728515625,451.70456886291504,0.11847189,0.16139296,0.19943216,24.880981,24.763397
Tunisia,1992,10,19.894257,11.626678,2.8666885,29.77203369140625,353.8926410675049,0.16875799,0.18045282,0.19015229,20.429535,21.72409
Tunisia,1992,11,15.024292,10.165009,2.9836388,104.73701477050781,237.3766279220581,0.278319,0.28393054,0.22619615,15.383881,17.642792
Tunisia,1992,12,10.48114,5.9387207,3.20792,54.044708251953125,211.50684928894043,0.24631454,0.25742814,0.22958162,10.865997,13.258331
Tunisia,1993,1,8.630737,4.286255,2.700185,13.959365844726562,261.3946952819824,0.25271037,0.27587274,0.24887392,8.581512,10.326843
Tunisia,1993,2,8.672882,4.524353,3.59544,39.85693359375,257.1600914001465,0.23819292,0.25019142,0.25013962,9.078369,10.168762
Tunisia,1993,3,11.07251,5.3894653,3.3138669,43.93101501464844,413.4734859466553,0.24173385,0.25843695,0.2507201,10.709839,10.469299
Tunisia,1993,4,15.528229,7.412079,3.1701798,8.47320556640625,549.6271133422852,0.15511565,0.21029525,0.24079628,15.203217,13.788239
Tunisia,1993,5,19.995361,10.958618,3.027042,31.0416259765625,592.2092800140381,0.16525233,0.20079464,0.23274204,19.083282,17.024597
Tunisia,1993,6,24.393219,13.587616,3.1220179,1.841583140194416,623.3430862426758,0.113916315,0.17653178,0.22584534,24.050293,21.649963
Tunisia,1993,7,26.500458,13.893341,3.0929208,1.2530364990234375,633.6463432312012,0.108110264,0.16695446,0.21691442,26.441711,24.60907
Tunisia,1993,8,27.586853,14.566467,2.512764,6.9539031982421875,572.1993064880371,0.1091258,0.15881535,0.2030505,27.734344,26.276337
Tunisia,1993,9,23.967377,14.819366,2.9950762,28.47930908203125,442.09550857543945,0.13963076,0.16440047,0.19364674,24.745575,25.075165
Tunisia,1993,10,20.549347,12.480804,2.9748836,28.203018188476562,345.1957092285156,0.1558545,0.17519695,0.18535134,21.065338,22.1698
Tunisia,1993,11,14.302521,8.876984,2.932175,21.964874267578125,247.14571952819824,0.18170074,0.19406791,0.18419352,15.450378,18.009918
Tunisia,1993,12,10.877136,5.929779,2.9005089,32.83485412597656,212.84516286849976,0.20864035,0.21971837,0.18794161,11.12677,13.449951
Tunisia,1994,1,10.710297,5.5381775,4.0280848,38.81409454345703,231.15778398513794,0.22386016,0.23353547,0.19737627,10.579285,12.054169
Tunisia,1994,2,10.926239,3.848938,3.7994378,38.178924560546875,304.71661376953125,0.2139673,0.23507936,0.20729578,10.268341,10.926056
Tunisia,1994,3,13.678528,6.7016907,2.9567363,11.179885864257812,462.06643295288086,0.16097735,0.20339327,0.20899336,13.501404,13.040039
Tunisia,1994,4,14.320068,5.952423,3.7621882,32.39044189453125,512.5383567810059,0.15749109,0.18093537,0.20187546,14.717682,14.260132
Tunisia,1994,5,22.115112,9.900909,3.0409048,13.310379028320312,626.78249168396,0.13533399,0.17006072,0.19289361,20.727814,18.0596
Tunisia,1994,6,24.395142,12.25528,3.0560164,10.72723388671875,625.3535270690918,0.11901932,0.16153543,0.18848573,24.56607,22.565674
Tunisia,1994,7,27.607056,13.694519,2.5127363,2.1801605224609375,645.4370784759521,0.10296059,0.15849109,0.1874388,27.64502,25.511719
Tunisia,1994,8,29.583954,14.574158,2.526595,1.89776611328125,583.0068645477295,0.10295607,0.15431708,0.18433513,29.31607,27.65097
Tunisia,1994,9,25.30664,15.659546,2.9649851,21.95709228515625,429.57261085510254,0.12171795,0.1537752,0.17295752,26.07544,26.305359
Tunisia,1994,10,19.499695,14.037567,2.5292828,51.8924560546875,314.11287117004395,0.20673838,0.20441543,0.17182574,20.485046,22.300385
Tunisia,1994,11,15.865509,9.784607,2.635563,9.5050048828125,262.0815181732178,0.1536352,0.19324103,0.1727552,16.713684,18.83139
Tunisia,1994,12,11.389557,5.8060913,2.9101846,13.436203002929688,229.65488815307617,0.15815762,0.19313562,0.18015811,12.045929,14.608429
Tunisia,1995,1,9.283661,3.1156921,3.7878203,38.61802673339844,255.66565418243408,0.19737674,0.21801014,0.19178921,9.431885,11.221802
Tunisia,1995,2,12.932251,5.9342957,3.1711895,4.684112548828125,315.6442070007324,0.14121906,0.19052589,0.1910456,12.600464,12.719513
Tunisia,1995,3,12.163055,4.238495,3.6933627,30.746932983398438,434.44987392425537,0.17574719,0.19804373,0.19431584,12.588959,12.9539795
Tunisia,1995,4,14.668915,6.4354553,3.3714974,19.90997314453125,517.4862670898438,0.13883182,0.1722362,0.19117738,14.711761,14.09079
Tunisia,1995,5,20.780365,9.002869,3.0607333,4.08880615234375,620.6149883270264,0.117243126,0.16194427,0.18825853,20.07428,17.873016
Tunisia,1995,6,24.0159,14.063049,2.6872041,24.2303466796875,585.2273941040039,0.14361958,0.18064079,0.19833311,23.56491,21.506317
Tunisia,1995,7,27.176392,15.478424,2.6591082,2.9554443359375,642.1502227783203,0.10440618,0.15951604,0.19092137,27.120789,24.929688
Tunisia,1995,8,27.086456,17.082275,2.7330718,15.832534790039062,531.1327381134033,0.11859956,0.15345065,0.18237668,27.611298,26.632904
Tunisia,1995,9,23.400818,16.117767,2.815253,84.47845458984375,406.38708114624023,0.1940608,0.18723388,0.17469394,24.238525,24.774689
Tunisia,1995,10,18.72406,13.830627,2.3557374,46.13861083984375,332.20568466186523,0.2388485,0.24554206,0.17657459,19.061798,20.56012
Tunisia,1995,11,14.256531,7.147949,3.1960347,38.9886474609375,252.9828929901123,0.18097128,0.2111378,0.1757519,14.816498,17.044891
Tunisia,1995,12,12.541077,8.325714,3.0801082,38.08256530761719,212.1008324623108,0.25965685,0.25115326,0.1880319,12.213257,13.895782
Tunisia,1996,1,11.520874,6.8039856,3.010522,50.23309326171875,235.28335285186768,0.26373032,0.25661466,0.19309546,11.233185,12.715576
Tunisia,1996,2,9.569061,4.63501,3.9642544,83.24490356445312,276.43484687805176,0.2792215,0.27992094,0.21535122,9.559021,10.883362
Tunisia,1996,3,12.533386,7.154541,3.025395,50.690032958984375,404.83757400512695,0.26958084,0.28474298,0.23918328,11.661774,11.306427
Tunisia,1996,4,14.763306,8.51709,3.265395,47.086944580078125,472.1864318847656,0.20631826,0.22906345,0.22711931,14.579437,13.926727
Tunisia,1996,5,19.54419,11.113342,2.9592967,33.71183776855469,587.2767200469971,0.17956415,0.21920024,0.22324884,18.855774,17.15036
Tunisia,1996,6,22.634949,13.265564,2.73149,30.162506103515625,577.6875114440918,0.14625938,0.17661771,0.2000383,22.156555,20.28003
Tunisia,1996,7,26.513,13.2812805,2.917645,5.5613250732421875,633.4547100067139,0.10961889,0.15772136,0.19066149,25.830994,23.47873
Tunisia,1996,8,27.74588,17.244446,2.6816278,18.191970825195312,544.3685569763184,0.114306904,0.15238258,0.18354784,27.877289,26.289398
Tunisia,1996,9,22.380493,14.155884,3.0009031,37.949981689453125,427.4674129486084,0.16701803,0.1787176,0.17390154,23.17868,23.9245
Tunisia,1996,10,17.878876,10.281036,3.1557949,23.965682983398438,349.26754570007324,0.14873393,0.17164817,0.16533585,18.740784,20.263458
Tunisia,1996,11,15.157318,6.425049,3.290982,8.34869384765625,257.32237815856934,0.12160427,0.16458625,0.16683215,15.7196045,17.583405
Tunisia,1996,12,12.289154,4.7296143,3.5520387,14.317916870117188,238.96045207977295,0.15638074,0.17802364,0.17325611,12.210602,14.222839
Tunisia,1997,1,11.253937,5.6362,3.1188076,40.67189025878906,244.73125219345093,0.19224371,0.19505598,0.17796281,11.126373,12.463226
Tunisia,1997,2,11.836548,5.8430786,2.8734064,18.2681884765625,313.2880516052246,0.2027973,0.22259137,0.18632765,11.408386,11.97995
Tunisia,1997,3,12.333008,4.872711,3.193865,17.2218017578125,447.302396774292,0.15318716,0.18513376,0.18310903,12.572418,12.750641
Tunisia,1997,4,14.447205,7.174347,3.5931633,44.57794189453125,461.0921859741211,0.18408127,0.18951108,0.18245901,14.13382,13.664368
Tunisia,1997,5,20.91684,10.161072,3.2316062,14.8756103515625,606.8379726409912,0.13287109,0.16900444,0.1742295,19.956543,17.60669
Tunisia,1997,6,26.494385,14.2561035,2.9804363,10.5743408203125,605.0934791564941,0.12222829,0.1667005,0.18311602,25.79071,23.110382
Tunisia,1997,7,27.3432,15.573273,2.9984434,5.9600830078125,627.5942573547363,0.110265,0.15964235,0.18406628,27.159943,25.178192
Tunisia,1997,8,26.813416,16.853485,2.4166298,22.056564331054688,541.4268894195557,0.13034025,0.15891142,0.18212801,27.164093,26.305786
Tunisia,1997,9,22.793976,17.13739,2.3344073,93.31832885742188,392.88333892822266,0.22580768,0.22433847,0.18010208,23.255371,23.894745
Tunisia,1997,10,19.759338,13.62085,2.664496,50.164031982421875,340.15905475616455,0.20200254,0.21291913,0.17758848,20.439178,21.749268
Tunisia,1997,11,14.518555,9.233124,3.176504,48.204803466796875,243.0264186859131,0.24011679,0.25133613,0.19223292,14.8793335,17.144135
Tunisia,1997,12,11.558289,5.971222,3.4525068,38.985565185546875,214.2698473930359,0.22773822,0.25045705,0.2129038,11.681519,13.794647
Tunisia,1998,1,10.075958,5.344879,3.0132778,25.6832275390625,253.1860704421997,0.22353591,0.24769258,0.22477059,9.997894,11.593689
Tunisia,1998,2,11.14682,5.266693,2.6766071,17.72900390625,308.22745513916016,0.19133349,0.22518918,0.22395884,11.001556,11.611572
Tunisia,1998,3,12.512451,4.9692993,3.4088485,26.444320678710938,435.9419050216675,0.17557696,0.20619261,0.21730109,12.314789,12.256683
Tunisia,1998,4,16.86728,8.507568,3.316809,47.210540771484375,510.2420997619629,0.18076375,0.19775078,0.20680943,16.361115,15.164154
Tunisia,1998,5,19.233368,10.889313,3.0893803,24.747589111328125,563.5465431213379,0.16573253,0.19959724,0.19679615,18.644348,17.072388
Tunisia,1998,6,25.72763,11.491638,2.976683,9.210205078125,610.0144386291504,0.11403082,0.15724255,0.18171708,24.590454,21.78418
Tunisia,1998,7,28.008575,13.328888,2.9138937,0.42193603515625,658.9358978271484,0.09644338,0.14589594,0.17532241,28.052368,25.775696
Tunisia,1998,8,27.174438,16.08075,2.6205158,16.1962890625,554.0743865966797,0.11687269,0.14839983,0.17303693,27.55304,26.396912
Tunisia,1998,9,24.792084,15.779663,2.8546789,28.011932373046875,429.97798919677734,0.12685685,0.14695114,0.16875532,25.562134,25.727722
Tunisia,1998,10,18.440247,11.977142,2.9703681,50.684356689453125,331.0345401763916,0.20241565,0.20008883,0.17049639,19.417542,21.39035
Tunisia,1998,11,13.1562805,6.360077,3.010434,44.1046142578125,248.56853485107422,0.17756827,0.19301885,0.17035201,14.29184,17.047089
Tunisia,1998,12,9.709381,4.283081,3.2730095,23.539016723632812,231.48626852035522,0.20560451,0.22332743,0.18362159,9.985596,12.46756
Tunisia,1999,1,10.126129,5.6531067,3.4266546,111.07229614257812,218.1125192642212,0.28487742,0.28196958,0.20775396,9.984283,11.316406
Tunisia,1999,2,8.94278,3.6331177,3.7346964,19.06842041015625,277.8149299621582,0.25361207,0.28383675,0.24572325,8.470428,9.455231
Tunisia,1999,3,12.647797,6.6016235,3.5274804,27.072021484375,436.9519557952881,0.1830102,0.22374965,0.23426066,12.501862,12.229828
Tunisia,1999,4,16.305817,7.394684,3.2181056,10.961151123046875,537.3615074157715,0.15576716,0.19958232,0.22463846,15.593933,14.116974
Tunisia,1999,5,22.726349,11.791748,2.8638186,9.077774047851562,595.3379096984863,0.12194764,0.17450714,0.2167205,21.723907,19.30481
Tunisia,1999,6,26.292694,13.526306,3.055967,12.16552734375,603.8508796691895,0.117638305,0.15929167,0.19917335,25.68637,23.217468
Tunisia,1999,7,27.15503,15.140533,2.9197571,8.106658935546875,627.208625793457,0.1069011,0.15088886,0.18409748,27.394958,25.548615
Tunisia,1999,8,30.061432,16.715149,2.503581,7.0854034423828125,555.364673614502,0.105816916,0.1496289,0.17924495,29.75177,27.850098
Tunisia,1999,9,25.510376,16.675354,2.6012845,16.521148681640625,451.2417984008789,0.120711446,0.14921089,0.17237015,26.49936,26.663544
Tunisia,1999,10,21.730164,12.747986,2.5257862,23.9803466796875,349.8225784301758,0.14403206,0.15860261,0.16523312,22.32428,23.54834
Tunisia,1999,11,14.494659,9.053223,3.1029105,76.42776489257812,239.33351039886475,0.19046277,0.18953998,0.1669229,16.13855,19.179596
Tunisia,1999,12,10.5373535,5.528534,3.690258,41.68605041503906,215.3676733970642,0.2677206,0.27522516,0.19309446,10.832123,13.610901
Tunisia,2000,1,7.943268,3.434967,2.5187314,12.895065307617188,260.0935583114624,0.23598051,0.25418088,0.20660867,8.156433,10.371155
Tunisia,2000,2,10.819733,4.2482605,3.3178902,14.773025512695312,318.5858154296875,0.1877901,0.2236926,0.20534092,10.44223,11.100098
Tunisia,2000,3,13.730286,6.3795166,2.9134862,19.91590118408203,450.2870206832886,0.15962625,0.19529997,0.2009371,13.273071,12.683197
Tunisia,2000,4,17.266266,8.185944,3.7472572,25.37384033203125,544.2289924621582,0.16019097,0.18432182,0.1910522,16.790009,15.51236
Tunisia,2000,5,21.714813,13.874695,2.6132543,56.96846008300781,559.8149871826172,0.16773579,0.18459786,0.19034775,21.043274,19.118652
Tunisia,2000,6,24.052307,13.901764,2.8662314,13.46099853515625,609.5220565795898,0.13591227,0.1772952,0.17573223,23.658997,21.563446
Tunisia,2000,7,27.846008,13.0529785,3.0941913,1.111602783203125,655.4400844573975,0.09706061,0.15133417,0.16918091,27.723724,25.54132
Tunisia,2000,8,27.993774,13.622925,2.5304408,5.24298095703125,581.381914138794,0.098211005,0.14297359,0.16059895,27.94394,26.411835
Tunisia,2000,9,24.322235,14.082214,2.8015463,23.770294189453125,454.06883239746094,0.11607297,0.13680342,0.15361121,25.515656,25.945618
Tunisia,2000,10,18.91919,11.848907,3.2653255,46.296600341796875,326.3951063156128,0.18954942,0.17949407,0.15835641,19.838379,21.713043
Tunisia,2000,11,15.392029,8.472473,2.998128,16.639251708984375,260.78564643859863,0.17072886,0.19535746,0.1598433,15.7547,17.987274
Tunisia,2000,12,12.13501,5.6531982,3.2887774,19.44122314453125,232.27896547317505,0.17131515,0.19936931,0.17166978,12.293243,14.479279
Tunisia,2001,1,10.8689575,4.2752686,3.3277414,32.688690185546875,259.41222858428955,0.2016623,0.22249351,0.18876775,10.736053,12.365143
Tunisia,2001,2,10.729492,3.6321716,3.746803,29.53253173828125,298.315185546875,0.20407256,0.22920465,0.20321585,10.585663,11.560944
Tunisia,2001,3,16.718292,6.203766,3.318298,14.315078735351562,463.23234462738037,0.14394055,0.1887635,0.19490133,15.789368,14.564667
Tunisia,2001,4,15.69931,6.8355103,3.5503597,22.594757080078125,528.2962989807129,0.15296373,0.17395265,0.18486875,15.936157,15.46521
Tunisia,2001,5,20.232513,11.149506,3.0597396,44.78718566894531,561.0029830932617,0.17281787,0.19027928,0.18316455,19.595367,18.041565
Tunisia,2001,6,25.154907,11.37265,3.05649,1.6351318359375,648.4261894226074,0.09975376,0.1565022,0.17356978,24.845337,22.370148
Tunisia,2001,7,28.157715,14.760986,2.9406757,5.49273681640625,633.1188049316406,0.10243766,0.14927347,0.16998671,27.92273,25.681976
Tunisia,2001,8,27.661682,15.3845825,2.5271971,5.618560791015625,567.9205226898193,0.09932241,0.1472012,0.16636492,28.108551,26.886444
Tunisia,2001,9,23.897675,16.531982,2.6658914,34.29931640625,433.2216167449951,0.14357941,0.15564035,0.16001777,24.987488,25.365387
Tunisia,2001,10,22.427643,14.995941,2.2067442,12.62591552734375,369.04686164855957,0.14569484,0.17066729,0.1552351,23.016876,23.850372
Tunisia,2001,11,14.994995,8.809753,3.144281,27.304229736328125,243.66969108581543,0.16928305,0.17310105,0.15724443,16.162079,18.957886
Tunisia,2001,12,10.132324,4.889038,3.2345314,23.996429443359375,208.56213665008545,0.18660745,0.19547187,0.16304865,10.92099,13.847687
Tunisia,2002,1,9.062347,3.3640747,2.694194,11.092849731445312,260.4406089782715,0.17710973,0.20127125,0.17117085,9.051086,10.913513
Tunisia,2002,2,11.740631,4.7114563,3.2537143,12.200439453125,306.8587455749512,0.15261647,0.18807575,0.17461948,11.375366,11.854095
Tunisia,2002,3,14.312805,5.5493774,3.4262686,28.387969970703125,426.23610496520996,0.15333939,0.17640287,0.17332259,14.093964,13.787048
Tunisia,2002,4,16.276459,7.8172913,3.3651707,36.19354248046875,516.5053367614746,0.17728956,0.18293826,0.17252783,15.679474,14.786255
Tunisia,2002,5,20.143036,10.457947,3.2778373,31.565261840820312,594.4076519012451,0.15741147,0.17885844,0.169729,19.615906,17.837585
Tunisia,2002,6,25.38446,12.336792,2.6938753,9.2523193359375,633.6725807189941,0.11485082,0.15545516,0.16710393,24.720886,22.018036
Tunisia,2002,7,27.340637,15.417725,2.907172,16.50091552734375,613.6239528656006,0.120453075,0.15938489,0.17024058,27.421814,25.543335
Tunisia,2002,8,26.822723,17.090881,2.6409924,26.952346801757812,526.5265636444092,0.13552788,0.1574041,0.16378348,27.168701,26.159698
Tunisia,2002,9,23.412018,15.44751,2.663111,26.69403076171875,412.7039051055908,0.14214925,0.1554389,0.1548862,24.220123,24.69992
Tunisia,2002,10,20.236969,11.557556,2.8613496,20.616683959960938,369.5429439544678,0.13835797,0.16058365,0.14545985,20.609009,21.693756
Tunisia,2002,11,15.371582,8.926788,3.8318846,67.2637939453125,234.45110321044922,0.21700723,0.20542234,0.1518231,15.739227,18.065521
Tunisia,2002,12,11.9947815,7.073456,3.4711583,35.90950012207031,215.52258825302124,0.23448493,0.23561504,0.17441207,11.831665,14.095367
Tunisia,2003,1,10.405945,5.4040833,4.0712876,109.98056030273438,220.24126815795898,0.27725258,0.27938604,0.20487276,10.463501,12.309265
Tunisia,2003,2,8.964478,4.4048767,3.6005192,63.463134765625,259.11012268066406,0.2787364,0.2897534,0.23869741,8.842682,10.060364
Tunisia,2003,3,12.15387,6.3954163,2.7446597,31.277191162109375,421.903751373291,0.23140067,0.2600478,0.23224686,11.63797,11.610046
Tunisia,2003,4,15.974762,10.287811,3.4443862,65.04776000976562,482.21872329711914,0.24414323,0.2656706,0.22919613,14.999939,13.782867
Tunisia,2003,5,20.324219,11.615875,3.410427,23.850738525390625,568.8234043121338,0.15317579,0.19960089,0.21840443,19.818542,18.229126
Tunisia,2003,6,26.391724,13.679626,2.7035513,9.795684814453125,628.0570220947266,0.12171947,0.16430955,0.19135007,24.98584,21.901764
Tunisia,2003,7,29.982452,15.477692,2.6274297,5.402862548828125,634.4304962158203,0.10292845,0.14865945,0.1794769,29.412292,26.724548
Tunisia,2003,8,29.251892,15.406921,2.5156689,5.951568603515625,568.1640110015869,0.09688943,0.13897361,0.16554098,29.169617,27.660583
Tunisia,2003,9,23.736359,17.12442,2.6864588,78.7664794921875,403.69431495666504,0.19699903,0.18761432,0.16425347,24.845734,25.852203
Tunisia,2003,10,21.555756,14.429291,2.8313134,45.22520446777344,314.62202072143555,0.18613209,0.2027559,0.1633938,21.864838,22.965546
Tunisia,2003,11,15.222778,10.2491455,2.9015837,30.889892578125,247.79291152954102,0.21756855,0.22335584,0.17215452,15.825256,18.35785
Tunisia,2003,12,10.205444,5.791168,3.682329,113.00080871582031,205.22687005996704,0.2832856,0.28627145,0.20940186,10.704956,13.625214
Tunisia,2004,1,10.210693,5.4935303,3.491365,32.42119598388672,243.18393659591675,0.2544167,0.2778078,0.24301136,9.746948,11.207703
Tunisia,2004,2,11.775299,5.312805,2.8100364,10.727203369140625,319.03316020965576,0.19804947,0.23869693,0.23770705,11.119263,11.495605
Tunisia,2004,3,12.794464,7.576996,3.2843592,61.437572598457336,409.5618267059326,0.21986692,0.22956759,0.22880034,12.537872,12.424286
Tunisia,2004,4,15.297852,9.494659,3.3210182,56.210174560546875,477.491397857666,0.23647134,0.24672252,0.2293749,14.870605,14.343811
Tunisia,2004,5,18.111206,10.45401,3.323686,23.786880493164062,561.6732559204102,0.1762735,0.21370825,0.21934855,17.671295,16.421143
Tunisia,2004,6,23.721039,13.481689,2.8567443,51.651763916015625,591.7225456237793,0.15835655,0.19653966,0.20074455,22.590027,20.156158
Tunisia,2004,7,27.176422,14.7743225,2.8209705,4.188140869140625,641.1786346435547,0.1031505,0.15798327,0.18204717,27.04721,24.710327
Tunisia,2004,8,28.239319,16.722137,2.51082,22.106231689453125,557.203311920166,0.116884515,0.14786044,0.1720801,28.178833,26.54364
Tunisia,2004,9,23.536377,14.334839,2.7283237,28.27606201171875,440.8385467529297,0.14583926,0.1577547,0.1595858,24.46167,25.070435
Tunisia,2004,10,22.17804,12.572449,2.3203752,21.327163696289062,359.30803871154785,0.13371094,0.15431066,0.15253614,22.23941,22.603455
Tunisia,2004,11,13.718262,9.012512,3.0205731,71.15615844726562,230.51992893218994,0.2455961,0.2360872,0.16793846,14.743103,17.868805
Tunisia,2004,12,11.278259,6.832672,3.3646457,58.400299072265625,194.5949068069458,0.25060785,0.2560834,0.1928568,11.729584,14.079803
Tunisia,2005,1,8.372955,3.2259521,3.6575265,34.98143005371094,254.43845653533936,0.24038759,0.259355,0.21348114,8.685822,10.767242
Tunisia,2005,2,8.293732,2.6250305,3.8626304,62.444580078125,273.98709869384766,0.2567915,0.2735933,0.23336765,8.112946,9.233795
Tunisia,2005,3,13.055725,5.8619995,3.024517,23.70599365234375,418.4617443084717,0.20191346,0.24241391,0.23243581,12.015167,11.22052
Tunisia,2005,4,15.988281,8.132965,3.6774566,46.875,489.37442779541016,0.18905829,0.22034533,0.22168386,15.4114685,14.301788
Tunisia,2005,5,21.601105,9.900238,3.0729456,6.426483154296875,621.9296951293945,0.11626009,0.16874819,0.20306106,20.799774,18.567078
Tunisia,2005,6,24.933044,13.919769,2.5922995,23.2562255859375,585.0494956970215,0.13191962,0.16179015,0.19323184,24.247711,21.870117
Tunisia,2005,7,28.439484,14.982697,2.7392824,3.8045196533203125,637.0963916778564,0.10264417,0.15007402,0.18077524,28.039368,25.529114
Tunisia,2005,8,26.796509,15.792236,2.8740451,31.83251953125,541.1308364868164,0.12539485,0.15278712,0.1746875,27.461517,26.755493
Tunisia,2005,9,23.683014,15.7248535,2.5959628,21.5826416015625,425.79030990600586,0.1470077,0.15981938,0.16142547,24.33554,24.69281
Tunisia,2005,10,20.346558,15.039124,2.3005035,46.23274230957031,332.6255807876587,0.18585026,0.19243698,0.16095729,20.569946,21.720032
Tunisia,2005,11,15.088959,8.694336,2.7768848,33.386993408203125,253.5164451599121,0.16777667,0.1836891,0.16575827,16.153534,18.724213
Tunisia,2005,12,9.704468,5.4576416,3.0683758,68.45699310302734,207.53034162521362,0.2752792,0.2594835,0.18401042,10.016968,12.78656
Tunisia,2006,1,8.213806,4.203125,3.2180321,83.23634338378906,235.4912166595459,0.2903523,0.2893318,0.21360394,8.17157,10.014526
Tunisia,2006,2,10.103058,5.0464478,3.1834192,33.83404541015625,285.17320251464844,0.2741584,0.28947482,0.24283901,9.4817505,10.2724
Tunisia,2006,3,13.750092,5.9353333,3.7338812,17.893966674804688,448.4131717681885,0.19101305,0.2392712,0.23545945,12.536041,11.72644
Tunisia,2006,4,18.059906,8.725769,3.4435885,20.85296630859375,521.0420608520508,0.13751946,0.18264869,0.21916193,17.636139,16.20465
Tunisia,2006,5,21.891266,12.139404,2.8910017,32.024566650390625,564.3453006744385,0.16786012,0.19476238,0.21129325,20.659363,18.48581
Tunisia,2006,6,25.140656,11.177399,3.0700858,10.725860595703125,614.2977333068848,0.122143276,0.16929623,0.2004342,24.05835,21.745575
Tunisia,2006,7,27.856018,15.642853,2.4132218,7.166290283203125,627.5845603942871,0.11021321,0.15693828,0.1916857,27.822266,25.88684
Tunisia,2006,8,27.092194,16.506012,2.86538,17.162200927734375,559.2354755401611,0.11736551,0.15331365,0.18089981,27.398651,26.439056
Tunisia,2006,9,23.452942,14.953918,2.6713793,26.21978759765625,449.5055294036865,0.13609295,0.1581339,0.17460094,24.362823,24.872711
Tunisia,2006,10,21.466095,12.965363,2.7272215,26.41546630859375,359.2576322555542,0.14768976,0.17037426,0.17158131,21.650024,22.543121
Tunisia,2006,11,15.558502,9.4530945,2.6645284,19.970855712890625,239.93031978607178,0.14807425,0.1658607,0.16792452,16.292328,18.730438
Tunisia,2006,12,11.536285,7.784729,2.4507298,54.27081298828125,208.6541986465454,0.24038234,0.22326279,0.18122146,12.048828,14.679535
Tunisia,2007,1,11.463287,6.144867,2.7216303,11.037506103515625,263.8876123428345,0.19860388,0.2328433,0.20125948,10.846863,12.202698
Tunisia,2007,2,12.255829,6.451538,3.535888,36.970245361328125,285.0704231262207,0.21121737,0.23079899,0.20645256,11.893646,12.574219
Tunisia,2007,3,12.552673,6.7585754,3.3895805,93.63668823242188,403.8693857192993,0.2550314,0.27065474,0.2259646,12.227814,12.648346
Tunisia,2007,4,15.575989,10.836609,3.2549899,65.23223876953125,449.44982528686523,0.24347635,0.2580415,0.2355241,14.868744,14.078857
Tunisia,2007,5,20.507599,11.09845,3.2642546,23.997848510742188,581.6090831756592,0.17668559,0.22540148,0.22253396,19.322388,17.490509
Tunisia,2007,6,25.592255,13.648499,3.0219197,21.974029541015625,604.2739677429199,0.13713035,0.17659406,0.1988899,24.373108,21.708374
Tunisia,2007,7,27.388824,13.401306,2.8863535,1.60638427734375,659.7716102600098,0.0996766,0.15512934,0.18800327,27.264587,25.27008
Tunisia,2007,8,27.892975,16.085083,2.6756942,6.267547607421875,563.6596546173096,0.1030438,0.14713202,0.17671765,28.016266,26.521759
Tunisia,2007,9,24.08017,15.716614,2.6474705,19.53826904296875,439.3684959411621,0.12480133,0.14593132,0.17382279,25.100891,25.549591
Tunisia,2007,10,19.69043,13.624756,3.0042973,48.98667907714844,326.2719430923462,0.17909586,0.1846314,0.17524616,20.616028,22.213135
Tunisia,2007,11,13.867432,6.98526,3.032,17.039337158203125,258.71289253234863,0.18573749,0.21265917,0.18664351,14.580902,17.10727
Tunisia,2007,12,10.518127,5.3274536,3.4781,56.333900451660156,212.92300462722778,0.19253157,0.21322012,0.19517963,11.02005,13.495636
Tunisia,2008,1,10.403137,5.6085815,2.9056687,10.163833618164062,258.5771074295044,0.23371233,0.25280932,0.21324448,9.950897,11.515839
Tunisia,2008,2,10.97467,5.0930786,2.665833,16.274444580078125,314.62390327453613,0.17734818,0.21268968,0.20840941,10.638214,11.153076
Tunisia,2008,3,13.327179,6.0023804,3.4653277,48.773345947265625,434.3812265396118,0.18838021,0.20814225,0.20271662,13.016724,12.817261
Tunisia,2008,4,17.25534,7.1868286,3.5012789,15.537643432617188,543.9064407348633,0.16312668,0.19852628,0.19631176,16.3013,15.021393
Tunisia,2008,5,20.88272,11.8750305,3.3986814,39.579681396484375,575.4605598449707,0.15714492,0.18785809,0.19011137,20.212341,18.359009
Tunisia,2008,6,23.99997,13.553925,3.0622766,18.430938720703125,613.1704902648926,0.13045901,0.16646466,0.18241297,23.482117,21.368805
Tunisia,2008,7,28.59787,15.985565,2.7350054,5.491790771484375,635.5169105529785,0.10545387,0.15388834,0.17917685,28.161926,25.755371
Tunisia,2008,8,28.009796,16.715393,2.3985813,9.171432495117188,571.5238304138184,0.10498734,0.14747126,0.1727882,28.376465,27.073364
Tunisia,2008,9,24.450012,15.320221,2.4942203,70.32577514648438,400.0756072998047,0.162082,0.16190998,0.16547109,25.2789,25.797333
Tunisia,2008,10,19.8143,14.669708,2.5228622,35.9459228515625,321.29766845703125,0.22002839,0.22641174,0.16390175,19.999817,21.3414
Tunisia,2008,11,14.094208,7.6631165,3.1784804,20.730743408203125,254.21856880187988,0.18745157,0.20627321,0.1643494,14.741821,17.409271
Tunisia,2008,12,10.068237,4.8146973,3.2772288,24.7220458984375,221.57248640060425,0.19165649,0.2079373,0.16971399,10.475891,13.070007
Tunisia,2009,1,10.214172,6.44693,3.352278,101.82872772216797,219.22317600250244,0.2902299,0.28008988,0.19764647,9.94339,11.473541
Tunisia,2009,2,9.649078,3.4128418,3.9817905,37.807220458984375,289.5274543762207,0.25182566,0.2807141,0.2322466,9.3967285,10.569916
Tunisia,2009,3,12.619263,5.669983,3.6786804,33.18772888183594,447.74295806884766,0.20133708,0.24005419,0.23471485,11.94043,11.469879
Tunisia,2009,4,14.672028,8.91568,3.3702064,111.1541748046875,466.1305332183838,0.26505136,0.2699079,0.24112876,14.039124,13.529114
Tunisia,2009,5,20.253174,11.462738,3.135809,31.204818725585938,592.0080680847168,0.17732225,0.21992238,0.22983478,18.876862,16.832367
Tunisia,2009,6,25.149292,12.253052,2.8505518,2.54974365234375,640.3228569030762,0.105000965,0.1621627,0.20075561,24.590393,22.015259
Tunisia,2009,7,28.97931,14.893707,2.538759,3.63470458984375,642.7284927368164,0.10178881,0.1500731,0.18655103,28.459625,25.753632
Tunisia,2009,8,28.313873,16.59607,2.4323995,15.576629638671875,550.7001399993896,0.112290695,0.14597179,0.17931697,28.522003,27.261047
Tunisia,2009,9,23.359161,16.769836,2.649202,80.32333374023438,400.16587257385254,0.18581653,0.17961177,0.17267857,24.108826,24.96112
Tunisia,2009,10,18.68573,12.722534,3.0829012,46.016571044921875,330.5154867172241,0.20781483,0.24132949,0.17906152,19.082,20.799103
Tunisia,2009,11,14.902374,7.1040344,2.87105,15.179443359375,269.8417854309082,0.17065962,0.21371302,0.18636633,15.139282,17.166962
Tunisia,2009,12,13.12738,5.710327,3.8713686,18.841903686523438,226.04408597946167,0.16902882,0.20218101,0.19115596,12.749725,14.357666
Tunisia,2010,1,11.116913,4.752228,3.7865798,33.13948059082031,239.77651929855347,0.1831715,0.20053415,0.19563441,11.4530945,13.331329
Tunisia,2010,2,12.545715,4.7495728,3.5949903,24.46453857421875,300.1099395751953,0.2043067,0.22444932,0.20701456,11.625153,12.068634
Tunisia,2010,3,14.324799,6.5950317,3.2808018,47.028839111328125,424.965537071228,0.2029115,0.22931157,0.20683646,13.914703,13.762512
Tunisia,2010,4,16.965729,10.524231,2.9298449,39.466552734375,472.9006290435791,0.17939134,0.2039112,0.20185372,16.906403,16.096375
Tunisia,2010,5,19.53476,9.936462,3.5614579,33.07514953613281,566.330753326416,0.15043211,0.17941764,0.18976071,19.253326,18.045776
Tunisia,2010,6,24.101166,13.607422,3.0766172,8.07769775390625,608.613338470459,0.12366952,0.16330767,0.1789722,23.734192,21.576447
Tunisia,2010,7,27.982452,15.938629,2.6588159,5.0140380859375,632.3933067321777,0.1043201,0.14842296,0.17502595,27.749268,25.352844
Tunisia,2010,8,27.842072,16.045105,2.6396956,4.886322021484375,565.5904731750488,0.102965415,0.14181766,0.168599,28.075378,26.615173
Tunisia,2010,9,23.577148,15.37204,3.001635,49.2938232421875,411.8177604675293,0.14511131,0.14367546,0.15985249,24.508606,25.21344
Tunisia,2010,10,19.486145,11.86676,2.9903777,43.88134765625,347.1664981842041,0.19385213,0.18635346,0.15159212,19.995972,21.853546
Tunisia,2010,11,14.847229,8.774353,3.3299387,48.21624755859375,242.13712692260742,0.22675252,0.23727763,0.15892111,14.7836,16.948761
Tunisia,2010,12,11.625885,3.8234253,3.4355633,16.700531005859375,230.23071908950806,0.17527324,0.20776555,0.16404016,11.969482,14.289581
Tunisia,2011,1,10.505157,5.1944275,2.5142744,39.16673278808594,241.34760427474976,0.19084641,0.20549485,0.17334674,10.335266,11.849304
Tunisia,2011,2,9.764435,4.5279846,3.600567,56.555419921875,282.90570068359375,0.24420582,0.25042948,0.19107784,9.820801,10.986511
Tunisia,2011,3,12.270599,7.0858765,3.239104,50.99584197998047,398.0877799987793,0.24847855,0.25733948,0.20783821,11.591248,11.494751
Tunisia,2011,4,17.053864,9.29892,3.3323982,39.32373046875,517.4205207824707,0.17718641,0.20447744,0.19298176,16.338501,15.0130005
Tunisia,2011,5,19.341492,11.49762,3.2213132,63.20857238769531,544.0719718933105,0.19901188,0.21702485,0.18981698,18.738983,17.360718
Tunisia,2011,6,23.8396,14.007385,2.7822313,20.669403076171875,609.3917083740234,0.15276764,0.19659,0.18180439,23.075256,20.701904
Tunisia,2011,7,27.973938,15.309845,2.8474863,10.702133178710938,626.9896755218506,0.11010649,0.15853904,0.17716004,27.773499,25.444153
Tunisia,2011,8,27.645447,15.020111,2.5386496,5.349884033203125,587.2868900299072,0.10123083,0.1468697,0.16782081,27.742004,26.25113
Tunisia,2011,9,25.099274,16.072937,2.7216713,16.724395751953125,442.4209499359131,0.11442428,0.14195041,0.15973583,26.00708,26.038239
Tunisia,2011,10,18.936157,12.57431,3.018471,57.88848876953125,326.62951850891113,0.16747116,0.15661356,0.15076335,19.807037,21.624268
Tunisia,2011,11,15.384949,10.759674,3.0297132,58.508148193359375,226.8060064315796,0.2255291,0.23552209,0.17274508,15.852966,17.982788
Tunisia,2011,12,11.300262,6.354492,3.4508972,33.03730773925781,211.3639965057373,0.21428673,0.2341643,0.18596832,11.646881,14.194214
Tunisia,2012,1,9.851227,4.804596,3.5673282,46.22990417480469,230.81620264053345,0.2155134,0.23613429,0.20157926,9.9422,11.6698
Tunisia,2012,2,7.708008,2.7041626,3.6286256,60.131988525390625,284.601357460022,0.2711444,0.27013484,0.2206253,7.7854004,9.349945
Tunisia,2012,3,12.798798,7.1393127,3.1869822,69.39097595214844,422.64864349365234,0.24194288,0.26875886,0.23327576,11.872009,11.443787
Tunisia,2012,4,16.411621,9.028229,3.5303528,42.084503173828125,516.1622428894043,0.20311265,0.23001622,0.22442105,15.602386,14.363098
Tunisia,2012,5,20.318634,10.48114,2.9915907,9.354965209960938,610.8264389038086,0.12748227,0.17934993,0.20768647,19.832886,17.917114
Tunisia,2012,6,27.003296,14.007538,2.8156726,4.37164306640625,630.5752944946289,0.108891554,0.15740657,0.19299781,25.835297,22.72821
Tunisia,2012,7,29.222382,15.844269,2.79276,5.433135986328125,634.1249237060547,0.10266407,0.15010555,0.18339834,28.976654,26.617188
Tunisia,2012,8,29.579712,15.422852,2.5529897,8.680435180664062,582.4288902282715,0.098117694,0.14241533,0.17119128,29.683777,28.147186
Tunisia,2012,9,24.514984,15.534515,2.7210283,47.051239013671875,427.5407409667969,0.17146108,0.18723656,0.16439566,24.6857,25.140625
Tunisia,2012,10,21.398468,14.382385,2.6665757,47.05059814453125,336.81386947631836,0.1710331,0.18890992,0.16366257,22.379608,23.859406
Tunisia,2012,11,16.843353,11.014679,2.9817376,19.643096923828125,255.33602714538574,0.18735965,0.2104191,0.17241208,17.475616,19.604156
Tunisia,2012,12,11.44986,4.8709106,3.4502647,13.710319519042969,230.58016443252563,0.16904211,0.20703466,0.18217646,11.807617,14.326263
Tunisia,2013,1,10.609741,4.4873047,3.9369955,30.648544311523438,245.10811805725098,0.1895135,0.20780624,0.18828538,10.773682,12.630432
Tunisia,2013,2,9.575348,2.9079895,4.014341,32.18017578125,287.77513122558594,0.2031468,0.2227102,0.1978042,9.871429,11.200043
Tunisia,2013,3,14.724823,6.4945984,3.7746732,29.857177734375,429.5301151275635,0.19197008,0.21589062,0.20139277,13.751526,13.029572
Tunisia,2013,4,17.125732,8.3090515,3.537875,43.063201904296875,517.0355415344238,0.17444971,0.18751897,0.18722706,16.812408,15.77002
Tunisia,2013,5,19.912567,10.518646,3.5358355,17.022659301757812,592.2031307220459,0.14161818,0.1771067,0.18525262,19.967102,18.53186
Tunisia,2013,6,23.336792,11.406952,3.38648,2.0343017578125,640.7177925109863,0.10562949,0.15207815,0.17478956,23.256104,21.203918
Tunisia,2013,7,27.395874,15.991089,2.6344132,9.516265869140625,619.9156246185303,0.110874414,0.15103644,0.17636627,27.06845,24.661926
Tunisia,2013,8,26.865082,16.133331,2.7720065,24.732452392578125,555.4120349884033,0.11380529,0.14565942,0.1643169,27.3638,26.26593
Tunisia,2013,9,24.14743,17.534882,2.599658,42.45574951171875,412.282133102417,0.17819704,0.1870304,0.16981842,24.527649,24.808594
Tunisia,2013,10,22.60147,15.074249,2.5098097,42.268341064453125,355.39212226867676,0.1677802,0.19104937,0.1614124,22.691498,23.356049
Tunisia,2013,11,14.28302,7.925659,3.6075473,41.488037109375,248.98890495300293,0.18524492,0.1966892,0.16301376,15.557068,18.552948
Tunisia,2013,12,10.81015,6.364441,2.9204454,36.849395751953125,204.63173389434814,0.20633785,0.21751395,0.17117332,11.088959,13.423218
Tunisia,2014,1,10.940094,4.839569,3.4168518,33.93132019042969,252.41761589050293,0.21427523,0.23234385,0.18117975,10.541992,12.043213
Tunisia,2014,2,11.963104,5.4226074,3.3535109,29.905517578125,296.61917877197266,0.22685765,0.2360389,0.19329682,11.407715,12.045044
Tunisia,2014,3,11.944794,6.913727,3.759992,87.19412231445312,386.1724624633789,0.26329023,0.26756755,0.21196713,11.661438,11.990906
Tunisia,2014,4,16.91507,8.082397,3.425306,22.794342041015625,525.8024597167969,0.17267394,0.21128815,0.2076521,16.112488,14.863312
Tunisia,2014,5,19.908539,10.526184,3.3700037,28.585220336914062,596.7416038513184,0.14360833,0.17160241,0.18598695,19.711731,18.010132
Tunisia,2014,6,24.851654,12.5989685,3.1742384,16.5728759765625,606.9500541687012,0.1306767,0.1615948,0.1714542,24.10028,21.554321
Tunisia,2014,7,27.28952,14.570526,2.987489,3.3201446533203125,639.5754432678223,0.1025526,0.1521983,0.17235988,27.2966,25.119934
Tunisia,2014,8,28.262573,15.8463745,2.709682,4.0982666015625,577.2081413269043,0.098008156,0.14622033,0.16758463,28.52362,26.944183
Tunisia,2014,9,26.244507,15.879547,2.5787792,15.223388671875,444.20308113098145,0.11911876,0.14227946,0.16111751,26.796448,26.578064
Tunisia,2014,10,21.443146,12.695831,2.6772733,40.53424072265625,357.28938579559326,0.1545389,0.17056566,0.1517136,22.174408,23.627136
Tunisia,2014,11,16.83966,9.534882,2.926165,40.25459289550781,252.01040267944336,0.18205687,0.18683851,0.14672497,16.79364,18.84137
Tunisia,2014,12,11.219177,5.642151,3.829566,46.49101257324219,215.97093963623047,0.1822647,0.19296773,0.14987475,12.328003,15.31955
Tunisia,2015,1,10.008667,3.8413696,3.7774398,39.30059814453125,246.68974256515503,0.20952114,0.21500033,0.1588855,9.988037,12.267395
Tunisia,2015,2,9.324432,3.3984375,3.8704264,78.01300048828125,263.15424728393555,0.23924042,0.2357781,0.17585869,9.732056,11.26181
Tunisia,2015,3,12.51062,6.92865,4.0076537,59.7030029296875,415.2889165878296,0.26115048,0.27394366,0.1966329,11.789368,11.855804
Tunisia,2015,4,16.59726,7.3435364,3.086974,3.288116455078125,563.4392738342285,0.14761601,0.21145141,0.18767306,16.2305,14.826202
Tunisia,2015,5,21.771881,9.15506,3.5967827,14.39312744140625,616.8779926300049,0.119876534,0.16377449,0.174234,21.42627,19.51892
Tunisia,2015,6,24.464966,12.699066,3.132693,5.601654052734375,638.360767364502,0.112953946,0.15626235,0.16667028,24.281525,21.879456
Tunisia,2015,7,28.364258,14.852295,2.4635649,2.708526611328125,653.4324588775635,0.09765581,0.1478909,0.15996653,28.28659,25.695648
Tunisia,2015,8,27.772339,17.22992,2.4826639,22.574050903320312,546.7080078125,0.12458041,0.14565356,0.15394798,28.459747,27.324646
Tunisia,2015,9,24.83139,15.511719,2.767331,27.165069580078125,439.79970932006836,0.13464434,0.15775278,0.1518591,25.776978,26.060059
Tunisia,2015,10,20.815704,13.161804,2.9249048,32.613006591796875,342.5587863922119,0.16070294,0.16411382,0.14437994,21.672333,22.953735
Tunisia,2015,11,15.113342,9.720642,3.1099555,40.7098388671875,241.01277351379395,0.18008268,0.18548179,0.14546598,16.32074,18.970764
Tunisia,2015,12,11.215088,6.330261,2.0400913,6.350799560546875,233.7071976661682,0.17973757,0.20828645,0.15917112,11.554901,14.107574
Tunisia,2016,1,11.435364,5.133728,3.017816,24.921188354492188,259.373854637146,0.19614337,0.20981984,0.16675419,11.254639,12.890472
Tunisia,2016,2,12.77887,4.7191772,3.497233,18.039154052734375,315.404896736145,0.17512788,0.20477964,0.17351396,12.419342,12.82843
Tunisia,2016,3,13.27771,4.6328125,3.6459603,42.00486755371094,440.3117456436157,0.18727167,0.20744596,0.1762588,12.960968,12.923706
Tunisia,2016,4,17.969116,9.161957,3.5055065,35.21209716796875,524.9790000915527,0.16882096,0.20082453,0.17703319,17.68924,16.341766
Tunisia,2016,5,20.39569,10.477997,3.472857,33.8267822265625,593.0748519897461,0.15845026,0.17968549,0.1715816,20.221344,18.506287
Tunisia,2016,6,24.94043,12.82605,3.154697,13.680267333984375,606.3118171691895,0.12081229,0.15788159,0.16188636,24.828156,22.593933
Tunisia,2016,7,27.561523,13.761902,2.8764985,1.919525146484375,648.4904384613037,0.09934887,0.1476592,0.15506291,27.941345,25.789398
Tunisia,2016,8,26.739655,15.08725,2.7916305,3.5348968505859375,570.5127449035645,0.09756264,0.14379041,0.14925487,27.68042,26.550476
Tunisia,2016,9,23.644073,15.759705,2.6797397,49.817962646484375,412.3259925842285,0.15111363,0.15231976,0.14401378,24.977478,25.579285
Tunisia,2016,10,21.42926,14.363312,2.5714169,24.93585205078125,351.4074697494507,0.17932884,0.18796274,0.14151956,21.830688,22.750885
Tunisia,2016,11,15.390717,9.162323,2.887842,35.394287109375,254.32351112365723,0.18744886,0.19055559,0.14344165,16.41919,18.950165
Tunisia,2016,12,12.125641,8.573059,2.8489466,64.28895568847656,189.12821578979492,0.2738633,0.25521904,0.15821554,12.516815,14.859558
Tunisia,2017,1,8.213013,3.1492004,3.46937,34.1219482421875,241.2589716911316,0.24755225,0.26036572,0.18305099,8.515015,10.962799
Tunisia,2017,2,11.730835,6.0438232,3.360977,34.2506103515625,300.0164794921875,0.21494703,0.2422742,0.19686,11.172913,11.491028
Tunisia,2017,3,14.044281,6.387451,3.4796762,12.163063049316406,453.31182193756104,0.15928292,0.19805115,0.19215134,13.860565,13.470001
Tunisia,2017,4,15.941681,7.564575,3.2882588,37.028045654296875,518.5910797119141,0.17092505,0.19025025,0.18283242,15.813385,14.884644
Tunisia,2017,5,21.618195,10.388458,3.098482,4.5977783203125,621.0355052947998,0.118210174,0.16740419,0.17593384,21.475708,19.231262
Tunisia,2017,6,26.109222,13.238251,2.7250612,20.2294921875,623.4827041625977,0.12054812,0.16054857,0.16559462,25.657776,22.894012
Tunisia,2017,7,28.644836,13.637756,3.1452432,3.9066925048828125,642.0450344085693,0.09981964,0.1456072,0.15316083,28.731873,26.470337
Tunisia,2017,8,29.067627,13.798706,2.5274825,2.9341583251953125,582.9862880706787,0.09873535,0.14244214,0.14912345,29.6344,28.179535
Tunisia,2017,9,23.801971,13.2258,2.8998816,16.34033203125,450.9140396118164,0.116797134,0.14080173,0.1419034,25.405853,26.131989
Tunisia,2017,10,18.761719,12.050934,2.739948,52.85931396484375,340.33516693115234,0.18071426,0.18243328,0.1369935,19.7789,21.752014
Tunisia,2017,11,13.910431,6.860077,3.4307916,44.14398193359375,246.0289764404297,0.18828256,0.18640828,0.13754848,14.767578,17.551514
Tunisia,2017,12,9.932953,3.9744568,3.4990869,23.127487182617188,216.1984782218933,0.1862514,0.20283984,0.1469654,10.53772,13.164185
Tunisia,2018,1,11.783051,4.499359,3.5633292,7.915794372558594,268.5185613632202,0.15944734,0.1910335,0.15341611,11.58786,12.736237
Tunisia,2018,2,10.055939,4.36261,3.433077,47.5712890625,270.7540740966797,0.20918065,0.20224582,0.16239102,10.324768,11.569275
Tunisia,2018,3,14.21048,5.6182556,3.9223807,46.442291259765625,420.1461181640625,0.19842835,0.20978858,0.1667343,13.54953,13.205292
Tunisia,2018,4,17.013,8.897766,3.2714703,28.846435546875,522.7162742614746,0.17011851,0.1966127,0.16584842,16.779694,15.38147
Tunisia,2018,5,19.429169,11.778259,3.1204863,47.38975524902344,563.173978805542,0.17512624,0.19510771,0.1654459,19.409851,17.82248
Tunisia,2018,6,24.160706,13.10434,3.1888351,9.683990478515625,601.8537139892578,0.11459608,0.15861154,0.15755202,24.180267,21.956268
Tunisia,2018,7,29.448608,14.547363,2.7084029,3.087890625,638.9940395355225,0.10227653,0.14965793,0.15542367,29.338257,26.362885
Tunisia,2018,8,25.659546,17.880066,2.177035,60.37422180175781,512.6305828094482,0.17236647,0.16924085,0.1482002,26.554718,26.132935
Tunisia,2018,9,24.87912,16.689575,2.5998194,31.385650634765625,417.5288772583008,0.15318462,0.16973898,0.14667071,25.729462,25.71759
Tunisia,2018,10,19.201569,12.915497,3.0856442,66.93551635742188,336.7967519760132,0.21029697,0.21003944,0.15023349,20.081818,21.715607
Tunisia,2018,11,14.665192,9.146759,3.0572069,29.920806884765625,245.84921836853027,0.20397554,0.21705498,0.15867268,15.363464,17.667969
Tunisia,2018,12,11.56189,6.090149,3.141353,22.106704711914062,235.49437999725342,0.18971103,0.2161051,0.16768603,11.971619,14.306549
Tunisia,2019,1,9.110931,3.4830017,3.9972284,40.450042724609375,246.6298017501831,0.20695415,0.22415388,0.17927672,9.55603,11.482758
Tunisia,2019,2,9.7560425,3.3747559,3.7977622,29.08392333984375,304.9091682434082,0.20885673,0.23204724,0.19488673,9.861877,10.872284
Tunisia,2019,3,12.8671875,5.2526245,3.4348,70.9912109375,436.69170475006104,0.20517872,0.22214718,0.18951061,12.583282,12.333557
Tunisia,2019,4,15.421722,8.645294,3.4884665,44.64935302734375,517.0737648010254,0.22096267,0.2485147,0.20456225,15.019806,13.906952
Tunisia,2019,5,18.14389,9.610779,3.4120634,47.00660705566406,559.840353012085,0.16967025,0.19258474,0.19240306,18.315826,17.065704
Tunisia,2019,6,26.663116,12.520752,2.9415705,3.519744873046875,619.5222473144531,0.120659284,0.17265354,0.17860667,25.310242,21.879456
Tunisia,2019,7,28.962677,14.465973,2.7569106,4.0940093994140625,640.4124565124512,0.10085905,0.1436396,0.16340272,29.082367,26.521393
Tunisia,2019,8,28.796173,16.740112,2.5884736,37.07171630859375,544.083797454834,0.119117886,0.14826453,0.15814272,29.464508,28.022308
Tunisia,2019,9,24.45752,17.957794,2.5106926,44.942779541015625,430.30749320983887,0.19628267,0.21249467,0.1596106,25.053864,25.356506
Tunisia,2019,10,20.309967,13.866028,3.0885415,35.45208740234375,342.52753734588623,0.16465199,0.1775386,0.15956074,21.396637,22.960754
Tunisia,2019,11,13.811768,7.4227295,3.4858768,49.126739501953125,254.98263359069824,0.2307217,0.21966618,0.16163485,14.604126,17.482452
Tunisia,2019,12,12.701111,6.686157,3.8792546,28.903564453125,223.93589878082275,0.1992779,0.22317913,0.17310017,12.773621,14.689606
Tunisia,2020,1,10.286316,5.548767,2.8698392,17.022659301757812,256.02500343322754,0.20387077,0.21817598,0.18104431,10.320129,12.021942
Tunisia,2020,2,12.661438,4.0741577,2.8745236,2.402801513671875,342.47065258026123,0.13848734,0.18488522,0.17740776,12.4783325,12.828033
Tunisia,2020,3,13.095703,6.826599,3.8621914,76.47164916992188,388.85426330566406,0.20910878,0.19938254,0.17522518,13.367126,13.648499
Tunisia,2020,4,16.739746,10.674377,2.7629738,54.52789306640625,484.0298652648926,0.22561568,0.24539024,0.18419836,16.10257,14.877502
Tunisia,2020,5,22.042267,10.9296875,3.2935858,9.817581176757812,604.6235179901123,0.1366156,0.18927611,0.18024041,21.669403,19.633942
Tunisia,2020,6,24.539185,13.256989,3.1300893,15.46417236328125,616.3447380065918,0.12640192,0.16157985,0.16918842,24.512238,22.219849
Tunisia,2020,7,27.761261,14.442566,2.678524,6.046173095703125,643.0703105926514,0.105870135,0.15228155,0.16331594,27.994507,25.794556
Tunisia,2020,8,29.05423,15.343262,2.7656837,4.415191650390625,568.9745941162109,0.10199445,0.14694206,0.15290028,29.511047,27.873535
Tunisia,2020,9,23.678497,16.460358,2.6214788,75.5218505859375,403.1754398345947,0.20514265,0.20130503,0.14965034,24.364807,25.291138
Tunisia,2020,10,18.84607,10.695496,2.8395407,14.447052001953125,360.41133403778076,0.13531569,0.16657372,0.14467876,20.189941,21.988892
Tunisia,2020,11,15.994507,9.897125,3.023984,35.405731201171875,248.77252578735352,0.15830532,0.16637327,0.14385387,16.788177,18.79898
Tunisia,2020,12,11.396545,6.09375,3.5411065,43.023284912109375,228.2307209968567,0.22495763,0.22321968,0.15803064,11.928833,14.553436
Tunisia,2021,1,11.51532,3.160431,3.9166722,16.930892944335938,264.11933422088623,0.17924109,0.21045224,0.168781,10.993378,12.279724
Tunisia,2021,2,12.875244,4.1048584,3.3091538,13.36126708984375,314.9896659851074,0.16860506,0.19662312,0.16994408,12.7560425,13.361145
Tunisia,2021,3,12.618011,5.927826,3.2824593,41.502044677734375,426.89724254608154,0.18372242,0.19892487,0.17129377,12.832977,13.075531
Tunisia,2021,4,16.298218,8.305389,3.3343475,36.1285400390625,505.8291435241699,0.17443,0.1992443,0.17129128,16.102264,15.056824
Tunisia,2021,5,21.486816,10.8706665,3.0617347,21.335205078125,595.307222366333,0.14402099,0.18039757,0.16696803,21.266846,19.092102
Tunisia,2021,6,26.851135,13.875885,2.9543984,11.38092041015625,585.8184814453125,0.11919703,0.15801147,0.16248,26.181183,23.295105
Tunisia,2021,7,29.434967,13.866394,2.972596,1.9228363037109375,647.9430332183838,0.0998247,0.14879732,0.15779506,29.409393,27.044617
Tunisia,2021,8,30.084106,15.755188,2.627521,9.059326171875,571.3706893920898,0.10545004,0.14387679,0.1489161,30.48172,28.933014
Tunisia,2021,9,26.761383,16.915466,2.7382534,10.368804931640625,436.1231803894043,0.1192728,0.14806283,0.14627348,27.560486,27.475403
Tunisia,2021,10,19.23706,11.946442,3.056802,52.01118469238281,326.50647354125977,0.15461911,0.16226506,0.1419406,20.649841,23.059784
Tunisia,2021,11,14.700073,7.3032227,2.8646414,23.54644775390625,256.6248035430908,0.1682284,0.18380673,0.14706908,15.925873,18.716858
Tunisia,2021,12,11.083679,4.8413086,3.4926648,21.112884521484375,234.32863092422485,0.17883103,0.19637594,0.15205449,11.345215,13.819916
Tunisia,2022,1,9.078247,3.0106812,3.079007,31.012298583984375,256.117449760437,0.19649377,0.2082409,0.16061716,9.716705,12.143158
Tunisia,2022,2,11.455017,4.041321,3.4998174,17.54443359375,298.05026626586914,0.14824997,0.18691762,0.16232853,11.416626,11.824829
Tunisia,2022,3,12.433258,7.350769,3.4140341,55.72417449951172,385.96722984313965,0.23008995,0.22154537,0.16673759,12.132477,12.28894
Tunisia,2022,4,15.805054,7.555481,3.8382776,15.75531005859375,502.35151290893555,0.1686591,0.20966908,0.17900135,15.688904,14.754211
Tunisia,2022,5,21.60617,10.207336,3.2290895,26.164291381835938,595.9274730682373,0.14630853,0.17721191,0.17440943,20.58313,18.3107
Tunisia,2022,6,28.292267,12.305359,2.9351032,3.14666748046875,639.2992973327637,0.10527294,0.15227965,0.16296285,27.56607,24.25055
Tunisia,2022,7,29.429535,14.887299,2.5323048,3.337646484375,644.0828742980957,0.10040745,0.14772683,0.15962298,29.654633,27.308899
Tunisia,2022,8,28.827698,16.151764,2.7451315,9.19366455078125,557.2721366882324,0.103518546,0.14331533,0.1489478,29.516998,28.340698
Tunisia,2022,9,26.680237,16.530518,2.6623363,33.032684326171875,433.3662414550781,0.14338116,0.15418951,0.14730793,27.433075,27.662598
Tunisia,2022,10,21.6521,11.655518,2.3296483,8.453857421875,376.6077709197998,0.12428609,0.15692982,0.14008562,22.54065,23.786377
Tunisia,2022,11,16.279327,7.806732,3.4274378,24.532470703125,264.08583641052246,0.13464694,0.15493181,0.14173084,17.540192,20.091858
Tunisia,2022,12,14.2821045,6.2391663,2.7654996,4.382080078125,243.96978950500488,0.14793697,0.17424332,0.14689596,14.406433,16.548615
Tunisia,2023,1,9.803864,2.1338196,3.3134482,13.18975830078125,267.1276388168335,0.14203222,0.17009355,0.1510671,10.775604,13.415741
Tunisia,2023,2,10.948608,3.617981,2.918175,27.932708740234375,293.0183219909668,0.18067236,0.19138478,0.15430963,10.934998,11.755188
Tunisia,2023,3,14.993683,4.92041,3.4316447,6.13604736328125,475.2358808517456,0.123935245,0.16167441,0.14921084,14.778229,14.2404785
Tunisia,2023,4,16.989471,6.378845,3.291795,22.28759765625,537.3784446716309,0.12896414,0.14821683,0.14285424,17.17276,16.031525
Tunisia,2023,5,18.832672,12.058502,3.4858787,91.70108032226562,499.78465270996094,0.19975615,0.18988465,0.14665906,19.214752,18.417267
Tunisia,2023,6,24.609741,15.23053,2.8431203,39.9884033203125,569.5828056335449,0.18547815,0.21864682,0.15741377,23.755219,21.263184
Tunisia,2023,7,31.766754,14.556885,2.7639773,5.3513031005859375,640.4035873413086,0.10484995,0.15630175,0.15353167,30.924255,27.54541
Tunisia,2023,8,28.012146,15.563019,2.8508496,9.80670166015625,573.2542057037354,0.10210995,0.14640214,0.14560525,29.139282,28.195312
Tunisia,2023,9,25.743866,14.552948,2.8819013,2.186279296875,462.1654415130615,0.10589106,0.14618635,0.14103377,26.773163,26.863647
Tunisia,2023,10,22.945038,11.145599,2.478951,3.279937744140625,377.06920433044434,0.09466931,0.135457,0.13171524,23.801636,24.553833
Tunisia,2023,11,17.070679,8.573151,3.2270434,24.5050048828125,263.3517551422119,0.13211872,0.14452605,0.12948146,18.384857,21.14856
Tunisia,2023,12,12.431061,6.885742,3.4916356,66.03157043457031,207.7813687324524,0.22825626,0.21636581,0.13808626,12.947601,15.784973
Tunisia,2024,1,12.243591,4.5545044,3.3997107,16.857574462890625,256.7642488479614,0.1886085,0.22720139,0.15622288,11.976837,13.526276
Tunisia,2024,2,12.528687,5.660797,3.4682722,39.41612243652344,284.86138439178467,0.18881653,0.20886022,0.16394411,12.634308,13.600494
Tunisia,2024,3,15.50766,6.415558,3.264461,9.868667602539062,477.3697443008423,0.17455244,0.21033521,0.1759651,15.009125,14.481812
Tunisia,2024,4,16.683533,7.9973145,3.551669,32.3565673828125,523.4974479675293,0.15787815,0.18189672,0.17849168,17.229218,16.83429
Tunisia,2024,5,21.65747,11.324249,3.0391421,15.466414481401443,607.0362873077393,0.14554921,0.17830442,0.1750843,21.249481,19.264038
Tunisia,2024,6,26.525421,13.67865,3.084102,4.9053955078125,618.0817222595215,0.11222767,0.16316581,0.17483528,26.339996,23.807465
Tunisia,2024,7,29.40097,15.150726,2.93112,1.3358154296875,650.7532596588135,0.10139128,0.153285,0.16949725,29.590546,27.322815
Tunisia,2024,8,28.70868,16.707306,2.5601506,7.8824462890625,563.5020790100098,0.10815845,0.14774346,0.15961087,29.55191,28.454437
Tunisia,2024,9,24.603699,16.47879,2.721547,34.49615478515625,408.9960193634033,0.15333474,0.15845197,0.15879874,25.776337,26.418213
Tunisia,2024,10,21.986755,15.791687,2.9782243,39.49217224121094,322.28223514556885,0.17232375,0.17464821,0.15229219,22.686005,23.823425
Tunisia,2024,11,16.710083,11.030365,2.3974957,23.812637329101562,267.5532531738281,0.18882947,0.20463786,0.15639813,17.639526,19.970123
Tunisia,2024,12,11.13446,5.7712708,3.5757658,28.659957885742188,215.90300178527832,0.18816309,0.20979248,0.1664749,12.079437,14.973145
Turkiye,1985,1,3.7924805,0.47598267,2.5617988,111.03074407577515,169.54762840270996,0.3319444,0.30815348,0.2461765,4.270294,5.627655
Turkiye,1985,2,-1.4857788,-5.6684265,3.0293515,90.88381576538086,194.77404403686523,0.3350077,0.32795218,0.275921,2.921112,4.539398
Turkiye,1985,3,4.0863037,-0.78375244,2.083559,57.68298637866974,359.9294719696045,0.32973364,0.32211792,0.28364146,4.3251343,4.10672
Turkiye,1985,4,11.849396,4.8842773,2.4612343,49.444313049316406,515.4019546508789,0.29338524,0.29591593,0.28471473,10.780792,9.042572
Turkiye,1985,5,16.955261,9.272125,2.107051,57.49152314662933,602.3349761962891,0.2352328,0.23566888,0.25130084,16.28601,13.742371
Turkiye,1985,6,19.79358,9.942963,2.370263,20.420626401901245,667.6510620117188,0.18221259,0.201951,0.22708477,19.896515,17.343964
Turkiye,1985,7,21.167023,9.241394,2.827479,8.781491070985794,693.9200477600098,0.13354252,0.15745078,0.20076336,21.864746,19.708923
Turkiye,1985,8,23.767242,11.528076,2.4476645,8.251752108335495,629.949613571167,0.12266066,0.13867833,0.18378079,24.546509,22.44693
Turkiye,1985,9,18.68396,7.49527,2.3693373,7.986921966075897,493.19252014160156,0.11650897,0.12870984,0.17326337,20.31195,20.76175
Turkiye,1985,10,11.228943,4.266571,2.2623732,77.79772329330444,332.23190784454346,0.21983284,0.1877449,0.17832977,13.147339,16.12436
Turkiye,1985,11,9.729553,5.5183716,2.2197423,84.45498704910278,217.58015155792236,0.30368397,0.29010952,0.21108615,9.688934,11.597687
Turkiye,1985,12,3.5660706,0.16433716,2.1156511,54.64440095424652,169.80245447158813,0.31505582,0.30571675,0.24126077,5.016571,7.7522583
Turkiye,1986,1,3.6027832,0.025909424,2.4658926,104.63552474975586,184.46180486679077,0.3520783,0.3434397,0.2815228,4.5098267,6.0018616
Turkiye,1986,2,4.339386,0.68170166,2.5652676,88.97420597076416,225.08373641967773,0.35110638,0.34663746,0.31056282,4.9007263,5.504242
Turkiye,1986,3,7.0634766,1.0442505,2.0739062,21.590831220149994,441.36008167266846,0.29306492,0.30283076,0.3036223,6.7524414,6.488495
Turkiye,1986,4,12.963501,4.469116,2.224874,32.61340141296387,561.9207572937012,0.22669768,0.23747276,0.2690016,12.44751,10.678986
Turkiye,1986,5,13.275238,6.742279,2.312965,70.3712706565857,573.8387432098389,0.24564421,0.2319578,0.2497455,13.767731,12.419983
Turkiye,1986,6,19.377045,10.7682495,2.201524,43.19941520690918,631.0307121276855,0.21059445,0.21471849,0.23243906,19.405487,16.959839
Turkiye,1986,7,23.326141,11.9747925,2.528424,5.391055464744568,696.0574588775635,0.13194528,0.1603957,0.2059958,23.78656,20.88147
Turkiye,1986,8,24.299316,12.6258545,2.4846196,7.808138340711594,623.8123836517334,0.121401966,0.13989879,0.18910435,24.753357,22.659393
Turkiye,1986,9,19.965454,10.925995,2.1677573,26.696054935455322,460.29913902282715,0.15812588,0.14104563,0.17939284,21.488068,21.74765
Turkiye,1986,10,13.064636,5.68515,2.2749026,36.54223048686981,346.97335720062256,0.18641335,0.15480788,0.17768335,14.409271,16.850555
Turkiye,1986,11,4.90329,-0.0013122559,2.10759,42.559826374053955,229.388108253479,0.2630674,0.22534347,0.18905069,6.6601257,11.02179
Turkiye,1986,12,2.438446,-1.8953552,2.42186,102.05016136169434,177.3888921737671,0.26819795,0.24674709,0.19951382,3.339447,6.1314087
Turkiye,1987,1,2.9284973,-0.73898315,2.8170524,120.24596810340881,165.4302635192871,0.3430977,0.33184332,0.25844696,4.050659,5.4403076
Turkiye,1987,2,4.670166,-0.012390137,2.2826865,52.71893358230591,267.75955963134766,0.33541864,0.3311028,0.2850998,4.880707,5.545105
Turkiye,1987,3,1.4898071,-3.1054688,2.4966822,108.28472304344177,319.5030212402344,0.33090866,0.32707715,0.2955256,3.3526917,4.0190735
Turkiye,1987,4,9.0802,2.935028,2.6729763,77.0730972290039,478.0480670928955,0.3114348,0.3070272,0.2904458,8.669098,7.581085
Turkiye,1987,5,14.882965,7.129547,2.1839826,46.05223619937897,601.0993232727051,0.25472215,0.26587582,0.2702979,13.910522,11.446716
Turkiye,1987,6,19.424469,10.329651,2.3727157,31.533143520355225,653.1171226501465,0.19326927,0.2111413,0.23923787,19.149475,16.317719
Turkiye,1987,7,23.342438,12.046539,2.6244042,23.565232515335083,682.9754314422607,0.15255539,0.16889717,0.20552142,23.541443,20.468872
Turkiye,1987,8,22.031555,10.383575,2.4899197,13.432748645544052,624.4189758300781,0.13318866,0.14738199,0.18843791,23.411163,22.216156
Turkiye,1987,9,19.720184,7.55542,2.2701635,3.9415861666202545,512.8961563110352,0.117306165,0.13637117,0.18129683,20.692017,20.595245
Turkiye,1987,10,12.48233,5.1092834,2.3575363,47.49612247943878,329.48657417297363,0.18116084,0.14989758,0.18283568,14.526154,17.03659
Turkiye,1987,11,7.0742188,2.5579834,2.091766,77.4952483177185,219.29215908050537,0.3044087,0.27296254,0.2032484,7.8911133,10.850861
Turkiye,1987,12,3.6714172,0.026000977,2.30489,98.9874222278595,154.51880311965942,0.3290997,0.31368506,0.24216211,5.3810425,8.02771
Turkiye,1988,1,2.5682983,-1.5186462,2.1956272,46.049046993255615,196.03444719314575,0.31611463,0.31013086,0.26779446,3.3572388,5.0342407
Turkiye,1988,2,3.1078796,-1.3604736,2.4173005,79.10771799087524,241.23372173309326,0.33065403,0.32169297,0.27715045,3.9197693,4.857086
Turkiye,1988,3,5.04245,0.23580933,2.6605616,119.4644684791565,358.6730651855469,0.3511106,0.3430738,0.29888016,5.384552,5.318207
Turkiye,1988,4,10.917969,4.99881,2.0928848,78.57189416885376,483.70805740356445,0.3162596,0.3137678,0.29187262,10.258789,8.786652
Turkiye,1988,5,15.729828,7.71109,2.1709223,50.12139713764191,615.1842765808105,0.24780922,0.2581882,0.26707906,15.080444,12.850861
Turkiye,1988,6,19.484467,10.73172,2.1883209,40.93160390853882,636.9047927856445,0.2141816,0.22125612,0.23898886,19.290619,16.81778
Turkiye,1988,7,23.583313,12.285339,2.7906163,13.659846544265747,682.4028968811035,0.14287488,0.17027421,0.21045084,23.820648,20.969055
Turkiye,1988,8,23.054565,11.097443,2.645482,5.737186878919601,633.3090782165527,0.12720531,0.14761339,0.18617253,24.15686,22.622345
Turkiye,1988,9,18.850372,7.917572,2.2850015,10.06598174571991,490.89643478393555,0.13178727,0.14502802,0.18651943,20.156494,20.60437
Turkiye,1988,10,12.405365,6.569458,2.2843263,74.27214646339417,312.0365982055664,0.22114153,0.18628544,0.18400036,14.160278,16.609924
Turkiye,1988,11,4.370575,0.32421875,2.477466,120.37596702575684,192.11812019348145,0.3380871,0.32085633,0.23154956,6.5740356,9.835602
Turkiye,1988,12,3.8848572,0.6036377,2.3569016,78.59999895095825,163.7248992919922,0.33929452,0.3333046,0.2808455,5.352051,7.5688477
Turkiye,1989,1,-1.5632629,-6.240967,2.3022745,32.37177622318268,208.02930641174316,0.3078942,0.3075062,0.28730255,1.5911255,3.8292542
Turkiye,1989,2,1.7368469,-4.099701,2.576611,24.40685534477234,278.98646545410156,0.29712227,0.29263657,0.28124234,1.562439,2.5895386
Turkiye,1989,3,8.157959,2.271576,2.2791202,51.781683802604675,421.16326427459717,0.30033934,0.29593295,0.2765875,7.12558,6.104828
Turkiye,1989,4,15.274933,5.288452,2.2733839,22.741443514823914,569.2646026611328,0.20812081,0.2253392,0.24842615,13.576904,10.789825
Turkiye,1989,5,15.8281555,6.655243,2.3854895,54.756784439086914,610.1598320007324,0.21217714,0.20729527,0.2313933,15.975403,14.217163
Turkiye,1989,6,19.51059,9.518829,2.21044,27.09448993206024,657.5890159606934,0.17823556,0.18942545,0.21492825,19.63095,16.965088
Turkiye,1989,7,22.887573,11.499939,2.8210585,8.351802825927734,684.8151931762695,0.12620965,0.14639145,0.185528,23.732208,21.079865
Turkiye,1989,8,23.509064,11.814026,2.4639506,9.37113481760025,624.0179119110107,0.11874237,0.13410124,0.17484652,24.487976,22.51535
Turkiye,1989,9,18.994934,8.804138,2.2944005,14.904499053955078,477.69782066345215,0.12490513,0.12713668,0.16582169,20.584503,21.06186
Turkiye,1989,10,12.231537,6.1921997,2.2934985,68.58436918258667,332.32160472869873,0.24248445,0.19747753,0.17866847,13.607819,16.351532
Turkiye,1989,11,7.49646,3.0619202,2.3093421,118.25074195861816,210.25348663330078,0.2872412,0.25354186,0.19621913,8.737152,11.673187
Turkiye,1989,12,2.4022522,-1.052124,2.1984167,70.8028666973114,170.65664434432983,0.33728698,0.32903376,0.25560233,4.2312927,6.879547
Turkiye,1990,1,-0.9426575,-5.7233887,2.118018,26.153084814548492,205.38644123077393,0.32418227,0.32091248,0.28117886,1.7468567,4.121399
Turkiye,1990,2,2.7434998,-1.8184204,2.6780078,72.58531284332275,251.85286712646484,0.32550025,0.32105666,0.28924865,2.8580322,3.6725464
Turkiye,1990,3,7.15921,-0.49624634,2.2998328,24.910702407360077,470.57226371765137,0.27623492,0.28729454,0.28353176,6.197815,5.4215393
Turkiye,1990,4,10.946167,4.2678833,2.472304,69.19888257980347,501.09798431396484,0.2660414,0.25584224,0.25794145,10.660034,9.154236
Turkiye,1990,5,14.65863,7.2130127,2.2270603,63.73285126686096,595.7698383331299,0.26254946,0.26488307,0.25746766,14.046387,11.918396
Turkiye,1990,6,19.296051,9.339203,2.5312073,30.329103469848633,661.1417770385742,0.18567178,0.20446935,0.23477648,19.446472,17.053558
Turkiye,1990,7,23.224182,12.674316,2.8015769,12.868078082799911,679.1557750701904,0.13884743,0.16389458,0.20815757,23.675323,20.897064
Turkiye,1990,8,21.940033,10.478607,2.6653774,8.068923383951187,633.7057666778564,0.13141498,0.14853312,0.19049534,23.064453,21.706848
Turkiye,1990,9,18.099762,8.567078,2.1442456,32.80667066574097,485.1199150085449,0.1702399,0.15888096,0.18950894,19.473724,19.98114
Turkiye,1990,10,13.972321,6.0616455,2.1993632,36.14241564273834,363.142240524292,0.19443575,0.17319477,0.1951244,14.834442,16.752258
Turkiye,1990,11,9.730072,4.446686,2.1722834,43.581358194351196,239.78532314300537,0.26139075,0.23372328,0.20323509,9.979889,12.361786
Turkiye,1990,12,4.6937256,0.6947937,2.215298,90.18130350112915,185.13707399368286,0.3231644,0.30325818,0.23407127,5.981903,8.7439575
Turkiye,1991,1,1.0946045,-2.7443542,2.0867357,48.125600814819336,199.71225595474243,0.31313556,0.3072825,0.26341143,2.9903564,5.1387024
Turkiye,1991,2,0.6719971,-3.379242,2.3436668,62.360005378723145,200.01469802856445,0.3300548,0.31985465,0.2753503,2.8945312,3.8221436
Turkiye,1991,3,7.4597473,2.167572,2.267002,48.52572238445282,396.3261260986328,0.321903,0.32286438,0.29223916,6.829834,6.0526123
Turkiye,1991,4,10.938446,5.203583,2.3236787,96.81167364120483,467.23331451416016,0.31894764,0.3156964,0.29147726,10.544952,9.332977
Turkiye,1991,5,14.015167,7.1019287,2.5079231,85.91013240814209,568.5145206451416,0.28228012,0.28150898,0.27638593,14.07074,12.695709
Turkiye,1991,6,20.091034,11.260712,2.2399483,29.114672541618347,640.8883666992188,0.20808852,0.22867349,0.2513272,19.415588,16.319092
Turkiye,1991,7,23.00885,12.375,2.566713,19.442621886730194,676.2368717193604,0.14978637,0.16674316,0.20558912,23.700348,20.90918
Turkiye,1991,8,22.910217,12.215485,2.6045034,12.413883209228516,609.4601726531982,0.1255807,0.14144605,0.18133399,24.417267,22.869965
Turkiye,1991,9,18.762604,8.427002,2.16985,15.006667971611023,475.0166416168213,0.15053423,0.1488522,0.17656024,19.934326,20.304016
Turkiye,1991,10,14.2465515,7.2426147,2.0344577,67.74553036689758,333.2359571456909,0.21933012,0.18712328,0.19022396,15.526093,17.555298
Turkiye,1991,11,7.9132996,3.2904968,1.99898,46.875529289245605,230.45916080474854,0.27776265,0.24711637,0.20171946,8.620209,11.715149
Turkiye,1991,12,0.371521,-2.899109,2.5761611,130.08401489257812,130.7775101661682,0.3183968,0.3018248,0.22785237,3.8885498,6.8662415
Turkiye,1992,1,-1.7081299,-5.9085083,2.1867661,21.208832323551178,187.45747089385986,0.3043128,0.30116853,0.25252137,2.5802002,4.7250977
Turkiye,1992,2,-2.478424,-7.158081,2.4926207,44.28560519218445,218.08806133270264,0.30116498,0.29520863,0.26165077,1.261322,2.7478333
Turkiye,1992,3,3.732727,-1.5665588,2.457476,66.19926428794861,365.52515029907227,0.31379217,0.30681983,0.27039585,3.6591492,3.5004883
Turkiye,1992,4,10.713684,3.252472,2.2819502,52.597575187683105,520.2299308776855,0.29387552,0.29461786,0.2742589,9.465912,7.774414
Turkiye,1992,5,14.513489,6.231537,2.3516753,49.911027789115906,604.1999263763428,0.22978708,0.23419178,0.24513644,14.167145,11.812134
Turkiye,1992,6,19.039917,10.966675,2.1616197,65.88310718536377,608.0788421630859,0.21837223,0.21469377,0.22614624,19.110931,16.340057
Turkiye,1992,7,20.720184,11.0529785,2.5304022,30.164828956127167,642.529468536377,0.18524541,0.19438767,0.20915166,21.202332,18.9841
Turkiye,1992,8,22.96878,11.70932,2.5633063,7.755622684955597,629.6372413635254,0.13725011,0.15713058,0.1898175,23.38034,21.22821
Turkiye,1992,9,17.571167,6.8723755,2.464462,9.100461602210999,491.23443603515625,0.13196068,0.14475243,0.18123685,19.344452,20.08197
Turkiye,1992,10,15.767426,6.80249,2.3216183,29.345443189144135,366.9227247238159,0.17726776,0.16297907,0.19229475,15.761322,16.812256
Turkiye,1992,11,6.6486816,1.0075378,2.471016,81.87490940093994,220.42951583862305,0.26305333,0.22886871,0.20700435,8.351044,11.9869995
Turkiye,1992,12,0.0435791,-3.2269897,2.3589952,84.05994200706482,139.77676248550415,0.32753912,0.31535485,0.24754344,4.1567383,6.8913574
Turkiye,1993,1,-1.2434692,-5.150421,2.4015617,60.750792026519775,169.39036321640015,0.3196672,0.3109915,0.26445162,1.9753723,3.9692993
Turkiye,1993,2,0.008361816,-4.4110413,2.9704876,69.40851783752441,214.65515327453613,0.33171713,0.32642603,0.2814956,2.3095703,3.2633972
Turkiye,1993,3,5.2223816,-1.073883,2.4267223,58.22855865955353,414.4454584121704,0.3231095,0.3260116,0.30170304,4.586731,4.374237
Turkiye,1993,4,10.508545,2.9203796,2.50884,56.13997220993042,506.16554260253906,0.2776794,0.27991104,0.28061828,9.790741,8.263947
Turkiye,1993,5,14.432648,8.956207,1.9586518,102.11847615242004,550.1341686248779,0.29885173,0.28254908,0.26193392,13.862457,11.6744995
Turkiye,1993,6,19.528473,9.577332,2.297837,33.26360821723938,659.1786575317383,0.20222588,0.21727262,0.23824644,19.231262,16.480438
Turkiye,1993,7,22.297668,10.043854,2.7276678,5.578008353710175,707.4987487792969,0.13081425,0.161992,0.20577489,22.779236,20.03009
Turkiye,1993,8,23.10437,11.00238,2.6081352,12.287613928318024,616.273115158081,0.12467451,0.13931637,0.17740934,23.764618,21.793335
Turkiye,1993,9,19.18988,7.249756,2.3340325,9.668150246143341,503.3125305175781,0.12350797,0.1343746,0.17283654,20.517517,20.736267
Turkiye,1993,10,15.698883,4.5784607,1.9303658,9.840500593185425,389.92131328582764,0.13256463,0.13612589,0.18253724,16.39627,17.88144
Turkiye,1993,11,5.7569885,0.09140015,2.2886007,76.29768133163452,223.2030200958252,0.23446713,0.19475098,0.19100039,7.738373,12.009125
Turkiye,1993,12,5.240967,1.732605,2.218982,55.748032569885254,179.0409083366394,0.30821964,0.28361607,0.21909396,5.557434,7.722809
Turkiye,1994,1,4.60083,0.9754944,2.133667,84.5929126739502,200.2020707130432,0.3332512,0.3204648,0.25146726,4.894623,6.6526184
Turkiye,1994,2,2.8626404,-1.1859436,2.3123307,71.76012706756592,223.5375461578369,0.34152102,0.3332996,0.2759636,4.049103,5.120453
Turkiye,1994,3,6.7091675,0.93774414,2.4898124,58.12111973762512,405.8147201538086,0.3179765,0.31754977,0.28568345,6.2845764,6.1257935
Turkiye,1994,4,13.453308,5.2459717,2.4418304,47.099289894104004,544.3078422546387,0.26021773,0.26500243,0.2647862,12.509155,10.606964
Turkiye,1994,5,16.561798,7.8468323,2.200768,51.828402161598206,630.2460803985596,0.23893496,0.24979407,0.24719375,15.838196,13.4565735
Turkiye,1994,6,19.923004,8.326599,2.8844178,18.80761206150055,684.9303817749023,0.151408,0.17251219,0.21112067,20.466644,18.13034
Turkiye,1994,7,23.254303,11.154175,2.7742858,15.692675352096558,683.4437828063965,0.12539198,0.13864937,0.17843734,24.017487,21.229279
Turkiye,1994,8,23.194427,10.7847595,2.6169517,8.12377181649208,618.6426620483398,0.1255526,0.13073789,0.16340636,24.01587,22.329437
Turkiye,1994,9,22.37265,10.3172,2.1251414,9.1552734375,500.99109649658203,0.12384548,0.12491666,0.1593596,22.990509,22.315887
Turkiye,1994,10,16.281128,8.968658,1.9649904,60.64357852935791,338.0115327835083,0.20492703,0.16382375,0.17136867,17.490295,19.366516
Turkiye,1994,11,6.5448914,1.9458313,2.5486364,102.53221035003662,207.65284538269043,0.2915544,0.25774086,0.20108372,8.688782,12.880493
Turkiye,1994,12,1.4099121,-1.6784058,2.3663735,85.56073880195618,135.18414306640625,0.32136238,0.3080833,0.24151151,4.4861145,7.2142334
Turkiye,1995,1,3.3199158,-0.11260986,2.5273287,87.13937735557556,181.72612380981445,0.34187752,0.3327432,0.27465978,4.4599915,6.3316345
Turkiye,1995,2,5.0412292,0.04006958,2.2095885,31.422297954559326,281.0727882385254,0.31911138,0.317321,0.28165093,4.3647766,5.1462097
Turkiye,1995,3,6.865082,1.2903137,2.7453897,98.83481335639954,388.9131841659546,0.32203555,0.31314206,0.27659258,6.6252136,6.612488
Turkiye,1995,4,9.731537,3.6223755,2.2697997,76.09929084777832,482.4803924560547,0.32096505,0.31869936,0.28370687,9.281067,8.213013
Turkiye,1995,5,16.3591,7.8806458,2.2931955,41.89952027797699,634.6996459960938,0.2338887,0.25362733,0.26159722,15.549042,12.935272
Turkiye,1995,6,21.28595,11.417084,2.1552522,40.65039396286011,656.7219543457031,0.18525122,0.19055156,0.22434466,21.266998,18.462402
Turkiye,1995,7,21.735687,12.196014,2.691074,39.075857043266296,639.6238689422607,0.17885022,0.17397366,0.19141595,22.400085,20.4393
Turkiye,1995,8,22.937408,12.034302,2.401821,15.285550832748413,613.2408638000488,0.13719828,0.14805554,0.17283319,24.03717,22.293335
Turkiye,1995,9,19.37561,9.382874,2.2365036,26.237313151359558,478.87043952941895,0.15008375,0.1429902,0.16664183,20.837067,21.1669
Turkiye,1995,10,12.343323,4.5251465,2.331907,43.063480734825134,367.0042028427124,0.20094578,0.17427965,0.1627306,13.629181,16.18335
Turkiye,1995,11,4.71817,0.067230225,2.4648204,115.89770793914795,209.58974361419678,0.3036647,0.26840985,0.1894564,7.1156616,10.9039
Turkiye,1995,12,3.6304321,-0.051116943,2.4201398,49.767332434654236,166.52749824523926,0.31008613,0.2991505,0.22701986,4.4553833,6.4682007
Turkiye,1996,1,1.7082214,-1.8962097,2.1186097,66.10628581047058,178.52219486236572,0.32084727,0.31195772,0.25311705,3.4876404,5.4788513
Turkiye,1996,2,4.3808594,0.093566895,2.4809322,86.05897879600525,254.3905258178711,0.33823207,0.3304144,0.27714238,4.5527344,5.059662
Turkiye,1996,3,4.3811035,0.45336914,2.3981366,116.94718337059021,328.8342761993408,0.3497162,0.34095684,0.29479128,5.1025085,5.281616
Turkiye,1996,4,8.905121,2.8960876,2.2202225,80.1395845413208,483.9349937438965,0.3335859,0.33292818,0.30277002,8.576538,7.5966797
Turkiye,1996,5,17.626617,9.286957,2.1099,52.08521640300751,638.0225696563721,0.21995811,0.2299685,0.26192924,16.84845,13.836273
Turkiye,1996,6,19.977814,8.492249,2.5869384,16.941847801208496,684.6087455749512,0.17485724,0.1909018,0.22327095,19.799377,17.080719
Turkiye,1996,7,23.982025,11.978516,2.6827986,11.15407195687294,688.8446350097656,0.13099721,0.1473144,0.19230598,24.605225,21.73285
Turkiye,1996,8,23.052277,12.064331,2.353893,14.015935450792313,605.6628665924072,0.13228092,0.13442639,0.17074639,24.194794,22.483093
Turkiye,1996,9,18.009583,9.519653,2.3619046,55.02206325531006,448.73997688293457,0.19670552,0.16160269,0.16705881,19.451141,20.25705
Turkiye,1996,10,12.30658,6.1849365,2.0181055,66.20875430107117,329.66614532470703,0.24802077,0.21082278,0.1733701,13.815826,16.366272
Turkiye,1996,11,9.138611,3.0284424,2.04547,28.090578317642212,256.27930641174316,0.23614648,0.22976072,0.18487763,8.841095,11.125702
Turkiye,1996,12,6.9713745,3.6705322,2.4697318,103.04880046844482,152.8375186920166,0.3171571,0.28591636,0.20583673,7.395172,9.39328
Turkiye,1997,1,3.3266602,-1.1766357,2.3027797,41.092817425727844,230.4689745903015,0.32091725,0.31320575,0.24306934,4.314392,6.6214294
Turkiye,1997,2,1.2315369,-3.7651978,2.422176,52.66574144363403,244.0431022644043,0.31559548,0.30651498,0.25916737,2.5561218,3.8913574
Turkiye,1997,3,3.5542908,-2.7770996,2.5933526,66.5198700428009,402.5039768218994,0.29893985,0.2910289,0.25824246,4.30365,4.7836914
Turkiye,1997,4,7.491913,1.8901672,2.7676487,106.89180850982666,435.0278663635254,0.32737583,0.31575832,0.27159196,7.496521,6.4477234
Turkiye,1997,5,16.949799,8.585419,2.1484017,48.66514205932617,634.7992172241211,0.2384045,0.2497831,0.2526812,15.918488,12.915741
Turkiye,1997,6,19.994934,11.393066,2.188116,54.79024529457092,621.4982414245605,0.21618044,0.21536262,0.22197233,19.506744,16.679596
Turkiye,1997,7,22.813416,11.1502075,2.6125698,11.972680747509003,682.0599555969238,0.13743375,0.16161619,0.19465035,23.335968,20.728363
Turkiye,1997,8,21.184448,11.929108,2.4170618,39.10160720348358,570.7563514709473,0.16934834,0.16084453,0.1769083,22.421112,21.207855
Turkiye,1997,9,16.82312,6.8032227,2.3835173,23.264030814170837,481.82687759399414,0.15810435,0.16009647,0.17582676,18.469727,19.279663
Turkiye,1997,10,13.379822,7.486084,2.4028323,92.92892098426819,311.4957857131958,0.2622055,0.2271883,0.18543164,14.073517,15.822144
Turkiye,1997,11,8.471252,3.5820312,1.8516595,46.409558057785034,242.18130111694336,0.28975934,0.28160244,0.20885508,8.398376,10.848389
Turkiye,1997,12,4.4684143,0.89767456,2.456153,101.68737530708313,167.02869510650635,0.3351066,0.32060966,0.24612752,5.4529114,7.8975525
Turkiye,1998,1,2.0677795,-1.8616638,2.1203701,55.23346173763275,197.8269658088684,0.31875896,0.31266215,0.26607823,3.416687,5.1730957
Turkiye,1998,2,3.5335083,-1.9419861,2.3795316,49.496389865875244,272.1317558288574,0.32336992,0.31981185,0.27933216,3.7045593,4.594696
Turkiye,1998,3,4.4196777,-1.1858826,2.7393792,98.54870128631592,360.97485160827637,0.30182105,0.2953724,0.26972935,4.9193115,5.1924744
Turkiye,1998,4,12.909821,5.862732,2.335441,63.46599340438843,511.5497589111328,0.28417936,0.28397474,0.2710142,11.416779,9.390137
Turkiye,1998,5,15.631592,10.055847,2.1870325,105.01207280158997,535.4073829650879,0.30844036,0.30437368,0.26943386,14.894257,12.88092
Turkiye,1998,6,20.444855,12.508545,2.2787428,32.044057846069336,645.9464836120605,0.2193571,0.23935519,0.25480044,19.787231,17.066895
Turkiye,1998,7,24.160645,13.045898,2.7094448,12.220317244529724,708.9658279418945,0.14386582,0.17692362,0.22143589,24.081024,21.173218
Turkiye,1998,8,24.7128,13.226288,2.6785247,2.7163003012537956,647.6104393005371,0.12103963,0.15548962,0.20402665,25.28421,23.533875
Turkiye,1998,9,19.444977,10.3819275,2.2782683,28.14312994480133,475.06628036499023,0.14785504,0.15615945,0.20147227,20.941162,21.61438
Turkiye,1998,10,15.071899,6.807495,2.2614746,44.502230286598206,370.3343696594238,0.196435,0.18423201,0.20693193,15.759613,17.65799
Turkiye,1998,11,10.030334,5.814789,2.1697724,69.48558568954468,222.85836696624756,0.27722827,0.24919727,0.22139871,10.710358,13.260895
Turkiye,1998,12,4.6802673,1.6952515,2.2941024,112.11480069160461,153.4663724899292,0.3444334,0.32992163,0.2702055,6.2108765,8.980377
Turkiye,1999,1,3.9427795,0.30221558,2.2638693,67.30312132835388,198.2297887802124,0.32853973,0.32468647,0.29213345,4.610718,6.396179
Turkiye,1999,2,3.9513855,-0.41629028,2.7771773,110.45752143859863,233.23604583740234,0.35314956,0.34844774,0.31162536,4.636017,5.656433
Turkiye,1999,3,7.0504456,1.3387451,2.256624,78.74804759025574,403.7751359939575,0.32339162,0.3212906,0.30617186,6.5329895,6.5224304
Turkiye,1999,4,12.004761,5.3051453,2.1300874,48.225778341293335,535.9182357788086,0.3015295,0.30976275,0.3044271,10.981018,9.42337
Turkiye,1999,5,16.933655,7.8665466,2.3753057,26.381349563598633,645.7138557434082,0.19422637,0.21776205,0.26195967,16.44226,14.2034
Turkiye,1999,6,20.312683,12.451843,2.3891828,53.951064348220825,604.940013885498,0.20171557,0.19321813,0.22318412,20.14273,17.693726
Turkiye,1999,7,23.945526,13.997986,2.4124172,21.20929980278015,666.1363048553467,0.15616514,0.16573729,0.19783172,24.293823,21.477814
Turkiye,1999,8,23.697815,13.818878,2.3416963,30.46140295267105,594.268346786499,0.15923908,0.15596558,0.18631758,24.776215,23.404205
Turkiye,1999,9,19.356293,10.291748,1.9654832,24.276157021522522,474.7994613647461,0.17877689,0.17457244,0.18539222,20.27597,20.733276
Turkiye,1999,10,14.809601,7.911804,2.003334,33.661460876464844,342.88783264160156,0.20197591,0.18372819,0.19720091,15.86673,17.803253
Turkiye,1999,11,8.228943,2.0220032,2.3098571,39.26588416099548,245.11862754821777,0.23104835,0.21071756,0.20169155,8.982788,12.228119
Turkiye,1999,12,5.9851685,0.98913574,2.3381,46.33231723308563,199.49534559249878,0.2719525,0.25184554,0.215363,5.299011,7.6321106
Turkiye,2000,1,-1.6102295,-5.351349,2.4642117,94.44367933273315,152.94017934799194,0.2936911,0.28206638,0.24736738,3.1634827,5.6864014
Turkiye,2000,2,1.1238098,-3.135559,2.425393,76.79551935195923,228.19010210037231,0.325109,0.31171465,0.2690481,2.927124,4.118683
Turkiye,2000,3,4.677124,-1.177948,2.4916368,66.55301856994629,401.27154636383057,0.32465962,0.32239175,0.28959614,4.531433,4.477356
Turkiye,2000,4,12.806702,6.615265,2.3402038,97.10432052612305,472.4406909942627,0.29492897,0.2858147,0.27631292,11.562073,9.575623
Turkiye,2000,5,15.409363,8.606323,2.111007,65.33879947662354,601.1228561401367,0.27296662,0.27702543,0.26920584,14.720093,12.677643
Turkiye,2000,6,20.006409,10.485168,2.6286745,29.131688475608826,665.9248352050781,0.19816422,0.2222052,0.24092951,19.391205,16.800812
Turkiye,2000,7,25.153717,12.198639,2.4980536,3.990815669298172,730.4852161407471,0.12666067,0.1668343,0.22003311,24.775879,21.639984
Turkiye,2000,8,22.99112,12.749939,2.798911,18.51540732383728,600.1216449737549,0.13724181,0.15012476,0.19691865,24.048676,22.929718
Turkiye,2000,9,19.296051,9.957397,2.2054644,19.40586805343628,470.4553413391113,0.1534564,0.15489788,0.19697647,20.305298,20.795715
Turkiye,2000,10,13.066254,6.397522,2.122514,42.2735812664032,342.7201461791992,0.20721431,0.17943317,0.20337066,14.244934,16.707672
Turkiye,2000,11,9.470642,2.8615112,1.8256919,30.464097261428833,264.58539962768555,0.21173085,0.19801676,0.20845531,8.879761,11.816467
Turkiye,2000,12,4.0466614,0.044006348,2.1922922,50.47359561920166,178.50263833999634,0.26980913,0.2365641,0.21441932,4.855713,7.7683105
Turkiye,2001,1,4.3930054,0.10910034,2.0194225,26.12811255455017,221.8210005760193,0.2869944,0.27315086,0.23425211,4.4741516,6.2524414
Turkiye,2001,2,4.5809937,-0.42425537,2.5815496,61.708181381225586,254.98583602905273,0.29078907,0.27415222,0.24298793,4.2987366,5.153778
Turkiye,2001,3,11.3194275,4.0027466,2.6025286,42.494375586509705,444.3466272354126,0.2781196,0.27019984,0.24394372,9.65448,8.326996
Turkiye,2001,4,12.326843,5.0340576,2.5895805,67.26234912872314,506.737060546875,0.269963,0.2541628,0.23439586,11.894531,10.734558
Turkiye,2001,5,15.361389,7.886078,2.4208374,86.20421934127808,590.1363773345947,0.2652099,0.2625295,0.2336191,14.875732,13.186096
Turkiye,2001,6,21.28778,9.579712,2.5816798,8.830848634243011,704.0905380249023,0.14698587,0.18289642,0.21371585,21.067719,18.119446
Turkiye,2001,7,25.115356,13.514832,2.6193254,9.275597214698792,695.2016429901123,0.124297805,0.14745165,0.18723938,25.164307,21.964203
Turkiye,2001,8,24.37851,13.870361,2.5630658,19.44674789905548,607.143367767334,0.13390261,0.13584748,0.17012723,25.43866,23.86502
Turkiye,2001,9,20.489838,10.334412,2.165051,17.675249576568604,492.13977813720703,0.13884266,0.13495067,0.17469755,21.592072,21.807312
Turkiye,2001,10,14.195923,5.245331,2.2303517,11.046708792448044,382.0052824020386,0.13574393,0.13204384,0.18248639,15.716949,18.380463
Turkiye,2001,11,7.5715027,2.9150085,2.5835283,128.9094114303589,206.2248659133911,0.27067685,0.21515858,0.19927289,8.87384,12.65448
Turkiye,2001,12,3.4137878,0.3637085,2.8310993,194.632408618927,124.47841787338257,0.35671827,0.34183118,0.27102807,5.432007,7.971588
Turkiye,2002,1,-1.40625,-5.0480347,2.2705762,74.55184316635132,166.083477973938,0.33680993,0.33533844,0.30575916,3.4161987,5.540558
Turkiye,2002,2,5.467346,-0.25604248,2.1883423,35.33079195022583,284.8209915161133,0.32278672,0.32044026,0.30082688,4.2808533,5.0509033
Turkiye,2002,3,8.484222,1.9671631,2.4204757,71.8209958076477,410.87886905670166,0.2924319,0.28976616,0.2822147,7.7330933,7.433716
Turkiye,2002,4,10.448578,5.2627563,2.1462216,95.6933856010437,460.27645111083984,0.33497432,0.32816577,0.29575783,9.854736,8.75592
Turkiye,2002,5,15.721649,7.7164307,2.2591083,37.66441345214844,650.8577976226807,0.23205456,0.24788031,0.2701673,15.028809,12.783905
Turkiye,2002,6,20.521881,10.774292,2.6443615,20.75988471508026,651.280460357666,0.1746332,0.19704618,0.23818727,19.924652,17.221436
Turkiye,2002,7,24.235046,13.697113,2.3349538,30.20847451686859,676.884557723999,0.16014297,0.16642909,0.2092429,24.193634,21.378082
Turkiye,2002,8,22.702606,12.723785,2.3701377,20.947038412094116,596.6042499542236,0.14698096,0.1545586,0.2005158,23.63144,22.486053
Turkiye,2002,9,18.859253,11.197754,1.9385879,43.616745471954346,455.5642032623291,0.19452232,0.174744,0.20113009,19.726624,20.12857
Turkiye,2002,10,14.427826,7.0989075,1.9987239,29.725960195064545,363.0686264038086,0.2145802,0.19738488,0.21853194,15.249786,17.228119
Turkiye,2002,11,9.082367,3.391571,1.9816219,50.924402475357056,256.5132808685303,0.2601763,0.23638053,0.23220715,8.938873,12.084991
Turkiye,2002,12,0.8441162,-3.193451,2.3361895,72.54491972923279,152.85769605636597,0.30206805,0.28421763,0.25557852,3.7421875,6.8910522
Turkiye,2003,1,5.688446,1.868042,2.5224104,72.70729207992554,185.17819738388062,0.33322424,0.32152107,0.27927184,5.2369385,6.256073
Turkiye,2003,2,0.13415527,-3.9993591,2.8264842,113.33820152282715,193.15663719177246,0.3360504,0.3327338,0.30022317,3.322937,4.901581
Turkiye,2003,3,3.310089,-2.1199036,2.5272496,64.06871199607849,366.17662048339844,0.32575032,0.3233733,0.30278102,3.7494202,4.2648315
Turkiye,2003,4,9.912842,3.6901855,2.4926496,92.18208074569702,463.8053226470947,0.321773,0.3126453,0.29151902,8.826904,7.368683
Turkiye,2003,5,17.785706,8.039337,2.0928323,46.728240728378296,653.31715965271,0.20571728,0.2226762,0.25645116,16.59378,13.449341
Turkiye,2003,6,21.034088,9.729797,2.498283,12.188786566257477,713.9374351501465,0.17078118,0.19449635,0.22508667,20.507019,17.26233
Turkiye,2003,7,23.366852,11.048767,2.6958218,4.583727613091469,704.0383529663086,0.11197297,0.14402619,0.19663289,23.707184,21.008087
Turkiye,2003,8,23.87503,11.459656,2.5894535,4.181036293506622,646.8246307373047,0.10789834,0.13174637,0.17852612,24.217316,22.194244
Turkiye,2003,9,18.453766,9.146606,2.399703,26.43901526927948,471.36895179748535,0.1585118,0.14473599,0.1761171,19.68692,20.336853
Turkiye,2003,10,15.065704,6.960724,2.5603607,54.469704151153564,353.01793384552,0.17719187,0.15110734,0.17446747,16.006195,17.682465
Turkiye,2003,11,8.292999,3.2505493,1.9656922,29.62318181991577,245.06675720214844,0.26240435,0.23352687,0.19253811,8.676117,12.0581665
Turkiye,2003,12,3.401703,-0.077697754,2.3252106,91.11649107933044,166.49453449249268,0.3038836,0.28080145,0.21686,4.7861023,7.584656
Turkiye,2004,1,1.5074768,-1.6785278,2.63245,153.2503342628479,156.2391119003296,0.3460734,0.335947,0.2705252,3.5258484,5.293579
Turkiye,2004,2,2.8356628,-1.8529053,2.7692723,58.714500188827515,239.6692180633545,0.333375,0.33107004,0.29826644,4.0420837,4.8057556
Turkiye,2004,3,7.4654846,-0.3942566,2.5692253,39.3995041847229,442.66523933410645,0.29082245,0.29994142,0.29202142,6.7803955,6.322052
Turkiye,2004,4,11.162476,2.9002075,2.455894,58.59021306037903,518.7940406799316,0.24866872,0.2415353,0.25540528,10.630371,9.412994
Turkiye,2004,5,15.344299,7.204193,2.4146051,42.43478214740753,627.8283443450928,0.22648498,0.22840251,0.23275854,15.092926,13.012085
Turkiye,2004,6,19.963745,10.433777,2.3794882,31.426831483840942,647.5749778747559,0.18411225,0.18817133,0.21480791,19.826416,17.060211
Turkiye,2004,7,23.053528,10.292755,2.78863,10.783044964075089,709.7321243286133,0.13318412,0.15018505,0.18789619,23.387146,20.636078
Turkiye,2004,8,22.810608,12.136597,2.3378556,17.215138792991638,604.4529342651367,0.13750762,0.1403764,0.1773022,23.903809,22.263092
Turkiye,2004,9,19.422516,7.2761536,2.449803,3.825037032365799,508.1098937988281,0.11893116,0.13353546,0.17055467,20.424866,20.520203
Turkiye,2004,10,15.415985,6.5355835,2.0564706,14.806613743305206,371.3927574157715,0.14317812,0.13839859,0.17740315,16.36847,17.997375
Turkiye,2004,11,7.973816,2.167328,2.3705018,81.64599180221558,223.10149669647217,0.20845044,0.16948095,0.17990929,10.355621,13.936493
Turkiye,2004,12,3.309021,-1.0816345,2.1173294,43.70844316482544,182.71035051345825,0.28080168,0.24734785,0.20317782,4.6089478,7.79895
Turkiye,2005,1,3.6188354,-0.6451111,2.3924723,78.60566782951355,201.37538814544678,0.29656237,0.27770904,0.22599812,4.0950623,5.8934326
Turkiye,2005,2,3.0193176,-1.9714661,2.8629522,85.74323081970215,244.55286026000977,0.32318476,0.31340227,0.25640315,3.8569336,4.999634
Turkiye,2005,3,6.7803955,0.7046814,2.5614989,85.806969165802,396.50856494903564,0.319941,0.31970105,0.2838435,6.366089,6.280243
Turkiye,2005,4,11.500885,3.4823608,2.595432,58.04345369338989,506.883544921875,0.2596316,0.25524223,0.2551572,10.926178,9.416962
Turkiye,2005,5,16.004608,7.449341,2.22535,56.34047472476959,605.4047145843506,0.22256418,0.21942076,0.22700413,15.760254,13.437866
Turkiye,2005,6,19.457062,9.423553,2.404383,26.79039180278778,668.7618827819824,0.19232982,0.20477296,0.20681998,19.615356,17.115387
Turkiye,2005,7,24.093292,12.583801,2.5084379,23.56118595600128,686.7638092041016,0.1457602,0.15846427,0.18323533,24.375061,21.194336
Turkiye,2005,8,24.25772,12.678864,2.5333169,9.372224062681198,623.7486438751221,0.12278043,0.13517055,0.16675167,25.35794,23.299957
Turkiye,2005,9,18.908691,9.195221,2.204617,22.721039056777954,471.8678283691406,0.14284126,0.13088913,0.1599388,20.536865,21.171722
Turkiye,2005,10,12.081482,5.050598,2.2727616,39.439493060112,348.4673099517822,0.20722486,0.16667148,0.16565454,13.554749,16.596222
Turkiye,2005,11,6.9852295,2.247528,2.3064353,90.64624071121216,208.25822353363037,0.28650436,0.25295964,0.18367092,7.618164,10.719208
Turkiye,2005,12,4.5430603,0.23953247,2.354369,52.25812828540802,185.48591327667236,0.29604232,0.2874862,0.21471496,5.5064697,8.120575
Turkiye,2006,1,0.2321167,-3.561554,2.3775022,72.76687812805176,183.0122423171997,0.31616896,0.3081007,0.24412212,2.7424622,4.904663
Turkiye,2006,2,2.6437988,-1.1300964,2.3723168,82.67317390441895,213.7932643890381,0.3398693,0.33024794,0.2719568,3.1717834,3.9067078
Turkiye,2006,3,7.520813,1.9742737,2.5985036,86.41520953178406,399.0469808578491,0.32933933,0.32553825,0.28911275,6.7578125,6.250305
Turkiye,2006,4,12.323395,4.7671204,2.496372,50.268999338150024,509.75830078125,0.2639154,0.2637935,0.26501065,11.652679,10.018463
Turkiye,2006,5,15.995087,7.4221497,2.1999307,37.82904005050659,632.6115474700928,0.22672562,0.23000549,0.23584685,15.417938,12.935974
Turkiye,2006,6,21.025146,10.218536,2.5078883,28.877812027931213,665.1589965820312,0.15390816,0.16677046,0.20452234,21.36264,18.346893
Turkiye,2006,7,22.664124,11.165619,2.8917718,11.262369155883789,677.8023986816406,0.14031285,0.14580445,0.17616734,23.445312,20.831146
Turkiye,2006,8,25.744812,11.752411,2.4029486,5.876292899250984,642.2022552490234,0.108482674,0.12235078,0.15896635,26.492798,23.72934
Turkiye,2006,9,19.062073,9.447571,2.3053975,45.06472706794739,460.18301010131836,0.16018851,0.12677163,0.14713831,20.878479,21.65039
Turkiye,2006,10,14.479858,8.813171,2.0842376,86.85812854766846,315.4488344192505,0.25018874,0.2047714,0.15767232,15.572174,17.702423
Turkiye,2006,11,6.57782,1.868988,2.1242619,47.20702886581421,243.30182075500488,0.3038367,0.29131076,0.20041704,7.2569885,10.9664
Turkiye,2006,12,2.2882996,-2.9952698,1.9687989,13.77172189950943,216.29935026168823,0.2519861,0.25112185,0.20624225,3.0610962,6.3149414
Turkiye,2007,1,2.5162659,-2.3960571,2.4248075,56.944358110427856,227.39218521118164,0.2966266,0.285786,0.22745568,2.3370667,4.085388
Turkiye,2007,2,3.2429504,-0.85113525,2.2244358,52.45640420913696,242.29929733276367,0.30987912,0.30096415,0.24711737,3.6168213,4.3578796
Turkiye,2007,3,7.2729187,1.083252,2.6376147,63.098705530166626,414.6477346420288,0.2954673,0.28667384,0.2500713,6.4990845,6.0968323
Turkiye,2007,4,9.46228,1.3283997,2.435905,38.404866456985474,537.0059394836426,0.25780946,0.25573474,0.23458123,9.207092,8.08783
Turkiye,2007,5,18.444489,8.282715,2.3268957,45.38199293613434,636.8038272857666,0.2003947,0.1974904,0.20480709,17.475006,14.022919
Turkiye,2007,6,21.928284,10.269928,2.43609,30.496022701263428,666.7664337158203,0.17187385,0.17049415,0.18050385,21.837463,18.383667
Turkiye,2007,7,24.973969,9.625275,2.8761206,4.554319381713867,720.0158100128174,0.11226286,0.12856838,0.15699638,25.376099,21.950745
Turkiye,2007,8,24.963745,12.162048,2.5279188,12.659185081720352,624.6614589691162,0.11172476,0.113840565,0.14044811,26.165375,23.87616
Turkiye,2007,9,20.021149,7.123749,2.2911143,9.049942195415497,504.2222785949707,0.12130212,0.110707864,0.13248593,21.699066,22.051056
Turkiye,2007,10,15.105072,6.8159485,2.139668,47.50258219242096,358.0130214691162,0.18064374,0.13613147,0.14002815,16.209595,18.44867
Turkiye,2007,11,7.952606,3.251007,2.447373,97.64874458312988,221.70021057128906,0.30151075,0.2594473,0.17124407,9.030609,12.764465
Turkiye,2007,12,2.8442383,-0.84552,2.1075113,88.79522204399109,187.3262219429016,0.3339077,0.3242168,0.2296352,4.356476,7.478302
Turkiye,2008,1,-1.1416321,-6.206482,2.2364814,39.534252762794495,221.96012830734253,0.30712122,0.30455855,0.26291287,1.1277161,3.629547
Turkiye,2008,2,0.8294983,-4.1498413,2.2930627,44.13527798652649,256.629545211792,0.30738196,0.3054549,0.2806984,1.9597473,3.027771
Turkiye,2008,3,9.80249,2.5933533,2.9065886,65.28371453285217,409.0917901992798,0.2915205,0.28491732,0.2668475,7.9111633,6.619232
Turkiye,2008,4,13.374878,4.9141846,2.5889049,47.64755129814148,520.0041961669922,0.25908375,0.26306957,0.25130975,12.261444,10.3428955
Turkiye,2008,5,15.448456,5.9756775,2.2034152,35.378111124038696,639.2008094787598,0.20701881,0.20590985,0.2219369,15.345947,13.237244
Turkiye,2008,6,21.307373,9.146149,2.6671305,17.545825839042664,685.7653427124023,0.14962108,0.15898922,0.19222353,21.296875,18.004211
Turkiye,2008,7,23.937714,9.9843445,2.7674425,6.352349355816841,716.6971435546875,0.11259036,0.12731203,0.16116574,24.910614,21.870758
Turkiye,2008,8,25.051666,11.875763,2.7166386,5.90103280544281,630.5822219848633,0.10636969,0.11613808,0.1437798,25.83075,23.415558
Turkiye,2008,9,19.617218,9.921753,2.2709541,53.604501485824585,452.3042678833008,0.1534739,0.12587264,0.14133056,21.665344,22.31897
Turkiye,2008,10,13.868622,7.432129,2.1633003,30.211118638515472,350.92540073394775,0.22625823,0.1916592,0.14957847,14.624878,16.979187
Turkiye,2008,11,9.61438,4.575165,2.1379836,58.72023940086365,242.5810718536377,0.2423821,0.2099832,0.1613079,10.183319,13.05072
Turkiye,2008,12,3.30896,-1.1680908,2.1307333,61.26542937755585,182.75777101516724,0.30074883,0.27900854,0.1939027,4.9391174,8.29718
Turkiye,2009,1,3.1241455,-0.5102234,2.3520582,108.92073130607605,185.1833267211914,0.3361714,0.32257107,0.23948051,3.5587463,5.2456665
Turkiye,2009,2,4.5140686,0.9911804,2.6408305,125.20576286315918,212.9015884399414,0.35266295,0.34601146,0.28916076,5.068512,6.0665283
Turkiye,2009,3,5.914795,0.7744446,2.7004645,97.54703187942505,384.25302600860596,0.34641227,0.34268898,0.31018525,5.775635,5.951935
Turkiye,2009,4,10.853821,4.4649963,2.1546037,71.63346290588379,515.537281036377,0.31295705,0.31084839,0.29883727,10.261414,8.989532
Turkiye,2009,5,15.491608,7.4438477,2.2198806,60.083808183670044,625.0088348388672,0.25878406,0.2666997,0.26841092,14.711731,12.585083
Turkiye,2009,6,21.177338,9.737366,2.4336324,22.066694498062134,682.4151992797852,0.15944374,0.17675835,0.2190454,21.015137,17.882996
Turkiye,2009,7,23.354889,12.166107,2.743402,24.17144775390625,659.3176860809326,0.1501351,0.15291512,0.18634292,23.872894,21.33551
Turkiye,2009,8,22.55368,9.261871,2.6661892,4.8092692494392395,643.2401256561279,0.11949363,0.13402872,0.16385302,23.81836,22.369293
Turkiye,2009,9,18.290894,8.843353,2.2127593,37.065078020095825,454.6517086029053,0.17006879,0.14635427,0.15629368,19.952911,20.719177
Turkiye,2009,10,16.177795,7.1545715,2.155564,37.1103230714798,358.43812084198,0.17382519,0.15163474,0.15822569,16.657867,17.831665
Turkiye,2009,11,8.229828,3.887848,2.0450084,74.43003416061401,230.67815780639648,0.29999393,0.2700721,0.1861423,8.965118,12.476196
Turkiye,2009,12,6.519989,3.0982666,2.417445,108.43456768989563,167.07209491729736,0.33385772,0.3141407,0.22436135,6.377716,8.4375305
Turkiye,2010,1,4.2640686,0.7161255,2.6002734,115.97973418235779,180.6477952003479,0.35265297,0.34498158,0.28968224,5.0483704,7.061493
Turkiye,2010,2,6.4292297,1.9776001,2.8458104,104.70803737640381,231.37477493286133,0.3527959,0.34944317,0.3207359,6.113983,6.4238586
Turkiye,2010,3,8.646942,2.1079712,2.504625,56.58710050582886,427.5301170349121,0.3242545,0.32845998,0.31978253,8.126251,7.9746094
Turkiye,2010,4,11.727692,4.720215,2.245894,62.42511034011841,516.0373878479004,0.27923873,0.27615348,0.2808345,11.340393,10.207092
Turkiye,2010,5,17.030792,7.433197,2.1303053,35.6112779378891,649.2397651672363,0.20365258,0.21116047,0.2414615,16.72583,14.406982
Turkiye,2010,6,20.528778,12.1154175,2.2346313,69.43905830383301,612.3643684387207,0.21199591,0.19512974,0.20863341,20.902283,18.536102
Turkiye,2010,7,24.519867,13.881958,2.4763875,11.276684552431107,672.1931209564209,0.148302,0.16438994,0.18547612,24.85437,21.85736
Turkiye,2010,8,26.327423,12.373901,2.4009142,3.5840011090040207,639.7681407928467,0.11456378,0.13236271,0.16669543,27.404419,25.147888
Turkiye,2010,9,21.17566,10.216034,2.3459516,19.4612056016922,479.95808601379395,0.12911217,0.1229846,0.15135202,22.964478,23.181274
Turkiye,2010,10,13.423096,7.7173767,2.2760904,107.81644558906555,307.1367359161377,0.25296894,0.20496942,0.16171665,15.351532,18.230255
Turkiye,2010,11,11.556763,4.1406555,2.1560366,19.671340584754944,272.76068687438965,0.24789783,0.24721554,0.19528048,11.13147,13.465088
Turkiye,2010,12,6.8333435,2.594452,2.4509568,108.26192927360535,176.45153903961182,0.30016544,0.28096235,0.21551086,7.8088684,10.473907
Turkiye,2011,1,2.6256104,-0.71881104,2.057608,71.14934825897217,198.0963077545166,0.3191268,0.30929452,0.25239867,3.942688,6.433136
Turkiye,2011,2,3.347168,-0.97525024,2.1917298,55.022621154785156,250.17496490478516,0.32570478,0.31605458,0.27111834,3.8440552,4.978668
Turkiye,2011,3,6.2530823,0.8557129,2.3289952,68.21700072288513,391.94114875793457,0.32347757,0.32215688,0.2857896,6.278656,6.277954
Turkiye,2011,4,9.816315,4.549408,2.50493,88.38212013244629,453.8939666748047,0.31489444,0.30498064,0.2795443,9.751526,8.855133
Turkiye,2011,5,14.533142,8.460724,2.133404,85.78938603401184,570.8502464294434,0.2958923,0.28871816,0.26676083,14.105194,12.153137
Turkiye,2011,6,19.354767,10.973267,2.2490852,49.26124334335327,634.0244293212891,0.22947809,0.23247929,0.23298684,19.410309,16.953125
Turkiye,2011,7,24.154297,12.330048,2.453367,7.641257956624031,699.761697769165,0.1361709,0.16255066,0.19692822,24.419342,21.0596
Turkiye,2011,8,22.985382,10.769409,2.7543077,8.949071288108826,626.4370079040527,0.12351921,0.13953072,0.16853599,24.58316,23.151184
Turkiye,2011,9,19.884827,7.8479614,2.445767,17.961729168891907,503.29736709594727,0.13029645,0.12983535,0.15175202,21.607666,21.807312
Turkiye,2011,10,11.945251,4.13385,2.3529215,70.66231989860535,350.19877910614014,0.22545063,0.19648686,0.15793987,13.796051,16.64859
Turkiye,2011,11,4.2667236,-2.0700378,2.2030199,21.862581968307495,248.66254806518555,0.21849203,0.20563063,0.16662318,5.779785,9.75882
Turkiye,2011,12,3.6324463,-1.166626,2.228099,78.09577178955078,192.9969186782837,0.28350803,0.2603759,0.18902357,3.5061646,5.961975
Turkiye,2012,1,0.21414185,-2.9058228,2.453015,137.6285309791565,159.46933794021606,0.33129424,0.31814238,0.24268134,2.7419739,4.503235
Turkiye,2012,2,-0.2770691,-4.2954407,2.410568,100.16570949554443,216.88295459747314,0.3334492,0.32648107,0.2798426,2.2166443,3.3345337
Turkiye,2012,3,4.353424,-1.5829163,2.4459481,56.866557002067566,389.1912622451782,0.32169443,0.32147744,0.2943429,4.4907837,4.3213806
Turkiye,2012,4,13.128967,4.3090515,2.5814729,51.71189546585083,541.2404823303223,0.26102656,0.26077703,0.2647312,11.521484,9.046326
Turkiye,2012,5,15.871887,9.119873,2.14407,84.78943133354187,580.4969482421875,0.2479538,0.22686154,0.23124522,16.12735,13.8594055
Turkiye,2012,6,21.97409,10.61731,2.5336902,17.78351604938507,698.9746856689453,0.17456909,0.19200157,0.21249145,21.783936,18.248535
Turkiye,2012,7,25.042358,11.688751,2.7550402,9.670585751533508,693.4161605834961,0.12743533,0.14637555,0.1813535,25.523224,22.249146
Turkiye,2012,8,23.400574,10.059631,2.789426,13.100855022668839,623.1795978546143,0.12829709,0.13145731,0.15614522,25.017578,23.760864
Turkiye,2012,9,20.805084,8.065094,2.2615244,5.08004754781723,508.3099365234375,0.11729108,0.12237502,0.14478806,22.307953,22.242249
Turkiye,2012,10,16.01361,8.256226,1.9765393,41.73715162277222,355.3369560241699,0.1822255,0.14082806,0.15011416,17.424774,19.28778
Turkiye,2012,11,10.001556,5.6972656,2.1540701,63.11514616012573,224.0348768234253,0.26555532,0.23135202,0.16635457,11.1961975,14.325714
Turkiye,2012,12,4.8756104,1.7369385,2.2772136,134.3456072807312,163.4197850227356,0.34065902,0.31987286,0.22043186,6.1615906,8.978638
Turkiye,2013,1,3.23172,-0.3375244,2.526386,89.95758605003357,191.1695294380188,0.3356126,0.3279477,0.27065513,4.486267,6.3866577
Turkiye,2013,2,5.8698425,1.432312,2.420784,75.87960720062256,259.04504776000977,0.3370275,0.33093286,0.28837,5.8261414,6.561035
Turkiye,2013,3,8.251556,1.3716431,2.7577221,63.98554873466492,407.51777839660645,0.31617606,0.3122444,0.28521052,7.6227417,7.404236
Turkiye,2013,4,12.25119,4.796814,2.3205953,62.63584613800049,509.93356704711914,0.29336295,0.29100975,0.26926878,11.681183,10.389526
Turkiye,2013,5,18.12558,8.084351,2.250766,41.610185742378235,641.194658279419,0.20441426,0.21614426,0.2319285,17.885345,15.271851
Turkiye,2013,6,20.868744,9.328674,2.5582058,24.795657992362976,679.1328048706055,0.15702626,0.16897196,0.19849071,21.537872,18.78836
Turkiye,2013,7,22.98172,9.99527,3.021998,8.47488197684288,690.7845592498779,0.12588878,0.14274856,0.16897668,24.420807,22.256042
Turkiye,2013,8,23.644531,10.015625,2.7811282,5.644060119986534,638.2317047119141,0.11564364,0.13235097,0.14942475,25.07602,23.385773
Turkiye,2013,9,18.632416,6.714325,2.3034513,13.701363801956177,486.52610778808594,0.13350771,0.13006267,0.14312615,20.73767,21.608582
Turkiye,2013,10,11.967865,2.0676575,2.338266,55.514710545539856,377.56052684783936,0.21155918,0.17925303,0.1419465,13.299896,16.18927
Turkiye,2013,11,9.490234,3.1868286,2.030694,48.3750057220459,247.84996032714844,0.20748705,0.1856238,0.14692679,10.084045,12.675446
Turkiye,2013,12,0.8994446,-4.8881226,2.31166,30.980170011520386,194.02095317840576,0.27114588,0.24705522,0.16976398,2.8331604,6.6972656
Turkiye,2014,1,4.781189,0.84750366,2.047737,58.81349527835846,218.0826153755188,0.2913068,0.27055994,0.1925158,4.0380554,5.320526
Turkiye,2014,2,5.9481506,-0.6019592,2.084159,26.097498178482056,297.85984802246094,0.28437015,0.2747734,0.20999788,5.045288,5.637146
Turkiye,2014,3,8.400452,1.4415283,2.613846,77.32175183296204,424.432204246521,0.2915862,0.28136867,0.21779689,7.9902344,7.546936
Turkiye,2014,4,12.778442,4.2138367,2.4140003,53.80567789077759,525.845947265625,0.222852,0.21258269,0.19734532,12.48941,10.567139
Turkiye,2014,5,16.10141,8.083282,2.3548672,70.92932629585266,589.9323272705078,0.2394853,0.22388308,0.19203018,16.212036,14.077728
Turkiye,2014,6,19.83258,10.222534,2.3475156,65.07418870925903,637.8306198120117,0.22222397,0.2143371,0.1817997,20.100616,17.53122
Turkiye,2014,7,24.193085,11.909576,2.590927,11.822838872671127,689.6194458007812,0.13146268,0.15039697,0.16099663,25.227081,22.1203
Turkiye,2014,8,24.81665,12.501343,2.4607325,15.831470489501953,613.6997547149658,0.13225281,0.13683006,0.14415373,26.16858,24.068085
Turkiye,2014,9,19.174957,10.70993,2.2263827,66.54099225997925,442.88251876831055,0.18739413,0.15159182,0.13548194,21.501099,22.430328
Turkiye,2014,10,14.010895,7.822754,2.1578104,62.0768883228302,345.23301887512207,0.23469877,0.21125284,0.14246729,15.081146,17.1492
Turkiye,2014,11,8.126373,2.8364868,2.0545256,56.305421590805054,225.53146362304688,0.2754641,0.25377694,0.16197516,8.9696045,12.174896
Turkiye,2014,12,6.93396,3.7543335,2.2768388,104.13146018981934,168.01117753982544,0.33055076,0.31126344,0.20223594,7.054291,9.195038
Turkiye,2015,1,2.1730652,-1.3848572,2.526712,98.67326140403748,179.59963655471802,0.34122628,0.335698,0.2784621,4.51532,6.4529114
Turkiye,2015,2,4.089203,-0.3359375,2.9107683,101.7669620513916,220.7995262145996,0.33687952,0.3309807,0.29540646,5.104767,6.109619
Turkiye,2015,3,7.441864,2.1706543,2.3405998,108.74818158149719,373.28715324401855,0.33749872,0.32995254,0.29552874,7.2319946,7.0565186
Turkiye,2015,4,9.740906,2.0137634,2.7115738,56.224976778030396,519.7673606872559,0.30451646,0.30946052,0.2929958,9.401581,8.649994
Turkiye,2015,5,16.754272,7.9568176,2.232782,60.36459136009216,620.7264442443848,0.21499555,0.21261613,0.2361511,16.457764,13.901489
Turkiye,2015,6,18.91391,12.325226,2.1341379,85.72181940078735,588.1278991699219,0.25717998,0.23853052,0.20954722,19.15155,17.071625
Turkiye,2015,7,23.574219,11.616241,2.6277928,6.240162193775177,696.945499420166,0.14894201,0.17672811,0.18994859,23.786652,20.76175
Turkiye,2015,8,24.289825,13.39389,2.451192,19.506498396396637,601.145679473877,0.14229041,0.14653008,0.16927859,25.720123,23.98587
Turkiye,2015,9,22.302612,10.777466,2.066529,32.053996324539185,480.31442642211914,0.14118943,0.1384674,0.15734255,23.612976,23.114105
Turkiye,2015,10,15.331329,8.574829,2.1459491,60.570836544036865,326.34951877593994,0.2206569,0.17944814,0.15327555,16.875427,19.1268
Turkiye,2015,11,9.795471,2.0200195,2.268933,33.320603370666504,263.2027816772461,0.2014993,0.19125798,0.15976356,10.2604065,13.203339
Turkiye,2015,12,2.4299316,-2.861206,2.0346627,11.184258550405502,220.97698068618774,0.23802093,0.21735744,0.17022617,3.6677856,7.7345886
Turkiye,2016,1,1.9156189,-2.3371582,2.7306206,123.03633499145508,174.50038051605225,0.32124442,0.29809302,0.20916215,3.2616882,5.3330994
Turkiye,2016,2,7.8315125,2.313446,2.49007,56.164278864860535,273.3611249923706,0.314687,0.30386302,0.23893589,6.334381,6.217865
Turkiye,2016,3,8.695526,1.09198,2.6705987,81.53911662101746,417.9619073867798,0.30153215,0.28674164,0.2379269,8.308899,8.218689
Turkiye,2016,4,14.626953,3.704193,2.374038,30.432854890823364,568.3099365234375,0.21457233,0.21708916,0.21454135,13.741821,11.587067
Turkiye,2016,5,15.776581,8.235168,2.381506,89.80355072021484,583.4421634674072,0.24833392,0.21633333,0.19431922,15.988068,14.329254
Turkiye,2016,6,21.948853,10.97757,2.6225042,30.566868782043457,663.5884094238281,0.17689745,0.1844064,0.17949782,21.85495,18.464355
Turkiye,2016,7,24.45868,11.476685,2.7528656,7.492738142609596,695.5254859924316,0.13291614,0.14415705,0.15716746,25.472717,22.688751
Turkiye,2016,8,24.835266,13.292572,2.57518,16.46390336751938,600.4172840118408,0.12984544,0.12991194,0.14143203,26.28891,24.404297
Turkiye,2016,9,19.248016,8.515869,2.3350754,28.451592922210693,475.3509521484375,0.15562911,0.13163874,0.12962192,21.372406,22.404297
Turkiye,2016,10,14.66803,5.345001,2.1184103,14.484756141901016,366.1631097793579,0.14998049,0.13587733,0.12805407,16.199646,18.245575
Turkiye,2016,11,7.824585,-0.5695801,2.2348218,48.549227714538574,256.008996963501,0.18695594,0.14706054,0.13045397,8.488281,12.866943
Turkiye,2016,12,0.6413574,-3.9533386,2.4378738,91.78246235847473,167.28007698059082,0.26800433,0.23238033,0.15153463,3.0243225,6.7405396
Turkiye,2017,1,-0.41653442,-4.1091614,2.5285718,102.41862368583679,163.41999197006226,0.30897102,0.28959867,0.19461569,3.1880798,5.229553
Turkiye,2017,2,3.3823547,-2.403595,2.4143872,17.795889616012573,269.03761291503906,0.29310507,0.28528577,0.22009134,3.462494,4.276062
Turkiye,2017,3,8.059784,1.3386841,2.3854566,76.36040759086609,410.01081371307373,0.2927062,0.2769591,0.22428265,7.5217285,6.949829
Turkiye,2017,4,11.337952,2.1689758,2.3085754,62.063119411468506,532.0450973510742,0.25815484,0.24124916,0.2103828,10.983826,9.582886
Turkiye,2017,5,15.707428,7.748291,2.4302106,79.18131399154663,586.7627811431885,0.23708221,0.21845311,0.19251278,15.890411,13.765198
Turkiye,2017,6,20.666718,11.604553,2.2014883,46.493732929229736,641.1310386657715,0.21744631,0.21350792,0.18312894,20.37259,17.312744
Turkiye,2017,7,24.728607,11.03653,2.7689912,11.06888172030449,712.9055728912354,0.1309052,0.15613529,0.16664301,25.624664,22.446747
Turkiye,2017,8,24.045776,13.367493,2.595955,22.50209790468216,599.5696868896484,0.14019595,0.1395976,0.14654653,25.593384,23.878143
Turkiye,2017,9,21.649597,7.5608215,2.1409605,12.064933776855469,505.1279067993164,0.12848054,0.12968178,0.1368118,23.018677,22.782532
Turkiye,2017,10,13.375244,4.3237,2.2744243,45.70136070251465,363.2925434112549,0.18937747,0.14995623,0.13217334,15.005463,17.824219
Turkiye,2017,11,7.914215,2.5861816,2.0633562,58.57831835746765,243.22093963623047,0.25950348,0.21702424,0.14296897,8.787537,12.305481
Turkiye,2017,12,5.9375,1.7276306,2.413137,76.04365253448486,191.53396368026733,0.30779043,0.281701,0.17143653,6.1939697,8.7595825
Turkiye,2018,1,3.6943054,-0.118896484,2.4767988,88.235178232193,195.7012324333191,0.33439365,0.3205749,0.22269903,4.5558777,6.583679
Turkiye,2018,2,7.03067,2.417572,2.4254591,68.55304431915283,248.41820907592773,0.31898743,0.30776477,0.24572268,6.312683,6.6662903
Turkiye,2018,3,10.490784,3.6263733,2.7844217,77.86634111404419,415.07209491729736,0.31537643,0.3088988,0.25873762,9.552155,8.855011
Turkiye,2018,4,14.387573,3.9573975,2.2249045,19.744221568107605,588.427677154541,0.22436893,0.23944513,0.23379605,13.817047,11.973663
Turkiye,2018,5,17.812775,9.950348,2.0319924,82.37865018844604,592.2523250579834,0.23206364,0.21507847,0.20999981,18.110352,16.031982
Turkiye,2018,6,20.972168,12.192291,2.1708496,54.53410863876343,638.6894416809082,0.21810912,0.20586391,0.19317478,21.474976,19.190277
Turkiye,2018,7,24.180847,12.859558,2.532023,15.651130676269531,673.7546863555908,0.14342105,0.16248013,0.17149244,25.200592,22.650543
Turkiye,2018,8,24.283203,12.14386,2.679199,9.573491424322128,623.2246532440186,0.13146172,0.14511345,0.15626617,25.651886,24.061035
Turkiye,2018,9,20.49002,9.232544,2.4738138,22.34865367412567,473.28755378723145,0.13797414,0.13419905,0.13987194,22.38034,22.922485
Turkiye,2018,10,14.988403,7.382538,2.090465,48.29769229888916,358.6042699813843,0.20377484,0.16111627,0.1374759,16.593079,18.881256
Turkiye,2018,11,9.4422,3.9264832,2.235528,62.66092300415039,226.26949310302734,0.2311702,0.20493634,0.14391172,10.345367,13.303986
Turkiye,2018,12,4.2695007,1.1895142,2.267644,123.29368877410889,153.93061447143555,0.34090385,0.3192413,0.19854105,6.249939,9.2508545
Turkiye,2019,1,2.7749634,-0.6814575,2.6930642,153.3036971092224,153.843120098114,0.34798628,0.33740848,0.2597912,4.7099,6.4243774
Turkiye,2019,2,4.983734,0.23052979,2.3740945,62.439419746398926,256.11547470092773,0.33753034,0.33272582,0.2814543,5.2794495,6.403351
Turkiye,2019,3,7.514801,0.38955688,2.580075,50.107391238212585,433.33649730682373,0.2873414,0.28697217,0.26789558,7.20343,7.154175
Turkiye,2019,4,10.725159,3.777771,2.3333428,71.28216505050659,493.03030014038086,0.27505034,0.26096776,0.24445373,10.342468,9.186066
Turkiye,2019,5,17.770538,7.575653,2.3481646,38.251489758491516,635.910701751709,0.20989168,0.21215501,0.21890245,16.994476,14.130768
Turkiye,2019,6,21.810486,13.019897,2.309091,63.219122886657715,632.4954986572266,0.20366322,0.18987247,0.19364044,22.163239,19.346405
Turkiye,2019,7,22.829285,11.475464,2.6051023,21.378436744213104,684.0581798553467,0.15542358,0.16873567,0.17555365,23.636292,21.475983
Turkiye,2019,8,23.778473,12.227997,2.811518,16.69123685359955,612.4186916351318,0.13751581,0.14661637,0.16008304,24.924072,23.305695
Turkiye,2019,9,19.908325,8.967407,2.3994408,14.799394011497498,492.367000579834,0.13864411,0.13834047,0.14931794,21.644196,22.03601
Turkiye,2019,10,16.444305,7.6726074,2.0366406,23.448220431804657,372.56954860687256,0.16422996,0.14249314,0.14382418,17.597961,19.091125
Turkiye,2019,11,10.697968,3.5548706,1.9499072,39.27122712135315,255.87862014770508,0.20592448,0.16030271,0.1502306,11.128693,14.391815
Turkiye,2019,12,5.2352905,1.4388123,2.2084944,105.97881245613098,173.88803815841675,0.3051356,0.2663708,0.17510274,6.060272,9.27594
Turkiye,2020,1,2.1472168,-2.2886047,2.4628499,78.0739905834198,192.30323123931885,0.31499833,0.3040065,0.220202,3.7044983,6.0651245
Turkiye,2020,2,4.3600464,-0.495636,2.7207458,98.12698578834534,241.35126209259033,0.33826917,0.32671613,0.24667203,4.894104,5.7132874
Turkiye,2020,3,8.551331,2.1700134,2.5715587,65.50100922584534,395.31107902526855,0.29779482,0.2887234,0.24967398,8.11142,7.7805176
Turkiye,2020,4,11.475342,3.2484741,2.4288208,49.68377351760864,522.850284576416,0.26365682,0.26087728,0.23607053,11.153168,9.913391
Turkiye,2020,5,16.740967,6.786316,2.479876,62.08559489250183,627.9016628265381,0.22695957,0.2215533,0.21077602,16.467865,14.275757
Turkiye,2020,6,20.265564,10.54776,2.253344,42.18201756477356,655.349292755127,0.19479266,0.19068763,0.19167468,20.357605,17.64859
Turkiye,2020,7,24.87497,12.560974,2.7298138,4.426027745008469,715.6223182678223,0.12899588,0.1533434,0.17497543,25.57251,22.402893
Turkiye,2020,8,24.092316,9.944946,2.6167107,5.020728766918182,649.6739406585693,0.11586599,0.13300629,0.1542768,25.428864,23.803345
Turkiye,2020,9,22.8013,10.896332,2.3885026,9.149927794933319,492.3061752319336,0.1183271,0.12232656,0.14232892,24.104431,23.597778
Turkiye,2020,10,17.472107,6.815399,1.9788468,26.856160640716553,375.45238399505615,0.15998337,0.12646224,0.13982575,18.572876,20.320587
Turkiye,2020,11,8.060822,1.8163147,2.2402818,28.030269742012024,249.8331356048584,0.2134764,0.17014313,0.14349379,9.55127,14.092621
Turkiye,2020,12,6.5442505,2.2017517,2.1467302,51.541321873664856,194.172749042511,0.2542095,0.21428952,0.15349866,6.5180664,9.401337
Turkiye,2021,1,4.5932007,0.1116333,2.6294239,108.16841125488281,200.74826383590698,0.29400045,0.2679451,0.17826024,5.521942,7.6326294
Turkiye,2021,2,4.981842,-1.2689209,2.6043837,39.420127868652344,276.40656661987305,0.2877539,0.28241074,0.2114748,5.8059998,6.962036
Turkiye,2021,3,5.692993,-0.40368652,2.5863285,99.52758431434631,387.9892530441284,0.29291508,0.27316734,0.2138928,6.1882324,6.670471
Turkiye,2021,4,12.02066,3.8693542,2.7192607,51.65893077850342,495.3438377380371,0.27174866,0.26926968,0.22415261,11.054047,9.372742
Turkiye,2021,5,18.237457,6.763092,2.5671163,29.270520865917206,662.7408905029297,0.17029235,0.18241687,0.19437711,18.217041,15.385376
Turkiye,2021,6,19.470276,10.905334,2.2652776,46.98575019836426,633.3456802368164,0.20275648,0.18427515,0.1776867,20.011383,17.691162
Turkiye,2021,7,24.631012,12.154907,2.8584464,12.614917755126953,686.5052433013916,0.13466698,0.14973839,0.16173136,25.323395,22.26294
Turkiye,2021,8,24.45877,11.4071045,2.5943253,13.826338440179825,626.3775844573975,0.12994625,0.13386118,0.14545274,25.610352,23.67746
Turkiye,2021,9,18.626556,9.047882,2.508838,27.22617208957672,464.0193843841553,0.1559729,0.1363178,0.13327664,20.791962,21.776245
Turkiye,2021,10,13.542084,4.693115,2.211777,22.733786523342133,369.60174655914307,0.1652495,0.15299085,0.13111703,15.036987,17.324615
Turkiye,2021,11,10.213806,4.1182556,2.305559,60.052571296691895,241.31235122680664,0.23488566,0.19104952,0.1358321,10.310059,12.988953
Turkiye,2021,12,4.9897766,0.859375,2.445695,102.20630311965942,173.50230312347412,0.31574443,0.2886735,0.1725684,6.4865723,9.415253
Turkiye,2022,1,0.9112854,-3.0603638,2.5837455,103.67917680740356,173.64991569519043,0.32042587,0.30809483,0.21675877,3.9386902,6.2250366
Turkiye,2022,2,4.0639343,-0.18701172,2.4303882,88.3729772567749,227.2167625427246,0.3406765,0.32823768,0.2515912,4.5250854,5.221405
Turkiye,2022,3,2.4886475,-3.4276733,2.708672,73.7168550491333,371.0038146972656,0.32672724,0.32763842,0.28591526,4.245941,5.077606
Turkiye,2022,4,13.36673,2.7485352,2.6168685,32.19441533088684,549.0158843994141,0.21914123,0.22557087,0.24260913,12.006348,9.603485
Turkiye,2022,5,15.95752,6.79068,2.3815804,41.061771631240845,625.8349685668945,0.20703988,0.19942857,0.21516943,15.824554,13.594177
Turkiye,2022,6,20.587646,12.533936,2.5432718,61.20849609375,612.9075050354004,0.20330851,0.18926175,0.19689803,20.900055,18.414642
Turkiye,2022,7,22.860046,10.823059,2.9844043,8.204528391361237,712.0302448272705,0.14454247,0.16686204,0.17982426,23.452148,20.796265
Turkiye,2022,8,24.633667,14.057556,2.3812788,20.000993490219116,602.119514465332,0.1384144,0.14704125,0.16755098,25.832275,23.739746
Turkiye,2022,9,20.272095,8.4600525,2.36127,15.70837140083313,490.57926177978516,0.14220785,0.1392684,0.15142106,21.944855,22.377106
Turkiye,2022,10,14.402557,6.610199,2.3229232,31.751011848449707,342.07532787323,0.18632062,0.15233923,0.14031175,15.927307,18.109222
Turkiye,2022,11,10.176453,3.71875,2.2220573,38.271002769470215,251.55444145202637,0.19319232,0.16282234,0.13652,10.787903,13.592865
Turkiye,2022,12,6.8073425,3.132965,1.9969603,42.32695519924164,203.61038970947266,0.27765802,0.25245318,0.1621626,7.1869507,9.974457
Turkiye,2023,1,4.478943,-0.48886108,2.07775,49.594457507133484,241.39976978302002,0.28086302,0.2731279,0.19371243,4.24292,6.370331
Turkiye,2023,2,2.3128357,-3.5275574,2.527421,36.108373165130615,257.3704299926758,0.27377507,0.26786587,0.2092919,3.7329102,4.9863586
Turkiye,2023,3,8.35965,2.8883972,2.561884,109.87592625617981,372.08750915527344,0.3055513,0.28582743,0.21238685,8.405548,8.07254
Turkiye,2023,4,10.970642,4.6182556,2.4635012,95.12866973876953,485.6234550476074,0.30888736,0.29565224,0.23079894,10.796631,9.787079
Turkiye,2023,5,15.169952,8.69046,2.1015043,93.04017734527588,555.6203422546387,0.28220528,0.26627994,0.22260644,14.911346,12.969757
Turkiye,2023,6,19.623993,12.698456,2.1871529,80.47116994857788,598.9020538330078,0.26977408,0.26486266,0.22250262,19.384735,16.924805
Turkiye,2023,7,24.154114,11.118469,2.7344139,13.028812408447266,711.772388458252,0.14484982,0.17046401,0.19089144,24.60495,21.558838
Turkiye,2023,8,25.941467,12.623138,2.482807,7.226351663470268,631.0733375549316,0.117964044,0.13596234,0.16377968,27.094757,24.611633
Turkiye,2023,9,20.630585,9.626404,2.3928738,25.663828253746033,485.7857322692871,0.14264582,0.12921187,0.14073737,22.542145,22.75827
Turkiye,2023,10,15.906647,7.474518,1.9986665,26.72195714712143,361.6413402557373,0.18478324,0.15181601,0.13603874,17.001038,18.857513
Turkiye,2023,11,11.388367,5.943054,2.696556,113.19547176361084,222.78963088989258,0.24988213,0.20429838,0.14328034,12.634644,15.60788
Turkiye,2023,12,7.3833313,3.6281433,2.1631944,67.62961030006409,192.86229944229126,0.32294485,0.30508164,0.20047078,7.7120667,10.373596
Turkiye,2024,1,4.790802,1.0076904,2.6525784,92.95264601707458,195.1632432937622,0.3369683,0.32404903,0.23991296,5.636017,7.813568
Turkiye,2024,2,6.896454,1.3072205,2.175676,33.29550898075104,289.0550584793091,0.30336463,0.29967263,0.25478736,6.2026367,6.8672485
Turkiye,2024,3,8.487488,1.956665,2.193386,61.99379527568817,433.52446460723877,0.29017875,0.27739528,0.24251534,8.239807,8.097656
Turkiye,2024,4,15.6909485,5.72641,2.6453717,34.12297010421753,536.9272613525391,0.20211862,0.20945035,0.21252458,14.912231,12.631012
Turkiye,2024,5,15.703369,8.235687,2.3316395,81.2124354839325,576.9325466156006,0.24630204,0.21843675,0.19385257,16.368713,14.9704895
Turkiye,2024,6,24.402832,11.2013855,2.5725296,13.734416663646698,699.3442153930664,0.15668269,0.16990004,0.17183979,24.37439,20.56488
Turkiye,2024,7,25.134491,13.715912,2.8807383,26.042297780513763,661.6178169250488,0.14746657,0.14080197,0.15203439,26.301025,23.775177
Turkiye,2024,8,24.755768,12.313232,2.5444703,16.839366793632507,617.4006824493408,0.12832361,0.12709345,0.13399139,26.66449,24.986359
Turkiye,2024,9,20.626251,11.364197,2.0628867,42.254977226257324,448.78758430480957,0.16888429,0.13378724,0.120216504,22.543762,23.134094
Turkiye,2024,10,14.491272,5.0858765,2.251124,11.721387565135956,376.4499292373657,0.15523925,0.13638602,0.11760613,16.378326,19.091675
Turkiye,2024,11,7.8489075,1.954895,2.2843223,59.11919832229614,228.99603366851807,0.19834928,0.15502661,0.12044404,9.904358,13.688568
Turkiye,2024,12,5.483429,2.1634216,2.280542,105.24485898017883,165.48670101165771,0.30466536,0.2641072,0.15266018,6.309906,9.267578
