Country,Year,Area_Harvested_ha,Production_tonnes,Yield_kg_per_ha,Mean_Temperature_C,Mean_Dewpoint_C,Mean_Wind_Speed_m_s,Total_Precipitation_mm,Mean_Solar_Radiation_MJ_m2,Mean_Soil_Moisture_0_7cm,Mean_Soil_Moisture_7_28cm,Mean_Soil_Moisture_28_100cm,Mean_Soil_Temperature_7_28cm_C,Mean_Soil_Temperature_28_100cm_C,Agricultural_land_pct,Agriculture_value_added_pct_GDP,Forest_area_pct,GDP_per_capita,Population,Rural_population_pct,Temperature_change,Previous_Year_Yield,Yield_Growth_Rate,Average_Soil_Moisture,Average_Soil_Temperature,Temperature_Yearly_Change,Precipitation_Yearly_Change,Soil_Moisture_Yearly_Change
Algeria,2000,168080.0,217112.0,1291.7,17.070543,8.165996,2.53491,311.5947946831584,462.3499985138576,0.18954515,0.21149121,0.2023669,16.95844,16.968164,16.8032614811021,8.39504849504573,0.662960692602887,1772.92869122761,30903893.0,40.1478760554308,0.765,,,0.20113442,16.963302,,,
Algeria,2001,177220.0,200339.0,1130.5,17.351156,8.849744,2.5263467,400.7952900379896,452.2714542945226,0.19915617,0.21727799,0.19952075,17.315872,17.33507,16.8402092587772,8.886179657499,0.677193984230017,1896.30020878013,31331221.0,39.3822827211464,1.793,1291.7,-0.12479677943794998,0.20531830333333334,17.325471,0.2806129999999989,89.20049535483122,0.0041838833333333325
Algeria,2002,190550.0,191926.0,1007.2,17.139296,8.822309,2.611674,422.7042521238327,450.3718791802724,0.1962124,0.20869672,0.17757235,16.97354,16.920982,16.7335645368512,8.41302644785912,0.691427275857146,1937.46411413019,31750835.0,38.6187341398838,1.187,1130.5,-0.10906678460858021,0.19416049000000002,16.947260999999997,-0.21185999999999794,21.908962085843086,-0.011157813333333322
Algeria,2003,209730.0,167627.0,799.3,17.291044,9.750931,2.5988548,679.2905879616737,429.2010663747788,0.23471521,0.24716677,0.22274671,17.153269,17.197523,16.7548514951254,8.45671950735323,0.705660567484276,2283.77299346126,32175818.0,37.8572092013188,1.518,1007.2,-0.20641382049245438,0.23487623000000002,17.175396,0.15174799999999777,256.58633583784103,0.04071574
Algeria,2004,226337.0,468800.0,2071.2,16.630468,9.407756,2.5400317,596.0526428818703,434.57887657483417,0.22667761,0.2402162,0.22095478,16.403954,16.449976,17.27518536868,7.72217403415641,0.719893859111406,2816.99384960555,32628286.0,37.0976867951275,0.92,799.3,1.5912673589390716,0.22928286333333334,16.426965,-0.6605759999999989,-83.23794507980347,-0.005593366666666683
Algeria,2005,239352.0,316489.0,1322.3,16.432083,8.758182,2.4632976,443.5180904716253,444.9932726621628,0.20962049,0.22100854,0.20866978,16.30458,16.336151,17.3028962019364,6.5592713699842,0.734127150738536,3233.13339634212,33109249.0,36.3401458109856,1.192,2071.2,-0.3615778292777133,0.21309960333333333,16.3203655,-0.1983850000000018,-152.53455241024494,-0.016183260000000005
Algeria,2006,263352.0,264733.0,1005.2,17.388025,9.22993,2.507973,464.7453336119652,440.8714393377304,0.20339209,0.21720047,0.20188151,17.204086,17.160734,17.2903003686381,6.36600271426263,0.748360442365665,3660.66104745322,33623506.0,35.5845651385691,1.333,1322.3,-0.2398094229751191,0.20749135666666665,17.18241,0.9559420000000003,21.22724314033985,-0.0056082466666666775
Algeria,2007,276253.0,208952.0,756.4,16.725702,9.396693,2.50871,564.5524580478668,436.12547302246094,0.22075553,0.23484343,0.21022712,16.569847,16.672697,17.3201105074441,6.32601878401142,0.762593733992795,4167.45169937531,34189416.0,34.8309236675539,1.158,1005.2,-0.24751293274970165,0.22194202666666665,16.621271999999998,-0.6623230000000007,99.80712443590164,0.014450669999999999
Algeria,2008,282460.0,254067.0,899.5,16.83857,9.342842,2.552212,488.2476492226124,441.5803680022557,0.21583986,0.222863,0.18490939,16.541582,16.537277,17.344042590711,5.54975092049628,0.776827025619925,5180.91881514686,34816961.0,34.098514128841,1.129,756.4,0.18918561607615025,0.20787075000000002,16.539429499999997,0.11286800000000241,-76.30480882525444,-0.014071276666666632
Algeria,2009,288442.0,475182.0,1647.4,17.01084,9.342056,2.6784954,560.7881961464882,444.0812267065048,0.22409898,0.24015494,0.21911144,16.589674,16.515465,17.3738527295171,8.01121741497815,0.791060317247055,4235.42990456612,35490445.0,33.4902615440479,0.887,899.5,0.8314619232907172,0.22778845333333334,16.552569499999997,0.17227000000000103,72.54054692387581,0.019917703333333314
Algeria,2010,294200.0,311252.0,1058.0,17.008894,9.437602,2.7408879,538.8376961499453,432.3738784790039,0.21808517,0.23019992,0.20842741,16.76312,16.874582,17.3713335628574,7.53171561491377,0.805293608874184,4912.78585503672,36188236.0,32.8764942132541,2.182,1647.4,-0.35777588928007775,0.21890416666666668,16.818851000000002,-0.0019460000000002253,-21.95049999654293,-0.008884286666666658
Algeria,2011,311930.0,610776.0,1958.1,17.021849,9.868256,2.4856749,581.7850676476955,435.3958594004313,0.22215165,0.23645158,0.206958,16.729456,16.749527,17.3772116183966,7.08352512171367,0.808484553309765,5916.31364364343,36903376.0,32.2655992492422,1.323,1058.0,0.8507561436672968,0.22185374333333333,16.7394915,0.012954999999998051,42.94737149775028,0.002949576666666648
Algeria,2012,328884.0,393840.0,1197.5,17.28466,9.076617,2.5280714,485.9525152146816,444.9516092936198,0.21129037,0.22420187,0.2026148,17.05629,17.023634,17.381490003107,8.02697167412095,0.811675497745346,6033.64884689543,37646166.0,31.6578741446325,1.081,1958.1,-0.3884377713089219,0.21270234666666665,17.039962000000003,0.26281099999999924,-95.83255243301392,-0.009151396666666672
Algeria,2013,348196.0,578740.0,1662.1,16.61804,9.499967,2.7582283,594.3409805893898,434.64863634109497,0.22301786,0.23444559,0.20172215,16.459528,16.515753,17.3955322579291,9.12007464194984,0.814866442180927,5979.60138960585,38414171.0,31.0536163920723,1.108,1197.5,0.38797494780793307,0.21972853333333334,16.487640499999998,-0.6666199999999982,108.38846537470818,0.007026186666666684
Algeria,2014,383443.0,482860.0,1259.3,17.549204,9.350975,2.71325,524.2458082810044,447.32013607025146,0.21189594,0.22552133,0.19345741,17.25117,17.220167,17.3952656461243,9.40707440856373,0.818057386616507,6094.69392314956,39205031.0,30.4531234842385,1.603,1662.1,-0.24234402262198418,0.21029156000000002,17.2356685,0.931163999999999,-70.09517230838537,-0.00943697333333332
Algeria,2015,406571.0,653725.0,1607.9,17.197245,9.335754,2.508382,442.1073882766068,450.0620398918788,0.20887671,0.22110377,0.19686699,17.05967,17.104986,17.4059228102468,10.5327896965018,0.821247986241997,4685.05902729002,40019529.0,29.8566929138388,1.05,1259.3,0.2768204558087828,0.20894915666666666,17.082328,-0.3519590000000008,-82.13842000439763,-0.001342403333333353
Algeria,2016,423683.0,696431.48,1643.8,17.530983,9.391093,2.5703876,453.4153050780296,447.9133498271306,0.20024197,0.20948833,0.1781124,17.440859,17.417368,17.3655321884285,11.0683130545794,0.821247986241997,4424.98529027556,40850721.0,29.2646221736149,1.685,1607.9,0.022327259157907786,0.19594756666666666,17.4291135,0.3337380000000003,11.307916801422778,-0.013001590000000007
Algeria,2017,432959.0,684460.56,1580.9,17.534063,8.682216,2.5495002,402.0676399022341,453.2256246805191,0.19056801,0.20417702,0.17023768,17.603622,17.677748,17.3550108093197,11.0318809304784,0.815789794104397,4554.66753957828,41689299.0,28.6772087563449,1.431,1643.8,-0.03826499574157427,0.18832757,17.640685,0.003080000000000638,-51.3476651757955,-0.007619996666666656
Algeria,2018,431009.0,860784.44,1997.1,16.770037,9.655217,2.595495,640.1753355264664,433.11455086867016,0.23473759,0.24432565,0.19558705,16.644007,16.670996,17.3565679895505,11.2438301354995,0.810331601966797,4577.21029180491,42505035.0,28.094750154847,1.15,1580.9,0.26326775887152865,0.22488343,16.6575015,-0.7640260000000012,238.1076956242323,0.036555859999999996
Algeria,2019,431506.0,868754.0,2013.3,17.141577,9.040581,2.7176898,543.5285462737083,444.6375826994578,0.21701051,0.23138149,0.1966352,17.10584,17.038694,17.3469816184806,11.4791798857164,0.814110692183026,4468.45341883656,43294546.0,27.5175438619825,1.117,1997.1,0.008111762054979765,0.21500906666666667,17.072267,0.3715400000000031,-96.64678925275803,-0.00987436333333333
Algeria,2020,438828.0,1079508.0,2460.0,17.701418,8.929883,2.5142367,413.5911098122597,450.7945022980372,0.18978374,0.205011,0.16958606,17.78041,17.784071,17.3352255074022,12.8341693887186,0.818309303282474,3743.5419522929,44042091.0,26.9458873706605,1.881,2013.3,0.2218745343465951,0.18812693333333333,17.7822405,0.5598409999999987,-129.93743646144867,-0.026882133333333336
Algeria,2021,440008.0,704619.0,1601.4,18.184435,8.682571,2.6694415,383.1088595986366,449.1028299331665,0.188201,0.2032568,0.15782896,18.220947,18.204248,17.3306070351928,11.2354345605089,0.822088053271978,4160.55926736925,44761099.0,26.3800781738427,2.333,2460.0,-0.3490243902439024,0.18309558666666667,18.2125975,0.48301700000000025,-30.482250213623047,-0.005031346666666658
Algeria,2022,470759.0,850868.13,1807.4,18.446304,8.594007,2.5662715,368.6527618765831,452.2268890937169,0.18325587,0.2024563,0.15649322,18.351547,18.255728,17.351348174024,10.6470638553472,0.826286664371426,4960.30334332888,45477389.0,25.8204137645486,1.696,1601.4,0.12863744223804163,0.18073513,18.3036375,0.2618690000000008,-14.456097722053528,-0.002360456666666677
Algeria,2023,486141.0,913339.99,1878.8,18.24325,8.535774,2.5342147,401.03878202289343,453.73150138060254,0.17489326,0.19525993,0.14486642,18.382261,18.45088,17.359031632336,13.3692450434856,0.830314224054683,5370.477235078,46164219.0,25.267191635862,2.196,1807.4,0.039504260263361735,0.17167320333333333,18.4165705,-0.20305400000000162,32.38602014631033,-0.009061926666666664
Algeria,2024,474116.0,913242.78,1926.2,18.634737,9.401863,2.5914679,337.7960154861212,454.3577120701472,0.18312287,0.19983345,0.15590353,18.715975,18.747614,17.359031632336,13.9597061505767,0.830314224054683,5752.99076651465,46814308.0,24.7207092809382,2.725,1878.8,0.02522886949116465,0.17961995,18.7317945,0.3914870000000015,-63.24276653677225,0.00794674666666667
Egypt,2000,45513.0,281745.0,6190.4,20.208597,11.996948,3.8412788,51.09390743914992,421.51486388842267,0.04972263,0.14764202,0.11769583,21.98734,22.07934,3.30604249334472,15.5380770361658,0.0594806368978854,1366.09274372613,73083284.0,57.2660601067481,0.083,,,0.10502015999999999,22.03334,,,
Egypt,2001,47519.0,293903.0,6185.0,20.82901,11.918915,3.8520024,27.65092449844815,423.74096262454987,0.04395144,0.14764175,0.13031611,22.600946,22.607985,3.35325732080968,15.3512684694731,0.060126575920438,1295.1374184163,74652029.0,57.2164493234667,0.687,6190.4,-0.0008723184285344132,0.1073031,22.6044655,0.6204129999999992,-23.442982940701775,0.002282940000000011
Egypt,2002,49532.0,336442.0,6792.4,20.906805,12.309339,3.8670523,40.31238177907653,419.89971319834393,0.048182234,0.14513274,0.13935474,22.510742,22.49531,3.4396504093626,15.4048561625759,0.0607725149429906,1116.82884626213,76239137.0,57.1652370516083,0.816,6185.0,0.09820533548908639,0.11088990466666666,22.503026,0.07779499999999828,12.661457280628383,0.0035868046666666653
Egypt,2003,49873.0,204722.0,4104.9,20.702637,11.70959,4.047192,31.57103958423249,422.3311834335327,0.044890314,0.1419978,0.1453512,22.377127,22.423273,3.4245818474057,15.2867065868263,0.0614184539655432,1031.27556291284,77853548.0,57.1165314466208,0.716,6792.4,-0.3956627995995524,0.110746438,22.400199999999998,-0.20416799999999924,-8.74134219484404,-0.0001434666666666612
Egypt,2004,49086.0,315193.0,6421.2,20.635359,11.619397,3.9701822,33.537539053475484,421.8578625917434,0.04558355,0.1437845,0.15002237,22.31703,22.324722,3.49389723240745,14.2699361219864,0.0620643929880958,991.255689145253,79477443.0,57.0744406639524,0.637,4104.9,0.5642768398742968,0.11313013999999999,22.320876,-0.06727799999999817,1.9664994692429936,0.0023837019999999876
Egypt,2005,49000.0,310000.0,6326.5,20.532211,11.558248,3.8612869,30.485437598545104,422.564643740654,0.045199458,0.14240748,0.15142839,22.263374,22.294672,3.53910291827817,13.9816898792943,0.0627103320106484,1105.53920713903,81101004.0,57.0430728590512,0.511,6421.2,-0.014748022176540143,0.11301177600000001,22.279023,-0.1031480000000009,-3.05210145493038,-0.00011836399999998193
Egypt,2006,49000.0,500000.0,10204.1,20.555655,11.725009,3.7713375,36.98336288426072,421.7901577949524,0.04541861,0.14226726,0.15388893,22.25841,22.270813,3.54914862624943,13.2372025254978,0.0633562710332011,1298.97900203124,82700403.0,57.0270008319896,0.712,6326.5,0.6129139334545168,0.11385826666666667,22.2646115,0.023444000000001353,6.497925285715617,0.0008464906666666577
Egypt,2007,46540.0,507053.0,10895.0,20.833208,12.013593,3.9157372,36.01274499041028,420.9817958672841,0.044953305,0.14139445,0.15662253,22.377823,22.358124,3.55417148023507,13.4201262083781,0.0640022100557537,1547.74170735909,84276225.0,57.0270333655491,0.558,10204.1,0.06770807812545931,0.11432342833333335,22.367973499999998,0.2775529999999975,-0.970617893850438,0.0004651616666666858
Egypt,2008,46200.0,480071.0,10391.1,21.226004,12.016739,3.7855566,39.89654277195223,423.97805738449097,0.045901354,0.14039333,0.15914376,22.797506,22.777292,3.55818976342358,12.6302400893356,0.0646481490783063,1896.21594269779,85864789.0,57.0391010879127,0.87,10895.0,-0.04625057365764107,0.115146148,22.787399,0.3927960000000006,3.8837977815419436,0.000822719666666652
Egypt,2009,46274.0,449009.0,9703.3,21.132288,11.568805,3.9664204,27.50591550127137,426.0078504880269,0.04152306,0.13827501,0.15900867,22.7491,22.748049,3.70586167060124,12.9979466513145,0.0652940881008589,2161.63964573927,87501636.0,57.0616529375096,0.853,10391.1,-0.06619125982812224,0.11293558,22.7485745,-0.09371600000000058,-12.390627270680856,-0.00221056800000001
Egypt,2010,50161.0,390932.0,7793.5,22.006647,12.468686,3.922863,21.759400223381817,426.47868824005127,0.04176867,0.11049953,0.099722005,23.707605,23.735558,3.68777939625295,13.3407591579645,0.0659400271234115,2455.08194645282,89196072.0,57.0942824479846,2.273,9703.3,-0.19681963867962438,0.083996735,23.7215815,0.8743590000000019,-5.746515277889554,-0.02893884499999999
Egypt,2011,52668.0,459650.0,8727.3,20.514845,11.814876,3.7436068,55.86505318968557,416.50090710322064,0.046993922,0.119740926,0.10551857,22.331766,22.511972,3.63654628559948,13.8691050980964,0.0624802852981064,2590.64384891965,91093059.0,57.1365831529823,0.614,7793.5,0.11981779688201688,0.09075113933333334,22.421869,-1.4918019999999999,34.10565296630375,0.006754404333333339
Egypt,2012,57551.0,563070.0,9783.8,21.021828,11.756579,3.9226217,35.81889827316627,420.8344420194626,0.04156173,0.1200599,0.11241341,22.835243,22.724699,3.71289366618112,11.2727652713919,0.0590205434728013,2996.0677072015,93161001.0,57.1881485861475,0.941,8727.3,0.12105691336381241,0.09134501333333334,22.779971,0.5069829999999982,-20.0461549165193,0.0005938739999999942
Egypt,2013,61711.0,541790.0,8779.5,20.996483,11.286339,4.047728,33.21547622047365,427.2572437524796,0.04136221,0.12231493,0.12030337,22.782745,22.857468,3.74802350695665,11.2743496022361,0.0555608016474961,3025.52563552448,95333553.0,57.2485722811249,1.041,9783.8,-0.10264927737688823,0.09466017,22.8201065,-0.025344999999997953,-2.603422052692622,0.003315156666666666
Egypt,2014,60837.0,565669.0,9298.1,21.21727,12.033849,3.6767366,35.04754954832606,420.693358540535,0.040311825,0.12569176,0.123452,23.131882,23.086847,3.73217137977799,11.3377089201878,0.052101059822191,3133.39102265541,97528654.0,57.3174477715592,1.247,8779.5,0.05906942308787522,0.09648519500000001,23.109364499999998,0.22078699999999785,1.832073327852413,0.0018250250000000079
Egypt,2015,69707.0,698927.0,10026.6,21.037455,11.8536,3.8811858,64.58458621660247,416.544486284256,0.042110994,0.06168979,0.06241819,23.017601,23.187662,3.80719985936009,11.3940627685257,0.0486413179968858,3306.98159414141,99597342.0,57.3943685910952,1.198,9298.1,0.07834934018778039,0.05540632466666667,23.1026315,-0.17981499999999784,29.537036668276414,-0.04107887033333334
Egypt,2016,78968.0,874748.0,11077.2,21.676363,11.866028,3.938221,30.28430336434394,423.549042781194,0.03807438,0.074931756,0.07308658,23.52846,23.547354,3.75083168416294,11.769316084742,0.0451855944547692,3270.6287768197,101644589.0,57.4789282733775,1.392,10026.6,0.10478128179043744,0.06203090533333333,23.537906999999997,0.6389079999999971,-34.30028285225853,0.006624580666666657
Egypt,2017,91826.0,1094724.0,11921.7,20.92906,11.745059,3.7647364,29.141316276974976,422.6096345980962,0.03574792,0.08347834,0.081258334,22.8672,22.91407,3.85450680596715,10.9863806449848,0.0451855944547692,2395.10333299491,103696057.0,57.5513991312821,0.61,11077.2,0.07623767739139864,0.066828198,22.890635,-0.7473029999999987,-1.1429870873689651,0.004797292666666675
Egypt,2018,89955.0,1083771.0,12047.9,21.952639,12.548892,3.8585575,49.50306964898482,418.4455755154292,0.039596666,0.08839699,0.09020746,23.864784,23.819618,3.88065698930132,10.8302490249025,0.0451855944547692,2484.70315630508,105682094.0,57.5422822550031,2.057,11921.7,0.010585738611104123,0.07273370533333334,23.842201,1.0235790000000016,20.361753372009844,0.0059055073333333374
Egypt,2019,103000.0,981000.0,9524.3,21.106737,11.698787,4.0127606,56.00334210076835,423.3355835278829,0.04229607,0.09341201,0.09137731,23.039507,23.071236,3.93992666633181,10.6971354538956,0.0451855944547692,2962.98892023003,107553158.0,57.5187972667352,0.992,12047.9,-0.2094638899725264,0.07569513,23.0553715,-0.8459020000000024,6.50027245178353,0.0029614246666666566
Egypt,2020,101000.0,968400.0,9588.1,21.032585,12.341205,3.907335,88.85371180158108,419.8909480571747,0.047021713,0.12815191,0.09792697,23.106207,23.257696,3.98915063539103,11.1668239443487,0.0451855944547692,3511.11381026379,109315124.0,57.4818465369326,1.0,9524.3,0.006698655019266697,0.091033531,23.1819515,-0.074151999999998,32.850369700812735,0.015338401000000002
Egypt,2021,108360.0,1056548.0,9750.4,21.539177,12.233185,3.8783357,45.42089379997924,425.9899333318074,0.041540608,0.13121402,0.10660682,23.469984,23.491432,4.04942488321865,11.4369326589725,0.0451855944547692,3827.35415374308,110957008.0,57.4313937378532,1.688,9588.1,0.01692723271555363,0.09312048266666667,23.480708,0.5065919999999977,-43.432818001601845,0.00208695166666667
Egypt,2022,112657.0,1011444.0,8978.1,20.913702,11.980652,3.9001234,40.94492512370925,421.1117263635,0.04311101,0.13037391,0.111899495,22.769495,22.74307,4.07654829474107,10.9457535224737,0.0451855944547692,4233.30783744856,112618250.0,57.3674870991968,0.613,9750.4,-0.07920700689202487,0.09512813833333333,22.756282499999998,-0.625474999999998,-4.475968676269993,0.0020076556666666634
Egypt,2023,116687.0,1185196.0,10157.1,21.708342,12.795247,3.7723415,44.51961672108155,417.8133603334427,0.042884395,0.13188772,0.11582205,23.54509,23.499321,4.07654829474107,10.6003111645036,0.0451855944547692,3456.78965212363,114535772.0,57.2901884958081,1.868,8978.1,0.13131954422427916,0.09686472166666667,23.5222055,0.7946399999999976,3.5746915973723006,0.001736583333333333
Egypt,2024,117744.0,1269795.45,10784.4,21.973555,12.555736,3.6454585,29.023061297717504,425.53807346026105,0.03932762,0.12770899,0.12258189,24.081976,24.121237,4.07654829474107,13.7121128792805,0.0451855944547692,3338.47371043679,116538258.0,57.1995636061596,2.013,10157.1,0.061759754260566346,0.0965395,24.101606500000003,0.2652130000000028,-15.496555423364043,-0.00032522166666666685
Greece,2000,780357.0,2501916.4,3206.1,14.948529,8.608986,2.6399763,498.3912613838911,458.4845825433731,0.20665719,0.2162034,0.22598238,15.243428,15.266998,66.1675717610551,5.50251363510967,27.93040806827,11638.2010697215,10805808.0,27.334357089016,0.741,,,0.21628099,15.255213,,,
Greece,2001,787500.0,2349933.77,2984.0,15.284108,8.916644,2.8384054,696.8125272095203,449.4491379658381,0.20462996,0.21045627,0.21345264,15.723371,15.792073,65.4615981380915,5.36221949397772,28.1643669511249,12156.9572824221,10862132.0,27.1539296211498,1.38,3206.1,-0.0692741960637534,0.20951295666666667,15.757722000000001,0.3355789999999992,198.42126582562923,-0.00676803333333334
Greece,2002,793449.0,2862958.42,3608.2,14.998845,9.512039,2.5224493,832.160894036293,435.6290971835454,0.23416893,0.23931478,0.233474,15.2426605,15.204361,64.7245927075252,5.22103153499556,28.398326609775,13782.195640943,10902022.0,26.9022890357484,0.503,2984.0,0.20918230563002682,0.23565256999999998,15.223510749999999,-0.2852630000000005,135.3483668267727,0.02613961333333331
Greece,2003,790840.0,2202856.49,2785.5,14.828171,8.91956,2.7477932,836.4842452406883,438.82868973414105,0.22761822,0.23595177,0.24186175,15.062355,15.064697,64.0186190845617,5.3240542693888,28.63228549263,18020.612039764,10928070.0,26.567731975907,0.457,3608.2,-0.228008425253589,0.23514391333333332,15.063526,-0.170674,4.323351204395294,-0.0005086566666666625
Greece,2004,794160.0,2204020.0,2775.3,14.862271,9.024312,2.7249794,684.4730920493603,442.6578535636266,0.21868621,0.22556938,0.23559082,15.081225,15.064908,62.6842513576416,4.54970535485524,28.8662451512801,21449.2552764245,10955141.0,26.1732397076272,0.407,2785.5,-0.0036618201400107075,0.22661547,15.0730665,0.03410000000000046,-152.01115319132805,-0.008528443333333302
Greece,2005,797321.0,2628910.54,3297.2,14.647687,8.718511,2.712403,805.2301558852196,443.1286499897639,0.21865635,0.22461808,0.22370438,14.965869,15.006061,62.1024049650892,4.47718109899217,29.100204034135,22054.1315756886,10987314.0,25.7382623305689,0.271,2775.3,0.18805174215400133,0.22232627000000002,14.985965,-0.21458400000000033,120.7570638358593,-0.004289199999999993
Greece,2006,796972.0,2425149.0,3043.0,14.601341,8.785652,2.6966734,739.880473524332,441.97106182575226,0.2264617,0.23442274,0.23556256,14.827057,14.840915,61.0007757951901,3.28557674416163,29.3341629169899,24416.0232970275,11020362.0,25.282249944392,0.317,3297.2,-0.07709571757855149,0.23214899999999997,14.833986,-0.046345999999999776,-65.34968236088753,0.009822729999999946
Greece,2007,795724.0,2313016.63,2906.8,15.552414,9.015164,2.671415,656.291834153235,453.9023814201355,0.2101237,0.21675694,0.21173984,15.614718,15.585808,60.1474010861133,3.15474298162147,29.56812257564,28440.7625328955,11048473.0,24.8246526487561,1.148,3043.0,-0.04475846204403544,0.21287349333333336,15.600263,0.951073000000001,-83.58863937109709,-0.01927550666666661
Greece,2008,797906.0,2291979.69,2872.5,15.541936,9.178886,2.732053,543.6325985491276,454.97084867954254,0.20364709,0.20942257,0.21110511,15.697139,15.636612,59.4026377036462,2.89505867715816,29.802081458495,31695.8331092209,11077841.0,24.384920543321,0.949,2906.8,-0.0117999174349801,0.20805825666666666,15.6668755,-0.010478000000000876,-112.65923560410738,-0.004815236666666695
Greece,2009,801533.0,2400580.2,2995.0,15.419952,9.594371,2.6567624,908.493090569973,440.74142185846966,0.23184824,0.2365234,0.23117298,15.520253,15.477061,58.6501163692785,2.92582395634654,30.0360411171451,29425.4573200263,11107017.0,23.9825037277465,0.835,2872.5,0.04264577893820709,0.23318154,15.498657000000001,-0.12198399999999943,364.8604920208454,0.02512328333333333
Greece,2010,806451.0,2559567.11,3173.9,15.918391,10.034813,2.6952116,871.9809874296188,437.5427875518799,0.22628498,0.23199446,0.23235677,16.124315,16.123663,58.0993017843289,2.9142102078812,30.27,26653.0488008626,11121341.0,23.6368523016923,1.633,2995.0,0.05973288814691147,0.23021207,16.123989,0.4984389999999994,-36.51210314035416,-0.002969470000000002
Greece,2011,807567.0,2491025.8,3084.6,14.647545,8.511264,2.7470067,675.6221101731062,446.03669333457947,0.21608014,0.22388892,0.22276635,14.862079,14.972562,57.377812257564,3.0618456010827,30.27,25504.7866510124,11104899.0,23.3647390070593,0.441,3173.9,-0.028135732064652363,0.22091180333333335,14.917320499999999,-1.2708460000000006,-196.35887725651264,-0.00930026666666664
Greece,2012,807696.0,2764017.32,3422.1,15.61987,8.865108,2.7778466,798.3477167859674,454.538606484731,0.21029104,0.21473008,0.2053634,15.996262,15.885147,56.5011636927851,3.41908207828197,30.27,21624.346052551,11045011.0,23.1320202550678,1.286,3084.6,0.10941451079556508,0.21012817333333333,15.940704499999999,0.9723250000000014,122.72560661286116,-0.010783630000000016
Greece,2013,796674.0,1752074.83,2199.2,15.781718,9.000707,2.7428734,724.387642711401,452.5649944543839,0.2065771,0.20965868,0.20964663,16.071142,16.131403,55.4926299456943,3.35146223879432,30.27,21573.3449762805,10965211.0,22.9048000349829,1.374,3422.1,-0.357353671722042,0.20862747,16.1012725,0.1618479999999991,-73.96007407456636,-0.0015007033333333253
Greece,2014,818285.0,2592375.17,3168.1,15.707759,10.074801,2.5466926,863.4212353229523,435.4250572522481,0.2280975,0.22947139,0.21257204,16.023026,15.986789,48.1070597362296,3.53346105430384,30.27,21474.7257123892,10892413.0,22.6869513724134,1.123,2199.2,0.4405692979265188,0.22338031,16.0049075,-0.07395900000000033,139.03359261155128,0.01475283999999999
Greece,2015,821206.0,2907865.78,3541.0,15.3381195,9.011765,2.7275677,819.89009770751,442.6527331670125,0.22471307,0.22906655,0.22161286,15.580638,15.603765,48.0915438324282,3.82153798821664,30.27,17980.7298238137,10820883.0,22.4805573682455,0.961,3168.1,0.11770461790978826,0.22513082666666664,15.5922015,-0.3696394999999999,-43.531137615442276,0.001750516666666646
Greece,2016,797820.0,2755431.0,3453.7,15.727338,9.123955,2.7640407,707.6158274114132,448.5678644975026,0.20773917,0.20934068,0.19587821,16.129591,16.160376,47.6027928626843,3.45812941533327,30.2699767261443,17919.2426377048,10775971.0,22.2877011233652,1.626,3541.0,-0.02465405252753461,0.20431935333333331,16.144983500000002,0.38921850000000013,-112.2742702960968,-0.02081147333333333
Greece,2017,792643.0,2837778.0,3580.1,15.370189,8.51548,2.7014446,752.0485134720802,456.2686825195949,0.2031473,0.20384906,0.18476574,15.716617,15.658877,46.9630783553142,3.7522702094539,30.2699767261443,18631.9930129293,10754679.0,22.1104657386589,0.715,3453.7,0.03659843066855828,0.19725403333333333,15.687747,-0.3571489999999997,44.43268606066704,-0.007065319999999986
Greece,2018,963120.0,2764628.38,2870.5,15.99335,9.999461,2.717882,876.0816986560822,438.4578140179317,0.22066766,0.2234,0.20660003,16.287773,16.320837,46.1108642358417,3.52573090341626,30.2699767261443,19873.4015238771,10732882.0,21.9509343150126,2.002,3580.1,-0.19820675400128485,0.21688922999999996,16.304305,0.6231609999999996,124.03318518400192,0.019635196666666632
Greece,2019,903080.0,3240063.0,3587.8,15.900037,9.581894,2.7496922,828.4002752900124,447.5677977403005,0.21344125,0.21477441,0.20325029,16.282473,16.195833,45.4892645461598,3.66151933931312,30.2699767261443,19335.3602002969,10721582.0,21.8111899533125,1.475,2870.5,0.24988677930674097,0.21048864999999997,16.239153,-0.0933130000000002,-47.681423366069794,-0.006400579999999989
Greece,2020,906020.0,3051400.0,3367.9,15.777809,9.209775,2.7960932,680.6300231814384,452.24061357975006,0.20568132,0.20666356,0.19303592,16.05641,16.060463,43.6358456167572,3.9238294812332,30.2699767261443,17886.733165236,10698599.0,21.6933157544448,1.351,3587.8,-0.061291041864095064,0.20179360000000002,16.0584365,-0.12222799999999978,-147.7702521085739,-0.008695049999999954
Greece,2021,826390.0,3045100.0,3684.8,15.727069,8.963008,2.8275795,848.3852385282516,450.1453898747762,0.21231635,0.21564913,0.20532803,16.295837,16.322166,44.3128673390225,3.53173488105093,30.2699767261443,20652.89659591,10570130.0,21.6115101352558,1.718,3367.9,0.09409424270316813,0.21109783666666668,16.3090015,-0.05073999999999934,167.7552153468132,0.00930423666666666
Greece,2022,846660.0,3208908.0,3790.1,15.601651,8.893369,2.7739115,708.6595395803452,455.6189326047897,0.21257883,0.21661554,0.20068102,15.895062,15.834663,41.6760170674942,3.78490731948212,30.2699767261443,20884.6773436263,10437805.0,21.4497809019191,1.109,3684.8,0.028576856274424633,0.20995846333333334,15.864862500000001,-0.1254179999999998,-139.7256989479065,-0.0011393733333333322
Greece,2023,840620.0,2498942.0,2972.7,16.110659,10.053973,2.694741,809.1744364798069,441.6418096224467,0.21985024,0.22227992,0.2020874,16.426157,16.406288,41.6760178432894,3.74222017907683,30.2699767261443,23343.7103964562,10407351.0,21.2253696157912,1.909,3790.1,-0.21566713279333005,0.21473918666666666,16.4162225,0.5090079999999979,100.51489689946175,0.00478072333333332
Italy,2000,1161600.0,2821000.0,2428.5,15.118874,9.707268,2.5202281,745.8429891467094,432.7676821947098,0.23879515,0.24775709,0.25115278,15.32915,15.307956,52.8780797922345,2.55763392992713,28.3014561169763,20190.0035636084,56942108.0,32.8067716213757,1.209,,,0.24590167333333335,15.318553000000001,,,
Italy,2001,1164558.0,3016200.0,2590.0,14.972435,9.566048,2.6533778,658.4836644530296,429.41583120822906,0.23094225,0.2393312,0.24592088,15.461284,15.554199,52.4215637871215,2.4818910807856,28.5242325458714,20570.4385917862,56976981.0,32.72480117712,1.513,2428.5,0.06650195593988051,0.23873144333333332,15.5077415,-0.1464389999999991,-87.35932469367981,-0.007170230000000027
Italy,2002,1170362.0,3231300.0,2760.9,14.843425,10.177852,2.497339,899.1760538816452,409.4456957578659,0.2587275,0.26138753,0.24734707,15.055135,14.989812,51.6471773784484,2.36532442144257,28.7470089747665,22451.3964379368,57089824.0,32.6461213433462,0.895,2590.0,0.06598455598455599,0.25582069999999996,15.0224735,-0.12901000000000096,240.69238942861557,0.017089256666666636
Italy,2003,1162713.0,3546130.0,3049.9,15.045827,9.546796,2.5508041,908.7994071543216,423.7731893459956,0.24655254,0.25358206,0.255976,15.4216385,15.447197,50.4095117645865,2.35238168739719,28.9697854036616,27577.5700319855,57399184.0,32.5700585388213,1.508,2760.9,0.10467601144554317,0.25203686666666664,15.43441775,0.2024019999999993,9.623353272676354,-0.0037838333333333196
Italy,2004,1166000.0,4534231.0,3888.7,14.580401,9.626086,2.5653956,1019.6890588998796,412.2459526062012,0.2588903,0.2669409,0.270151,14.924164,14.909055,50.3283533636776,2.34229627595505,29.1925618325567,31348.1901841445,57828179.0,32.4927500260092,0.729,3049.9,0.2750254106692023,0.26532740000000005,14.9166095,-0.465425999999999,110.88965174555801,0.01329053333333341
Italy,2005,1168600.0,3774812.0,3230.2,13.938126,8.701045,2.5250635,1004.050362288952,414.2705275615056,0.25898722,0.26398894,0.26284525,14.488643,14.555415,49.8312581581101,2.03006110909468,29.4153382614518,32062.723833669,58166682.0,32.4102830681581,0.542,3888.7,-0.16933679635868026,0.26194047000000004,14.522029,-0.6422749999999997,-15.638696610927582,-0.00338693000000001
Italy,2006,1167862.0,3415683.0,2924.7,14.477597,9.039111,2.4694526,781.1246744394302,422.264361222585,0.24722774,0.253006,0.2532681,14.773747,14.738747,48.0288653379233,1.94158568418969,29.6381146903469,33537.1286994269,58399861.0,32.3187449285166,0.817,3230.2,-0.09457618723298866,0.25116728,14.756247,0.5394709999999989,-222.92568784952175,-0.010773190000000044
Italy,2007,1161311.0,3249800.0,2798.4,14.938708,9.2326355,2.5451534,799.6504095494747,422.8530031840007,0.24311103,0.24743801,0.23520939,15.295491,15.335136,47.8902197363705,1.89414967924379,29.860891119242,37826.1754554823,58756247.0,32.2142228703331,1.535,2924.7,-0.04318391629910756,0.24191947666666666,15.3153135,0.4611110000000007,18.52573511004448,-0.009247803333333332
Italy,2008,1180500.0,3473600.0,2942.5,15.03848,9.358983,2.54434,917.0607208907604,423.6466192801793,0.24071318,0.24528171,0.23911898,15.323273,15.269524,48.8884680675508,1.87300893559166,30.0836675481371,40828.5795580937,59211181.0,32.0928041568559,1.093,2798.4,0.051493710691823846,0.2417046233333333,15.2963985,0.09977199999999975,117.4103113412857,-0.000214853333333348
Italy,2009,1190000.0,3286600.0,2761.8,14.901326,9.686028,2.5899963,1085.3282443284988,416.0594432751338,0.26169083,0.26843378,0.26741704,15.132797,15.123604,47.2828843695683,1.80208177882956,30.3064439770322,37099.6133958219,59555454.0,31.9505760513335,1.169,2942.5,-0.06141036533559896,0.26584721666666666,15.1282005,-0.13715400000000066,168.26752343773842,0.02414259333333335
Italy,2010,1190800.0,3170700.0,2662.7,14.573532,9.659729,2.6555374,1179.2110459208488,405.38095172246295,0.2684267,0.2753277,0.27451214,14.888982,14.96345,48.45088902265,1.76928173132246,30.5292204059273,35856.8625485539,59819407.0,31.7836258170143,0.699,2761.8,-0.0358823955391413,0.27275551333333337,14.926216,-0.32779399999999903,93.88280159235,0.006908296666666702
Italy,2011,1144422.0,3182204.0,2780.6,14.842891,9.440849,2.472283,773.1459104865789,421.57002143065137,0.24885072,0.2550478,0.25574616,15.013881,15.010869,46.8439526846523,1.84910093882918,30.7111775407652,38432.3742820019,60026841.0,31.5984926110489,1.189,2662.7,0.04427836406654895,0.25321489333333336,15.012374999999999,0.2693589999999997,-406.0651354342699,-0.01954062000000001
Italy,2012,1125382.0,3017537.1,2681.3,15.259763,9.164533,2.6266706,885.6946337074041,432.6702482302984,0.23767251,0.24510051,0.23785292,15.645976,15.592366,46.4259869199711,1.90886941227517,30.8931346756031,34854.3949441965,60191247.0,31.2391205764741,1.488,2780.6,-0.035711716895633905,0.24020864666666666,15.619171,0.4168719999999997,112.5487232208252,-0.013006246666666693
Italy,2013,1146863.0,2940545.2,2564.0,14.926602,9.698489,2.5613232,1019.296654343605,419.3505557378133,0.25168854,0.256242,0.25370196,15.277443,15.302463,46.0912085162215,2.05779366637333,31.075091810441,35701.6746002376,60311613.0,30.6926010083924,0.962,2681.3,-0.043747435945250546,0.25387750000000003,15.289953,-0.3331609999999987,133.6020206362009,0.01366885333333337
Italy,2014,1156784.0,1963676.0,1697.5,15.216723,10.33268,2.5005932,965.1783215403556,413.2087600628535,0.25998598,0.26370752,0.25729853,15.421178,15.411876,44.5086196984965,1.90848213125891,31.2570489452789,36028.3494022349,60320707.0,30.4192361385121,1.581,2564.0,-0.3379485179407177,0.2603306766666667,15.416526999999999,0.2901209999999992,-54.11833280324947,0.006453176666666671
Italy,2015,1147877.0,2732893.9,2380.8,15.267718,9.787282,2.4742749,925.1601376980544,420.30313940842944,0.24783163,0.25290474,0.2488274,15.547313,15.569305,43.7748124902779,1.99152552817849,31.4390060801169,30639.8829751432,60229605.0,30.3899993896484,1.654,1697.5,0.4025331369661267,0.24985459000000002,15.558309000000001,0.050995000000000346,-40.01818384230114,-0.01047608666666669
Italy,2016,1144947.0,2038303.0,1780.3,15.215617,9.945615,2.5858343,949.0264173746108,416.43920147418976,0.25645715,0.25901043,0.2491381,15.50137,15.518718,43.3250596852407,1.84915248302101,31.6209699781549,31391.5692898108,60115223.0,30.4030767474714,1.664,2380.8,-0.25222614247311836,0.25486856,15.510044,-0.0521010000000004,23.86627967655636,0.0050139700000000065
Italy,2017,1141893.0,2597974.0,2275.1,15.051338,8.762561,2.6070595,737.188582777977,439.6239777803421,0.2268558,0.23174028,0.22533162,15.619003,15.598648,43.3743295977925,1.89343264776643,31.8029338761929,32844.115660604,60002252.0,30.4819215740618,1.57,1780.3,0.27793068583946523,0.22797589999999998,15.6088255,-0.1642790000000005,-211.8378345966338,-0.02689266000000004
Italy,2018,1142120.0,1953540.0,1710.5,15.448331,10.664622,2.542676,1128.4906542301178,405.9986162980397,0.2648309,0.26645806,0.2539595,15.787094,15.752017,41.948748469826,1.85755612561626,31.9848977742309,35062.3364176949,59877221.0,30.5199966430664,1.82,2275.1,-0.2481649158278757,0.26174948666666664,15.7695555,0.39699300000000015,391.3020714521408,0.03377358666666666
Italy,2019,1139470.0,2194110.0,1925.6,15.249759,9.929504,2.6423204,982.4518563747406,423.493280728658,0.25148043,0.2570018,0.25285026,15.645373,15.603867,44.3699956377212,1.81866879873849,32.1669704480973,33812.788724868,59729081.0,30.4949989318847,1.637,1710.5,0.12575270388775217,0.25377749666666666,15.62462,-0.19857200000000041,-146.0387978553772,-0.007971989999999984
Italy,2020,1145520.0,2207150.0,1926.8,15.230339,9.763499,2.4846709,834.1271191239357,429.8081451654434,0.23852658,0.24428229,0.23962428,15.668175,15.673999,42.332263616904,1.9280162015612,32.3489349614665,32091.4866621366,59438851.0,30.4812507629394,1.847,1925.6,0.0006231823847113738,0.24081105,15.671087,-0.01941999999999844,-148.3247372508049,-0.012966446666666659
Italy,2021,1129000.0,2270630.0,2011.2,15.301651,9.591565,2.6035533,930.4058529138564,424.00049157937366,0.24289691,0.249171,0.24942704,15.81268,15.790024,41.9422315930434,1.83339290794707,32.5308994748357,36852.5425414951,59133173.0,30.5187492370606,1.532,1926.8,0.04380319701058766,0.24716498333333334,15.801352000000001,0.07131199999999893,96.2787337899207,0.006353933333333339
Italy,2022,1076520.0,2160400.0,2006.8,15.869077,9.966968,2.4976852,760.0528705716133,436.8727956215541,0.23612386,0.2417732,0.24045612,16.123304,16.056543,43.9631475720276,1.89037175125669,32.7125321249831,35653.9042103495,59013667.0,30.5160220233461,2.112,2011.2,-0.002187748607796358,0.23945106000000002,16.0899235,0.5674260000000011,-170.35298234224308,-0.007713923333333317
Italy,2023,1080060.0,2397880.0,2220.1,15.835568,10.516767,2.5614994,927.1976240873336,421.0274687210719,0.24918188,0.2550721,0.2538354,16.10579,16.11782,44.2565839307453,1.8596431753596,32.8944947923712,39279.699782164,58984216.0,30.4618459876699,2.244,2006.8,0.10628861869643202,0.25269645999999996,16.111804999999997,-0.033509000000000455,167.14475351572025,0.013245399999999935
Italy,2024,1083010.0,2299660.0,2123.4,16.416008,10.805135,2.4660962,809.8432357907295,427.4882609446843,0.23816557,0.24155003,0.22537284,16.861551,16.896545,44.2565839307453,2.00789616423237,32.8944947923712,40429.6224047352,58952704.0,30.3952464856929,2.666,2220.1,-0.043556596549704896,0.23502948,16.879047999999997,0.5804400000000012,-117.35438829660404,-0.017666979999999943
Libya,2000,130000.0,165000.0,1269.2,20.53261,10.829819,3.880476,100.88012158242054,416.18745493888855,0.063061275,0.16204034,0.14844842,21.812325,21.825071,8.78070404764882,,0.123327687918433,7214.10040377084,5305021.0,13.0491486273158,0.254,,,0.12451667833333334,21.818698,,,
Libya,2001,100000.0,150000.0,1500.0,21.16458,11.08905,4.1086783,116.39941787486896,415.4853045940399,0.06269692,0.15982784,0.15628852,22.492548,22.515623,8.78070404764882,,0.123327687918433,6312.80030498965,5403639.0,12.6805544122543,1.237,1269.2,0.1818468326504885,0.12627109333333333,22.504085500000002,0.6319700000000026,15.519296292448416,0.0017544149999999953
Libya,2002,100000.0,150000.0,1500.0,20.871782,10.888417,4.102157,161.3515683691949,409.7169958750407,0.067628294,0.16311286,0.16793875,22.05467,22.056112,8.78070404764882,5.18529909272643,0.123327687918433,3718.29434696755,5508410.0,12.3743807249254,0.885,1500.0,0.0,0.13289330133333332,22.055391,-0.2927980000000012,44.952150494325934,0.0066222079999999905
Libya,2003,135402.0,167375.99,1236.1,20.927734,11.1362915,4.1489825,162.49122925894335,408.2887171904246,0.06802692,0.16556157,0.17251086,22.298399,22.291855,8.78070404764882,4.09220701963117,0.123327687918433,4674.09943200321,5619398.0,12.1340119499542,0.959,1500.0,-0.17593333333333339,0.13536645,22.295127,0.055952000000001334,1.1396608897484555,0.0024731486666666747
Libya,2004,200000.0,180000.0,900.0,20.625685,10.548167,4.0725527,137.3855732753873,412.2861167987188,0.061661195,0.16347186,0.17598228,22.03567,22.058928,8.74376257430919,3.34262291274763,0.123327687918433,5773.76333234281,5736693.0,11.9628324719654,0.729,1236.1,-0.27190356767251833,0.13370511166666665,22.047299000000002,-0.30204900000000023,-25.105655983556062,-0.0016613383333333454
Libya,2005,195147.0,181118.26,928.1,20.569092,10.4902315,4.104507,150.3657440021634,407.1819446881612,0.06824593,0.15989761,0.17671329,21.976236,22.000982,8.74376257430919,2.51001097978428,0.123327687918433,8079.24957329001,5858798.0,11.864226675584,0.695,900.0,0.031222222222222262,0.13495227666666665,21.988609,-0.05659299999999945,12.980170726776123,0.0012471649999999945
Libya,2006,200000.0,180000.0,900.0,20.726555,10.98099,3.912276,192.77115555293855,409.6190628210704,0.08096435,0.17722762,0.19594926,21.974253,21.953829,8.74376257430919,1.51764483817067,0.123327687918433,10048.8480434289,5980211.0,11.8400439757052,0.727,928.1,-0.030276909815752595,0.15138041,21.964041,0.1574629999999999,42.40541155077514,0.016428133333333345
Libya,2007,200000.0,180000.0,900.0,21.00263,10.593826,4.146199,138.54749760311097,410.4512565930684,0.05887356,0.15813993,0.17975695,22.313383,22.347853,8.74376257430919,1.54141662252696,0.123327687918433,11144.9448413435,6104380.0,11.8439712524414,0.718,900.0,0.0,0.13225681333333333,22.330618,0.27607499999999874,-54.22365794982758,-0.01912359666666666
Libya,2008,200000.0,180000.0,900.0,20.950716,10.896991,4.0285506,187.15421533072367,412.77460555235547,0.08267877,0.17482257,0.18930155,22.14695,22.166649,8.74376257430919,1.38365254109486,0.123327687918433,13906.1407818125,6235430.0,11.8525543212891,0.744,900.0,0.0,0.1489342966666667,22.156799499999998,-0.051914000000000016,48.606717727612704,0.016677483333333354
Libya,2009,205150.0,170890.0,833.0,20.856224,10.2090025,4.247002,109.82365904073232,412.0145520369212,0.05534311,0.15804656,0.17517193,22.053171,21.982164,8.74376257430919,2.15806763082219,0.123327687918433,9551.05403869755,6366686.0,11.8654174804688,0.618,900.0,-0.07444444444444442,0.12952053333333333,22.0176675,-0.09449199999999891,-77.33055628999135,-0.01941376333333336
Libya,2010,227602.0,177144.0,778.3,21.77533,10.166084,4.1508427,86.06109698180808,412.47284766038257,0.04795618,0.1454313,0.1329413,23.363619,23.441635,8.72443934210078,1.79953001101668,0.123327687918433,11600.9068649472,6497839.0,11.8822860717773,1.921,833.0,-0.06566626650660268,0.10877626,23.402627000000003,0.9191059999999993,-23.762562058924246,-0.020744273333333327
Libya,2011,234277.0,187310.39,799.5,20.256042,10.381076,4.046703,148.25154729210772,407.2859730323156,0.057512846,0.14558527,0.122843385,21.988615,22.075293,8.72443934210078,3.05766833710666,0.123327687918433,7593.8391525702,6343203.0,11.9029541015625,0.686,778.3,0.02723885391237313,0.10864716699999999,22.031954,-1.5192879999999995,62.19045031029964,-0.00012909300000001067
Libya,2012,241106.0,184951.46,767.1,20.922241,10.025891,4.0826592,101.94835798908024,415.7317065000534,0.052113205,0.14986971,0.13137479,22.625244,22.520025,8.72671266353706,1.81559365235981,0.123327687918433,14975.8902795144,6179328.0,11.9272079467773,0.631,799.5,-0.04052532833020639,0.11111923499999998,22.5726345,0.6661989999999989,-46.30318930302748,0.002472067999999994
Libya,2013,251558.0,185762.17,738.4,21.244116,9.588239,4.2928166,92.85462029254997,415.4826743205388,0.052454215,0.1470978,0.14283423,23.038137,23.106354,8.72671266353706,2.41548515289585,0.123327687918433,11951.7134126011,6304628.0,11.9548568725586,1.022,767.1,-0.03741363577108592,0.11412874833333335,23.0722455,0.32187500000000213,-9.093737696530269,0.0030095133333333662
Libya,2014,253467.0,180668.04,712.8,21.387217,10.084895,4.1449437,126.48058730829509,417.6201637188594,0.05735792,0.15128887,0.14684848,22.998537,22.952087,8.72387101174171,3.51667860719144,0.123327687918433,8926.42074591474,6427252.0,11.9857940673828,1.147,738.4,-0.034669555796316365,0.11849842333333334,22.975312,0.14310099999999792,33.62596701574512,0.0043696749999999895
Libya,2015,224513.0,162743.91,724.9,20.574312,10.839778,4.135692,129.24846183578484,409.6248013178508,0.060232863,0.13804503,0.08868548,22.454157,22.830254,8.72387101174171,4.3862973349324,0.123327687918433,7458.48917756374,6531819.0,12.1840896606445,0.63,712.8,0.016975308641975273,0.09565445766666668,22.6422055,-0.8129050000000007,2.7678745274897523,-0.02284396566666666
Libya,2016,243179.0,176391.37,725.4,21.658974,10.586804,4.128161,69.4783646510914,415.3373351494472,0.046988863,0.15021537,0.11298052,23.479546,23.413559,8.72387101174171,4.61177989572916,0.123327687918433,7525.80299308216,6632126.0,12.1839943296823,1.54,724.9,0.000689750310387538,0.10339491766666666,23.4465525,1.0846620000000016,-59.77009718469344,0.007740459999999977
Libya,2017,245452.0,175437.38,714.8,20.203545,10.641594,4.0905275,231.0530413434608,410.25596769650775,0.07467686,0.16825406,0.14081629,21.738089,21.910719,8.72387101174171,3.87477645520451,0.123327687918433,9965.83236729757,6738770.0,12.1833270129472,0.236,725.4,-0.01461262751585335,0.12791573666666667,21.824404,-1.4554290000000023,161.5746766923694,0.024520819000000013
Libya,2018,204510.0,141680.0,692.8,21.216417,11.709661,4.086871,140.10757425567135,411.39916976292926,0.068550706,0.16631515,0.17710787,22.616709,22.544533,8.72387101174171,3.66012922036917,0.123327687918433,11196.5854810844,6849055.0,12.181515724666,1.682,714.8,-0.0307778399552322,0.13732457533333334,22.580621,1.0128720000000015,-90.94546708778944,0.009408838666666669
Libya,2019,205940.0,140180.0,680.7,20.715761,11.079704,4.215077,189.96545733185485,410.1573853890101,0.07458665,0.17159916,0.17927574,22.086405,22.074526,8.72387101174171,2.04201619232517,0.123327687918433,9963.19489084483,6951033.0,12.1779884790658,0.903,692.8,-0.01746535796766735,0.14182051666666665,22.0804655,-0.5006559999999993,49.8578830761835,0.004495941333333309
Libya,2020,238760.0,172520.0,722.6,21.161303,11.658694,3.989597,128.2593611930497,411.8674453099569,0.06784512,0.16647065,0.18304028,22.661428,22.692743,8.72387101174171,4.326770152924,0.123327687918433,6650.33810585348,7045399.0,12.1721732903737,1.154,680.7,0.061554282356397705,0.13911868333333333,22.6770855,0.44554199999999966,-61.70609613880515,-0.00270183333333332
Libya,2021,235500.0,173260.0,735.7,21.908564,11.514775,4.126879,55.3194918143563,416.7234241565069,0.055693746,0.16637813,0.19155736,23.148893,23.106066,8.72387101174171,1.9292341608539,0.123327687918433,4935.82787349801,7135175.0,12.1634981728165,1.897,722.6,0.01812897868807095,0.137876412,23.1274795,0.7472609999999982,-72.9398693786934,-0.0012422713333333224
Libya,2022,228473.0,168323.88,736.7,21.534311,12.012668,3.9423885,84.50230591185391,417.34893119335175,0.06440232,0.16976388,0.19718279,22.726189,22.678358,8.72387101174171,1.68643769937353,0.123327687918433,5986.63694851258,7223805.0,12.1513911406214,0.556,735.7,0.0013592496941687848,0.14378299666666666,22.7022735,-0.3742529999999995,29.182814097497612,0.005906584666666659
Libya,2023,207252.0,143083.59,690.4,21.220932,11.21326,3.9143524,111.1376677036751,416.8530731201172,0.06287418,0.16544104,0.19730324,22.614243,22.68721,8.72387101174171,1.7692779613025,0.123327687918433,6026.51518708812,7305659.0,12.1352802080152,1.466,736.7,-0.06284783493959556,0.14187282,22.650726499999998,-0.31337899999999763,26.635361791821197,-0.001910176666666652
Libya,2024,185238.0,128893.28,695.8,22.179674,11.534058,4.0755687,109.5463180411607,413.0479221343994,0.052239317,0.15942702,0.1882541,23.753477,23.72988,8.72387101174171,2.39197609901835,0.123327687918433,6569.16408678648,7381023.0,12.1145933892251,2.444,690.4,0.007821552723058955,0.13330681233333333,23.7416785,0.9587419999999973,-1.5913496625144035,-0.00856600766666668
Morocco,2000,540000.0,400000.0,740.7,17.070175,8.988812,2.4933195,417.84026642516255,478.20881096522015,0.19127005,0.23567574,0.2164513,17.153275,17.12617,68.6802599148555,10.7286317929553,12.3382030024647,1499.107421875,28423435.0,46.41275288875,0.858,,,0.21446569666666668,17.139722499999998,,,
Morocco,2001,550000.0,420000.0,763.6,17.519773,9.180862,2.5470774,327.0909289717674,474.609142780304,0.18346249,0.22793609,0.22706462,17.739458,17.680483,68.0483979386063,11.8761776238587,12.3758525655389,1506.24523925781,28814643.0,46.1027386502781,1.691,740.7,0.030916700418522902,0.21282106666666667,17.709970499999997,0.4495980000000017,-90.74933745339513,-0.001644630000000008
Morocco,2002,477300.0,455200.0,953.7,17.077116,9.236816,2.5312712,479.9853948131204,469.636781334877,0.19579355,0.23685682,0.21960215,17.253656,17.279036,67.8534617969975,11.8432781663725,12.413502128613,1596.02062988281,29198142.0,45.777254169823,1.062,763.6,0.2489523310633841,0.21741750666666668,17.266346,-0.4426570000000005,152.894465841353,0.004596440000000007
Morocco,2003,481000.0,830100.0,1725.8,17.246094,9.911382,2.567198,563.2887716889381,457.84167993068695,0.21599038,0.25024733,0.23312294,17.430346,17.463293,69.1821644633655,12.4918601820552,12.4511516916872,1941.87255859375,29571415.0,45.4217188859229,1.556,953.7,0.8095837265387438,0.23312021666666669,17.4468195,0.16897799999999918,83.30337687581772,0.01570271000000001
Morocco,2004,590000.0,500000.0,847.5,16.919184,9.375644,2.5083768,398.2028188109398,463.510934193929,0.1966195,0.23839836,0.22575851,16.886122,16.92221,67.3112256329823,11.869333718001,12.4888012547614,2183.55541992188,29953018.0,45.0212430339131,1.01,1725.8,-0.5089233978444779,0.22025879,16.904166,-0.32690999999999804,-165.08595287799835,-0.012861426666666675
Morocco,2005,600000.0,750000.0,1250.0,16.966583,8.534447,2.4767377,282.16947685182095,477.3958038489024,0.17210503,0.21040286,0.1937968,17.04632,17.00493,67.1947120770782,10.6988804483578,12.5264508178355,2242.98828125,30358144.0,44.5602201323601,1.16,847.5,0.47492625368731556,0.1921015633333333,17.025625,0.04739899999999864,-116.03334195911884,-0.0281572266666667
Morocco,2006,522800.0,631210.0,1207.4,17.301958,9.503616,2.5122757,448.2428860068321,456.73528520266217,0.19834204,0.22838064,0.19837762,17.422213,17.414297,67.0983643289267,12.304168098197,12.5641003809097,2438.12646484375,30771178.0,44.0372410370176,1.359,1250.0,-0.03407999999999989,0.20836676666666668,17.418255000000002,0.3353749999999991,166.07340915501118,0.016265203333333367
Morocco,2007,530900.0,659100.0,1241.5,16.70902,8.457606,2.4512427,398.07402887940407,467.02045798301697,0.18213058,0.21618958,0.17609477,16.929869,16.98382,67.1297333632086,9.8752466486995,12.6017499439839,2755.5859375,31186468.0,43.4696158700936,0.896,1207.4,0.028242504555242576,0.19147164333333333,16.956844500000003,-0.5929380000000002,-50.168857127428055,-0.016895123333333345
Morocco,2008,547600.0,765380.0,1397.7,16.627447,9.02509,2.5888712,563.1939729750156,463.6679102182388,0.20949787,0.23673393,0.19725887,16.78108,16.815718,67.1767869146314,10.864961794312,12.639399507058,3183.20043945313,31606767.0,42.8745830727384,1.039,1241.5,0.12581554571083364,0.21449689000000002,16.798399,-0.08157299999999879,165.11994409561157,0.023025246666666693
Morocco,2009,665400.0,850000.0,1277.4,17.344841,9.318886,2.670453,568.3562790304422,461.9356439113617,0.20304002,0.23743327,0.22976238,17.374971,17.185005,67.2251848532377,11.9650475529562,12.6770490701322,3119.58862304688,32030778.0,42.2693810861023,1.137,1397.7,-0.0860699720970165,0.22341189000000003,17.279988,0.7173939999999988,5.162306055426598,0.008915000000000006
Morocco,2010,830481.0,1506473.0,1814.0,17.568258,10.284828,2.7444322,757.3561852872372,446.2059216101964,0.21863145,0.2521313,0.2512714,17.708855,17.804329,67.1931436253641,11.9620812709231,12.7146986332064,3067.9853515625,32467016.0,41.6712483513354,2.009,1277.4,0.42007202129325183,0.24067805,17.756591999999998,0.2234170000000013,188.99990625679493,0.017266159999999975
Morocco,2011,900743.0,1415902.0,1571.9,17.195158,9.389384,2.476159,511.79057232290506,463.7135166327159,0.20406766,0.23977347,0.23390321,17.324282,17.396414,67.4519381581896,12.0819026098454,12.7192336993054,3301.98876953125,32912588.0,41.097423309588,1.683,1814.0,-0.13346196251378162,0.22591478,17.360348000000002,-0.3731000000000009,-245.5656129643321,-0.014763269999999995
Morocco,2012,968123.0,1315794.0,1359.1,16.960503,8.339732,2.523659,453.9346168190241,471.4765435059865,0.19334334,0.22965693,0.21900934,17.155298,17.105425,68.1223392336993,11.3297511522793,12.7237687654044,3164.17724609375,33355241.0,40.5651444020105,1.287,1571.9,-0.13537756854761762,0.21400320333333334,17.1303615,-0.23465500000000006,-57.85595550388098,-0.011911576666666673
Morocco,2013,922235.0,1181675.91,1281.3,16.73437,8.614301,2.6913064,472.7982793301344,465.41756280263263,0.1916759,0.22594023,0.22090714,17.015778,17.025927,68.5301366793637,12.3583661932506,12.7283038315035,3379.7431640625,33787571.0,40.0916500697531,1.197,1359.1,-0.0572437642557575,0.21284108999999998,17.0208525,-0.2261330000000008,18.863662511110306,-0.0011621133333333533
Morocco,2014,946818.0,1573206.49,1661.6,17.313484,8.920029,2.6315496,461.2802943438292,463.53367288907367,0.19114095,0.2242295,0.19225007,17.555452,17.536758,67.404212413175,10.3531465249527,12.7328388976025,3435.40698242188,34204780.0,39.6969513828346,1.631,1281.3,0.2968079294466557,0.20254017333333332,17.546104999999997,0.5791140000000006,-11.51798498630518,-0.01030091666666666
Morocco,2015,1006491.0,1144237.93,1136.9,17.46124,9.008369,2.4621518,403.7317149862647,464.7483348051707,0.18483423,0.21989317,0.18705112,17.735025,17.73748,67.3246695048174,11.7961931846113,12.7373739637015,3146.24780273438,34607588.0,39.3582875262846,1.166,1661.6,-0.3157799711121809,0.19725950666666667,17.7362525,0.1477560000000011,-57.548579357564506,-0.005280666666666656
Morocco,2016,1008365.0,1416106.53,1404.4,17.678381,8.804242,2.6309159,432.7890984714031,466.268379966418,0.17471571,0.20182864,0.15838216,18.196486,18.24991,69.1799238180596,10.3219651103177,12.7712077078199,3140.85546875,35023457.0,39.0342343462821,1.788,1136.9,0.23528894361861208,0.17830883666666666,18.223198,0.21714100000000158,29.057383485138416,-0.018950670000000003
Morocco,2017,1020569.0,1039116.84,1018.2,18.098944,7.8854218,2.5257416,300.28212305903435,479.0337218443553,0.16499664,0.20301788,0.16835879,18.550056,18.53839,69.5643024871163,11.1602887992375,12.7976473224289,3296.52661132813,35446392.0,38.7238942968158,2.095,1404.4,-0.27499287952150386,0.17879110333333334,18.544223000000002,0.4205629999999978,-132.50697541236877,0.0004822666666666753
Morocco,2018,1045186.0,1561465.2,1494.0,16.51705,9.221748,2.6372166,639.9978489950299,445.8772036234538,0.21344556,0.2396399,0.19463843,16.73606,16.837484,68.3975066099036,11.3055402401365,12.8200537754873,3501.69799804688,35839760.0,38.4304177246686,0.541,1018.2,0.4672952268709487,0.2159079633333333,16.786772,-1.5818939999999984,339.7157259359956,0.037116859999999974
Morocco,2019,1073493.0,1912237.71,1781.3,17.197119,8.14947,2.5751598,353.04021510481834,475.8545622825623,0.1736242,0.2089677,0.17804949,17.641516,17.573265,66.34978041676,10.8424017370039,12.8435805511987,3508.09765625,36210898.0,38.1569549766235,1.462,1494.0,0.19230254350736264,0.18688046333333333,17.6073905,0.6800689999999996,-286.9576338902116,-0.029027499999999984
Morocco,2020,1068895.0,1409266.45,1318.4,17.972166,8.871475,2.4782386,359.58485462516546,472.5383957227071,0.17370541,0.21091652,0.17972285,18.34526,18.328299,67.0205229666144,10.6636401420592,12.8668832623796,3268.0302734375,36584208.0,37.9066563994634,2.083,1781.3,-0.25986638971537634,0.18811492666666665,18.3367795,0.7750470000000007,6.544639520347118,0.0012344633333333244
Morocco,2021,1104083.0,1590504.0,1440.6,17.562477,8.797444,2.5404766,392.1687106266618,467.9050522645314,0.17960157,0.21846996,0.1910121,17.918594,17.959633,67.0350365225185,11.9779439009277,12.8903354246023,3785.93627929688,36954442.0,37.6826723399711,1.771,1318.4,0.09268810679611628,0.19636120999999998,17.939113499999998,-0.4096890000000002,32.583856001496315,0.008246283333333326
Morocco,2022,1201308.0,1968110.94,1638.3,18.37896,8.356214,2.6088398,341.4961702674628,468.07896331946057,0.1618524,0.20142287,0.16650118,18.736414,18.666773,65.8091218911046,9.79618893785634,12.9136878781089,3463.1376953125,37329064.0,37.4881531449297,2.247,1440.6,0.13723448563098706,0.17659215000000003,18.7015935,0.8164829999999981,-50.67254035919899,-0.01976905999999995
Morocco,2023,1160032.0,988044.45,851.7,18.34169,8.045326,2.4500895,264.838236220181,476.7205271720886,0.15695478,0.19803655,0.16188927,18.88124,18.942093,66.7449381581896,11.1311743840061,12.9371068787811,3813.72607421875,37712505.0,37.326249161122,2.524,1638.3,-0.48013184398461817,0.17229353333333333,18.9116665,-0.03726999999999947,-76.6579340472818,-0.004298616666666699
Morocco,2024,1238815.0,1079873.76,871.7,18.344091,8.893102,2.6021793,374.0575813949108,466.7773114045461,0.16607213,0.20515083,0.15653436,18.849068,18.887033,66.7449381581896,10.5673287621047,12.9371068787811,4153.1943359375,38081173.0,37.2001875981803,2.644,851.7,0.023482446870964013,0.17591910666666666,18.8680505,0.0024009999999989873,109.21934517472982,0.003625573333333326
Portugal,2000,367351.0,174418.0,474.8,15.139412,8.908938,3.0047665,910.6617110073566,436.8623757362366,0.24186642,0.25694132,0.2683166,15.633723,15.579285,43.2391256830601,3.10974828415915,35.8579234972678,11526.3720667968,10289898.0,45.5948364610858,0.6,,,0.2557081133333333,15.606504000000001,,,
Portugal,2001,361606.0,232250.0,642.3,15.221295,9.112378,3.1116273,926.861530005932,434.5626226266225,0.25187612,0.2674934,0.28375548,15.754542,15.840732,42.1182513661202,2.96074957358316,35.8262295081967,11734.7649743954,10362722.0,44.9320166990788,1.091,474.8,0.35278011794439745,0.26770833333333327,15.797637,0.08188299999999948,16.199818998575324,0.01200021999999995
Portugal,2002,354040.0,223298.0,630.7,15.249016,9.715996,2.9717715,890.356069996953,427.562660296758,0.26064342,0.27375025,0.28012338,15.635419,15.500302,42.3794535519126,2.72289086156617,35.7945355191257,12936.6928204482,10419631.0,44.210700130321,0.636,642.3,-0.018060096528102032,0.27150568333333336,15.5678605,0.027720999999999663,-36.50546000897896,0.003797350000000088
Portugal,2003,350064.0,243865.0,696.6,15.564578,9.428032,2.9575424,858.5084183216095,432.069593389829,0.26030928,0.27535906,0.29045683,15.993108,15.991649,41.6795628415301,2.65118079570935,35.7628415300546,15797.7821340276,10458821.0,43.4134490479287,1.403,630.7,0.10448707785000799,0.2753750566666667,15.992378500000001,0.3155619999999999,-31.847651675343513,0.0038693733333333147
Portugal,2004,347276.0,311330.0,896.5,15.233228,8.90609,2.817089,559.5994174778461,446.764895995458,0.24025647,0.2548915,0.27262795,15.738505,15.749489,42.2908196721311,2.60214117997755,35.7311475409836,18064.1580932987,10483861.0,42.5828142352336,0.961,696.6,0.28696525983347687,0.2559253066666667,15.743997,-0.3313499999999987,-298.90900084376335,-0.019449749999999988
Portugal,2005,348426.0,211070.0,605.8,15.255496,7.680336,2.9116695,518.3843228518963,457.4193321466446,0.2058176,0.22156364,0.23581989,15.811084,15.710045,41.8048540505084,2.30349335448735,35.71116212966,18780.12751241,10503330.0,41.7549236610415,0.937,896.5,-0.3242610150585611,0.22106704333333335,15.7605645,0.0222680000000004,-41.21509462594986,-0.034858263333333334
Portugal,2006,347901.0,372012.0,1069.3,15.737946,9.461322,2.8820257,882.9656232595444,439.2729645967484,0.25586244,0.2687335,0.2776349,16.22107,16.156637,41.0807915163442,2.25313751520814,35.679457745709,19839.4540499032,10522288.0,40.9659052941581,1.508,605.8,0.7651039947177287,0.26741028,16.1888535,0.48245000000000005,364.5813004076481,0.04634323666666665
Portugal,2007,347369.0,211230.0,608.1,14.848712,8.636144,2.787511,560.9630790948868,447.6295473575592,0.23858495,0.25148427,0.25800353,15.308963,15.355449,40.0231769979228,1.99815593954667,35.647753361758,22811.0564844365,10542964.0,40.2518871033891,0.734,1069.3,-0.43131020293650046,0.24935758333333333,15.332206,-0.8892340000000001,-322.0025441646576,-0.018052696666666673
Portugal,2008,347140.0,343971.0,990.9,14.761279,8.71622,2.955226,670.1291457116604,437.0805962483088,0.24076247,0.24712312,0.24396515,15.231633,15.258614,40.7331365475019,1.96377185231981,35.6160489778069,24949.0413566739,10558177.0,39.6489970575405,0.623,608.1,0.6295017266896892,0.24395024666666665,15.2451235,-0.08743300000000076,109.1660666167736,-0.005407336666666679
Portugal,2009,344199.0,422978.0,1228.9,15.671222,8.662285,3.0037358,774.733490511775,448.54759152730304,0.22108929,0.23300047,0.23675506,16.311205,16.170235,40.3491647559777,1.95062621184125,35.5377224587837,23151.2154130712,10568247.0,39.1933631254178,1.331,990.9,0.24018568977697052,0.23028160666666667,16.240720000000003,0.9099430000000002,104.60434480011463,-0.013668639999999982
Portugal,2010,343219.0,445301.0,1297.4,15.308042,8.820732,3.0532649,1019.2560468539596,431.01869956652325,0.26129484,0.2755195,0.28567317,15.847122,15.898781,39.8970411616989,1.94034870976094,35.5060596134949,22551.935098809,10573100.0,38.9211132758269,1.077,1228.9,0.055740906501749565,0.2741625033333333,15.8729515,-0.36317999999999984,244.52255634218454,0.04388089666666664
Portugal,2011,345683.0,519780.0,1503.6,15.781535,9.1632185,2.8214254,718.2065331339836,449.2463292280833,0.24633841,0.26129994,0.2725353,16.262812,16.229795,39.8445245114095,1.8384390598893,35.6370782836554,23246.5425416481,10557560.0,38.8589301604498,1.583,1297.4,0.1589332511176198,0.26005788333333335,16.2463035,0.4734929999999995,-301.04951371997595,-0.014104619999999957
Portugal,2012,347292.0,429922.0,1237.9,14.959198,7.700981,2.8961093,604.846451818943,449.4663710991542,0.21632586,0.23032923,0.23643263,15.646118,15.591098,40.0088437602358,1.92004687349348,35.7680969538159,20593.4274224109,10514844.0,38.8590206085334,0.769,1503.6,-0.1767092311785048,0.2276959066666667,15.618608,-0.8223369999999992,-113.36008131504059,-0.03236197666666665
Portugal,2013,351770.0,651741.0,1852.7,15.117767,8.300133,3.0560586,831.0101984776556,439.9796704053879,0.24164629,0.2577617,0.27544138,15.7067995,15.6851225,40.4027282294018,2.04188706497902,35.893158903643,21676.4859642714,10457295.0,38.8594684784358,0.909,1237.9,0.4966475482672268,0.25828312333333336,15.695961,0.15856899999999996,226.16374665871263,0.030587216666666667
Portugal,2014,352350.0,455374.0,1292.4,15.361827,9.822464,3.077874,951.9361176341772,426.3743938604991,0.26239458,0.2732282,0.2776337,15.917702,15.89787,39.996244771062,1.97659101484386,36.0239985328408,22120.6850127107,10401062.0,38.8605462638884,1.329,1852.7,-0.3024234900415609,0.2710854933333333,15.907786,0.24405999999999928,120.92591915652156,0.012802369999999952
Portugal,2015,351340.0,722893.0,2057.5,15.759053,9.01875,2.8966978,544.0561741739511,448.44513328870136,0.22634314,0.23876958,0.24983023,16.354187,16.231064,39.7222440549486,1.97541250129625,36.154994891142,19215.7813014347,10358076.0,38.862530788462,1.376,1292.4,0.5919993809965953,0.23831431666666666,16.2926255,0.39722599999999986,-407.87994346022606,-0.03277117666666665
Portugal,2016,356183.0,476003.0,1336.4,15.611043,9.226273,3.0142653,843.1693342924118,438.3235427538554,0.25213358,0.26229933,0.26577297,16.3069,16.327894,39.5066458819112,1.92235840837832,36.154994891142,19980.2808866516,10325452.0,38.8656988757277,1.658,2057.5,-0.3504738760631835,0.2600686266666667,16.317397,-0.1480099999999993,299.11316011846066,0.021754310000000027
Portugal,2017,358276.0,876215.0,2445.6,16.174452,8.297915,2.944505,487.2616810277104,466.15515593687695,0.20559399,0.2168503,0.22683442,16.904955,16.86925,40.1000899508327,1.96367345206825,36.154994891142,21442.3842768879,10300300.0,38.8703273492564,2.085,1336.4,0.829991020652499,0.2164262366666667,16.8871025,0.5634089999999983,-355.9076532647014,-0.04364239
Portugal,2018,361180.0,738550.0,2044.8,15.106377,9.190048,2.952153,861.0893630087376,427.24401501814526,0.2513639,0.2611353,0.25895438,15.858116,15.88119,40.791900276839,1.91817470918666,36.154994891142,23541.1401075289,10283822.0,38.8766930326192,0.841,2445.6,-0.16388616290480862,0.2571511933333333,15.869653,-1.0680749999999986,373.8276819810272,0.04072495666666662
Portugal,2019,378390.0,939070.0,2481.8,15.480545,8.682569,3.0776064,648.0772847831249,449.2399941682816,0.22055006,0.22811536,0.2349634,16.250284,16.195587,43.1253165745326,1.99991845769704,36.154994891142,23343.3628970034,10286263.0,38.885072749387,1.225,2044.8,0.21371283255086082,0.22787627333333335,16.2229355,0.37416799999999917,-213.01207822561264,-0.029274919999999954
Portugal,2020,380850.0,735350.0,1930.8,15.998532,9.704738,2.8772573,691.3276445940137,432.9867951075236,0.24641456,0.25729856,0.25587294,16.7361,16.741966,43.1660902826901,2.14089692520428,36.154994891142,22299.4044062173,10297081.0,38.8957433231309,1.921,2481.8,-0.22201627850753491,0.2531953533333333,16.739033,0.5179870000000015,43.25035981088877,0.025319079999999966
Portugal,2021,380410.0,1375750.0,3616.5,15.4503145,8.975891,2.9660158,684.5460814610124,445.9026954174042,0.23382324,0.24390213,0.24226786,16.141611,16.089445,43.2538567511157,2.16204629838151,36.154994891142,24711.4510062111,10361831.0,38.9048750703403,1.153,1930.8,0.8730577998756992,0.23999774333333335,16.115528,-0.5482175000000016,-6.7815631330013275,-0.01319760999999997
Portugal,2022,379570.0,791660.0,2085.7,16.460182,9.545471,2.9187481,754.068278349936,439.51352592309314,0.22217572,0.22969867,0.2203685,17.24771,17.121798,42.7894964936641,1.90543676193935,36.154994891142,24620.5197587181,10434332.0,38.8740744227218,2.188,3616.5,-0.4232821789022536,0.2240809633333333,17.184753999999998,1.0098675000000004,69.52219688892365,-0.015916780000000047
Portugal,2023,380880.0,1194990.0,3137.4,16.307955,9.320534,2.8984272,670.9184013828635,452.6154005130132,0.22727501,0.23855801,0.24582936,17.110209,17.129503,43.33752194189,2.13721069426312,36.154994891142,27634.6183139773,10578174.0,38.7951347366336,2.482,2085.7,0.5042431797478066,0.23722079333333332,17.119856,-0.1522269999999999,-83.14987696707249,0.013139830000000019
Portugal,2024,380780.0,1340820.0,3521.2,16.143723,10.222252,3.0131633,749.9466666132212,437.368656039238,0.25019306,0.26073334,0.272383,16.849768,16.823961,43.33752194189,2.01918518592571,36.154994891142,29328.3067415343,10694681.0,38.6718092658668,2.069,3137.4,0.12233059221011011,0.26110313333333335,16.8368645,-0.16423199999999838,79.02826523035765,0.02388234000000003
Spain,2000,2300000.0,4943800.0,2149.5,15.007131,7.0555625,2.7752829,560.9947778731585,447.5285453399022,0.23048927,0.24057646,0.23038746,15.202393,15.149554,59.6513026052104,3.7443114170073,34.256372745491,14743.2671031455,40567864.0,23.8349447650398,0.778,,,0.23381772999999997,15.175973500000001,,,
Spain,2001,2400000.0,6762600.0,2817.8,15.141541,7.434176,2.8661005,595.5615278631449,439.20525884628296,0.24382691,0.25479552,0.25045323,15.363376,15.4481325,59.2152772205729,3.67425723081839,34.5805002808313,15368.2337984435,40850412.0,23.6843110489615,1.369,2149.5,0.3109095138404281,0.24969188666666667,15.405754250000001,0.1344100000000008,34.56674998998642,0.015874156666666694
Spain,2002,2430582.0,4414911.0,1816.4,15.118716,7.779798,2.761099,608.5458769202232,434.056267619133,0.24363084,0.24955936,0.22579847,15.249377,15.105273,58.9511862776531,3.48212189760772,34.8353077909586,17111.0685058941,41431558.0,23.5065782750462,0.782,2817.8,-0.3553836326211939,0.23966289,15.177325,-0.022825000000000983,12.984349057078362,-0.010028996666666679
Spain,2003,2439582.0,7553566.0,3096.3,15.340195,7.700193,2.7776463,655.9745222777128,433.97626360257465,0.25407174,0.26164085,0.24791367,15.540853,15.55013,58.3982692654394,3.42077756723389,35.114186414535,21522.0170990262,42187645.0,23.290664409141,1.566,1816.4,0.7046355428319753,0.2545420866666666,15.5454915,0.22147900000000043,47.428645357489586,0.014879196666666622
Spain,2004,2464774.0,5200029.0,2109.7,14.819794,7.290146,2.6290665,502.3645653426647,440.2304702599843,0.23833819,0.24781322,0.23953752,15.009845,15.051036,58.2375095156056,3.11780935959045,35.4070555711367,24925.0267844576,42921895.0,23.0450372452867,0.959,3096.3,-0.31863837483448,0.24189631,15.030440500000001,-0.5204009999999997,-153.6099569350481,-0.012645776666666608
Spain,2005,2465258.0,4021720.0,1631.4,14.818031,5.8523507,2.707964,358.047707490623,456.3566742340724,0.20160528,0.20783867,0.19386794,15.136136,15.071426,58.4343505179427,2.75836581828682,35.7042517381635,26450.9530130382,43653155.0,22.7793198079706,0.84,2109.7,-0.2267146987723372,0.20110396333333333,15.103781000000001,-0.0017630000000004031,-144.31685785204172,-0.04079234666666667
Spain,2006,2483697.0,5679021.0,2286.5,15.526738,7.641195,2.6848755,608.9832736849785,439.3263437350591,0.2425614,0.2456495,0.21999882,15.795415,15.712604,57.3429796785442,2.40075384884813,36.002998116157,28421.686527407,44397319.0,22.5031351216798,1.474,1631.4,0.4015569449552532,0.2360699066666667,15.7540095,0.7087070000000004,250.9355661943555,0.03496594333333336
Spain,2007,2470162.0,6140251.0,2485.8,14.515976,6.866155,2.6356394,489.1953203305602,442.5622348388036,0.23198341,0.2368226,0.21615468,14.753143,14.828,56.1078720121817,2.4946614560374,36.2844202680772,32652.015594702,45226803.0,22.2261062109013,0.791,2286.5,0.08716378744806486,0.22832023,14.790571499999999,-1.0107619999999997,-119.78795335441828,-0.007749676666666677
Spain,2008,2450471.0,5570727.0,2273.3,14.482539,6.9142966,2.780928,577.9173345267773,435.1669036944707,0.23757242,0.23745109,0.19921452,14.729482,14.747165,56.4194065757819,2.35367195478016,36.5979510825982,35603.248328071,45954106.0,21.9578561001223,0.818,2485.8,-0.08548555796926538,0.22474600999999997,14.7383235,-0.03343700000000105,88.72201419621706,-0.0035742200000000446
Spain,2009,2449828.0,6972094.0,2846.0,15.373357,6.5643563,2.8319056,559.6338692754507,449.4684521754583,0.2150355,0.2197063,0.20353426,15.808957,15.650658,56.0903220631292,2.24960158062983,36.8992880920868,32279.8208476151,46362946.0,21.7080078138299,1.3,2273.3,0.25192451502221425,0.21275868666666664,15.7298075,0.8908180000000012,-18.28346525132656,-0.011987323333333327
Spain,2010,2475466.0,7197600.0,2907.6,14.623548,6.9890747,2.8188584,791.3201729506254,426.62075356642407,0.2583428,0.26303944,0.2517242,14.964493,15.053988,55.0888982220356,2.41740898393438,37.089938201236,30658.7422282912,46576897.0,21.4861843765112,0.864,2846.0,0.021644413211524993,0.2577021466666667,15.0092405,-0.7498090000000008,231.6863036751747,0.044943460000000046
Spain,2011,2503675.0,7820060.0,3123.4,15.531934,7.3215156,2.6310484,518.6700855195522,445.75416954358417,0.23464762,0.24059105,0.22532797,15.798108,15.737119,54.0409698327599,2.3625185975353,37.1019204609106,31824.6219134777,46742697.0,21.304602043505,1.571,2907.6,0.07421928738478467,0.2335222133333333,15.7676135,0.9083860000000001,-272.6500874310732,-0.024179933333333375
Spain,2012,2504261.0,3849300.0,1537.1,14.940094,5.499209,2.7564962,485.357124581933,455.8354930480321,0.21022819,0.21559508,0.19384412,15.425954,15.349965,53.8613782211471,2.39776671776239,37.0797784930329,28456.4438151477,46773055.0,21.1544319698382,0.999,3123.4,-0.5078760325286547,0.20655579666666668,15.387959500000001,-0.5918399999999995,-33.31296093761921,-0.02696641666666663
Spain,2013,2507000.0,9276100.0,3700.1,14.620148,6.6302085,2.883003,604.337415382266,437.12830050786334,0.23468976,0.2414185,0.2355517,14.928838,14.961441,53.4439535395134,2.60946207875576,37.0821135123248,29228.846559842,46604197.0,21.0141913097888,0.874,1537.1,1.407195367900592,0.23721998666666666,14.9451395,-0.31994599999999984,118.98029080033302,0.03066418999999998
Spain,2014,2515800.0,4560400.0,1812.7,15.412636,7.7307053,2.882433,597.9384581372142,437.80884150664014,0.23944904,0.24198984,0.22030109,15.729304,15.677381,53.1336838527818,2.52697678134345,37.0844485316167,29707.765509467,46460733.0,20.8803286166512,1.575,3700.1,-0.5100943217750871,0.23391332333333334,15.703342500000002,0.7924879999999987,-6.398957245051861,-0.0033066633333333206
Spain,2015,2351370.0,5947700.0,2529.5,15.729042,7.0046134,2.6776102,406.9122598171234,448.3618077039719,0.21278453,0.21658558,0.20068352,16.01683,15.915721,53.1890621841609,2.72327046339292,37.1275324670126,25982.4416197775,46422303.0,20.7545107256977,1.49,1812.7,0.39543222816792634,0.2100178766666667,15.966275499999998,0.31640600000000063,-191.02619832009077,-0.023895446666666653
Spain,2016,2521694.0,7082550.0,2808.6,15.50676,7.4538245,2.7988167,623.0758511573076,437.57613694667816,0.23785944,0.2382081,0.21075915,15.977974,15.997665,52.5772473596977,2.81522075003094,37.142868581403,26755.6061149398,46458139.0,20.6384044722003,1.681,2529.5,0.11033801146471633,0.22894223,15.9878195,-0.22228199999999987,216.1635913401842,0.01892435333333331
Spain,2017,2554829.0,6549499.0,2563.6,16.050203,6.3108773,2.7188866,383.91357588768005,460.15568645795184,0.20004267,0.20227613,0.18825059,16.526138,16.500069,52.6387138276281,2.80344676690393,37.1522339173654,28381.3425596906,46571232.0,20.5336766914317,2.003,2808.6,-0.08723207291889201,0.19685646333333331,16.5131035,0.5434429999999999,-239.16227526962757,-0.03208576666666668
Spain,2018,2579000.0,9819570.0,3807.5,14.889969,7.5238547,2.7584562,709.1331958770752,428.0633747975032,0.24928986,0.24856198,0.21512848,15.351893,15.392311,52.408209711446,2.70128254621885,37.1566467814769,30602.4212881113,46782011.0,20.4419942186639,1.109,2563.6,0.48521610235606194,0.23766010666666668,15.372102,-1.160233999999999,325.21961998939514,0.04080364333333336
Spain,2019,2601900.0,5965080.0,2292.6,15.44737,6.557528,2.889656,469.5613163411617,452.9371162255605,0.20918252,0.21174073,0.19277172,15.981496,15.899936,52.4584917258728,2.51980122994951,37.1677215644695,29786.5245689007,47118501.0,20.3650238891693,1.48,3807.5,-0.39787261982928435,0.20456498999999997,15.940716,0.5574009999999987,-239.57187953591347,-0.0330951166666667
Spain,2020,2623720.0,8137810.0,3101.6,15.599278,7.5130897,2.6861842,548.4023495465517,435.0634218454361,0.23618133,0.23814334,0.2107084,16.219126,16.243393,52.3316792232841,2.78468031745976,37.1773054885498,27233.9426461608,47359424.0,20.3044325382201,2.018,2292.6,0.3528744656721625,0.22834435666666666,16.2312595,0.1519080000000006,78.84103320538998,0.02377936666666669
Spain,2021,2623290.0,8256550.0,3147.4,15.234741,7.039828,2.778886,551.5444185733795,441.76814850171405,0.22864388,0.22862881,0.20119405,15.798772,15.75235,52.4848941208322,2.76824927112995,37.1727521093233,30799.4775937775,47443821.0,20.2153757016402,1.356,3101.6,0.014766572091823527,0.2194889133333333,15.775561,-0.36453700000000033,3.142069026827812,-0.008855443333333352
Spain,2022,2635280.0,3940070.0,1495.1,16.336016,7.2780075,2.7487195,559.4358543455601,441.274112701416,0.21682715,0.2156641,0.18823993,16.867706,16.763842,53.3572810066811,2.36964000049424,37.1827922798055,30319.4987196616,47786102.0,20.0451205432186,2.401,3147.4,-0.5249729935820042,0.2069103933333333,16.815773999999998,1.1012750000000011,7.891435772180557,-0.01257852000000001
Spain,2023,2651110.0,5101010.0,1924.1,16.072708,6.914566,2.72172,452.5545776858926,453.284364382426,0.2137147,0.22081284,0.20384805,16.747551,16.800842,49.5753269878931,2.6062235563618,37.1925889548355,33493.2225409111,48352528.0,19.871508998144,2.565,1495.1,0.2869373286067822,0.21279186333333336,16.774196500000002,-0.2633080000000021,-106.88127665966749,0.005881470000000055
Spain,2024,2645680.0,8310250.0,3141.1,16.00767,8.010567,2.7967281,587.0300657898188,440.6771801710129,0.23705141,0.23973505,0.22225028,16.595537,16.570932,49.5753269878931,2.75300596488807,37.1925889548355,35326.7683069278,48848840.0,19.684800178793,2.283,1924.1,0.632503508133673,0.23301224666666667,16.5832345,-0.06503799999999771,134.47548810392618,0.020220383333333314
Syria,2000,477993.0,866052.0,1811.9,17.89824,9.000374,3.0675259,406.3479310274124,456.0154600938161,0.17235915,0.211101,0.1980264,18.697235,18.78901,74.6055065839591,24.7339772855403,2.35107193383393,1138.18722723683,16637888.0,48.123188387862,0.674,,,0.19382884999999997,18.7431225,,,
Syria,2001,488957.0,496952.0,1016.4,18.582794,10.282333,3.1065242,460.9274864196777,446.7595634460449,0.17761226,0.2061146,0.19066568,19.218859,19.304644,74.6708020459245,25.4975511779491,2.38371966481663,1177.53806921268,17051338.0,47.7145362969241,1.159,1811.9,-0.4390418897290138,0.19146418,19.2617515,0.6845539999999986,54.57955539226526,-0.0023646699999999576
Syria,2002,501500.0,940941.0,1876.3,17.927765,9.186358,3.148413,411.3616561889648,450.2902413209279,0.17259128,0.2073247,0.19303478,18.622238,18.694044,74.8666884318207,24.8635435252136,2.41636739579933,1189.98119453595,17468332.0,47.3042254300836,0.863,1016.4,0.8460251869342779,0.19098358666666668,18.658141,-0.655028999999999,-49.56583023071289,-0.00048059333333333454
Syria,2003,517000.0,552277.0,1068.2,17.824913,9.403839,3.2347095,521.6543978452682,445.9958289066951,0.1907184,0.2349747,0.22633217,18.48567,18.536163,75.2383027398006,24.6554759380094,2.45154964867368,1220.179077256,17889296.0,46.8975989451668,0.537,1876.3,-0.4306880562809785,0.21734175666666666,18.5109165,-0.10285200000000216,110.29274165630346,0.026358169999999986
Syria,2004,531400.0,1027200.0,1933.0,17.707535,8.702159,3.1796563,434.0821647644043,454.5678284962972,0.18178272,0.23260821,0.22963011,18.601585,18.62855,75.7476711881026,22.4332996039678,2.48450182491693,1368.11263904001,18336875.0,46.5,0.641,1068.2,0.8095862198090245,0.21467368,18.615067500000002,-0.11737799999999865,-87.57223308086395,-0.0026680766666666578
Syria,2005,544700.0,612223.0,1124.0,17.508036,8.831825,3.2197545,351.5798854827881,454.801033059756,0.16935897,0.22600865,0.2265752,18.36203,18.336962,75.3282126709157,20.293121708002,2.51718690417824,1533.90017615946,18814091.0,46.1772797625305,0.247,1933.0,-0.4185204345576824,0.20731427333333333,18.349496000000002,-0.19949899999999943,-82.50227928161621,-0.007359406666666679
Syria,2006,565000.0,1190780.0,2107.6,17.63755,8.750293,3.1291704,383.522891998291,452.0148261785507,0.16788466,0.21713082,0.21796441,18.53955,18.595718,75.5704405598214,21.4567815802916,2.5490388280782,1718.78469956591,19637022.0,45.940229619477,1.02,1124.0,0.8750889679715301,0.20099329666666665,18.567633999999998,0.12951400000000035,31.94300651550293,-0.006320976666666672
Syria,2007,600498.0,495310.0,824.8,17.965788,8.991203,3.0715826,408.8180923461914,449.9610276222229,0.17153579,0.21158381,0.19975592,18.692331,18.67952,75.6752341537791,19.4588025950103,2.5815726421259,1937.61199094087,20884125.0,45.7116030568226,0.774,2107.6,-0.6086543936230784,0.19429184,18.6859255,0.3282379999999989,25.29520034790039,-0.006701456666666661
Syria,2008,617060.0,827033.0,1340.3,18.132935,8.047462,3.1905196,276.298828125,462.5847114721934,0.14230584,0.17996489,0.17996669,18.898392,18.819628,75.6806795905032,18.7564030905377,2.61424526247005,2429.1247629459,21636564.0,45.4141535605507,1.015,824.8,0.625,0.1674124733333333,18.85901,0.16714699999999993,-132.5192642211914,-0.026879366666666682
Syria,2009,635691.0,885942.0,1393.7,18.138895,9.092916,3.1425526,392.9777145385742,444.7281498511632,0.16440518,0.1914729,0.17749925,18.948408,18.879562,75.7351339577434,22.7950178570023,2.6469178828142,2462.20127278738,21976969.0,44.9706346166448,0.603,1340.3,0.039841826456763485,0.17779244333333333,18.913985,0.005960000000001742,116.67888641357422,0.010379970000000016
Syria,2010,647458.0,960403.0,1483.3,19.535204,9.52066,3.1746352,326.5505790710449,453.101798415184,0.14624262,0.19075234,0.1774764,20.547897,20.573257,75.7392582911289,19.4389724414256,2.67973642650983,2730.61487784917,22482421.0,44.3037997110881,2.427,1393.7,0.06428930185836257,0.17149045333333332,20.560577000000002,1.3963089999999987,-66.4271354675293,-0.006301990000000007
Syria,2011,684490.0,1095043.0,1599.8,17.444939,8.772161,3.0725276,431.5443992614746,448.8364656766256,0.16705243,0.19086395,0.15015848,18.40611,18.682688,75.7773784240048,20.6469030981773,2.71241082611774,2952.14372909443,22878098.0,41.5182295816479,0.606,1483.3,0.07854109081102956,0.16935828666666666,18.544399,-2.0902649999999987,104.99382019042969,-0.0021321666666666572
Syria,2012,695711.0,1049761.0,1508.9,18.42668,9.244794,3.1070669,538.6122512817383,449.4613352616628,0.18093616,0.20987432,0.16016316,19.24259,19.058428,75.8100528236127,23.432298282026,2.74508522572564,1897.66115018696,22759763.0,34.9103337169665,0.97,1599.8,-0.05681960245030615,0.18365788000000002,19.150509,0.9817409999999995,107.06785202026367,0.01429959333333336
Syria,2013,697442.0,842098.0,1207.4,18.50357,8.361682,3.321668,350.2625293135643,457.37662959098816,0.154752,0.2003442,0.16539729,19.407824,19.494492,75.8100528236127,25.1049303727798,2.77775962533355,985.892669221634,21666917.0,26.9379508113863,1.286,1508.9,-0.19981443435615343,0.17349783,19.451158,0.07688999999999879,-188.34972196817398,-0.010160050000000032
Syria,2014,697028.0,392214.36,562.7,18.870726,9.568982,3.2270582,362.7408181428909,449.5217802921931,0.15211424,0.18067737,0.11291259,19.67472,19.479227,75.7991613570767,26.8601256182656,2.81043402494146,1060.59105887433,20273659.0,24.0,1.097,1207.4,-0.5339572635414942,0.14856806666666666,19.5769735,0.36715600000000137,12.478288829326573,-0.024929763333333327
Syria,2015,694931.0,913299.0,1314.2,18.684752,8.877907,3.1741226,404.5632934570313,453.4382763703664,0.154991,0.18651871,0.16263044,19.594048,19.563002,75.7882698905408,33.1304655969871,2.84310842454937,847.731545352582,19424618.0,24.2470932811458,1.251,562.7,1.335525146614537,0.16804671666666668,19.578525,-0.18597400000000164,41.82247531414043,0.019478650000000014
Syria,2016,691769.0,668441.0,966.3,19.023752,8.203122,3.219742,371.7282485961914,459.6018639802933,0.139144,0.16112338,0.11555203,20.086044,20.08093,75.7835103196645,34.1668749627531,2.84310842454937,656.349017520952,19193834.0,24.84599036602,1.736,1314.2,-0.2647237863338914,0.13860647,20.083486999999998,0.3390000000000022,-32.8350448608399,-0.02944024666666667
Syria,2017,692417.0,849919.0,1227.5,18.792997,8.241196,3.0246923,301.01022803783417,462.83718343575794,0.14157745,0.17353964,0.12020084,19.814894,19.636726,75.804775908076,40.6356090849324,2.84310842454937,851.501972646386,19224668.0,25.4604403676608,1.09,966.3,0.2703094277139606,0.14510597666666666,19.72581,-0.23075500000000204,-70.71802055835724,0.0064995066666666546
Syria,2018,693064.0,664643.0,959.0,19.488062,10.564099,3.1670024,569.6379852294922,438.6832330624263,0.18283002,0.20821309,0.12724502,20.411402,20.46338,75.7920165550291,39.0098877578608,2.84310842454937,1098.06667935023,19577845.0,25.9387397618225,2.343,1227.5,-0.21873727087576378,0.17276270999999999,20.437390999999998,0.6950649999999996,268.627757191658,0.027656733333333322
Syria,2019,693227.0,844316.05,1218.0,18.795221,9.675865,3.1658046,546.7447471618652,445.5433487494786,0.18260998,0.2214995,0.19179405,19.672834,19.69593,75.7574143658444,40.7410419328786,2.84310842454937,1109.53933821464,20353534.0,26.1751211738014,1.505,959.0,0.27007299270072993,0.19863451,19.684382,-0.6928409999999978,-22.893238067626953,0.0258718
Syria,2020,696363.0,781204.0,1121.8,19.121244,9.352641,3.152331,396.7596435546875,452.333509683609,0.1691239,0.20340757,0.16620265,19.955061,19.912432,75.7685345531776,32.652890568598,2.84310842454937,593.911771822527,21049429.0,26.5874968897488,1.815,1218.0,-0.07898193760262728,0.17957804,19.933746499999998,0.3260229999999993,-149.98510360717773,-0.019056469999999992
Syria,2021,693106.0,566042.94,816.7,19.236593,8.558098,3.211951,304.1182518005371,466.2884546518326,0.13508785,0.18057835,0.12693444,20.373465,20.355461,74.9930675815499,38.6743054965317,2.84310842454937,688.566109726934,21628839.0,26.9874992370605,2.175,1121.8,-0.27197361383490815,0.14753354666666665,20.364463,0.11534899999999837,-92.64139175415039,-0.03204449333333334
Syria,2022,676338.0,990948.0,1465.2,18.726067,9.042511,3.1286824,367.0701599121094,454.79952692985535,0.15500824,0.18418676,0.12033481,19.905882,19.918388,74.0946468441976,42.8517272820162,2.84267276588793,1056.78264718197,22462173.0,27.3875007629395,1.448,816.7,0.794049222480715,0.15317660333333336,19.912135,-0.5105259999999987,62.951908111572266,0.0056430566666667015
Syria,2023,674767.0,697325.0,1033.4,19.145569,9.436798,3.1269534,404.3608283996582,452.6824535926183,0.16210678,0.19534017,0.114964664,20.224897,20.153063,74.0946468441976,,2.84310842454937,,23594623.0,27.8326196856796,1.852,1465.2,-0.2947037947037947,0.15747053800000002,20.18898,0.4195019999999978,37.29066848754883,0.004293934666666666
Syria,2024,681220.0,785468.0,1153.0,19.50483,9.7818575,3.1526425,428.3097148090601,444.74185069402057,0.15340039,0.18878971,0.12934473,20.735952,20.80211,74.0946468441976,,2.84310842454937,,24672760.0,27.9238654241746,2.289,1033.4,0.11573446874395188,0.15717827666666664,20.769031,0.35926100000000005,23.948886409401894,-0.0002922613333333768
Tunisia,2000,1387240.0,550000.0,396.5,18.511244,9.72982,2.9962718,255.88924407958984,437.7402483224869,0.1575145,0.18539335,0.17860663,18.536139,18.535606,61.476570545829,10.006319351485,4.29872554067971,2199.04465936314,9764935.0,36.3833346177416,0.874,,,0.17383816,18.5358725,,,
Tunisia,2001,1377700.0,150000.0,108.9,18.889626,9.90343,3.0648959,254.89056396484372,434.5187386671702,0.15184464,0.17937924,0.17503214,19.050554,19.079786,61.1418640576725,9.4218557064738,4.31132852729145,2235.71981624751,9869677.0,36.0458242546642,1.848,396.5,-0.7253467843631778,0.16875200666666668,19.065170000000002,0.37838199999999844,-0.9986801147461222,-0.005086153333333315
Tunisia,2002,1377700.0,350000.0,254.0,18.508204,9.979238,3.0905607,322.62965393066406,425.87434049447376,0.16004981,0.17973755,0.16575658,18.460602,18.454512,62.8411431513903,8.29848151435206,4.32393151390319,2320.7723805785,9971515.0,35.7177445107495,1.111,108.9,1.3324150596877868,0.16851464666666663,18.457557,-0.3814220000000006,67.73908996582034,-0.00023736000000004753
Tunisia,2003,1652400.0,1400000.0,847.3,18.680807,10.855527,3.1016347,582.6518859863281,412.8570763667424,0.19918595,0.22053324,0.19741577,18.547598,18.589949,62.9763130792997,9.2914975178949,4.33653450051493,2725.8643148859,10071632.0,35.3944027312456,1.557,254.0,2.3358267716535432,0.20571165333333333,18.5687735,0.17260300000000228,260.02223205566406,0.0371970066666667
Tunisia,2004,1664300.0,650000.0,390.6,18.16977,10.5052185,2.9877431,441.68884670734406,418.8591242233912,0.18660198,0.20942688,0.19883592,18.077986,18.077097,63.2723995880536,9.90254515493647,4.34913748712667,3067.41936376975,10166163.0,35.0727258538662,0.776,847.3,-0.5390062551634603,0.19828826,18.0775415,-0.5110370000000017,-140.96303927898407,-0.0074233933333333335
Tunisia,2005,1672900.0,1050000.0,627.7,18.02532,9.9464035,3.0202026,402.98612213134766,420.07756865024567,0.17835695,0.20204467,0.19373964,17.98748,18.014063,63.2337796086509,9.16983114804996,4.36174047373841,3146.8260743927,10255472.0,34.7659098260996,0.892,390.6,0.6070148489503329,0.19138042,18.0007715,-0.14444999999999908,-38.7027245759964,-0.006907839999999998
Tunisia,2006,1683600.0,1218000.0,723.4,18.676735,10.377788,2.9443724,349.7731628417969,426.0775334835053,0.17357206,0.19938906,0.19922547,18.509844,18.466759,63.1179196704428,9.28070949947767,4.37434346035015,3322.56933570096,10346410.0,34.4790190348479,1.111,627.7,0.15246136689501344,0.19072886333333336,18.4883015,0.6514150000000001,-53.21295928955078,-0.0006515566666666361
Tunisia,2007,1706700.0,998000.0,584.8,18.4488,10.506584,3.0760148,402.6206741333008,420.7389915386836,0.17558597,0.20441979,0.19885314,18.344275,18.405039,63.1114830072091,8.64201987385816,4.3869464469619,3726.91672935667,10441702.0,34.1999969482422,1.221,723.4,-0.1915952446779099,0.19295296666666664,18.374657,-0.22793500000000222,52.847511291503906,0.0022241033333332827
Tunisia,2008,1719800.0,1183000.0,687.9,18.489786,10.374043,2.9671204,315.1475982666016,428.6937333345413,0.16848592,0.1941985,0.18405066,18.386368,18.390177,63.6006694129763,7.8486499786515,4.39954943357364,4255.05008019523,10542635.0,33.9323946015639,1.215,584.8,0.1762995896032833,0.18224502666666667,18.3882725,0.04098600000000019,-87.47307586669916,-0.010707939999999971
Tunisia,2009,1738450.0,800000.0,460.2,18.32707,10.163144,3.1512496,497.3050003051758,422.91257584095,0.18651389,0.2154776,0.20262146,18.0707,18.0158,63.0084963954686,8.45660665471427,4.41215242018538,4080.09032448781,10650681.0,33.6637802124023,0.687,687.9,-0.3310074138682948,0.20153765,18.04325,-0.16271599999999964,182.15740203857416,0.019292623333333342
Tunisia,2010,1763450.0,873000.0,495.1,18.6625,10.165439,3.1905267,353.2445678710937,420.1693834463756,0.1660131,0.18885368,0.17984192,18.664099,18.762869,64.6112255406797,6.846146170059,4.42475540679712,4291.86120891575,10765980.0,33.3719940185547,1.589,460.2,0.0758365927857454,0.1782362333333333,18.713484,0.33543000000000234,-144.0604324340821,-0.023301416666666713
Tunisia,2011,1763450.0,562000.0,318.7,18.259598,10.641965,3.0247314,452.1300582885742,417.89352691173553,0.17879544,0.20041794,0.17925495,18.22746,18.24508,64.8300720906282,7.57684450427472,4.4346035015448,4420.64772206537,10886035.0,33.0808113802143,0.86,495.1,-0.3562916582508585,0.18615610999999999,18.23627,-0.402902000000001,98.88549041748053,0.007919876666666686
Tunisia,2012,1810550.0,963000.0,531.9,18.925028,10.436215,3.0738258,373.1328048706055,430.2045663197835,0.17231373,0.20232682,0.19315183,18.823263,18.763899,63.8645726055613,8.30025725587419,4.44445159629248,4297.26782454273,11009647.0,32.7901077270508,1.414,318.7,0.6689676812048948,0.18926412666666667,18.793581,0.6654300000000006,-78.9972534179687,0.0031080166666666853
Tunisia,2013,1822820.0,1100000.0,603.5,18.449003,10.262349,3.2691734,352.1163024902344,425.7493652502696,0.16404729,0.18767415,0.17840439,18.560806,18.619543,63.9997425334707,7.96930864809374,4.45429969104016,4369.79345826358,11141361.0,32.5000457763672,1.24,531.9,0.13461176912953565,0.17670861000000002,18.5901745,-0.4760249999999999,-21.01650238037115,-0.012555516666666655
Tunisia,2014,1588620.0,376000.0,236.7,18.985153,10.21273,3.1840715,368.90504455566406,429.2467307249705,0.16582684,0.18929213,0.17507602,18.954031,18.91143,62.8282698249228,8.57165956609159,4.46414778578785,4458.97895464547,11274288.0,32.2475356620899,1.671,603.5,-0.607787903893952,0.17673166333333334,18.932730499999998,0.5361499999999992,16.788742065429688,2.3053333333328263e-05
Tunisia,2015,1624980.0,1700000.0,1046.2,18.565828,10.014397,3.1050403,332.42079162597656,433.4191561539968,0.1639802,0.18878247,0.16456209,18.793253,18.893501,63.2981462409887,9.20589918732503,4.47399588053553,4014.94773686432,11402264.0,32.1192092895508,1.047,236.7,3.41994085340093,0.17244158666666665,18.843377,-0.4193250000000006,-36.4842529296875,-0.004290076666666698
Tunisia,2016,1646060.0,700000.0,425.3,18.974005,10.304939,3.0791786,347.5758361816406,430.4703782399495,0.16627438,0.1864953,0.15987803,19.228302,19.213697,62.45236869207,8.52541115305462,4.48384397528321,3847.80354448809,11528674.0,31.9376643471752,1.716,1046.2,-0.5934811699483846,0.17088256999999998,19.220999499999998,0.40817699999999846,15.155044555664062,-0.0015590166666666627
Tunisia,2017,944451.0,500000.0,529.4,18.481398,9.193291,3.138688,285.7029037475586,436.3503788312276,0.15850548,0.18495221,0.16350986,18.779306,18.84861,62.7117662203914,8.986045690927,4.4936920700309,3619.03247319953,11650498.0,31.7122192382812,1.227,425.3,0.24476839877733347,0.16898918333333335,18.813958,-0.4926069999999996,-61.87293243408203,-0.0018933866666666355
Tunisia,2018,2424490.0,1617000.0,666.9,18.50569,10.460834,3.1057532,401.6603469848633,419.5380475521088,0.17155904,0.19043642,0.15818955,18.739275,18.714546,62.4388516992791,9.88852551876126,4.50354016477858,3628.10366464236,11765514.0,31.4514759727491,1.362,529.4,0.25972799395542134,0.17339500333333335,18.7269105,0.024292000000002645,115.95744323730469,0.004405820000000005
Tunisia,2019,1241931.0,700000.0,563.6,18.416842,10.002167,3.2818034,435.2917785644531,426.7430713971456,0.17859942,0.201407,0.17622483,18.585182,18.547812,62.4388516992791,9.76625873287072,4.51338825952626,3528.87213306798,11875081.0,31.1793617423969,1.172,666.9,-0.1548957864747338,0.18541041666666666,18.566497,-0.08884800000000226,33.631431579589844,0.012015413333333308
Tunisia,2020,3605286.0,2000000.0,554.7,18.841314,10.353595,3.02196,354.5660400390625,428.7485804955165,0.16430716,0.18794876,0.16497786,19.102259,19.127525,62.4388516992791,10.3917002295357,4.52323635427395,3548.65363663803,11974057.0,30.8956833561524,1.831,563.6,-0.015791341376863,0.17241125999999998,19.114891999999998,0.4244720000000015,-80.72573852539062,-0.012999156666666678
Tunisia,2021,1252393.0,700000.0,558.9,19.412169,9.739423,3.1342704,258.6603546142578,430.4881584246953,0.14962022,0.17723651,0.15873392,19.625435,19.600836,62.4388516992791,10.0900379034943,4.53308444902163,3906.93926319391,12048622.0,30.6002476229432,2.372,554.7,0.007571660356949561,0.16186355,19.6131355,0.5708549999999981,-95.90568542480469,-0.010547709999999988
Tunisia,2022,2126748.0,1200000.0,564.2,19.65175,9.811829,3.0381405,232.27957916259768,433.09148987134296,0.14577095,0.17393343,0.157554,19.849657,19.775953,62.4388516992791,10.8217247722212,4.54293254376931,3707.29283414381,12119334.0,30.292861351697,1.971,558.9,0.009482912864555493,0.15908612666666666,19.812805,0.23958100000000115,-26.380775451660128,-0.0027774233333333342
Tunisia,2023,1934669.0,1093461.52,565.2,19.512299,9.634786,3.081535,312.3963928222656,430.5127756198247,0.14406113,0.16876167,0.14508069,19.88353,19.934593,62.4388516992791,9.47367928951245,4.55278063851699,3951.11683376921,12200431.0,29.9733313513416,2.255,564.2,0.0017724211272598378,0.15263449666666667,19.9090615,-0.1394510000000011,80.11681365966794,-0.006451629999999986
Tunisia,2024,1865651.0,1056228.17,566.1,19.807585,10.880101,3.0809717,254.5499258339405,433.0500569343567,0.15665276,0.18486023,0.16563462,20.146894,20.206377,62.4388516992791,9.73863393101929,4.55278063851699,4187.64079392362,12277109.0,29.6414644308045,2.69,565.2,0.0015923566878981443,0.16904920333333337,20.1766355,0.2952860000000008,-57.84646698832512,0.016414706666666695
Turkiye,2000,600000.0,1800000.0,3000.0,12.2031355,5.02091,2.3420045,594.4903909265995,425.7300497293472,0.23463607,0.23225743,0.2360528,12.783806,12.916199,52.5954029858503,10.01837794564,26.1792679599288,4199.3798635759,65425961.0,41.0293879993597,0.543,,,0.23431543333333335,12.8500025,,,
Turkiye,2001,600000.0,600000.0,1000.0,13.702863,6.0359244,2.4823349,673.6142101585865,435.7758995691936,0.22485368,0.21869792,0.21564718,14.040265,14.0346985,53.2307732286943,8.77213969287109,26.3007198264101,3052.2256706793,66245128.0,40.1277538582684,1.542,3000.0,-0.6666666666666667,0.21973292666666666,14.03748175,1.4997275000000005,79.123819231987,-0.01458250666666669
Turkiye,2002,620000.0,1800000.0,2903.2,12.449054,5.4443536,2.240775,583.7888554930687,427.1408884922664,0.24768011,0.24436265,0.2508433,12.976741,13.081943,53.5270194768915,10.1712688801184,26.4221716928914,3591.08628982587,67048795.0,39.2614657270577,0.814,1000.0,1.9032,0.24762868666666668,13.029342,-1.2538090000000004,-89.8253546655178,0.02789576000000002
Turkiye,2003,625000.0,850000.0,1360.0,12.526782,4.916392,2.4580126,611.6264698654413,430.19854446252185,0.23459661,0.23278253,0.23253955,12.943069,12.863942,52.8097917180983,9.77425990072158,26.5436235593727,4649.63668068586,67831730.0,38.4154939346742,0.323,2903.2,-0.5315513915679251,0.23330623000000003,12.9035055,0.07772800000000046,27.837614372372627,-0.01432245666666665
Turkiye,2004,644000.0,1600000.0,2484.5,12.522052,4.4949393,2.4451272,555.8004348278046,436.0225407679876,0.22096582,0.21703266,0.221669,13.245575,13.254906,53.5452100359913,9.30334217653319,26.665075425854,5979.6054216148,68592617.0,37.5611518826738,0.613,1360.0,0.8268382352941177,0.21988916,13.2502405,-0.004730000000000345,-55.82603503763676,-0.013417070000000031
Turkiye,2005,662000.0,1200000.0,1812.7,12.604215,5.0365753,2.435169,629.3284991681576,429.0065569877625,0.23461394,0.22682412,0.21076602,13.13076,13.187129,53.5621012694412,9.1349746278064,26.7865272923353,7331.85429430255,69329557.0,36.6697529726126,0.453,2484.5,-0.270396458039847,0.22406802666666667,13.1589445,0.08216299999999954,73.52806434035301,0.00417886666666667
Turkiye,2006,711843.0,1766749.0,2481.9,12.546445,4.9785767,2.3608274,568.8713814169168,429.8849168221156,0.23707686,0.23054893,0.21309793,13.151013,13.129804,52.6135935449502,8.06197674009426,26.9079791588166,7990.08251407245,70045349.0,35.7126106060464,0.902,1812.7,0.36917305676615,0.2269079066666667,13.1404085,-0.057769999999999655,-60.45711775124073,0.002839880000000017
Turkiye,2007,753001.0,1075854.0,1428.8,13.22733,4.6541343,2.406288,546.9923454225063,445.0712016026179,0.22445025,0.2141713,0.19294786,13.650813,13.466992,51.3298598027624,7.41825141005247,27.0294310252979,9766.91734545294,70158112.0,34.6610381845313,0.997,2481.9,-0.4243120190176881,0.21052313666666667,13.558902499999999,0.680885,-21.879035994410515,-0.01638477000000002
Turkiye,2008,774371.0,1464248.0,1890.9,12.918302,4.5745087,2.423553,465.5794046074152,442.3749740918477,0.2219642,0.21440609,0.20224951,13.504743,13.39944,50.8322180788171,7.38022403324347,27.1508828917792,10913.4079047769,71051678.0,33.486349109623,0.874,1428.8,0.32341825307950733,0.21287326666666664,13.4520915,-0.30902799999999964,-81.41294081509113,0.002350129999999978
Turkiye,2009,778412.0,1290654.0,1658.1,13.016904,5.609469,2.3951533,771.478211581707,426.558095852534,0.2511505,0.2445603,0.22502826,13.336337,13.32426,50.5580603666697,8.01952664747498,27.2723347582605,9076.92472236977,72039206.0,32.1598567828777,0.697,1890.9,-0.12311597651911799,0.24024635333333333,13.330298500000001,0.09860199999999963,305.8988069742918,0.027373086666666685
Turkiye,2010,784031.0,1415000.0,1804.8,14.371971,6.666242,2.3889897,714.8219253569841,430.45520985126495,0.24313338,0.2381844,0.2280968,14.814354,14.747159,50.6892922573184,8.90737962747164,27.3937866247418,10698.9699409757,73142150.0,30.6528746058513,2.395,1658.1,0.08847476026777645,0.23647152666666668,14.780756499999999,1.355067,-56.65628622472286,-0.0037748266666666475
Turkiye,2011,798493.0,1750000.0,2191.6,11.899918,4.5824714,2.3252695,622.9944517165422,426.69461520512897,0.24383427,0.23900785,0.21828346,12.585383,12.836553,49.6953081350779,8.1265846445357,27.535990021179,11373.6355760885,74223629.0,28.9971276471666,0.416,1804.8,0.21431737588652489,0.23370852666666667,12.710968000000001,-2.4720530000000007,-91.8274736404419,-0.0027630000000000154
Turkiye,2012,813765.0,1820000.0,2236.5,12.950353,5.06383,2.3985481,715.995033711195,429.4960819880168,0.23595423,0.22816682,0.21204351,13.876124,13.679817,49.9032002390759,7.658344974583,27.6781934176163,11776.7593362033,75175827.0,26.2211319765676,0.996,2191.6,0.02048731520350433,0.22538818666666663,13.7779705,1.0504350000000002,93.00058199465275,-0.008320340000000037
Turkiye,2013,825826.0,1676000.0,2029.5,13.017903,4.3139877,2.4684713,521.5546240359545,443.5805998245875,0.22573765,0.22202878,0.2053407,13.790929,13.967837,49.9239894494757,6.64997261417217,27.8203968140535,12635.5570016068,76147624.0,21.4781631615304,1.372,2236.5,-0.09255533199195176,0.21770237666666667,13.879383,0.06755000000000067,-194.44040967524052,-0.00768580999999996
Turkiye,2014,826092.0,1768000.0,2140.2,13.758179,6.145096,2.3024452,668.7510099112988,431.5800784428914,0.23697065,0.22438474,0.17823303,14.156453,13.984879,50.0942011096241,6.53828042868413,27.9626002104908,12209.3862327674,77181884.0,16.3975149255567,1.333,2029.5,0.05454545454545445,0.21319614,14.070666,0.7402759999999997,147.19638587534428,-0.004506236666666663
Turkiye,2015,836935.0,1700000.0,2031.2,13.069717,5.522242,2.3709693,674.376147955656,424.2702422142029,0.24040796,0.23391896,0.21732719,13.815529,13.930717,50.0903031326741,6.87689834308907,28.104803606928,11064.6494504662,78218479.0,12.7832892027463,0.808,2140.2,-0.0509298196430239,0.23055137,13.873123,-0.6884619999999995,5.6251380443573,0.01735523
Turkiye,2016,845542.0,1730000.0,2046.0,13.539248,4.841034,2.4769638,618.7676855176687,436.8258190155029,0.21671657,0.20229603,0.17605396,14.1946745,14.291728,49.8005535127269,6.26556196399699,28.104803606928,10984.3643169061,79277962.0,11.8979041418224,1.585,2031.2,0.007286333202048079,0.19835552,14.24320125,0.4695309999999999,-55.60846243798733,-0.03219585
Turkiye,2017,846062.0,2100000.0,2482.1,13.032387,4.745842,2.3771262,610.2723322212696,434.8381624221802,0.23030989,0.21659583,0.17679954,13.803569,13.759415,49.3275989761314,6.19642323537778,28.2635292283305,10756.3877677883,80312698.0,11.9679527282714,0.761,2046.0,0.21314760508308894,0.2079017533333333,13.781492,-0.5068610000000007,-8.495353296399117,0.009546233333333293
Turkiye,2018,864428.0,1500467.0,1735.8,14.336871,6.5632987,2.3660915,673.1371239125729,432.3026876052221,0.23600042,0.22705938,0.19264077,15.020358,15.030922,49.1171082208334,6.00418639185492,28.4660940971636,9684.11819884721,81407204.0,11.8344250423827,2.617,2482.1,-0.30067281737238627,0.21856685666666667,15.02564,1.3044840000000004,62.86479169130325,0.01066510333333337
Turkiye,2019,879177.0,1525000.0,1734.6,13.706111,5.8040924,2.3874114,660.1706134080887,432.9926393032074,0.23069473,0.22024675,0.2016875,14.307037,14.3518095,49.0053662149344,6.6541535628227,28.6687888985616,9395.23378001368,82579440.0,11.3381847142876,1.656,1735.8,-0.0006913238852402914,0.21754299333333335,14.32942325,-0.6307600000000004,-12.966510504484177,-0.0010238633333333191
Turkiye,2020,887077.0,1316626.0,1484.2,13.948853,5.3503366,2.4181736,520.6778081357479,442.6772929430008,0.21894413,0.20934461,0.18862237,14.536389,14.584602,49.0651351948339,6.89122590909685,28.8714836999597,8798.11791709313,83384680.0,11.0696885034778,1.821,1734.6,-0.1443560475037472,0.20563703666666666,14.5604955,0.2427419999999998,-139.49280527234077,-0.01190595666666669
Turkiye,2021,889168.0,1738680.0,1955.4,13.454869,5.1881204,2.5247025,613.6914145052433,434.8244254191716,0.22132772,0.20934302,0.17331855,14.196498,14.263324,49.4900146823798,5.70488171636816,29.0741785013578,9981.76398411336,84147318.0,10.8237951846761,1.866,1484.2,0.3174774289179356,0.20132976333333333,14.229911000000001,-0.4939839999999993,93.01360636949539,-0.0043072733333333335
Turkiye,2022,901126.0,2976000.0,3302.5,13.043994,5.18339,2.4611185,556.4965552687645,430.1331692536672,0.22497123,0.21658488,0.19556104,13.881009,13.893834,50.0253368501748,6.69360961922604,29.2768733027559,10897.8397861365,84979913.0,10.9618835449219,1.253,1955.4,0.6889127544236473,0.21237238333333333,13.8874215,-0.41087500000000077,-57.194859236478806,0.011042620000000003
Turkiye,2023,903061.0,1520000.0,1683.2,13.860044,6.2744064,2.3656437,717.6848054975271,426.4106907447179,0.24034382,0.2292042,0.1888748,14.421974,14.40655,50.1383781817237,6.38984597795627,29.4795681041539,13375.0947282864,85325965.0,10.9781553203879,1.987,3302.5,-0.4903255109765329,0.21947427333333333,14.414262,0.8160500000000006,161.18825022876263,0.00710189
Turkiye,2024,913319.0,3750000.0,4105.9,14.526001,6.3360496,2.4062722,578.533859193325,435.8071281115214,0.21987861,0.20467556,0.17603211,15.319638,15.407359,50.1383781817237,5.82042467876951,29.4795681041539,15892.7157287241,85518661.0,10.6556877126113,2.676,1683.2,1.4393417300380227,0.20019542666666668,15.363498499999999,0.6659570000000006,-139.15094630420208,-0.019278846666666655
